f0,A0,w0,f2,A2,w2,B,f0_err,A0_err,w0_err,f2_err,A2_err,w2_err,B_err
29.39051075856232,0.04497274420951375,-1.668832067130512,28.755809896061404,-0.581255019031271,-1.6550047177724172,1.1899192018985372,0.02572436747102468,0.12364382175459224,0.3269744754530041,0.05099144283264238,0.854594522954977,0.7805742989954896,0.23303314631058594
33.13263117492892,-0.2675505231603268,-1.4456071343710448,32.580877790635974,-0.48426736339264065,-1.6995253211095847,1.309305534050053,0.05203532479177837,0.22506130829610266,0.3672650143710966,0.04884361627706176,0.5279569015861684,0.6029385346052801,0.15073679211523877
25.841236393492334,-0.9668605090747426,-3.3523346745551317,25.321260605415432,-0.430821426046706,-1.7463702304639164,1.3898538896995194,0.02879310022518021,0.6421372949437443,0.8741280437160037,0.03377614882350391,0.21876565565171371,0.4966135964697653,0.10395615892383046
22.227109531491507,-0.5290303829790738,-2.846990360656194,21.753592735848528,-3.4412731885252645,-2.486546582398025,1.3494035004803226,0.016992430394554933,0.20998450258387263,0.6113135809930882,0.049510746621446576,1.6065914556722694,0.994229584961018,0.10659044952151933
36.76723708606922,0.03980092177012237,-1.3450969104725972,36.218096908472475,-0.7285754096089729,-1.5206430462748612,1.4707945411252332,0.06974238261956797,0.17145727184746146,0.2605346324134052,0.07127043823348538,1.8466992544612217,0.5261194427872506,0.04312048023008182
