f0,A0,w0,f2,A2,w2,B,f0_err,A0_err,w0_err,f2_err,A2_err,w2_err,B_err
45.92517555645459,0.6563233830391748,-2.0192616508685166,45.247377841311426,0.5091029902113459,-1.6654977943889215,1.4182100712244021,0.01652597230163299,0.10214094986749776,0.31336069117755844,0.022738011384681553,0.10928183993568555,0.34680883072365726,0.11084776962896754
50.5594469072367,0.2445221350576538,-1.9714193579269446,49.86010000260657,0.28137218532961944,-1.5445313292343505,1.3547799280697455,0.021200564728051895,0.12226397355809397,0.3863063041687779,0.009926336321986234,0.10858421297128348,0.2788061760609439,0.11386950964949316
55.134479122308534,-0.0453398742358121,-1.6515861105241196,54.4622787639008,0.06702758528140038,-1.439299319217767,1.3604495490404978,0.041715467121961704,0.15521579591550205,0.4267803602027859,0.01416362515233808,0.1423087593133601,0.30392157101992945,0.1101645196305702
41.21727786943845,0.18021385875046567,-1.6730906133027967,40.548065269571204,0.016178724908252257,-1.8900186896868805,0.9632178420573071,0.025878665402275694,0.11062213530130185,0.2943347160051847,0.022930677079212307,0.13221132445242945,0.4320825423207074,0.17916515587382695
36.85642236722195,-0.16370858210495645,-1.473972378376704,36.22018846672504,-0.977931339319762,-2.146566443866387,1.3957513745074688,0.03370677952158191,0.1963102570593885,0.3325745453800259,0.05071925597515876,0.8757557846985216,0.8564395880894586,0.11650110341842584
32.34975649686088,-0.6130563522137792,-2.7196494878301785,31.687090750259134,-2.3409241141155173,-2.689392698309356,1.252508983390023,0.02496153274677927,0.29222178142286487,0.781036823301836,0.06968352832664214,1.6233640448151272,1.0026940212895916,0.13437408391243913
60.062039487877264,-1.3896652781008054,-2.4495819127167677,59.248935309522274,-1.7303854369117726,-2.2929629603976527,1.391709652002678,0.08893389100332583,1.1231421803593917,0.9713377526876442,0.11828542748642863,1.4217588538377064,0.9175534728605073,0.08376747322588378
