f0,A0,w0,f2,A2,w2,B,f0_err,A0_err,w0_err,f2_err,A2_err,w2_err,B_err
36.518390798697425,0.5034254523903103,-2.410997872174674,35.86156291897504,0.3611913538172573,-1.6481276532305302,1.448277275216976,0.010999105383038782,0.11114875957083128,0.34968852259967687,0.021997814119273984,0.09686798591974584,0.30039144159665776,0.06944124626897788
32.349566370975396,0.20437666225749307,-2.2585893550305354,31.739185190546955,-0.0324052055334042,-1.8288852074152662,1.2349733036992032,0.014787041080127608,0.1144569958422752,0.35091195832719085,0.02314787225270161,0.12661432870353292,0.36398531435157383,0.17243194782871765
28.518722952092027,-0.12725256621225153,-2.403236479324641,27.920612712693888,-0.6377222242059565,-1.860057770566313,1.403232425290247,0.016639505315357326,0.15035476302757553,0.46259845573208086,0.043610788401062806,0.4687031464327929,0.8239556580775516,0.10793628071566189
40.54359869444584,0.4588819259826411,-1.7444420032404035,39.95689707458188,0.2608821669921574,-1.3870218083076327,1.4181266188769164,0.021024324491866673,0.09434937662331788,0.282573717836017,0.025916216933687616,0.11440469366707608,0.22177051913574194,0.09110603548695226
44.70320810203305,0.011918088211721689,-1.6205091063109278,44.07105026876948,-0.13449284114380894,-1.4591392367422085,1.4708275901524905,0.029311202862145048,0.1215401544478611,0.3168717732851482,0.03887741795012689,0.16163841964818704,0.34175811058740174,0.042006110624467734
24.458380904787866,-1.3097383654114556,-2.5199180743867897,23.973380595847466,-2.9839321038170663,-2.8178757826046033,1.2805478658884688,0.04314812294626169,1.009347240120984,0.8910316950276405,0.05716273312848827,1.4890703373454441,0.9908866985844033,0.12229728457588956
48.973314444308066,-0.6578744258125048,-1.7480107569395775,48.1667687515191,-1.5803764539250282,-2.34218534422246,1.4646891334711774,0.06684472599651456,1.050822577049701,0.8069596154518975,0.10302545368970936,1.5167701248032892,0.9625413768116142,0.05727936682505098
