f0,A0,w0,f2,A2,w2,B,f0_err,A0_err,w0_err,f2_err,A2_err,w2_err,B_err
88.08606702372089,0.7820226192872448,-2.7726542570369985,86.93027878550225,0.5424443225756361,-2.30577043429252,1.2105389221053815,0.00834346713831705,0.11985717837397425,0.3051068445624084,0.012191187806688621,0.10110019867957878,0.2913229308545467,0.09794788926577412
96.68924491481434,0.9412318649740316,-2.447291905471138,95.52608255212152,0.8534785606449392,-1.9345068465848096,1.319747354139426,0.009323005197104765,0.10901043793529891,0.2868099213826788,0.007521292245949323,0.08705254249239902,0.23908881435463544,0.09754750053941304
105.3721729212539,0.49007264378927207,-1.8944077027235995,104.26618829332308,0.43096598809077497,-2.091166461591384,1.2522668652911735,0.01669743518657655,0.08513105382335345,0.24712310281744668,0.011070937348696306,0.09406763580776528,0.2819134165676099,0.08747467711441537
79.44541264002044,0.22108959417417612,-2.0424159577426857,78.21488028049397,-0.023435193018498675,-1.9085149185340848,0.9359921593733407,0.015604258549657676,0.09666959635943281,0.28438173218453466,0.018079363656469564,0.10914821258444844,0.3389116446781651,0.08573569297363548
71.18368254804456,-0.24561375562046117,-1.7573341389714527,70.01321444166221,-0.4471617530433942,-2.0139635962153877,0.9315268185730485,0.025748724511050876,0.1303407145805155,0.3588522409240189,0.026882701837671486,0.15193035269638372,0.43881867232818567,0.08207365022059407
62.752614396690134,-0.7495192810714699,-2.2601118487766607,61.725222230798536,-1.7943835709926006,-3.0958627269780967,1.046521164811593,0.03851002683014375,0.5175825511048392,0.5784518164646183,0.08360693525114746,1.6132470945830164,0.9422526217187528,0.07842977592311046
114.29922294795792,0.2289178558326307,-1.704211088915991,113.0200517287896,0.12321881512791533,-1.313995354735892,1.0571839869212942,0.021584322118296202,0.08846862062585316,0.23571334924353698,0.07121645719464134,0.5868991662912655,0.23857989148462236,0.09893217811049257
123.00706027894371,-0.45688031290291725,-1.4082787585307959,121.45098222012574,-3.246694073288225,-2.60271562343435,1.0805768346903755,0.10303181916996582,0.34489120827910996,0.6137714432557965,0.1971488589955253,1.6973200228851906,0.9742925157657087,0.06689607808150702
