f0,A0,w0,f2,A2,w2,B,f0_err,A0_err,w0_err,f2_err,A2_err,w2_err,B_err
53.05058352828797,0.3663276178129916,-1.7443819044003461,52.394079609032744,0.14847776222786824,-1.3411031587797146,1.3254949918995107,0.021468149306969376,0.09201777017246968,0.28999484665248837,0.033420773528358545,0.3378023579090499,0.24866275122759823,0.11438714213363274
48.171514007999576,0.22672494701784335,-2.3352956201080053,47.49108064295014,-0.1299044637903111,-1.4626251063112226,1.1520112213621276,0.013002398134323322,0.11433270988803419,0.3147034262971892,0.047843038333657356,0.2091168474152315,0.559236511819732,0.1767028346480228
43.397469943099665,0.07473241491363318,-1.7523458279265665,42.69633382191642,0.05567591441755717,-1.432595012350974,1.1470415248653931,0.025132894811197775,0.11215110549912714,0.2948966161971847,0.033717088522974614,0.12173226285248472,0.22620770350026384,0.16205849908094644
38.80564978108141,-0.12742815523084447,-2.1442894837183823,38.181699609983234,-0.613666586426076,-2.5696305193672275,0.9890155455081884,0.01717776339082986,0.1264612597678583,0.4481345249900252,0.018574912688524885,0.2104304813218096,0.611264900113752,0.12382380333950727
34.04862425408856,-0.8923366027755728,-3.2106231086123573,33.44745928154533,-2.961406937881593,-2.7147031038445144,1.1810031177382891,0.02245221885733029,0.5810659983532496,0.7459916730541487,0.07075698246866753,1.639051878428039,0.9949210446853641,0.10207851880710685
57.80199653964236,0.36937593510380945,-1.3138867242478063,57.15262083430635,0.027576667933545476,-1.4206502033510366,1.0081506739602173,0.03637126217227782,0.0889371790132835,0.1191419436917546,0.014867128271803405,0.15405479828861396,0.25356098737394184,0.1284765270423435
62.67160399780067,-0.020848173778492088,-1.3037642674190388,61.96761961541308,-0.5784025274601086,-1.5291036749451175,1.3051713263220484,0.0644280209211226,0.16674385657777033,0.21124155761698216,0.12374504706612757,0.8763962161323333,0.8140075358412017,0.11987494230450244
67.7010557307119,-0.9506121563816403,-2.338328284423683,66.76552915410667,-1.710425879064942,-2.2394103230935354,1.4176834880580271,0.06636074469178398,0.7556557539392913,0.8570548306704068,0.11938086727446863,1.7258811329127774,1.018532182333677,0.08286639750517494
