f0,A0,w0,f2,A2,w2,B,f0_err,A0_err,w0_err,f2_err,A2_err,w2_err,B_err
91.66006624561682,0.3614100150940281,-1.90180715950779,90.62652134924758,0.21391894102374748,-1.3094534127692081,1.0272288718087976,0.016045080499654796,0.09250235888531687,0.2868613620632835,0.029088787716794132,0.09650196579012965,0.13748082780304444,0.09526891475406088
99.98757970854844,0.7429993960408794,-1.5070299278162231,98.94831036451993,0.5361174575966744,-1.282442605427737,0.8440941027149771,0.018457089135892987,0.0662317944857807,0.17611678185917332,0.017043202507177134,0.07350987845941223,0.08790572218299182,0.08424911205938507
108.11907005012841,0.5792194388520908,-1.5252647019925658,106.77336901214305,-1.4102146009432848,-1.4906324936166886,1.4151039669777983,0.022749659924425535,0.08743975011936761,0.20420621856458362,0.21328616967593403,2.3157004078285817,1.0051947559437855,0.11903433769438787
116.38843841423366,0.40810580696040893,-1.3291965681218147,115.16390762769439,-0.47974585637586253,-1.4899360232591243,1.350309665248497,0.031314605833891916,0.0906454290254925,0.13815162948649842,0.165687834669195,1.422280958878829,0.9242494804431362,0.1065020467064922
83.46932992669406,0.2550420872024769,-1.8943340871863341,82.2795965648573,-0.7336780276052314,-1.7080085776340375,1.1635136468097467,0.01796801850051493,0.09504142763477441,0.3042043052849354,0.08973916208155343,0.6651651528178623,0.8199465461591655,0.10961846752992109
75.59122116592958,-0.40364275431587604,-1.9094562736915401,74.56646473722516,-1.4753355953227092,-2.496123963426533,1.1391754482857954,0.032851838645648834,0.19069329782125816,0.5678256574371474,0.11108283890929052,1.4153179659856607,0.9849112050158655,0.09318800079358514
124.83152814264167,-0.014260900820028892,-1.3170514126141777,123.49944062854293,-1.2403492342252322,-2.1654960633435674,1.1360225228051122,0.05134493646056046,0.12390041049130843,0.12928105376971635,0.18458736067750664,1.7039559740978074,1.0508698562739942,0.07978953011497861
