f0,A0,w0,f2,A2,w2,B,f0_err,A0_err,w0_err,f2_err,A2_err,w2_err,B_err
37.42737270190768,0.5527999213966756,-2.456818269251408,36.727314858804036,0.24782160815054483,-1.4200396353541143,1.4189862389013324,0.012991429024276266,0.11743707267677238,0.33059149444513375,0.03344982603085857,0.10655397951709346,0.23804835310067804,0.09805110640483526
41.557894163632525,0.4006490521046578,-1.658982596153384,41.0019430135179,0.46926830674226405,-1.369341844224392,1.1545179877283203,0.027842752590596837,0.11289723687523559,0.2883930827449119,0.018821216544728993,0.10788300629532548,0.17121980838185474,0.2002026301731347
33.133033851765525,0.21282120065901827,-1.9859685017758741,32.471715746166645,0.19746135259767295,-2.167864002536813,1.422667361744375,0.021545978258750903,0.11746925923451686,0.39664628030621735,0.018375856440803705,0.12921926572302478,0.45217755743792243,0.09373096397302393
29.185181249644003,-0.158095546759145,-2.1259547061172936,28.59027306224276,-0.2189188523429532,-1.6144177200630605,1.2320633817420708,0.024695862908853776,0.176877203683427,0.6249651508374705,0.041780418710778776,0.17493195525404653,0.4168262175748786,0.19380882095847327
45.93615612660054,-0.35171186971746454,-1.820152775568113,45.15379956234608,-0.2971415998099061,-1.6935657402902913,1.4355912112537617,0.03846488259537483,0.2111858984477685,0.5750310174509249,0.04130925549738409,0.19987245493441427,0.5207343429715512,0.07127889421180449
25.1268064469486,-0.9338232648182327,-2.694456075402151,24.70325525743313,-2.62248529847631,-2.3308493253851723,1.3862303156648217,0.03501508137188263,0.6201007278417695,0.8916125488553248,0.05685072182556244,1.463652265523059,0.9649558298222399,0.0954939739213634
50.411660823419204,-1.5612594651810547,-2.479019770864728,49.665999307252235,-0.276415660547054,-1.4314860558366758,1.1257003822650602,0.08472801135832161,1.2830643187453559,0.9761704755531695,0.06486569806649731,0.7121167926695465,0.5299805521295307,0.1514174164892901
