f0,A0,w0,f2,A2,w2,B,f0_err,A0_err,w0_err,f2_err,A2_err,w2_err,B_err
66.41825807070798,0.47605750206679487,-2.1152118227996883,65.64580538132927,0.11005003889411674,-1.3922987272240799,1.1980116858578311,0.01408793650138904,0.09271766432010196,0.2787221518451201,0.03224882919127309,0.11309949039967261,0.2051768236762418,0.12187209681962871
72.42965523748455,0.5023605665084588,-1.795597306932735,71.64129887737198,0.15871904257753416,-1.3310608478068702,1.2830215307458739,0.019421556417090074,0.08537728611479418,0.27093152055703684,0.02700942937446175,0.11237300230199089,0.14211925677999918,0.11105726121618127
78.46779344772011,0.36359919215428776,-1.6008236789840251,77.66696318309317,-0.06052741893506529,-1.358491332767963,1.2406107653425278,0.022000643782517718,0.082539363440672,0.23687219349439753,0.03121798951380209,0.16214552194599932,0.23746750600558922,0.10594768064448373
84.50250138116158,0.08738943317132553,-1.3122236472742557,83.36196079729926,-2.238547261814271,-2.372057540845569,1.3362653509600615,0.041987905996293956,0.122293578966839,0.15871724804074913,0.14109059473071803,1.7249343312847438,1.009548803130409,0.09583652355684048
60.33551446962906,0.14211615417845258,-1.639026118309689,59.529047658599254,-0.0508694233932263,-1.3876549778630922,0.9549663047793137,0.021718425251959217,0.09609155858849845,0.27492186603375696,0.036109755469451166,0.12578114755444356,0.21761642417832452,0.1143439289995862
54.52956520251968,0.0512595810007274,-1.3860425213469874,53.69293916936273,-1.5351099534159955,-2.5784176388756697,1.1657961419689773,0.036690596355620844,0.11922567155734337,0.18513324090257838,0.0923597466885288,1.3216268932572985,0.9737448182819726,0.11976376216544729
48.78977192281063,-0.6576134079760192,-3.472761174244085,48.024359002708906,-1.2619348856763137,-2.5157281044821262,1.1816385458105987,0.010587243860196681,0.23336474443629657,0.6915256632435903,0.06078992559605588,1.203817418618745,0.9417790476561716,0.09714257570149375
90.29072983461711,-0.6595117627911502,-1.7649117810288215,89.16429680993065,-3.5454152685543847,-2.757639615593464,1.1268658861960952,0.06058418808465166,0.7250177862447982,0.7713331548670382,0.15094009603951603,1.461382316191099,0.9365123630841571,0.07149715411442137
