f0,A0,w0,f2,A2,w2,B,f0_err,A0_err,w0_err,f2_err,A2_err,w2_err,B_err
43.385183545763226,0.630201006036462,-3.0287322340448446,42.67377365391536,0.16985447045562524,-2.3413614233693254,1.27755075130841,0.008261896840548821,0.16988405892913236,0.426941941826161,0.015356253276696987,0.13045519697766492,0.4262490083135418,0.1454615188074542
48.14199571101706,0.643026147007668,-2.8548256693651086,47.483070297368805,0.5620634341381061,-2.1808531430341533,1.223282831255216,0.009444788146758155,0.1505475288150055,0.40169864956572576,0.003903556371735941,0.11288545938661358,0.3419306467314314,0.14693541522107723
52.960446158027985,0.3274453904839081,-1.7692834535236408,52.32584296585672,0.3012917915545539,-1.4861678736826194,1.0391701564524758,0.023052696381172168,0.10905723832987829,0.34562442798836046,0.01338362323947351,0.11027004498110542,0.24196078977695765,0.1582160664900059
38.574544124478294,0.19111751444346453,-2.2326493858067127,37.941382502297415,-0.37425332799046673,-2.93086103914258,1.0749736203369684,0.01673946423689329,0.12492173826428875,0.38631123419933955,0.015144489729809429,0.19717412748279697,0.5782119134617331,0.13952382802224242
34.11177312223098,-0.29311166862828636,-1.6693680714861334,33.480668398316965,-0.8952034257080954,-2.509625709902884,1.0380667883586439,0.035221744519205934,0.19690186139869864,0.48181284516551554,0.03972164807055594,0.8277721683143132,0.8291395447018658,0.18308296789868048
57.913851771606204,0.11988009517684138,-1.4738001827943916,57.102534076896774,-0.11000488811518591,-1.6260859235009673,1.0079668312145271,0.05419994149828725,0.16722306977383483,0.40353962055477843,0.018146901219489052,0.20635986706958936,0.42527615925432166,0.19450101328732333
62.8497468785514,-0.7034725931234226,-1.8160813213142362,62.14667478846889,-0.8118743671767609,-1.950256019664369,1.2774977350666572,0.10251483230940718,1.0924592434728793,0.8534621796703272,0.06941100715146939,0.9461139183581685,0.8246762689248944,0.13246811418055698
