f0,A0,w0,f2,A2,w2,B,f0_err,A0_err,w0_err,f2_err,A2_err,w2_err,B_err
33.528491669553034,0.22784672871698367,-2.20669091503171,32.899697655793744,0.2380166348831641,-1.3925812213890592,1.4481631205970444,0.01543626718880552,0.11592630554148436,0.39711016725647963,0.03050244724048249,0.099974615298306,0.18825288686270283,0.06242823384895084
37.91566987707553,0.471147046490551,-1.6284631841376709,37.21227716047929,0.3640461740810699,-1.4453324334751703,1.3879007710578932,0.021134275885843677,0.08770539810895864,0.2467292472198243,0.023666694006679288,0.08953659938303755,0.20743028781184525,0.12702284028273297
42.06642307381843,0.10408820573827948,-1.3973100620154866,41.41948681695361,-0.08969758724836074,-1.6768928525007105,1.416549523758262,0.038512563829993386,0.11908409323943497,0.19899493363137577,0.03060332142020053,0.14538156634879945,0.4124402842428532,0.08943177880145946
29.42008913724753,-0.06444372667920639,-1.7746426010982095,28.837153962436687,-0.44097001864726115,-1.4243044035963903,1.3893426128898552,0.025258677543086788,0.1334383302414475,0.3737967948018268,0.043224795844108224,0.5488651121200477,0.5282264688863972,0.12783535839900617
25.349726509339874,-0.6469554790322916,-1.9776918114423492,24.843718757919532,-1.9799317191134744,-2.3392945001144136,1.3688195038132445,0.03875270943206549,0.3020171165114766,0.6283354842175163,0.05456549683179339,1.495186963583459,1.0182742619131222,0.14309802927119034
46.31839759888014,-0.5597794815333148,-1.7007508080882945,45.592738326349114,-2.9723391125764484,-2.335199724907615,1.405948277402322,0.0505571337882653,0.6250328045692296,0.7373362106386393,0.09675428510320301,1.7540347708611939,0.9269047411041237,0.0926100689720727
50.43868933866221,-1.6235518818883146,-2.2915737121083253,49.60956199712399,-2.7428938523468562,-2.9723616127017216,1.276038546281008,0.077323787672605,1.5208287922508925,0.9621416466913731,0.08816393818123762,1.3681524173400006,0.9997703192933455,0.0883008219141167
