f0,A0,w0,f2,A2,w2,B,f0_err,A0_err,w0_err,f2_err,A2_err,w2_err,B_err
57.36582050162224,0.2838777632339865,-1.9608215980413715,56.464180796776986,-0.009733527280540583,-2.8712662687486796,0.9003923341549351,0.016189698448144597,0.09112196554050547,0.28160020331890845,0.01004909999529068,0.1443105239652442,0.42912394651753377,0.0980701947897345
63.71349059748634,0.5784977707188068,-2.0546635492260825,62.87458976391872,0.41075207392641433,-2.4455627258925325,0.9836643635327738,0.013805555032457057,0.08290832771655195,0.2685316991713135,0.01083436374069437,0.1017260364484005,0.2982915799191388,0.11108869058005388
69.95686954874574,0.3705565987602203,-1.727619525782946,69.11237490074063,0.4299950284261159,-1.761441392075258,1.0073452567012848,0.019404061940494283,0.08403548606989746,0.23435138736025504,0.018176828974628204,0.08918825548041108,0.27396432920458935,0.1175830307732293
51.28844163396729,-0.14620793794681,-2.785788569780083,50.42423220864521,-0.7065010846434865,-2.841021558255381,1.0109988116729776,0.011134820307107579,0.14255462454431791,0.4029792983849053,0.019444452159146263,0.26577487485169654,0.7901729186233096,0.08973367373095074
45.22099724915101,-1.0506270689412451,-3.8124924975027232,44.321841109247494,-1.2167535204793074,-2.52898470771433,1.168335407909013,0.021767617614740657,0.45595031800626523,0.7136364287221204,0.08835510019779336,1.1656933596427608,0.8565573883411803,0.1009145808496327
76.42333670255216,-0.10938123948764794,-1.4621203397908675,75.53628892849325,0.21562452077088448,-1.3289283957785463,0.9075115399957349,0.03427001757977417,0.1117761694698872,0.21797663642061896,0.021216777497052905,0.08513144104281599,0.13399999556503409,0.09096614123719259
82.86394198469681,-0.14963547254469647,-1.4297794681944462,81.96072989911264,-0.36451509276509153,-1.435930261712198,1.2108104908694493,0.04492894789654185,0.1754054178051296,0.3779940338040797,0.08439176959306664,0.9888929726197067,0.6449236853503301,0.11686706431388039
89.47098380893732,-1.108836051008728,-3.0732110781775934,88.167546615993,-2.6391758852091125,-2.267293998048321,0.940247025200849,0.06567361012272276,0.5634889754401675,1.001204097764408,0.15951058075042804,1.3356557841269274,0.9220173131781128,0.051585329087525056
