f0,A0,w0,f2,A2,w2,B,f0_err,A0_err,w0_err,f2_err,A2_err,w2_err,B_err
75.67719209714797,1.0821288723138818,-3.2005857657987917,74.67432833431923,0.605473315496031,-1.8420991737384858,1.386828553777781,0.006469477095702919,0.15694021701024607,0.3686569587540284,0.016380400319865405,0.08384094271116506,0.2327610148439568,0.08527371604612675
83.09661232832977,0.7423750893892992,-2.0038572718230276,82.11608591294055,0.7463524753015536,-2.0284211710475324,1.345889634727471,0.013835518117190873,0.08369808704550703,0.23377034022569437,0.014051011516956447,0.0854799303279846,0.251010360111588,0.0977508530538357
68.19935735713484,0.6066266057985764,-2.703772102097915,67.16164596162257,0.03992827237796389,-1.7593730103778342,1.215211908554563,0.00938968430933905,0.12441904249308569,0.31237816934141327,0.023391134424059403,0.10960310660279608,0.3030782515377136,0.10765717275756008
60.87788401162969,0.0143734085402666,-2.1426294613868313,59.8005921319797,-0.28830790380052046,-1.9144997059240492,1.0587786350437876,0.01608123681624016,0.12087881246123493,0.4320012039850384,0.024460307510166705,0.14540857528155104,0.3969527831090494,0.1139090823108886
90.73014410145144,0.15923614285377327,-1.7417556967685968,89.65993516503463,0.23539763780651968,-1.326751204782878,1.117045511474912,0.020690353186570604,0.09972106081918447,0.27672259784707454,0.008660692655483002,0.09718845932517946,0.1328378813419717,0.09849005246372708
98.43936474570827,-0.2689629063894051,-1.6184239946962677,97.31629099103806,-0.1706299309821778,-1.32659672155116,1.178913610590934,0.032124224087543875,0.17281226326847893,0.4509886125612032,0.07321715823736004,0.7277370218990886,0.354690816930046,0.1078991311306439
53.8124794843146,-1.2203895625175119,-2.1541064652533426,52.99832109207425,-3.479540176965727,-2.534991178502467,1.2462724431826564,0.07346216626265026,1.2928747907065,0.956390185483459,0.10423408582839949,1.4649474257247488,0.9594142062075924,0.09425169863124323
