f0,A0,w0,f2,A2,w2,B,f0_err,A0_err,w0_err,f2_err,A2_err,w2_err,B_err
44.49757704220303,0.44199255555276545,-2.2068046296250574,43.84182797775427,0.20648459780436607,-2.7525472584634945,0.91262566344251,0.012495260275937491,0.09663357169591465,0.28014992143651823,0.00984997469848062,0.1364000941179862,0.39350433868469425,0.13021027057976797
49.4715675640538,0.7352374744926544,-2.659361013538871,48.85288120930534,0.4971287715218797,-2.4367185260076654,0.974850734769504,0.008549049567900608,0.11799710604250332,0.30848812406988896,0.010545491661969759,0.10950033627206761,0.30816609875476864,0.11919104427764617
54.381809359423094,0.4894678619295407,-2.049558871189347,53.72666924730027,0.3668880089129536,-2.571373418553623,1.0141100911737335,0.014590930424913892,0.09600592930973194,0.25824896085898214,0.009553740066859327,0.116782769910596,0.3454467734848648,0.11765228255990863
59.3074380812046,0.2597719008504508,-1.3127965734293845,58.63427424917459,-0.21088645268527767,-1.5073338139353616,1.105979530844064,0.06208757127758463,0.1695590101834265,0.20499471803163466,0.11692964368308853,1.7468740589029799,0.9497740159694938,0.13465398096657108
39.73214640413177,0.03027381746939732,-2.292435861829329,39.042169781774895,-0.33382798897379007,-2.0761357764082504,1.1995220049342954,0.01557407529399539,0.12311888953483703,0.40229084402402165,0.023284280822773267,0.16731017740999013,0.5015224775948492,0.1453527989634079
35.0630161380022,-0.7113475479033831,-3.3310207504167044,34.33578722719382,-1.152975065839041,-2.482170895109527,1.1671322116798264,0.01545191703187958,0.27216196980750174,0.8120490589477822,0.04776651910901302,1.0339998745178949,0.8053663493582655,0.12191404236025569
64.30431068759043,-0.07677207856165882,-1.3265361546323582,63.44174598512541,-2.9598523740401506,-2.967810255888208,1.264830694163258,0.056256935702805905,0.189790706705473,0.26540378663802316,0.11592240492827079,1.504118134237828,0.9925775678881557,0.11154275592918929
69.54562142131817,-0.777519456734261,-1.9432914276610507,68.56791837979672,-3.2459389874132616,-2.9855486875441644,1.0895369183538084,0.05958817209113399,0.484240062624349,0.7281366188992913,0.11730283852406391,1.5001048677093853,1.0061671083387262,0.07915351586678458
