f0,A0,w0,f2,A2,w2,B,f0_err,A0_err,w0_err,f2_err,A2_err,w2_err,B_err
63.79891537634589,0.30133611296295526,-2.28242333219991,62.9864368658162,0.12694661970953397,-1.8582979327729072,0.9683647149146107,0.014566545311590483,0.1189194906124886,0.36085538728430977,0.022624613620082404,0.11781171231852465,0.3958229685719004,0.12901477867462977
70.19523002705981,0.6455231158889836,-2.448277531084174,69.31018952315348,0.6693151270292876,-1.4944633717985025,1.0372142257742525,0.011850867480574517,0.12258537241821683,0.3348109028726623,0.006223787940327359,0.08330974800898883,0.19592977339906434,0.12937805639001698
76.4456632115341,0.6128173651765361,-1.4909956269799693,75.56555675780317,0.6911938600781335,-1.3762382443167516,1.3317412781500484,0.05913645281511625,0.20441317415375362,0.26624545222784674,0.08472189041263709,0.2673486697383102,0.8061409524384043,0.11708038329335778
82.77825299159358,0.6586812036493916,-1.26412074815563,81.76438469003887,-2.227027950548116,-2.372739533213079,1.4157417888914021,0.050226173202897725,0.1265227091773032,0.15339490994980667,0.1587272257178913,2.096939824651081,1.083964188056045,0.09121493246788309
89.29227115390056,0.15508492280382624,-1.3389118146571761,88.11566581380947,-0.9993910650817986,-2.7510979289302373,1.3662822395642602,0.0555879654746325,0.1329852240331047,0.156009526629624,0.07951106231623623,1.1200049156377727,1.0367028336490909,0.09591248294083615
57.65272972154902,0.029008572829833296,-1.9042994397233584,56.89857983631758,-0.050350846039018037,-1.45251948138286,0.7831564786019247,0.021425880267653484,0.11777321648811492,0.33927320787080556,0.027263895590349144,0.12685155625527675,0.2663165191944599,0.11059143101830402
51.59572590197922,-0.7988859813123189,-2.003950933372992,50.78192064690967,-1.5093455765907273,-2.5706130620104046,1.2785364082355697,0.08096807634168324,0.7845158736404827,0.8503687283745193,0.09099274258968111,1.5504246668884185,0.9220215445137672,0.1233071692562068
95.86673001587936,-0.5586768159737945,-1.5880546839462284,94.62926345022996,-3.101558556706312,-2.820732529114208,1.2530095345738692,0.1232048034055176,1.2602193744275894,0.9492994621478473,0.15592358476421025,1.5127125331745088,0.9691286622603943,0.10902290906728189
