f0,A0,w0,f2,A2,w2,B,f0_err,A0_err,w0_err,f2_err,A2_err,w2_err,B_err
45.01008627027533,0.38419740968575145,-1.577092485470709,44.33296413651793,0.578953270714424,-1.3227783099673145,1.4499654826232735,0.025095400132615665,0.09480390032367077,0.2603071191082132,0.024799799354507972,0.08685538160870265,0.15537033178194415,0.05797540002669421
49.55817745372735,0.3687278610315567,-1.401587693308066,48.83057261417755,0.30129178329587786,-1.3660107238190045,1.263778885277897,0.03182052679954064,0.10161610090031101,0.208846340908448,0.03481575857573458,0.11315820091312626,0.17695818309581038,0.15659191706389874
40.468076725228826,0.35967819507612,-2.35819765908322,39.75275080943866,0.27906385597856415,-2.1076737414895166,1.4621286259886825,0.012884979756366764,0.11405097632539621,0.34871396474794497,0.016079424785770173,0.1088580646470543,0.38863131425352576,0.0547419917713632
35.89872618831645,0.15590301959615027,-1.8226919488739044,35.24357328019173,0.18441231939704356,-1.7159003749865411,1.192194180345744,0.021618102735989433,0.10867089256194215,0.3166009833909379,0.022041349840993776,0.10724434799049723,0.3041844483790096,0.18828540731359933
31.676670055832172,-0.17218083341902796,-2.429289584876033,31.017880713917,-0.6654184929992626,-1.7483469723433942,1.2517551729435938,0.01749381861802063,0.1444872773527661,0.4360320820589891,0.04182674676229456,0.6884202391905415,0.6373262655474955,0.18012711280593593
54.13547058449619,-0.20383480882087623,-1.4775738737050852,53.48122354693374,-0.362118535185151,-1.4588904007737564,1.3941867675313706,0.04785282285742999,0.17299223985828394,0.3197655529985316,0.07723642479047951,0.8622760058535653,0.6444369023556912,0.08582510143280916
27.17419970242711,-1.0122278776386722,-2.760017460155667,26.729325239501037,-3.500040935000122,-2.629257036006403,1.3602020507969612,0.04020887952632026,0.5028343589801473,0.8836205324499562,0.05910813958941228,1.5467285006895812,0.9762518775024406,0.09258968015191305
