f0,A0,w0,f2,A2,w2,B,f0_err,A0_err,w0_err,f2_err,A2_err,w2_err,B_err
28.536682746208957,0.6878679645622403,-2.912517781616338,27.98917646222072,0.0505409289872847,-3.1996582400340197,1.3835777685964952,0.008022310505177405,0.14341634840463982,0.359036457248412,0.008180208267507103,0.1612797273100293,0.4694537398673827,0.10429293962469516
32.10052410166666,0.561447581590159,-2.406204441117456,31.61497283657818,0.5747301869018867,-2.481936652293442,1.2947053749168131,0.011751990342257544,0.11217526976905987,0.3373289257803333,0.00870420697370937,0.11099886833618088,0.3264326070819664,0.14936987134692378
35.68101835334776,0.14029125834657327,-1.6375727048614968,35.17258208174386,0.18099129260081456,-2.233087507512021,1.2228129954421796,0.026008724571727215,0.1061316554270061,0.28919863556890885,0.009504918159626367,0.11685325607239729,0.3579410637240528,0.1604211322244598
24.979227888594668,-0.37406193171167285,-3.0634331106619035,24.46088821020567,-0.6201861429464174,-2.3704659060772513,1.2291148044479894,0.011740992587646536,0.18199424448274673,0.5248819867222042,0.028543763123856578,0.25376017552298247,0.610184770498339,0.14388238071767842
39.437871912337826,-0.2806220138485923,-1.6219105045551503,38.90894334736376,-0.27684962799511864,-2.399571669773383,1.0283537443604165,0.040227959101316026,0.16538302203743588,0.35880636576257435,0.016017152847524155,0.1692545802716118,0.6560329740681445,0.14206292718532243
43.04765239604875,-1.323923798307204,-2.312967057958149,42.29411025833696,-3.3215352385494503,-2.802907429999196,1.3582170015874977,0.06596688804687056,0.8533002093725138,0.9839707305287401,0.08196224037962596,1.5702620845014839,1.0101101950205236,0.08110329118318196
