f0,A0,w0,f2,A2,w2,B,f0_err,A0_err,w0_err,f2_err,A2_err,w2_err,B_err
53.27382333351006,0.7189775777351826,-2.6128497890681777,52.454707867322035,0.2710892443614146,-2.8677033920665225,1.179354974967592,0.0091307504028471,0.11244299230493494,0.27945960196576547,0.00956877995347414,0.14008142495129822,0.4341783718940995,0.12984499078352582
59.051688178388275,0.8562502211930707,-2.648338817099417,58.24499997271794,0.5091108583838788,-2.4308997245243162,1.3432326638696672,0.013337721922721122,0.13369967439693492,0.3431867314174284,0.05967452667289088,0.3996366270153203,0.32311296380158894,0.10265642383762802
47.40915168889586,0.23189272468537944,-2.5571166738279842,46.555768651324286,0.01993364899298126,-2.537616900235613,0.9765494217066029,0.011109855075833206,0.11563405756265778,0.32495578831324606,0.011993814062028721,0.12578786486348315,0.3909568634213172,0.11005232648784889
64.9978132689339,0.4600506855869849,-1.3539675652677412,64.19232172240291,0.3250765171316502,-1.8193985181983319,1.1213857301395564,0.027880921307560532,0.08425504138235287,0.14990344739170447,0.01420497592333864,0.09254781696138224,0.31582262984410664,0.14010840771254546
41.8934569818791,-0.17877898252031937,-1.9356074657878009,41.103114096364436,-0.3351678499659632,-1.9589134632526328,0.8379122275725768,0.020365467517819483,0.12245712473463392,0.36920261440550234,0.009567150716615867,0.15197974380401003,0.39064401074204186,0.12603657980808122
71.12358025565217,-0.49035813767144404,-1.9846116840445474,70.22119164674449,-0.06794508697786424,-1.5600416549797291,1.2894382440640357,0.03810684194441405,0.6023565345192553,0.5597700126406691,0.02765265086746306,0.1345791603531573,0.2945677756257519,0.11003065094904291
77.05266382524928,-1.0031770484740465,-2.138915532736759,76.01041727158274,-1.9960796758829198,-2.496442707911795,1.2086333834710605,0.10638411808397082,0.7232695064762168,0.8251349741055065,0.15451384322334624,1.3511350912155635,0.9633774515802204,0.0879251833762636
