f0,A0,w0,f2,A2,w2,B,f0_err,A0_err,w0_err,f2_err,A2_err,w2_err,B_err
47.630375024445655,0.23162959544588374,-1.8170300582986214,47.03852979230882,-0.44119177480661437,-1.7768196272214374,1.1938530841973305,0.020801485208309687,0.1035281710431682,0.32124199689864663,0.025872722979901126,0.25596569136424957,0.6193719963162179,0.13374359424215831
52.5086664936546,0.39800523732806087,-1.4438874760801452,51.85880609535937,-0.3250597619260108,-1.5145937776744751,0.9317625332744769,0.025917862903095504,0.08929317505767133,0.23292826422702903,0.024089376615930205,0.2901796928823738,0.31399616412138914,0.12986557327730713
57.421546822863164,0.4963669328393668,-1.50117807364771,56.699587182161004,-0.33883280009496386,-1.4944186148637153,1.2850415306092025,0.02563288325878815,0.09534884246231311,0.25096781710437166,0.1028855601088737,1.0959558983802944,0.8260902240681527,0.1319298744769011
62.006459144758885,0.4942235423091942,-1.2639218847309883,61.2114551552833,-1.2217940698784704,-2.176126778757145,1.3365862824546297,0.0337274445857285,0.08395073093060886,0.07475582194895378,0.10464628134767685,1.6136469966666285,0.9480989656166089,0.11553336189048972
43.13788734280089,-0.062300774274717655,-1.8516581098158937,42.55280018148012,-0.4948666068109463,-1.5922753037842656,1.2243247721629964,0.02440928373726961,0.12145498942409087,0.3495986277253993,0.06507487279878485,0.6645003970667486,0.6024653144357385,0.1419104745459738
38.39986691954489,-0.28597791855625954,-1.997112214413685,37.630786292216065,-1.2971286622547127,-2.4230991182541253,0.9859567028532159,0.023358305338223407,0.15998260191669494,0.4479459504076799,0.08434659727010846,1.0541657243281581,0.9671496122135208,0.1388383870237986
67.00574641017064,-0.21499925114959206,-1.4340756636428256,66.21748021059727,-1.0749728262316112,-1.7347603614353977,1.3838153950808134,0.06166564647086693,0.21190677459925247,0.33340436602378315,0.11183151960774766,1.1836345633539649,0.8866951411430771,0.09641311959660709
