f0,A0,w0,f2,A2,w2,B,f0_err,A0_err,w0_err,f2_err,A2_err,w2_err,B_err
32.6199885320216,0.29530373477120053,-2.403695561373056,31.945677240323985,0.09039115830403521,-1.6861528097309118,1.372589868889395,0.012919381141351117,0.1155388314974587,0.35366617143364343,0.022731055522409324,0.1100651347421135,0.30319187123618596,0.12470727118158678
36.87303126161448,0.5540203624010884,-1.5879861470507015,36.24468159848193,0.33729856227573496,-1.955355510247499,1.3902984797042561,0.02251110147883315,0.08954553590117732,0.260679360444871,0.018459792973191065,0.11704429295946951,0.437765638822114,0.1273855618553961
40.91609942314506,0.033813454792148666,-1.8261656766421535,40.33093037425491,0.35883139520894286,-1.4282884309741666,1.3783400048398053,0.02530010901500432,0.14844645384034183,0.44072119820953715,0.025992223907940978,0.09723120003649724,0.21664644727715351,0.11530539783057704
28.668036995369718,-0.07389326013545511,-2.0886903370961325,28.02541130720328,-0.39434395279630385,-2.506511214997076,1.399466996778807,0.020812083958858283,0.1381178589673234,0.48598607177792635,0.01848203107110093,0.18514432024098698,0.6122513819077394,0.1108071777610832
24.75577685660909,-0.8850433208522065,-2.085698709807489,24.308899845758237,-2.6781508239208396,-2.642905104523426,1.349489316870375,0.04568843625210412,0.883218786273837,0.9185351426109616,0.05652914678426959,1.4407422835074601,0.9808675432178885,0.126271696986046
45.170041228241864,-0.1676819921651148,-1.50220074488975,44.52978293411364,-0.028887103514617818,-1.3437701090027672,1.4659316647129865,0.048848826738558,0.17014547524943077,0.3500357443772976,0.03803059594102026,0.164307493699331,0.22331854257872566,0.04301693745670585
