f0,A0,w0,f2,A2,w2,B,f0_err,A0_err,w0_err,f2_err,A2_err,w2_err,B_err
50.52125454428118,0.24753388564081485,-2.033976146345208,49.84563916295875,0.13902479384244715,-1.5236071740110826,0.808029515016006,0.016138216463793223,0.09191748817005517,0.2784617363833555,0.02283882037336529,0.0958195541716355,0.23151500032170585,0.11539235212178772
55.642895186210886,0.5861586133166962,-2.36107697557098,54.92572505751863,0.19657408653491504,-1.4041253180267548,1.0622697136479424,0.011563756162962967,0.10532959795493302,0.30075345860891617,0.010536645038634813,0.09449403171116899,0.18159030014300423,0.13280427918503926
60.70270256789896,0.49227178319614684,-1.4390795070956084,59.97296670878689,0.2734812349329425,-1.460580837984252,0.994897415945922,0.02867418500724892,0.08715078686929163,0.1887542408537385,0.02966144029967141,0.30599748401220156,0.2415795826986366,0.13419803966023144
45.59702586930125,-0.028586302625956336,-2.201300199330584,44.9248071561954,-0.1807448948702775,-1.591165858813111,1.0927566401209305,0.017149662623449365,0.1219991470148534,0.3966405257908134,0.03385316770388919,0.14713076899871447,0.311966594543969,0.1344505702998676
65.6431592559518,0.46165807030446654,-1.263536398370253,64.95082721225603,-0.5306528060191493,-1.547639660368245,1.216722300294184,0.045749711929573215,0.11687337327265133,0.08896673279223181,0.0926550667936664,0.9831760975622688,0.8239974717103472,0.13670974323639395
40.73689919905022,-0.514539820264217,-2.3086725552131067,40.091546562488844,-1.8648622886697501,-2.721236390668645,1.2584738230412345,0.03306005878153521,0.23547120811252975,0.7991131662768834,0.06892406112184293,1.4402870401002232,0.9696279364722538,0.11238268294069859
70.94574844238538,-0.32125876596875697,-1.4257482252376563,70.02476835766785,-2.155371086885465,-2.840503531315463,1.2877277646613439,0.09768620757261838,0.3438492438462908,0.5251814918247291,0.13792810753759283,1.532585196660753,0.9529004124093856,0.11152960346176968
76.0200924502233,-0.5299331634104467,-1.5009388806734227,75.01473854665016,-3.232650183466984,-2.9585418991319252,1.1569998305724383,0.0696944764852041,0.4931619031026559,0.5526223447914931,0.1286897332482605,1.4737305092283859,1.0210581796460079,0.08396492237999849
