f0,A0,w0,f2,A2,w2,B,f0_err,A0_err,w0_err,f2_err,A2_err,w2_err,B_err
156.21325201375848,1.0555944159904502,-2.3130607612493868,154.641791804302,0.6659987875010756,-2.2465677391673906,1.1747817596086791,0.010087096355231378,0.09197985358485496,0.2476036999705668,0.011936273094449059,0.09580020053710964,0.2654165097691661,0.07743464899922128
143.52735047395223,0.5707458580288913,-1.9780447809918815,141.84577274660182,0.3137443457211857,-1.8649725881457333,0.8705936229784834,0.013816190235587843,0.0817817631756098,0.22319041406173432,0.017123595517356035,0.08692523468245317,0.24420542563908046,0.056330487896659384
130.87237154077238,0.024033433796684284,-1.928888738357855,129.17242430507264,-0.11847646227895842,-1.479609636659664,0.9150921488587824,0.018238561051084592,0.09565297967463796,0.29834162855392427,0.03078184625826826,0.10900890048508001,0.21566448090356824,0.05580496942708809
118.62901557453898,-0.48108793127865346,-2.0610550634025495,117.03326169908942,-1.3108228011335674,-2.347344601605709,0.8931179406720594,0.02528137953807559,0.15673432530262413,0.5247169320687501,0.11298208495568915,1.1746475661180784,0.854792865306532,0.053487732394444126
168.88290342436986,1.021988906658295,-1.993405283249257,167.12991614338188,1.0299127665296126,-1.3262511254055633,1.1379068384969109,0.06309691611301904,0.2660318680197198,0.28280737395222155,0.30377670917355476,0.8596699978170868,0.5755246246997354,0.1612597525319697
181.78236094949776,0.24804430592933635,-1.5344603021227186,179.33363355075625,-0.8158165409810894,-3.663834143286692,1.4678408394150404,0.02780311675706338,0.13876654040994318,0.5166433984845659,0.2837621911533971,0.8086011516079876,1.1348936803623297,0.1367769315734185
194.81032295145872,-0.3911465094575932,-1.5593647198024145,192.95835151621478,-0.6078756923808714,-1.5469273524916625,1.1598309565688285,0.04883833187518037,0.1898816525916616,0.44263039334134124,0.30654567230355306,1.3794518403487999,0.8764593648639999,0.07291104794003954
207.962124252757,-0.6109511031591257,-1.4981924817585637,205.75337659075097,-2.8839825022589465,-2.4753237667054804,0.9970395989785105,0.09540272704704954,0.7444533603779767,0.5899290007553255,0.3090721524329012,1.7955358021892518,1.063280359825208,0.044987461819344404
