f0,A0,w0,f2,A2,w2,B,f0_err,A0_err,w0_err,f2_err,A2_err,w2_err,B_err
60.58239022938789,0.18081342471526168,-1.6894919500641226,59.71849919548822,-0.23311685911530108,-1.6933700665199405,1.425421389557434,0.026310657841347375,0.11373711358284805,0.3254147969702128,0.03426043899484799,0.1947211056415214,0.4680943743281075,0.07472325248731992
66.6148442355002,0.70027580680386,-2.1510665847978476,65.70946043282936,0.18659219258629506,-1.3311127499653685,1.0628180070614097,0.013858481727532292,0.10264440474607107,0.30621570083872446,0.03926222244776535,0.1406793831678914,0.15998290356796496,0.16503287105282477
72.65965248562223,0.6787858328806426,-1.4720184280333677,71.88275349361722,0.1767476428169074,-1.4350425189840723,1.4131060495050014,0.033829761575723455,0.12083383365027668,0.23180515873518473,0.08921418523997715,0.6249000699038768,0.8332120698150363,0.07927168615437846
78.6992992609876,0.3314918729266805,-1.999036179453797,77.833347592643,0.3809561011007253,-1.2818259548110718,1.1673129237642776,0.020041365960173294,0.11697392911616611,0.3237121244494697,0.04914281057031224,0.14824532052172187,0.3471128217164541,0.13078611241997404
84.79390185876116,-0.19270991863831982,-1.5685531488942606,83.7191357982843,-1.2368096751220328,-2.716335188012424,1.481287523179841,0.05796098795566345,0.3485480551061324,0.48398745854112357,0.09349407480415571,1.5069388272956992,0.9167414961703829,0.02375950271954961
54.830472406796716,-0.17850218068426693,-1.4147371136362366,53.94006124530322,-0.5575980653814427,-1.7364757520891327,0.9245202408367538,0.04939889874172339,0.22333415287158614,0.2741809855712455,0.049101511863550856,0.7874654977998581,0.7390391192953976,0.16115261882769294
48.8649332618582,-0.7296444244928155,-2.1520241517012866,48.082353899758665,-1.4097109800587462,-2.2427701677951175,1.1039017101566666,0.06857520877688554,0.4948886495949499,0.7582864521881086,0.10412202438605674,0.9069073292761164,0.6768901523688694,0.12969482518778447
91.04136698962587,-0.5420820498241435,-1.609407050950636,89.91040470609073,-1.620333656351258,-2.9173252082735974,1.3056670783037614,0.10427354642363608,0.5132932119763333,0.6397137718090394,0.16578480281183738,0.9486010337984018,0.9700350581673562,0.09580585658639791
