f0,A0,w0,f2,A2,w2,B,f0_err,A0_err,w0_err,f2_err,A2_err,w2_err,B_err
38.560061996911834,0.34927795029535674,-1.7694584585634225,37.93405580233436,0.2764289545855541,-1.8648767433572904,1.3418100157822497,0.022281965011592807,0.11239204637034267,0.320882560352567,0.019053924966604577,0.11494774279803714,0.42298492128548626,0.17130266358227744
34.1314155205959,0.24621815455163387,-2.410907932422569,33.43496430171112,-0.13438640671428664,-1.5716858158123643,1.3841122199114682,0.014746526402675646,0.13038891375163258,0.4109118265737123,0.02208935299001459,0.17479187722738526,0.39354802491583535,0.12058749887571993
42.89810503150398,0.16574631796880704,-1.8069900551930305,42.15408965528178,0.32466713772107336,-1.2955000239928993,1.4343544923071814,0.025098228773043043,0.12760838692688745,0.4066949383898048,0.04055824108423078,0.11814362553121006,0.15672444763347626,0.09545315936806698
30.09037355163891,-0.13045907201372087,-1.6550622468297211,29.515046968487898,-0.40815934775719453,-1.6126565262809163,1.4345970897874423,0.035225476964846486,0.16044436984049631,0.4133050053305063,0.05172343434594692,0.34323546448032255,0.5810780368327451,0.09314128818420425
47.224751129042204,-0.3902875691863893,-1.634278392432282,46.61681827676809,-0.16752762150937295,-1.5301970287689173,1.3014334162331895,0.0481195323852016,0.4603243880552992,0.6552681641128594,0.03860051628860367,0.8732593360545822,0.40941282613830793,0.14879341550021424
25.84380560717688,-1.6369886258143282,-2.9372880126693377,25.32302445874034,-3.2134439848788308,-2.421395906152358,1.1908123924919214,0.04925728446064231,1.0517787001372063,0.9559379177665414,0.05798443992094687,1.5063330193104094,0.894181576500482,0.11358250393121133
51.642480114611644,-1.015401710089816,-2.5262731143659587,50.88926876069149,-2.5793587534439926,-2.804021652421002,1.4203892523180628,0.08135931241907227,1.1002857863759008,0.9311229567220428,0.1019905840376131,1.4640004586378348,1.0063283235988798,0.07521139059129296
