f0,A0,w0,f2,A2,w2,B,f0_err,A0_err,w0_err,f2_err,A2_err,w2_err,B_err
27.33098812974287,0.44287126945427774,-2.6213342621666618,26.906543902702392,0.3118574841340536,-3.1245836769081268,1.0881969357585661,0.01003699910841268,0.11911574318736755,0.3183694661511707,0.005531129531928854,0.1506365822336877,0.40556456732875834,0.15488504852522567
24.275954238648787,0.20618892979641973,-2.828750236719075,23.80592337076252,0.030647724287058607,-2.905880072378903,1.3525583446175273,0.009928042494562805,0.14171675590669322,0.4489289617207033,0.010177777765576374,0.1549695864076429,0.4739787822627384,0.13483651870919058
21.229171140398304,-0.1329896410381725,-2.6469502238381124,20.83934943131836,-0.34438810035099776,-2.713575349597729,1.0919559298705503,0.012929652491952751,0.14324492276312134,0.5003546394268868,0.014887447119379593,0.1915431925568948,0.6518392448432023,0.19124607506326546
30.421067946261747,-0.17597747067748185,-2.099039735187185,29.982146558160835,-0.10559067304284969,-2.0518191525148763,1.1274656592031496,0.02073985698029901,0.1426991716840861,0.42003222281015445,0.018499452060191983,0.13675959863116513,0.4310526525077643,0.1686938427054547
33.55210681528408,-0.23389015792175383,-1.6147766862455548,33.127881449973245,-0.10484956261630667,-1.4012085419501252,0.8546463482655122,0.03155176287064945,0.16661326337005503,0.3679443924922859,0.027237161258364936,0.6606214707817922,0.2574409706019985,0.1487022266335535
18.398285521616792,-0.7205337917693533,-3.7608777324671214,18.00738404845006,-2.7645762037729353,-2.872148721172515,1.1627893157589393,0.008359646657884303,0.2544615884922382,0.5969175468575226,0.04505911751347946,1.4901254768980743,0.9809917764233707,0.13039173848177424
15.47764699995583,-1.880201521940703,-2.9092416956835367,15.159453557876946,-2.8749007620601046,-2.4557860647459413,0.9917245340675886,0.029730530890688348,1.29666838520605,0.9618975766458375,0.03832783215590308,1.3079084223676773,0.9553885183116562,0.11823732790951061
36.57094535332878,-1.0699812450025632,-2.4108796541647726,35.95763263992568,-2.8868070378113435,-2.437653403240958,1.0933420181301763,0.057363453814799875,0.6411660606410774,0.9295281455658931,0.07051985663265405,1.4591730793241344,0.9302913703816063,0.1022992744444909
