f0,A0,w0,f2,A2,w2,B,f0_err,A0_err,w0_err,f2_err,A2_err,w2_err,B_err
36.8685367088846,0.5273155149323161,-2.5391266003141557,36.31588976674707,0.4928504424443276,-2.8912766442238995,1.2238617231950444,0.009943172004295361,0.10857287738487496,0.35430370905600606,0.005729383456875294,0.13723409607346784,0.36719499298662883,0.149195644806831
32.762116112426376,0.20967438646467085,-2.908163320229653,32.18951777301279,0.26325867139966985,-2.5563817835005547,1.1868271401149144,0.009253858160627355,0.14268841520266778,0.408828411237704,0.01149947784528054,0.12649429692419212,0.35590248839710437,0.151291351237503
28.80650501795251,-0.13944246695512028,-3.382959909750413,28.218748239298627,-0.45239329071801404,-2.3982050815728275,1.228645626515928,0.00805201965197645,0.1770636208183866,0.4661278074313855,0.009211040592344415,0.19274941638326076,0.5617521999911466,0.12853526043787455
40.96671133181937,0.5026661532095098,-2.489859929283775,40.40380784408803,0.10419236752034376,-1.946240501071744,0.9472308930267446,0.010668963462134811,0.1036134266281561,0.26983926963993904,0.011423486333431111,0.11146219079124543,0.3205888324466081,0.12979734230814988
45.216147865446814,-0.47940775587226125,-1.7646495128226025,44.676535904529615,0.013833310289670778,-1.4131776071954842,1.1598540680328944,0.045467531138124705,0.25914541025664634,0.73936524173509,0.03413077230781433,0.43378738188188437,0.2772527976500234,0.14891711728998164
24.89152355183916,-1.2183852595202533,-2.506215397693529,24.4286753410654,-2.221487320636874,-2.561158732871831,1.2767528702453521,0.0405223675743208,0.9296174224151774,0.8766793148987143,0.059353930088539446,1.35177641433835,0.9293654476425364,0.12895646285833515
21.017233266527683,-1.4951542632928327,-3.2481153592296836,20.597829464268695,-3.6535911029808217,-2.9080751258019197,1.0854346555912304,0.03130128078274181,0.754224834922143,0.9489091554471348,0.04562226121208625,1.561432503002504,0.9782232031532772,0.10974470941298674
