f0,A0,w0,f2,A2,w2,B,f0_err,A0_err,w0_err,f2_err,A2_err,w2_err,B_err
47.45823229072114,-0.2548447946417622,-2.2265344305656196,46.86304598498373,-0.10353765448727367,-1.498633562201027,0.9829768721646249,0.02123449910799293,0.14765699179394473,0.42179133206314606,0.03320399207285319,0.13202157309597856,0.2685548219334923,0.1154387474314945
52.33677600338059,0.15482274211074987,-1.314444374449942,51.51393265733354,-2.976087412615735,-2.5482598901288287,1.3050539680051458,0.04905367847245607,0.1351175837065542,0.17781341545571877,0.10140990608961112,1.5479012967238275,0.9692997500809326,0.12577400138629422
57.650196338502376,0.39175857800784797,-1.5853980696580716,57.020204476195275,0.21660916604130187,-1.9035146136226395,0.7975509004343813,0.021457951837759906,0.08841900932649062,0.23404581052941806,0.027247481383841535,0.3319930298689987,0.3602215542650549,0.12540041321865425
62.88981675141299,0.625547638749308,-1.2990316371497759,62.27083675799631,-0.27063236267561686,-1.8647880963656416,1.0723162307401692,0.01887375870241971,0.11070651902850111,0.15451385429620926,0.08893366881043943,2.0489788711474506,0.750669874635322,0.1507982749506192
68.22340344321839,0.5290166885544546,-1.2997654593426078,67.320801977095,-2.442300285493544,-3.278189335296058,1.4149788664564935,0.03483237037242131,0.08702470507913501,0.1154081935762439,0.139197577761047,1.4673117802816857,0.9519242396889935,0.07746436091224633
73.40811874018932,0.2957578764238125,-1.276763700486264,72.49846759947056,-1.6696310861123516,-2.0758904345558085,1.4516008626664703,0.03746984546809896,0.09545135641556811,0.09837335228150815,0.1291033259342789,1.632658722444023,0.9048831519364816,0.05734846680420102
78.90479529081577,0.07927984801570889,-1.319966378591397,77.88852603298642,-3.2260577892375366,-2.856351838887999,1.321895219013982,0.04779927844799616,0.1204564464943718,0.16151740321270322,0.12407808982037521,1.578509130803997,0.9349665688272711,0.0925372318598942
84.27593339656931,-0.5675701818550785,-1.500376226770825,83.21842756515643,-1.9753218410548985,-2.486601228996852,1.0791406666458043,0.07731250257836436,0.5550130124036176,0.7638540150554386,0.13344757705104404,1.3303015857954201,0.9879394768039068,0.0918727678632461
42.324647376716804,-0.9856410922382608,-2.2618988047790625,41.723117873919584,-1.3501450944865754,-2.26758022098974,1.0592198575975234,0.07425738603883492,0.25890970549092657,0.3776320830831501,0.10960098927853693,0.3991519739303302,0.49271054079559223,0.09390284141727472
