f0,A0,w0,f2,A2,w2,B,f0_err,A0_err,w0_err,f2_err,A2_err,w2_err,B_err
68.48909883137814,0.8585451794179457,-2.5306217962848967,67.61188416491426,0.6405205214306254,-1.3122354338091906,0.793270193334026,0.010014920536813481,0.12148014334166539,0.30996654294216636,0.004031462940679209,0.07355094550162447,0.12449644813685067,0.11909880055133323
62.338654617123254,0.5867540611176989,-1.97170803895823,61.54767614238949,-0.09035521401810931,-1.5466495553614241,0.81787600883198,0.015022254369902887,0.08736373250143009,0.27321535060239877,0.02889109225443571,0.15374393582619048,0.42990747501614046,0.11392249782556105
56.16866328580776,0.07521580687854672,-1.9249055733861689,55.31279950659656,-0.04479745994670058,-1.4632685000606547,0.804799265811826,0.020220285943170758,0.1074920812803643,0.31265775145271846,0.03203917741278692,0.11213019483807474,0.2157399758240325,0.10741830893928224
50.35613978663027,-0.15450180067006614,-1.9879062378514538,49.50469611761433,-0.6187062994998327,-2.5126148943902655,1.0521419387643731,0.02330619536659966,0.14371235936189103,0.4433482225050251,0.02633068792273834,0.23557882198607585,0.639894600109273,0.12117912993679678
81.02333891196082,0.0850735803517484,-1.4920897622071307,80.09607475521301,0.14371426032521117,-1.3616731453319142,0.9539064934490973,0.033665365038417445,0.11263883014923975,0.25721704236964943,0.08716772085584243,0.32342824197834863,0.3777887159513816,0.12911882589998527
74.65827238004705,0.597080752426858,-1.9428521269117018,73.81982530316517,0.2533534093241674,-1.3644340360440803,1.0498833649923738,0.016105846861576276,0.092161361448377,0.2728240921698137,0.043233868227362075,0.39188701470544607,0.16375214544782932,0.11891580075207435
87.11734301673386,-0.17313257855723746,-1.3321191312238048,85.97196510360592,-3.5646228636638435,-2.8908357238366773,1.2193869757434799,0.08697942012723238,0.6493844369852514,0.2991064016643476,0.141729898770165,1.4728725249221273,0.9968038050208046,0.1023919891236792
