f0,A0,w0,f2,A2,w2,B,f0_err,A0_err,w0_err,f2_err,A2_err,w2_err,B_err
32.87949885077118,0.5239424547290593,-2.161419249031004,32.18538974818945,0.20858882942062804,-1.4985884292303966,1.3653044172391104,0.014274043276052535,0.0967496157798664,0.2712177797675952,0.017114473865926877,0.10758529069114955,0.24667047733135683,0.1349715442280192
37.07292889344652,0.44702273775866486,-1.9878577549276817,36.43803256650713,0.3290273922116862,-1.362187913332169,1.446106468018845,0.016106646232217563,0.08890897971940971,0.2850822023794699,0.03329187530179534,0.09344205534932527,0.1841534545030527,0.08103910003023067
41.25851319722198,0.23582277773898092,-1.9946185988828053,40.588900595344455,0.19126540271677506,-1.4174069186524134,1.426491151905724,0.01931128028322097,0.10554450087625113,0.38442470941596213,0.029803049230303753,0.1123775575093222,0.2569428087540716,0.08810197615851725
28.7791259791105,0.06560557376896647,-2.310262994169328,28.18468517619636,-0.192579862634077,-1.734841555776009,1.4145547026949945,0.016238342966192226,0.11748306532454338,0.37657251759638377,0.026379444146213987,0.16252693615869526,0.48423758168853664,0.10839136619258076
24.89252051714888,-0.705364837251687,-2.711690809850439,24.412064716884572,-1.6692195312941271,-2.4883148731361358,1.4026768637338747,0.026755086155111994,0.29085665999715665,0.7718373730504519,0.059233881910789134,1.4148347046886334,1.0370604686640486,0.10013008618850298