f0,A0,w0,f2,A2,w2,B,f0_err,A0_err,w0_err,f2_err,A2_err,w2_err,B_err
32.1382303825834,0.29999291272729844,-2.352973120795991,31.480472507540313,-0.030532198726359795,-1.4179925989907913,1.0392034223452367,0.013198635524994722,0.11534291297176252,0.35677450556358997,0.03344771189112527,0.1630873221687378,0.24985781301693805,0.2356607750714257
36.266560646564,0.1364458898472783,-2.091269667546693,35.59289183894563,0.47762023068893844,-1.2911970988593249,1.4210147891499192,0.021435614297453394,0.12881542111080677,0.37963732766885405,0.03601283159917409,0.08746309656309324,0.10352437964586074,0.08605595125645592
40.36285336893879,0.17546760714641746,-1.7168332562010529,39.76868201179215,0.11127844164384769,-1.4543982236866981,1.4522313434619285,0.03154168276543892,0.13654433229126378,0.47938063090501803,0.025724151543472174,0.13985327306757572,0.3114050044360961,0.05827579279500079
44.48909318206805,0.003780089276869186,-1.4845949436022234,43.877788111832075,-0.4575827423514462,-1.6059040594345717,1.424378301760871,0.043215845739793264,0.14814000613849204,0.3324655922265711,0.07866582765909697,0.7259718860406016,0.6740100185621432,0.08044001479919492
28.158817111763977,-0.617362885240705,-2.163002749182823,27.692334234913407,-1.7275584090001626,-2.488248733949985,1.4512907856594244,0.04086393701405158,0.5808449260766575,1.087252079157566,0.057397267770508464,1.2042705605037611,1.0314005105016228,0.08065891309966519
24.32244099565177,-0.7021686727722116,-2.346957233874362,23.836068610267347,-1.0813188903659259,-2.3161255141917656,1.0532855749522743,0.027128912477559216,0.1566857034802336,0.3336228746935428,0.07539193241581305,0.22089963363054546,0.22178010542384682,0.11585603476196821
48.82146282184659,-1.1919983839018111,-2.603661626550923,48.10084705072275,-1.7438449537624992,-2.533064442075843,1.194954861376182,0.08012216975908927,0.662577929268733,0.8652362948448237,0.09853588088675208,0.9866800044231053,0.8851232985117474,0.09988839597245773
