f0,A0,w0,f2,A2,w2,B,f0_err,A0_err,w0_err,f2_err,A2_err,w2_err,B_err
35.98197496731164,0.5003539786995856,-1.9623972467150925,35.44892892312394,0.4024633987641522,-2.334813342596178,1.3625349326956768,0.017380831536972924,0.09518904996391386,0.2785074094997225,0.013193431537740644,0.11193839778834361,0.37768920566586445,0.12558001244460482
32.04880767329129,0.4127944635424957,-2.7193942529666413,31.441030345101385,0.18529027269017007,-2.910099546378281,0.9779207547766577,0.009832509693501369,0.1320995484458509,0.36252568289232884,0.009067260094166018,0.15384759353561675,0.42504198694639894,0.15473242356762748
28.03071898861675,0.023163790132830986,-2.524898340234998,27.480262875749442,-0.15071849029051715,-2.9464102064718096,1.2543700302625718,0.013543612172632396,0.13232138671374266,0.3726585413638946,0.01090311678707238,0.16969191027842745,0.5162255419352424,0.14200738806670252
40.09175298690678,0.22805121834469638,-1.628813496588219,39.4933979437104,-0.054847320799156135,-1.575187274737258,1.0422291525231162,0.02307268130844189,0.10574450588037228,0.30553703444111696,0.017126424015539335,0.1383312523984148,0.2631262879736425,0.17121248428704167
44.099745013530125,-0.25873747713764556,-1.390308314577635,43.5349679486551,-1.8209107430707783,-2.5674158460107144,1.0552047471684434,0.041189010144941265,0.21765927893546375,0.32699646863460086,0.08009569795532677,1.4100502059418356,1.018491254662027,0.13537121577238856
24.313114879971216,-0.761135577817006,-2.294036972085836,23.761242713151404,-0.5929364313048464,-2.708894575444411,0.8227668379787827,0.027715237791588288,0.2643220214803514,0.6378175765616204,0.007959505632097442,0.20659282418621971,0.6251598355784351,0.14916046439552538
20.406405004285823,-0.9088970188944336,-1.9864106144337539,19.95818047490895,-1.5529793595879138,-2.462516572938208,0.9967290770851609,0.04103860731799974,0.610404726290192,0.7186420022566786,0.047115333701912857,1.4073997211822833,0.9228492369124385,0.19820717952285086
48.652276515550746,-2.167068466224473,-2.8440951855696848,47.88628882956105,-2.6294961892051183,-2.682443661199997,1.0245255637810098,0.08276870161591708,1.4046060296038407,1.0212931242158392,0.09116511151563916,1.5829284609480783,0.9927690824104063,0.07880942033980738
