f0,A0,w0,f2,A2,w2,B,f0_err,A0_err,w0_err,f2_err,A2_err,w2_err,B_err
41.156165881635644,0.4816717092653169,-2.243265100404118,40.51770122610069,0.3789032255837169,-2.428049810439858,0.9524635714830302,0.012625875047655269,0.09706275826488327,0.2769450663778306,0.011603257149697805,0.11083667580864401,0.32203390230280987,0.1512574800591975
45.6481990550059,0.6589903695853341,-2.6610804554861867,45.054380407672596,0.5714492776179586,-2.504102826273648,1.2360439912442391,0.00957278346005892,0.1141721172742089,0.28699740794110074,0.003891878136572437,0.11398537011868398,0.31722993267819444,0.12397713814838061
50.31309807226227,0.24817886300198963,-1.989722384869578,49.686961159371464,0.22110145428066016,-1.5989404947291586,1.1277867723287347,0.01679119819250414,0.10840040810125909,0.35306100753334035,0.01213076217240658,0.1014410738143937,0.2629970684342889,0.14365082405754698
36.53428556836009,0.26792397711876537,-1.9513451623615405,35.93209842242682,0.07523597869257141,-2.5544917933084283,0.9055016258340607,0.016736277893953273,0.10118188076140118,0.3332599525324418,0.012034009759905375,0.12617954227222453,0.37019317033339855,0.17331970713665956
32.29572586994127,-0.23653685468097743,-2.2934176823240353,31.655619223197814,-0.29387093618614096,-2.0518926541012394,1.1210028305623059,0.019604164153976818,0.15337703644764988,0.4595932732894929,0.022707624295801792,0.1681703660152238,0.49076830107396313,0.1600592705966712
54.970283293790445,-0.34754224576498105,-1.6855876007029855,54.28561308919225,-0.2998549649652162,-1.4332419230409854,1.1131898424158317,0.038639940280482774,0.1788549087767674,0.40309273915498506,0.03654618593393422,0.2310481914610921,0.289637675937219,0.12242530060400798
