f0,A0,w0,f2,A2,w2,B,f0_err,A0_err,w0_err,f2_err,A2_err,w2_err,B_err
63.08947678527229,0.3136721578536258,-1.5167989337816539,62.377616886909436,0.06981943157721063,-1.8807683371598474,1.4013198598925145,0.03738399674457717,0.13046412664344562,0.3637268589496347,0.018413328161284555,0.1861362812916502,0.7522608915582318,0.09657594685849864
57.8223875115893,0.34271326021158116,-1.66981628327725,57.07026827380133,-0.03156769022578496,-1.8535076723394415,1.4514657599936038,0.030389055681286768,0.12450432540857867,0.3382196671269813,0.09229458088612673,0.7918746701892297,0.7174279390448234,0.05893904025242714
52.535663174615834,0.3796464915339547,-1.9584467470666607,51.75273139942186,-1.922737347404002e-05,-1.5079943919227494,1.4029959741206017,0.02175738142688663,0.11931202371280937,0.3618229860373461,0.023183672527317553,0.15562651553826776,0.31537780065128934,0.09341841752224751
47.2854619702644,0.18357594342167555,-1.9342763938962049,46.46713231032808,0.04055781490475972,-1.3580789190513607,1.2929867603516063,0.024677381025910456,0.1276078282854654,0.3672504030127461,0.05828903410866255,0.6054613937608354,0.3735224907403865,0.1625272712693798
42.47393216902122,-0.6711990443934908,-2.0065975807842977,41.707696616797605,-1.3875929149961446,-2.233435451225678,1.2341697018415148,0.06561455778117185,0.635714448043751,0.8042754473517879,0.09224798824095265,1.0879500553579984,0.9052511178820695,0.16082840423013858
68.5386105364359,-0.2209226075863115,-1.5278181329130391,67.62886343412602,-1.6452095846541788,-2.350978173556233,1.4033735735581254,0.058771708335060145,0.24165768240917218,0.5190868266998374,0.12522774504042689,1.7396417524240617,0.9741702697014041,0.09132727053698671
73.82924969997003,-1.0492650440417273,-2.5435511845048993,72.73708857991177,-1.3322532564257004,-2.2746382012147426,1.3156163902885263,0.10369350556684061,0.67255658775818,0.8693316815830155,0.1371029090588964,1.4476990810387647,0.9649228664006003,0.11499711476539291
