f0,A0,w0,f2,A2,w2,B,f0_err,A0_err,w0_err,f2_err,A2_err,w2_err,B_err
42.59452713786219,0.5042853111979109,-2.8331884782212335,41.83311924930363,0.008312867290568828,-3.0705156585381665,1.1675817286637744,0.008822682690825399,0.12827995366415504,0.35169517483550866,0.009462905848828675,0.15383322967432933,0.4281243452809652,0.12289535080167396
47.914672700433925,0.9219106029264775,-3.0889658091290215,47.17672553952528,0.5205663620578402,-2.42971408980958,0.9698961778318239,0.006700196051221816,0.1575496708446358,0.3777750612886694,0.01063464301308735,0.10678917847645403,0.30564189213461246,0.15086452628403277
53.13575660683556,0.5268061388313614,-1.8721205685176958,52.42538798177774,0.25334153338237997,-1.9604996931954402,1.0950598650974015,0.016547090453280424,0.08629684461503401,0.268159316528388,0.017794903494359398,0.1032733638195831,0.31829072259633995,0.14678052703989017
58.58153519803853,0.18172616170623102,-1.4397455398105379,57.85792672423714,0.1087434642867263,-1.6981674557723134,0.8945334202024973,0.027913851402090097,0.09975220665171584,0.22076102499372377,0.016155320356612757,0.10183251207534944,0.3089136330732088,0.11720331486149296
37.563114648559335,-0.29110840801256876,-2.3601740023156053,36.83487970279187,-1.0572193820315963,-2.088265636081043,1.2663725899523095,0.018180199899372942,0.16983264673651632,0.5223836429770012,0.07522994370322392,0.9060323215928497,0.9130028202615588,0.14709529804562788
32.486039247549755,-1.1704120070991082,-2.9118204076566725,31.925505445848415,-1.83531672985095,-2.450888119800877,1.3751098335039313,0.05858421635636391,1.0312238868836892,1.0340773111408157,0.06852452503042336,1.3159869721859219,0.966743057281277,0.10526439119148671
64.00769173371856,-0.39491902822340796,-1.4599282395776574,63.23807524161951,-0.22735325386630495,-1.6589650947377237,0.8297613896442593,0.051633508278980354,0.16434139128809166,0.30399332205351637,0.02552950327455968,0.12446636270339274,0.3273294204732746,0.08677008770050536
