f0,A0,w0,f2,A2,w2,B,f0_err,A0_err,w0_err,f2_err,A2_err,w2_err,B_err
32.27309997354702,0.4351645107649773,-1.7581593220210314,31.61086935295407,0.12199383558583907,-1.823123616551725,1.1519511839143706,0.01834313425897662,0.08849455021448231,0.263469730106089,0.020973802237892684,0.11422604248678814,0.32603672743318185,0.21912474253927916
28.22685538941254,0.021917122418753737,-2.598893293394732,27.627862227997248,0.00414421209688718,-1.5291183470684608,1.4370584042582986,0.013478222002047768,0.14015691872499678,0.44256600811627456,0.025976796445256904,0.12353067552804786,0.2576467861701693,0.07970320492044872
36.400715156298624,0.3627299912480442,-1.4433109263374702,35.74220832536365,0.3930864621079525,-1.7843426149186925,1.4214371682111502,0.02584363159572006,0.09821335915030996,0.21126994399064306,0.02069642461879173,0.10173594348494698,0.33978967765938056,0.10212161853276498
40.508031294678204,-0.10176037068569158,-2.2365467462845596,39.87160116191132,0.33713780793276815,-1.2810279484442093,1.180297006957505,0.020762759327979562,0.14430128077833806,0.46870890734411924,0.03647070188765309,0.10521702015589984,0.10844206322104619,0.17908705140661724
24.396537052766046,-1.0679277915189371,-2.18935735447392,23.901740435187257,-1.6333652664444045,-2.2684759219442614,1.4205847052050595,0.05266261791143208,1.2382146833290644,0.9050012783438778,0.05538981987056638,1.1243879294021935,0.9451317573947182,0.0978984890247049
44.731059436911586,-0.9669426442537107,-1.952809384813114,44.033801420793324,-1.7905596103764887,-2.0979443199791312,1.4691699962715177,0.06884385427266769,1.1772959093325748,0.8408724279857486,0.09272223433994005,1.657823551632677,0.9134158697543714,0.04588047561973514
