f0,A0,w0,f2,A2,w2,B,f0_err,A0_err,w0_err,f2_err,A2_err,w2_err,B_err
33.22626138884584,0.3952615841382876,-1.558569549371075,32.48715290711157,0.3173186241466412,-1.655782301729288,0.9253435950409141,0.02196954853187794,0.08890822156553364,0.22856537381587577,0.016373853492933056,0.09237048108339205,0.25953305036768703,0.24547892947911124
37.49226858893942,0.5579947439920953,-1.4949780496181884,36.73996539145097,0.5047908561547907,-1.3284975031969033,1.440328526018131,0.0227459106055267,0.08930695660424126,0.23300567985358486,0.017313037876738598,0.13441092608252458,0.20559049732651402,0.09004502985754609
41.72464767605412,-0.04066823041583548,-1.4866669690329597,40.95810378386451,-0.13474622464053426,-1.4054821157556159,1.4365695554474107,0.03642007274894495,0.12053556339841792,0.25086146294796063,0.041504461447227727,0.1631122571319977,0.2831182994375328,0.07109392086047484
29.019589660778635,-0.03967157876700107,-1.9476235417079513,28.418491957927174,-0.543772591148524,-1.7692098222349522,1.426604682509769,0.02380300843941774,0.12558889305837512,0.38434285592067724,0.04442615481792639,0.6323685070466094,0.8165120493390782,0.08765199742584248
25.128486442280945,-0.6175382704894572,-2.2543945263585705,24.62760188493371,-2.1293794050536823,-2.5303437696922035,1.2624319854708486,0.031297367968245296,0.27105202456077665,0.8489495714149353,0.05648005381921741,1.4299120347926795,0.9857163940631941,0.15115680190271802
45.906387091133155,-0.9758070571681576,-2.434214981022289,45.28717137056041,-0.6704630045608189,-3.1683823918488363,1.3693172804800804,0.04883944887523613,0.5293257808056067,0.9986584244744217,0.08613114063365479,0.7411810582224779,0.6084842289449117,0.08943123889194651
