f0,A0,w0,f2,A2,w2,B,f0_err,A0_err,w0_err,f2_err,A2_err,w2_err,B_err
146.7828736964291,0.32730624870159447,-2.3006964774547605,145.21611278205106,-0.774415777930655,-2.1971998356147804,1.0182253593899575,0.014682735751396784,0.11763595448976485,0.35034586480783814,0.04983918752356335,0.4535856226844856,0.710379708776734,0.06189436207159724
158.71864497047633,0.38139855806350753,-2.2323008877130155,157.04394122153303,-0.04550451044961011,-1.319006243216495,0.9627824720864009,0.014246553380220942,0.11477368071990546,0.3228966542305992,0.16475476549294954,0.8732077472457441,0.25184403393553745,0.09183288175927203
170.6921819545381,0.1699036895536209,-1.666017009242708,168.43652800524637,-2.9922701462535968,-2.8021533802640013,1.04311832769737,0.025014168155731188,0.1072123449888171,0.29819567616373727,0.2533599815274902,1.587408597837349,0.9882244113791767,0.05415908639968306
134.76161492154532,-0.022206693126146718,-2.284663567223288,133.2867997972263,-1.2663634004382809,-2.5117127141978535,0.9081078038122607,0.017854381145504642,0.13494271712687753,0.4091234463174477,0.17100952891853957,1.2008853090069629,0.888828774782503,0.05539765424773348
183.3541972166023,-1.0331484937839892,-2.268949482298311,181.21737867625546,-1.887817702889504,-2.393989475173769,0.9926139252407259,0.15435798259595618,0.9142304076873657,1.0482466466797171,0.231839235294285,1.1632917564026648,1.0278919217738176,0.04930945968918412
123.10038428919974,-0.9350247284566864,-2.857084313790332,121.46477662251576,-2.63793988412789,-2.7824902512024257,0.9983319511362465,0.04498585277926096,0.6507546538274424,0.7488454518616199,0.17415004369018935,1.5714007212462793,0.9854514010008292,0.05609057200900251
