f0,A0,w0,f2,A2,w2,B,f0_err,A0_err,w0_err,f2_err,A2_err,w2_err,B_err
41.94413537795319,0.26506858557210233,-2.51129167668545,41.31777099777237,0.3404089263809109,-2.3721635070182865,0.9367102368447969,0.012343864302769637,0.12294625677378625,0.4071037422824472,0.012154836637206404,0.10722845053794368,0.313980648203506,0.1535099061165116
46.56686505404476,0.31096120976340624,-2.002073851658378,45.91436852797318,0.5586608609024709,-1.509538729206577,0.8813623293856767,0.017882235150538647,0.11802738164124614,0.3324649530822048,0.009595754543207458,0.40067197587711106,0.19608188310232447,0.1750777447742846
51.222995570542615,0.39578783909958537,-2.088210803152623,50.56449514054733,0.27840266014244996,-1.740655839536281,1.2999639763654391,0.029542451979113572,0.1558243195140397,0.3568050659378314,0.07569694602129938,1.1329520043445396,0.582298622509445,0.1270453100421222
37.307454474624905,-0.08595885126401229,-2.4483161901362056,36.721814169449694,-0.37763261123010783,-2.112146240144705,1.25187713100487,0.01601443839562419,0.14343522730309424,0.4347695738144558,0.02697043451844576,0.17421905891350833,0.5149371368372954,0.13358006849984835
32.99416659573127,-0.36339922581668077,-2.508901758751056,32.444457883053374,-1.8990074538955874,-2.4999404228851105,1.37464958663083,0.018406296053375182,0.16863942050669317,0.5046090602257608,0.08032497197588404,1.5481817880983513,0.9497124261233713,0.11334202402685635
55.839016963061155,0.36700378650154397,-1.270719371909605,55.10850389808188,-1.9027112230411107,-2.4585962012264386,1.2770039782660185,0.03632612733654325,0.11250664078806888,0.09226892761255213,0.09064000598418856,1.699638291537815,0.9428217201570801,0.1313830575786414
60.964762447282475,-0.8712875320234811,-2.1080833819606144,60.15972533784766,-0.25166398985838334,-1.5976536511387125,1.1937864825421016,0.06672787399569703,1.2621399186172693,0.8496148447095473,0.029876364194323865,0.17495031789024887,0.3846171060710462,0.1225014993774252
