f0,A0,w0,f2,A2,w2,B,f0_err,A0_err,w0_err,f2_err,A2_err,w2_err,B_err
49.71087574865258,0.634196246936227,-2.354552430578569,48.934314836209744,0.3678983801922155,-2.6540452505763406,0.9549444833651828,0.01090440764429027,0.09668131537447,0.2619670728619067,0.009574376695986575,0.12701081369558218,0.3354898535114302,0.1179037325182141
55.18826838618001,0.8361248676385673,-2.7290939377415966,54.45898193463425,0.8633557051755782,-2.3614503011369194,0.9513727111417376,0.008266262194364897,0.11818774330078458,0.28307606873155416,0.005997406746056356,0.09549291376565988,0.2670393332486753,0.13398054453189082
60.6296771829905,0.6352919571764912,-1.9526399366996334,59.86700631101762,0.4311109313569368,-1.5480691166670284,0.9816852678723709,0.013942757660778323,0.08562933893627968,0.2552922316305566,0.005624424579607427,0.08106132886956735,0.210625320063905,0.12976963719224677
66.26271577116073,0.11363247914570451,-1.3592975288721187,65.55183994885975,-0.039676938981570584,-1.4567004004925792,1.1548940451500727,0.04111445690719452,0.10994674758935098,0.16572331398525897,0.03312051098136047,0.37322909092021056,0.25737019167471087,0.11468516288369726
44.288499797544716,-0.10081008105476798,-2.026361221488819,43.56028248612233,-0.5107712569354501,-1.9796983489775961,1.290697156677056,0.02168905143085335,0.13681550369268772,0.4064311305264317,0.03399992915893153,0.23206656360739888,0.5852241378152974,0.12680532093458227
39.15778548445597,-0.8039374486706803,-2.9707998151418407,38.405902732004364,-1.6737097703208292,-3.194944975795681,1.235433616978529,0.021476822655777668,0.34610260504618634,0.8046593078359678,0.07135661284855987,1.6161253100771187,0.9515735403759974,0.1072451085665669
71.88904191091552,-0.7585927910863047,-3.8097988907648905,70.96950691947832,-0.5276419839964045,-1.4184008371175094,1.4040853711026666,0.030022762056001646,0.26007000965798543,0.8120747208924303,0.08108242192927415,1.0145287663739841,0.7087383015253459,0.07686404172119614
