f0,A0,w0,f2,A2,w2,B,f0_err,A0_err,w0_err,f2_err,A2_err,w2_err,B_err
164.0184999662284,0.949972291702126,-2.263413328678987,161.99283285970037,0.6892199648711592,-1.6653360547758236,1.3126100432177303,0.012403342860709586,0.10520589577925504,0.26405324897250876,0.01967453383002442,0.08440907428668759,0.22558200617538293,0.08366334148613315
178.51802861598077,1.1677644032433911,-2.5941758248619697,176.39773022398055,0.8353764464630652,-1.5451508162788716,1.2808574534109993,0.009933467106594793,0.13322555485787588,0.3239125716887848,0.0221058153264683,0.08542892724691577,0.2589617002147228,0.0956668368792703
149.54810777120377,0.5645159161091011,-1.9871939570339803,147.42473013641504,0.07333873785019082,-1.3842834961164472,0.9524259474592519,0.015349923001916985,0.09477040310133761,0.264464902475393,0.0350264750144445,0.1094058370327852,0.2041927530465636,0.07072238983970086
135.18723621833874,0.19508462115142283,-2.0814377266803628,133.58077883357268,-0.631761060453492,-1.974114854212402,0.9325379559071848,0.017416983894235398,0.10707806652423,0.3201139111377968,0.0538096721368741,0.5739484923238852,0.7356617350399258,0.0633676011735543
193.29805253404248,0.4084175694689671,-1.473742692494816,191.21278885917883,0.4602812240708712,-1.3164397202202902,1.0878941362626833,0.024698873041254534,0.08770873490774092,0.20603609353661817,0.032357591308811044,0.09100988769527905,0.13832299396336878,0.07128693765741521
208.21175492135967,-0.11842928787907903,-1.4516300947889513,206.09823741936287,0.006980339175398385,-1.3110949302699644,1.091669587795436,0.04432226885906495,0.1277887925928443,0.2381457004872957,0.09865035346471032,0.1883771873462881,0.33768655212299936,0.06281915528392439
121.1759558167758,-1.033280958178414,-2.132856336916212,119.65455733233641,-2.1597966295251494,-2.472066234976072,0.9745530722114649,0.1426800958439297,0.951323135900406,0.8180942143142461,0.20383792328639347,1.408871654241392,0.8800234437171308,0.057408542495915045
222.73490499348242,-1.6329781658570879,-2.6449072487667507,220.2664595171355,-3.2046795496443305,-2.7911423606799106,1.0183022028421058,0.21276317707034,1.151036465104159,0.9340503325081744,0.3319691993583427,1.6119905670128651,0.9761831011074367,0.04126874941125781
