f0,A0,w0,f2,A2,w2,B,f0_err,A0_err,w0_err,f2_err,A2_err,w2_err,B_err
42.59019676208092,0.36052376807336173,-2.3077392782617956,41.809079812243084,0.009651526794633825,-1.4012762166667867,1.1432104554875118,0.013032754571306093,0.1065959992285283,0.3229108154726997,0.02714721512205825,0.12394817643896748,0.1827921913042001,0.16608011684982643
47.35828010063827,0.5786768414679591,-2.076711839988567,46.66621101355032,0.3328385465996192,-2.307820863639121,1.3881918788079508,0.014498656275965008,0.08942292109051633,0.27961106970296107,0.013973453837461155,0.10719499640000908,0.328505835451201,0.09073127539406513
52.08798813321025,0.2407266463951505,-1.8195848981135585,51.32234822124654,0.19103703564201668,-1.343057826384811,1.250958661934811,0.021214523874949258,0.10623185065478152,0.3286329061794367,0.037234962122628446,0.11737534465122325,0.17105282990154638,0.14953894969728523
37.89863417576565,0.1391767206965107,-2.0495104088221945,37.16319795318594,-0.20618479038493656,-1.70460541438892,0.9944628792839036,0.017247524259145178,0.10516562252548428,0.3035354615180932,0.0327988880141778,0.1604797324876602,0.5106592488728721,0.17081830306908277
33.43088230728258,-0.4965473224612544,-2.0195518710954654,32.832495084175164,-2.6322536206883016,-2.6840316658322534,1.3587993531676383,0.034687214018293576,0.6050919267891008,0.5958182602754105,0.06449678562098615,1.6683683152072073,0.9979476528485299,0.11009902563882323
57.00527535178156,-0.1682319849099671,-1.8150451460247952,56.19648072610813,-0.18728751641755662,-1.4119603117128947,1.1751306639619368,0.027366444986368928,0.14094384433800267,0.3944478966947125,0.0476952731225518,0.5772260420653004,0.3418299798491573,0.13306619401759023
