f0,A0,w0,f2,A2,w2,B,f0_err,A0_err,w0_err,f2_err,A2_err,w2_err,B_err
31.244582388470658,0.48060944053374355,-1.8666348330970801,30.642306923568203,0.1393327289405671,-1.5344683385899487,1.349151986749632,0.017150225744593555,0.09833154717998506,0.2937349566170601,0.028029201479552592,0.11801107241491281,0.26219730798193636,0.15461323050053355
35.296115584866754,0.3981978151167489,-2.463425209138064,34.6896891288396,0.33320904371825244,-1.4205319854693568,1.3823682845431025,0.011659713111657637,0.11056033127254992,0.3239278451050752,0.027426787042954075,0.09566447407585722,0.18915560112286092,0.12009007433823053
39.30041954886234,0.052992962154177495,-1.7902923279306802,38.70319176018428,0.26449458914920215,-1.28424712024474,1.428369115842907,0.0290278156408112,0.13818018322686382,0.3956768756816582,0.050168383370893445,0.1158934823665417,0.1205104679875536,0.07702097628691439
43.22996616094365,-0.22303776708712225,-1.6253314199075448,42.5809707031034,-0.5015460756703407,-1.5050477971451293,1.4439771780284758,0.03706745002009551,0.1619248447209598,0.3774604052860015,0.08800753018806068,0.7732506757774401,0.758448553848272,0.06175296897192064
27.48742044965872,0.021539029873512937,-1.6755647488016359,26.92406056798399,-0.20454765815349746,-1.4458172896905972,1.4041951095222862,0.026935578672725016,0.12705736703770248,0.3275668481162622,0.02297003284637472,0.20602504922469878,0.33096607675706696,0.09956975467218881
23.656376950477483,-0.9145845845278477,-2.8090034231068817,23.15859815403308,-0.8099543305870999,-1.753465970959687,1.0413663303792071,0.03023218078707872,0.5968278663310356,0.7621574644196633,0.04564386223481503,1.2043136367475893,0.9308334094521322,0.22365611740741637