f0,A0,w0,f2,A2,w2,B,f0_err,A0_err,w0_err,f2_err,A2_err,w2_err,B_err
35.77620158322905,0.05607127910097913,-1.9740024538918277,35.138548186967675,-0.12708103749184807,-2.01021560881229,1.2915519111753686,0.020581100108133642,0.1184516436452229,0.3515762295758475,0.021492180449673107,0.14750810926491126,0.4483203513167618,0.14295146771767675
40.2141055236027,0.37964943344533997,-2.292400748511212,39.55524448455589,0.2690718773295189,-1.83201428518186,1.3755147465215094,0.013579804962566167,0.10510303049491997,0.31568469175074987,0.01999005247092157,0.0998123061905845,0.31349854489319734,0.11365878699064856
44.79029639257884,0.5392484191650526,-2.1215008441300798,44.100400385703374,0.38456551741078515,-1.326117682825115,1.2711559871399285,0.01487665643278284,0.09411327152297255,0.30300330626582833,0.030535367468807695,0.0977594687596682,0.14865476731390903,0.15512925867616278
49.26820056568262,0.2610803656406583,-1.4060006955497437,48.55717104332338,0.22462507195373627,-1.3263293580311113,1.4230988448061965,0.03660354640743824,0.11514867035501532,0.23105227600582598,0.061160612202970276,0.5542563323875889,0.24058274357064058,0.09568295800253504
31.56381638486527,-0.3350229418012559,-2.1351662921587615,30.90098964869857,-0.5917019742938434,-1.5880977201999968,1.0999296897675785,0.02369202565820166,0.15687949645443033,0.4129299903564823,0.05846069347264449,0.7829707546972683,0.6864117048035941,0.21478865029330843
53.809470935675,-0.2567424771947581,-1.5472792082006301,52.986624829336535,-0.3345095393196888,-1.5278460068059774,1.4617884578017475,0.04924434819856066,0.14471571059373678,0.34599231074131176,0.0601497746455355,0.44045624522503324,0.7576986722429061,0.04642144600963294
58.46533895237908,-1.8899988764309672,-2.699670438998779,57.56698201958278,-2.7452866038610275,-2.823208272155054,1.4366284196454486,0.09830052323559546,1.4439762274031893,1.0370574836843245,0.11299027057052823,1.2896057265755247,0.9960110380942834,0.05633182183067036
