f0,A0,w0,f2,A2,w2,B,f0_err,A0_err,w0_err,f2_err,A2_err,w2_err,B_err
26.398374787635383,0.2954696025290828,-1.8205351491410404,25.919227829463665,-0.13240896220571383,-1.595502656548214,1.1909636354993385,0.013070603670820611,0.09937479224438421,0.2856153878533459,0.025072434311688714,0.17831689888699195,0.5001059614534237,0.21854627995548512
30.340925659701025,0.175686491615305,-2.231260934432055,29.734436237116086,0.2578855398913639,-1.3627883452049667,1.3682123362142313,0.016661988737947532,0.1260696343782109,0.38900144940832176,0.027225656390211524,0.09513404409118431,0.15933859189257674,0.12981494030521437
34.15895520876582,0.4244827102627271,-1.6158847040395667,33.56213732517576,0.3705654429975582,-1.2792928938479213,1.3637938116953605,0.02438242895853947,0.10449335004959637,0.24726078295257053,0.042331467319565816,0.5846724490674859,0.10354918349651092,0.13245109755317747
22.86213215138201,-0.3983406859790689,-2.5794745351109705,22.40729445168109,-1.2723603728551363,-2.2562392769621282,1.3797464160055866,0.01997563228893761,0.19177623781799408,0.742361410892036,0.04604317426249584,1.2200294560781126,0.9314221773294244,0.11091982605840854
38.09988604231942,-0.15876124975526654,-1.4335826943739225,37.436738197978976,-0.0033957705773373856,-1.3220213095458573,1.441921607615323,0.05591811364459663,0.20589837469329095,0.45842041425282953,0.06389547257903838,0.22768467979040624,0.2584845540648754,0.07173610856577091
42.01684817354211,-0.7486465784232978,-1.9790712460936324,41.149842978246674,-1.217894890491355,-2.7839335997154655,1.386427988825486,0.04601538795814021,0.44979478098153536,0.7287429858485429,0.06096739310454241,1.1711863828430318,0.9065674783704232,0.09336066275410412
