f0,A0,w0,f2,A2,w2,B,f0_err,A0_err,w0_err,f2_err,A2_err,w2_err,B_err
36.82823952909295,0.4886049905050582,-2.156185072310814,36.174938820714296,0.12792242987597321,-1.9229290202268667,1.3229218644022693,0.013850408810268272,0.09483453195829757,0.3100821456869623,0.019692630307729764,0.11944832936384565,0.3836771380654509,0.15614782218650464
40.942715093492794,0.506170478700525,-1.6044084501582632,40.30694269862462,0.27844217421385864,-1.5174890674838148,1.4093110949695364,0.021589109319522026,0.0871934036253305,0.2673331275159194,0.02883559862091379,0.1122293193353565,0.2691552188281544,0.10126244368860417
32.615204949702786,0.17429981610604356,-1.8479668354729535,32.02441042297103,0.1114954828031248,-1.884930214747735,1.338598450081213,0.021556309615014032,0.11734886179566101,0.35642240571462425,0.02161126106468924,0.11554559344179954,0.322111574086788,0.15583973972217402
45.140097941807994,-0.23498475172800948,-1.511655126276204,44.48533000135684,0.04989998722872638,-1.4732937009494353,1.4450916035722423,0.06647557564513325,0.4236620686367078,0.7270374576929475,0.036461529103728095,0.20890666544291359,0.2996289993954369,0.06318237445365425
49.18053774056562,-0.34482549082776487,-1.463557080163844,48.43795999204409,-1.5432229027663373,-2.6167845772790184,1.417215530236873,0.04930211752869468,0.4614755915577735,0.6212715136102874,0.09996516484947073,1.2679723748179828,1.0523185389362322,0.08912587773000064
28.763570764290748,-0.36800983380496866,-2.1285803377692645,28.188620583925985,-0.3638854408515319,-1.541326026870216,1.1591647703210113,0.029171853255583337,0.18533442795260147,0.5528389254290071,0.03577001624405313,0.33248463178512927,0.5255996716690192,0.2093337340130039
24.684108272347196,-1.2737668407344644,-2.6204494389027504,24.17319532259745,-1.1419676139534225,-2.035987461806252,1.2779528578896604,0.051937736265337604,0.9507944827904455,0.8952513105165222,0.054293675713034326,1.077367978162012,0.9471538569343432,0.17053678289754506
