f0,A0,w0,f2,A2,w2,B,f0_err,A0_err,w0_err,f2_err,A2_err,w2_err,B_err
34.344000504875524,0.14826090771808534,-2.3010171034767524,33.72234066222397,-0.3483558621814611,-3.035050976439974,1.007780112374935,0.01333042407475482,0.11700781387543749,0.38274602595951257,0.011521097270062109,0.20131150307866416,0.721865333095798,0.1626846170330646
38.698236117606584,0.2936326757907237,-2.834105723348561,38.10187518085505,0.3099113311866353,-2.7056817892818326,1.3636804765928894,0.009348794149827285,0.14056228192170367,0.39355279534515875,0.010479335883534743,0.13235040851134497,0.4181904434082723,0.10906421630715211
42.93724766094751,0.4159997348912864,-2.488443615674164,42.345294902692984,0.3344779905199866,-1.868746636718559,1.0729733992774504,0.010947825020486114,0.1169045594169111,0.3356550862665724,0.014170191975683014,0.09928858329602624,0.30820531832642356,0.15274372709107434
47.313567142407734,0.033396112389821556,-2.159567934939583,46.68421731483651,0.10130577030418811,-1.482598646500532,1.086139346177245,0.017222569201347192,0.1241895880414015,0.4164366303536185,0.008972083466440147,0.10029618474543846,0.21479461544132583,0.14066101316820617
30.263009044191985,-0.18613440449396756,-2.5832342678805724,29.688237229581134,-0.7899903960453885,-2.332812023822064,1.2036795779519769,0.014459904274280715,0.14352508618889054,0.41749373150528524,0.03736302124832945,0.8558183416234083,0.9421000251655253,0.14968526748056107
26.13204247422359,-0.6590340021425384,-2.4084516513515566,25.61996578418572,-3.6911595474367602,-2.801735077328523,1.243825556303592,0.027576274700298747,0.4815557802457489,0.7736871744174335,0.05728408536887165,1.5182922349234533,0.9662175560789751,0.13172381746615047
51.47374151718926,-0.42176963896286346,-1.522426282560352,50.81911104512505,-2.0651543366346345,-2.407875616810983,1.3277680634398354,0.06952256466538488,0.5123850866956923,0.9694485329610729,0.09121776686521521,1.4240742644918856,1.045076342593055,0.11563327625565811
