f0,A0,w0,f2,A2,w2,B,f0_err,A0_err,w0_err,f2_err,A2_err,w2_err,B_err
30.78189196464811,0.18418989126230084,-1.4862948389309985,30.20535569843975,-0.7002935915782077,-2.729348690011177,1.3137543204092448,0.028114638231130428,0.11421186745647029,0.24969246487411556,0.05114034860758332,1.139061738582372,0.9402079354378577,0.15977323485543635
26.693379498820278,-0.11003910482029983,-1.848211218581294,26.22583183924354,-0.7135241527945617,-1.7817993035750348,1.3464140727661065,0.03013874990649983,0.14873292913997618,0.407853549177061,0.053892490480548054,1.0408637152561664,0.7416934699732941,0.13730093462297216
22.98914614772464,-0.3632106589635313,-2.180439245624854,22.56585365461394,-1.2570889828916902,-2.315842073882985,1.3870413367613263,0.026797267771009863,0.17448889586962074,0.5518837551169747,0.04755788296755008,1.0126514337951105,0.9780012672216764,0.11964887404430392
19.13184125370404,-0.8701292119688739,-2.335836890520512,18.73721100832538,-1.3272247445838006,-2.75226058474168,0.9825364271494309,0.0299112371482324,0.7290070873306569,0.8017941952971472,0.041663930014712615,0.9583285220331987,0.9525760761205427,0.20079656629975548
34.64472988430711,-0.6429037503887918,-2.1890592409190925,34.00735002262195,-1.0695025448953699,-2.264725403596433,1.1314225541102672,0.08553235270241444,0.22557611511062187,0.3892359104116544,0.0863020160899298,0.22179060935173836,0.2020159294456135,0.13601482207719726
38.70030133611333,-0.7278063535598236,-1.9754512705856662,37.99600064299233,-2.362575226961751,-2.7132357434555634,1.0485056848908727,0.050698282169249355,0.6655616467040751,0.8131231282932019,0.0749414284998689,1.3286507702888979,1.0027108701454508,0.11414000614476255
42.89230814428742,-1.4788364602953292,-2.3962130506828236,42.16138125644636,-1.7715278755921555,-2.512373814179426,0.8661057680286433,0.06448780920251887,0.8424899938108358,0.7523207792832715,0.09850489144708519,1.2886151305729432,0.7331753657865461,0.07032704421518965
