f0,A0,w0,f2,A2,w2,B,f0_err,A0_err,w0_err,f2_err,A2_err,w2_err,B_err
29.49045205806918,0.04263776104110033,-2.2210770803283655,28.870164325994836,-0.026314008172902238,-1.4214628498788184,1.3702920674080525,0.016800331936667134,0.11645561615135769,0.4098800638518094,0.03176567178343185,0.12950937840123802,0.23495317575415053,0.13379330675900955
33.63571036715551,0.21713488039690337,-2.406527358251453,32.925810633910466,0.11323668098842903,-1.3825395338432633,1.406225655299653,0.013058477999398537,0.12491581722322646,0.3929368609625352,0.027576861847056135,0.11832404821743528,0.19614842092246398,0.10261078078388007
37.92707221296884,0.4107941828173164,-1.5670466944941155,37.25130080033973,0.27004457874065024,-2.053978041728965,1.443094215430876,0.02254871348346455,0.10129947568978095,0.32941893205141853,0.016393096233514225,0.11672265162069771,0.4304598131432991,0.0786038532827152
42.1708618099643,0.12723091975387238,-2.0001248391683637,41.46401929303492,0.11615577760992273,-1.4214070805792471,1.4586172811588995,0.01968602408145669,0.11357376439881557,0.39042395178547457,0.03296744546765154,0.11699694872912557,0.2329896906876937,0.05141281594993869
46.60725327607245,-0.47971910991710304,-1.677251952058766,45.92042938029002,-0.39052566615382617,-1.8827348137821969,1.3472427350441243,0.04857398227394678,0.25623246588012266,0.5056385153379482,0.025329224729284203,0.19728736311538245,0.5946178097915519,0.11112735344381729
25.412719953880853,-0.5174179007487335,-1.9753997996627228,24.909607063575052,-3.119329653402031,-2.7790710864563284,1.3595969999450854,0.030330124684220028,0.22772535373769026,0.6865613998203457,0.05398957123148637,1.4904119938651035,0.9940526479964024,0.1148128099095508
