f0,A0,w0,f2,A2,w2,B,f0_err,A0_err,w0_err,f2_err,A2_err,w2_err,B_err
23.880883357793238,-0.02046745575184792,-1.9891181515524625,23.471886034093043,-0.14253419629572497,-2.5972936365073402,1.0090080052929444,0.019741099407497013,0.12681857660500695,0.3682585471213264,0.008880382068774154,0.1545452296468311,0.5760751811935626,0.20236464313065536
26.65563476010685,-0.02427886553222888,-1.5322397671694146,26.128113185183516,-0.20251140306379567,-1.450189025844913,1.361856593115605,0.03802793308558395,0.1681237754831802,0.4477934887228775,0.04572048364998367,0.24302724065374834,0.41982699176086447,0.15192018555120948
21.172527992402742,-0.06196303545497258,-1.9740171876085664,20.731787642220247,-0.044672524928468405,-2.4269689744516576,1.3692175237891502,0.023105389508174336,0.14360115354748515,0.45371194419042243,0.01621114223889548,0.1647162962905218,0.6899429083893036,0.18591084132572044
18.616580201226515,-0.10653263524356224,-1.8681157914445818,18.212784520191924,-0.44732605384022983,-1.9086437121026176,0.863021389454333,0.020169223379654676,0.1349993391179133,0.3216487939159036,0.025452888894752973,0.47200061327337905,0.5507223268958947,0.2525104558983252
15.844039824566734,-1.279015856067162,-2.5052414800372014,15.46069832506629,-1.112260329039588,-2.65516195301647,1.2528299838745443,0.033214985537523535,0.9383393076826331,0.9186655604515691,0.03435719622434868,1.0432026462191422,0.8388529194322594,0.20554330893983314
29.354996591784133,-0.4528894254401905,-1.811827009810285,28.957413832715886,-0.3725329316747579,-1.6255189641539196,1.195521802719473,0.045663999048794285,0.32921193210812255,0.7114333803698359,0.061434411149982396,0.5173485428381823,0.5689558346149639,0.19105573767969208
32.280496445776905,-1.583793121251519,-2.8088481068381754,31.729286676829652,-1.775591576204495,-2.277729390380752,1.2767077653875771,0.060571482007395,0.9219392959889566,0.9757362138258827,0.0687679449173361,1.0986905199593182,0.8989827767176843,0.12249848866702476
