f0,A0,w0,f2,A2,w2,B,f0_err,A0_err,w0_err,f2_err,A2_err,w2_err,B_err
57.49380933486081,0.5939266166127283,-2.3571582917870426,56.724668671003215,0.32557626294521486,-1.6871475257289335,0.965729767810478,0.012023259603271698,0.11529765069974578,0.3398930019272446,0.015640020763398245,0.09999561761059646,0.2879922370961188,0.14623983314792385
63.15156581645684,0.2958033181246663,-1.9170856898123136,62.40156330296621,0.4949886929872395,-2.1866807854043993,1.0888991262334429,0.01989139642762759,0.10470763068110547,0.3308175833612268,0.010031429121635876,0.11375917370667508,0.3318228460212335,0.12508396655231854
51.73901761145488,0.3310643916163771,-1.9386538972622873,50.958659902617555,-0.006047379920791074,-2.2610635673785007,1.1468881905499477,0.01968779696648583,0.10261390646325766,0.2693251707488931,0.01823434455506315,0.14881413395394272,0.510813082427182,0.14348577801067544
46.31518856429697,-0.33701469904312586,-2.944217795977661,45.54208546324569,-0.6570740164310331,-2.7298835022722496,1.0059788637604228,0.013050401864969505,0.19129535805739792,0.5663355628489307,0.0216841273254915,0.2545508035542267,0.7683051802694905,0.10144744089682342
68.85913628764818,0.4483133324412376,-1.5114286534304346,67.99703085043554,-0.09556702558774643,-1.4363746273496787,1.1104552871291997,0.03813459710994163,0.11081568608689386,0.2606005030675562,0.10318362511398,1.2972876617415128,0.9169150841940472,0.18017857293951295
74.72384509643604,-0.24256907395680405,-1.7408046961429635,73.88252959895044,-0.32775957934756283,-1.816693350383789,1.261749768324461,0.036859502110426705,0.19723205040646885,0.5401864806532565,0.05858777407142499,0.8258079007495887,0.6807288424066984,0.12087242339273509
80.34235052558508,-0.35305427910276393,-1.4429411199973468,79.34155068928419,-3.166184595930491,-3.2576953979310463,1.1868650601954718,0.08230421557446974,0.2756781582832578,0.5097812002452258,0.1357829211820635,1.4575363557725596,0.9466557381132028,0.09723283835645129
40.757697345510415,-1.427351611636845,-2.6497174644014674,40.00307209329015,-1.094252162228778,-2.266031180643352,1.0645991724823338,0.06425291027120296,1.3983807584254395,0.9190568462025017,0.06402888004181456,1.2377656312982526,0.9825659798399874,0.1366437065966699
