f0,A0,w0,f2,A2,w2,B,f0_err,A0_err,w0_err,f2_err,A2_err,w2_err,B_err
48.63847327022491,0.8878448870447847,-2.774052867161332,47.92552979218434,0.38815723148101366,-2.32091155513685,1.3809201256408137,0.007905732089644884,0.13121897672169572,0.3240243555854695,0.013570811207076813,0.10333013769628649,0.2971382045032919,0.09238321559660756
43.25725545583284,0.4313745226778453,-2.6945467888258445,42.47270827841418,0.06807529550840473,-2.3857014279935647,1.2735338126418907,0.009738283034550538,0.12159864257879657,0.330485642919468,0.014575420273237959,0.12444168376193271,0.38813393537256347,0.13045993311649107
38.145673948013666,-0.024773939619991997,-2.086230134865453,37.3470280333956,-0.412682388265373,-2.4540504901713307,0.9307306004170222,0.01667377089362937,0.11306497871264741,0.33366517858937284,0.014464229741796389,0.16663498779759425,0.48959001689471027,0.1260402897390519
32.9778298011288,-0.6206517451525608,-3.311234223006669,32.428153620661135,-3.4195994965692647,-2.8891533789135146,1.1834217649108636,0.01187764891856881,0.2209177078661344,0.6277814295912003,0.07030240971351158,1.4622946247288724,0.9624368247234657,0.09903461243790174
53.97905068030941,0.4852375490311165,-2.304570185790955,53.221950978094426,0.4622420622376345,-2.031518583384366,1.1837223513277173,0.012240794405561684,0.10255194297462482,0.31476282377024317,0.015116602297202025,0.0928339549032718,0.27492604603096443,0.1402410087849929
59.50019195967444,-0.044950506862771744,-2.207472840650666,58.74695420972075,0.019334980365568244,-1.3602124637624522,1.172557160918769,0.017856925955388604,0.12777120381811996,0.40852673986755206,0.030725515354670253,0.17354273475860238,0.22164119092723683,0.12374781003265517
