f0,A0,w0,f2,A2,w2,B,f0_err,A0_err,w0_err,f2_err,A2_err,w2_err,B_err
112.66177795814184,-0.11073982283372615,-2.005297087570524,111.48512044671736,-0.06857854351529541,-1.5558610389895255,1.070683399068797,0.021950226114861218,0.11605436595643077,0.3587120906139151,0.07331956412771197,0.25580118916320405,0.26787637400787184,0.07681418611885621
103.50974467810245,-0.12675292739282493,-2.305890326044998,102.2997498925319,-0.4848603881003637,-2.645891154106524,1.0949126845508417,0.015785604976534914,0.130651509978744,0.4459095991690662,0.018420901567145563,0.19575257400264517,0.7202248485132419,0.07128010306123818
94.22925642486283,-0.27956572533801727,-2.3009822013043,92.98446630863685,-0.5640741839634469,-2.6581934931679925,0.9886294344940147,0.01782511974687015,0.12989767789063889,0.40761962412115404,0.01820941713468144,0.18357135786338985,0.6705272265714386,0.06582363930612
85.18219006697115,-0.9673535439686373,-2.566107351178025,84.00321123662667,-1.7057429693925719,-2.538743783695643,1.149867498660952,0.04772893872211576,0.8660200933882667,0.837004363874582,0.11067861974209421,1.5297813674383252,0.9665577988025122,0.07598686650836255
76.37586299110005,-1.3178556388592628,-2.7216685242843757,75.3131636920206,-2.3928557757663,-2.5974174503122898,1.0059583797057456,0.09730256901227163,1.028988263535438,0.9222534168845766,0.12570838661818534,1.4335951837456955,1.0025415785543537,0.061214003101407954
122.08954586138803,-1.8229243924406346,-2.496378294367008,120.48819852937393,-2.1783391328910904,-2.4076668655955475,1.1689587132565817,0.15817525731140783,1.2716146153950858,0.9616806903032785,0.22085606899370802,1.5115695508636013,0.8538361083562986,0.06167670245636422
