f0,A0,w0,f2,A2,w2,B,f0_err,A0_err,w0_err,f2_err,A2_err,w2_err,B_err
23.25288780309573,0.6417666672648178,-2.7873768466649,22.82753593965596,0.3817902924489567,-2.5691817856796777,1.0030801904171358,0.008853300210501267,0.12968482446776627,0.34975713197786895,0.010985227307114261,0.11715758316400579,0.33307430373002045,0.2287743538352975
20.26006733569845,-0.0707752568682602,-2.906788976640746,19.825328555139897,0.2808710164948377,-3.2460869741938323,1.2935507295045385,0.010705800073612545,0.16020873703907548,0.4742815192256123,0.007154827823198541,0.16237499538941672,0.4100194852273754,0.1456209939238348
17.553701931110798,-0.3535813036434558,-2.3805670233391902,17.141094271385718,-0.9194319052992832,-3.049846424353274,1.0200458298922386,0.015376365772572823,0.1719072222076114,0.5171765315513901,0.02122371944545122,0.39566981285308,0.8161220614069363,0.19594118418137102
26.171273509967733,-0.027664443427142693,-2.4189131852665002,25.77197280826405,0.06048763168969006,-1.5426005972727874,1.2193080763607718,0.016521164084753973,0.15573992650923474,0.503682358345049,0.025461452588918083,0.1341501862467846,0.29551599091626807,0.17707876098593905
29.03175662270239,-0.16639134784176296,-1.3857168195620568,28.61441385398006,-1.8922911052977027,-2.7791063022421865,1.2251233444636684,0.03491456887480267,0.40405385061405164,0.3913847621951997,0.06486527923169211,1.36021672914625,0.9901760333983742,0.15780286334082336
