f0,A0,w0,f2,A2,w2,B,f0_err,A0_err,w0_err,f2_err,A2_err,w2_err,B_err
35.127838842507614,0.41751669452838913,-1.5243432926133231,34.507937564715036,0.35650558265239624,-1.5936333574024408,1.3693243344602322,0.03696363417212308,0.14921982032393913,0.35526776244784364,0.0344453525702473,0.18319742753687265,0.5387197237741692,0.14485998995056934
39.131295534332175,0.3035559869523645,-2.0460508005101667,38.44755124651886,0.32996309293285275,-1.5984467479584685,1.4228544793434736,0.025289836332152028,0.16373602525232264,0.4809126015375306,0.03382875802974308,0.1474496284925826,0.4087526372908896,0.08574805021815537
31.090340315999995,0.36439447550828397,-1.7623442324318155,30.490130244093947,0.33688826794627835,-1.7410164748888137,1.374595608905364,0.029015521230165965,0.14216658164403537,0.4040304192149567,0.029095395618414673,0.14866250109468893,0.40382721321327125,0.1610927099532833
27.21291295397969,0.15930310680307982,-1.7422351522026331,26.67010279895116,0.07943924261580984,-1.6540922560133646,1.225514820107183,0.033184386516938634,0.16532107643265873,0.3913782954283021,0.02342640630362922,0.18856335669026197,0.4798718622517919,0.23931509837979678
23.56890091504769,-0.6739030882956476,-2.7688288645144494,23.06980339708758,-2.176907070451217,-2.838582424093885,1.2608449211471102,0.031836762008591195,0.5850569090931733,0.8248521377586914,0.05538096441002254,1.3936817911984358,1.0221924542394545,0.1628692688215897
43.3765960549505,-1.5600744314621684,-2.2317482772208974,42.73529672866723,-0.571845113170121,-2.062547022624557,1.2731202580565129,0.09010211986200187,1.285474369232272,0.9105301607669528,0.0741468892930762,0.741665326104355,0.7353313813600907,0.1414377339177881
