f0,A0,w0,f2,A2,w2,B,f0_err,A0_err,w0_err,f2_err,A2_err,w2_err,B_err
49.1141284854498,0.3860231349129674,-2.393715865451292,48.35573555847725,0.096199075890671,-2.1524343831082318,0.9111648451789389,0.011328217992562454,0.10596201558178667,0.32613811668965254,0.016530014745432677,0.10827285144126034,0.31276601798422915,0.11328431291538493
54.49656169842655,0.5511376587795528,-2.513422894234505,53.78661028436014,0.3596636167873455,-2.78846252723486,0.9408419048603076,0.010354086937681571,0.1089101802535219,0.28609865558995395,0.009201752688942773,0.12887692080234153,0.33770888899792184,0.0955216492601957
59.932618904618,0.23077888688846154,-1.8127702462776296,59.17815458158819,0.22232530576158427,-2.1395677032688916,0.9350648360039993,0.018282775002826334,0.0925441161245647,0.2803510829385196,0.00814930359908925,0.10378938554356505,0.29708932861860665,0.10812486153448475
43.699025137209425,0.04338181264865455,-2.278978950972968,42.968098835289766,-0.33588658249809433,-2.389520204026567,0.8643481237857022,0.015120269528697865,0.11707373990091836,0.41678624051093893,0.01633454239488686,0.13616188366301032,0.4175893002338754,0.10663580854284944
38.631820955345255,-0.5738540219809705,-2.1792922939823334,37.91094393394152,-1.5988035837955137,-2.4951692392679883,1.0516028864751923,0.03162121468389081,0.23706142780853126,0.5009559684855266,0.0603325245377264,1.5991792650746741,0.9223633664585805,0.11221545601491656
65.56974913513412,-0.22855264944723844,-1.492637006613949,64.76411530568872,-0.31709866096198686,-1.5369885324935049,0.9369823212567767,0.03461628312419522,0.14133914546286094,0.32941670809410123,0.02143767331250573,0.14380139664033137,0.2851646141527687,0.09614837321206912
