f0,A0,w0,f2,A2,w2,B,f0_err,A0_err,w0_err,f2_err,A2_err,w2_err,B_err
35.820575907252575,0.30352485424054676,-2.34134009838891,35.2400890995881,0.2112093330430593,-1.7634075486094534,1.3869692667758067,0.01379380077089422,0.11314835160525523,0.34209156175896593,0.023142970065499636,0.10377456488170218,0.3063173078786392,0.10880878549459952
39.87600363387827,0.5214069958316535,-1.7184748697538597,39.32937326175366,0.3907152800357213,-1.7891493400674867,1.4094294031240742,0.019609685828722526,0.0888378675249231,0.25065483063959937,0.013016030180564518,0.10181841404087638,0.3102655110570147,0.09370465019965483
31.769775272891575,0.10911963741231676,-1.962308249906139,31.228155855881425,-0.45525891542416197,-2.1450700628261656,1.4124940821245489,0.01886243301099719,0.1173630729546117,0.40249003643489073,0.032766144601492936,0.24628683351717182,0.5933470124133964,0.09327627879469796
28.088828336288152,-0.2752571817076491,-2.101785705782681,27.55041470378183,-0.9961218476483739,-1.9553050355190627,1.3147844729841143,0.023234256694519676,0.17592036073693929,0.529488166693804,0.05956104978266945,1.0103446293849567,0.8760091349485767,0.16927686890973756
43.91215945846551,0.0054685826994226305,-1.4883973650422653,43.17261054520627,-0.073928148871924,-1.3935747821757543,1.4604848613477692,0.03264912543863842,0.1414989356242367,0.3535428322507514,0.0546173140963839,0.1929427505360443,0.4839820750131403,0.05016676835607315
47.96299543052764,-0.08882091226283566,-1.377649017551979,47.33263060612118,-0.9343331517149198,-1.759280406558455,1.430580011345385,0.04004475138650832,0.1423819619215803,0.19013149173121435,0.08634394255079499,0.7435864783556536,0.8000704773307632,0.07409887266060713
52.62984143366335,-1.8214640458476845,-2.7064348685280737,51.79908869652798,-1.1458646305448847,-2.050492630870271,1.1971409328536078,0.08734821340490388,0.9805465942038578,0.9802240186095567,0.08983291642320508,1.4446229786833371,1.02359795362883,0.10400670236329371
