f0,A0,w0,f2,A2,w2,B,f0_err,A0_err,w0_err,f2_err,A2_err,w2_err,B_err
43.6548422388685,0.9696861225590816,-2.7377840215723666,43.016655844995825,0.47339161972074595,-2.363379114662467,1.3710193534653246,0.009870163914043805,0.14595503758401607,0.3643285810543155,0.01445339314782263,0.12980213461249965,0.37872378130640694,0.11191819637522638
48.48423044880269,0.47072645327945417,-1.983529979537098,47.81813756107379,0.3212606794102394,-2.1074007337618603,1.0669728668684533,0.017451658283493297,0.09891365600972112,0.28343441649609785,0.017315229534056245,0.11851851728665018,0.367868431856932,0.15185594648487655
38.811965384540684,0.4553362554574316,-2.8229676858552857,38.093757863756906,0.3297324083577964,-2.613076932907716,1.308729021384117,0.01041558741566913,0.16264636995545909,0.45082163684830556,0.012218562877222762,0.14941384018575596,0.4372102082479314,0.14428795150532125
34.184339383175306,-0.05039251167517576,-2.058992468037746,33.55546072773148,-0.3527056613785966,-3.0898808789983883,1.0583437610890798,0.02201374990734711,0.13597823738747913,0.3898246583659123,0.012564962910725952,0.19017716783677174,0.5183173474137619,0.140351478621815
53.30543615725767,0.15230133790541556,-1.4207592868454157,52.455574697057195,-1.7386515824037019,-2.231979174644988,1.4044321883185134,0.05747944695463029,0.23269747282856157,0.5164027904318226,0.12070486075836873,1.732487420931259,1.0837047940442583,0.10822551302107433
58.38192337592523,-0.83539831047903,-2.7015794813897536,57.51438201183748,-2.8588245106676986,-2.909084645149883,1.3837173522195692,0.05302704776251384,0.934609179868678,0.9348559980276054,0.10128460727924385,1.5740271418682938,1.0005391508513666,0.07474301131302366
29.498768566866673,-1.0435394317017144,-2.3830970315159097,28.91553656477213,-1.570902076467686,-2.3245143003725275,1.0992204885547419,0.057061300187985046,0.9151304425008946,0.9050637402628094,0.06938944452267622,1.2376595391388583,0.9749320182285296,0.15539815001378776
