f0,A0,w0,f2,A2,w2,B,f0_err,A0_err,w0_err,f2_err,A2_err,w2_err,B_err
110.83259409821594,0.1317035235883343,-1.6619316558213841,109.51672019957567,-0.2357966238931109,-1.532715315835011,0.7806646793822201,0.02269588174917126,0.09899417159164982,0.2682525831878331,0.07777503459134122,0.4996066626110637,0.33126835255578035,0.07576947611057887
121.46216312979027,0.3632192351389919,-2.0320870905209465,120.08248442904465,0.24488860970939166,-1.9037501629988425,0.7395577574012766,0.015606960700241652,0.10000354977496799,0.2653828074903888,0.018004424025619026,0.1002204648483638,0.32628438965317574,0.06432977793900173
132.3437115282631,0.7660297547091856,-2.502319824762556,130.9805016329754,0.6849953696035905,-2.3901090472941227,1.1985710609331082,0.011653324715613122,0.11882877936968811,0.2990913147864505,0.08121973702392012,0.4066601640067264,0.33379381881564874,0.09554986214052905
143.06367144630016,0.7329819123977601,-1.5812099701279432,141.5764916145779,0.7497253103664416,-1.3121559465924264,1.2192705234435008,0.06428868627466164,0.17496595868069031,0.2930576595977502,0.3069401009066281,1.302952802782151,0.9051091279413938,0.17539910822426075
153.97585242609998,0.02390474260377521,-1.6323455506499713,152.42799901052382,0.27770110903387535,-1.3084603085848254,1.1928267471496654,0.03391398778582124,0.159874277276729,0.41766695795093023,0.22115635810272113,1.517010540851449,0.8243283868464147,0.17058600267233534
164.98977587511973,0.21128887770895338,-1.295064036341921,163.27847794197015,-0.545288099492746,-1.4297335518277083,0.9100815107975992,0.04581621878972228,0.12005367917599968,0.15884470027523084,0.2001251480196113,0.8820421190531613,0.8315243535928541,0.08946602542629715
100.52926222853506,-0.2610214517901774,-1.9582397867486776,99.24733083105669,-1.2490678436619937,-2.155699454071973,0.85526822440719,0.02504007751887724,0.15022255228682344,0.5253965372931909,0.11592665989162564,1.289251976474987,0.9420209324813984,0.06838844394895142
176.00239194885322,-0.8687657465514507,-1.8166935304953862,174.14633050614876,-2.582401962388399,-2.689060430851532,0.9408785797133759,0.2238009006987009,0.6628076488935376,0.8129918364461441,0.2514952286934921,1.463648257021544,0.9330588410120805,0.051430392135862556
