f0,A0,w0,f2,A2,w2,B,f0_err,A0_err,w0_err,f2_err,A2_err,w2_err,B_err
47.18533951421146,0.8547513435123951,-2.6010734945378866,46.581869145523214,0.4232912104211049,-1.7253237637072372,0.7814962418559557,0.01079842694173254,0.14752546610677592,0.3851126912108922,0.007425262553148851,0.10026179061411049,0.28734290282437247,0.159102970971677
42.48733212164659,0.4279659846547707,-2.9261690134502905,41.833951018536006,0.29543033937136787,-2.5920009105674193,1.1329419625472597,0.01029206086218225,0.17920747418450708,0.4493117393984247,0.012826417976914351,0.13981802136451452,0.41708188864951495,0.1497806519032834
37.84949400547863,-0.00011078189427965457,-1.8977030911155184,37.22134025509868,-0.25751018374991397,-2.507719948826081,1.2911452009707634,0.0263944894251388,0.13301302786243746,0.43943277884213733,0.022181408684748646,0.21889892617747364,0.822264419417317,0.16132402734800397
51.80740627997983,0.5158900980867024,-1.334416892596441,51.143121541549924,0.20489371101872542,-1.4452819746288166,0.8024269435815733,0.0562583605373391,0.15428381680645475,0.1859000035054247,0.09012548668438516,1.2784745571571403,0.4129383320451915,0.2092793043846603
33.44912528809159,-0.9093733818464909,-2.5779283143170897,32.82816104703168,-2.334679700132427,-2.2447056479389924,1.1380604063924609,0.033377986655600815,0.5029283180405975,0.7684428477890992,0.07445553103034128,1.3842434895115545,0.9370304054308605,0.12099990394396312
56.662414014329535,0.1311922384280339,-1.4228911924869365,55.97056793323247,-0.22532031178938794,-1.5288207206639728,1.0381767847171348,0.0403856036127657,0.14597876967993417,0.30737371190713886,0.04936645909487624,0.8053391138377541,0.5894447083294759,0.16776804013342125
61.23719808651468,-0.5866732599778028,-1.7433042045536618,60.30106664692777,-3.014880483390952,-2.786248303979483,1.397486308252767,0.0814021765113945,0.816021778282217,0.8619527542910816,0.10862187284265318,1.242543789238712,0.9877597212820124,0.08259775298885223
