f0,A0,w0,f2,A2,w2,B,f0_err,A0_err,w0_err,f2_err,A2_err,w2_err,B_err
174.98535987070974,0.8222829186825542,-1.787669964094882,173.02839018894113,0.7635946688980533,-1.4095526326728984,0.6725907282451808,0.013918658998124637,0.1693076464506466,0.16490808082129657,0.20536816380994236,0.4720423999241773,0.7186812018536518,0.22837713574213156
189.0443720529806,0.9435704516630932,-1.927486206609273,187.15236502546838,0.7665808849350886,-1.6303129964552556,1.1261360644923646,0.01815551504046834,0.11197915819374357,0.5040534809034175,0.35181922734444915,2.3649650653340735,0.9928124734685834,0.25379068615495765
160.67143392220686,0.19585844250187567,-1.9276391090146014,158.89234082544257,-0.09861135892044526,-1.7622890523100168,0.8245503826281957,0.016221735920175416,0.09183186765887252,0.25127743137125086,0.10192534342403425,0.29258388516496403,0.3826002057807676,0.061817874762179856
146.81024399267807,-0.17464210610065511,-2.1948910393712797,144.93831205035744,-0.39837341333587,-2.1538077146223955,0.8464673583961135,0.016699185195014666,0.11483193674765467,0.3886573929057908,0.04438096415788802,0.13776815230977874,0.3736429092674772,0.04350205059023923
133.12277797496097,-0.7489815602085148,-2.3195854693901183,131.2345445148839,-1.270743896669604,-2.6614403145136594,0.9272968538268029,0.11446691767541423,0.235124310704514,0.5502639697550887,0.2129150646160574,0.8134014840740703,0.8233580026615714,0.050387879183810894
203.30939377664828,0.7092843820959752,-2.10535037730821,201.44842137282538,0.5158351477955665,-1.5287077851357451,1.2674362136624926,0.015644302965776517,0.09434011422797371,0.31026768153633566,0.20501115212893467,1.789015666129324,0.8707371855893434,0.11523161391647058
217.80690626960248,-0.041032829536636,-1.5579442157997523,215.7287196091568,0.0779349888320392,-1.3072793904658881,1.0451227783009145,0.024285607284062205,0.1390355439939123,0.3322543242413417,0.2626528580257944,1.508319878872667,0.8056373509942026,0.12669862199812115
232.2626909820426,-0.8066103085661966,-2.4761666526203694,229.77957325862477,-2.6042740119651597,-2.8658021512447833,0.9972387183036748,0.034838647787352156,0.29866126361225487,0.9455278862505605,0.27744277802495154,1.6161612671983556,0.9873318128288957,0.03785549025665902
