f0,A0,w0,f2,A2,w2,B,f0_err,A0_err,w0_err,f2_err,A2_err,w2_err,B_err
41.976535995129495,0.3582857081840006,-2.947383099312335,41.40099334878995,0.33080783063125524,-1.9576582089704282,1.051807011287524,0.00883598173973136,0.14409689940672163,0.3908811827037508,0.015594894283360097,0.09124452780623528,0.28650083019676925,0.1475696444983306
37.81805443990798,0.4827403399518331,-2.9417294228595376,37.24101159215509,0.27140053909235984,-2.809570205840438,1.0720332958925791,0.007991869840166916,0.1405154026621253,0.4014410827428257,0.009384838704954341,0.13711523116937102,0.3713997197616081,0.13574252286948493
33.57044787657716,0.22424046917596205,-3.1022115313794467,32.968505397375466,-0.1301969729099842,-2.0439532341594706,1.0234543948998773,0.00823329240937313,0.1595718288341314,0.4089508598549463,0.01945601119288368,0.12858916117791688,0.4040125403174433,0.1482016884704541
29.604381789539403,-0.14820097895667617,-1.8768436895918537,29.06006928319321,-0.4158545560893347,-1.764692251206565,0.8180771457100334,0.022567827227035504,0.13719839337826842,0.373401371367608,0.030027126702145628,0.18922478874741125,0.5065301031949704,0.1721162483508716
46.344124761206245,-0.2764547478055389,-2.1493238386622053,45.71104910745896,-0.09740497440358653,-1.794369415193352,1.0384495903499789,0.020341987156184353,0.14813155031063865,0.43556575563533545,0.017171143341128754,0.16635599147640362,0.40450901945940926,0.13091794042053045
25.56636332014738,-1.1177911543113934,-2.301017924413727,25.058885813901846,-1.3034551539702133,-2.2329285939370287,1.0211350441224902,0.03465313314276946,0.45358683193989385,0.6629926613781536,0.06983755292761357,0.5633947117013216,0.6707461104422303,0.10875362056073969
50.654563354791044,-0.7259162384717616,-1.8828242951753502,50.00055922264836,-0.8683565132296172,-1.6658499517311802,0.9796993813114198,0.04482668257990764,0.4358964934640072,0.7357829547122476,0.06743862256052806,0.8942719859806213,0.8471323534895735,0.12868272193517388
55.01103504026431,-1.575453209413521,-2.70324372354913,54.18691403321356,-1.5420532411096186,-2.6383967435245363,1.0979423728518467,0.07834295856537427,1.3514137882530592,0.9764630197735235,0.09380355066342812,1.0386732510486063,0.9410832991632855,0.08609068085548358
