f0,A0,w0,f2,A2,w2,B,f0_err,A0_err,w0_err,f2_err,A2_err,w2_err,B_err
138.3627811337486,1.078763054557816,-2.3082189806773927,136.7226564599328,0.7404376670677622,-1.8297283136112592,1.4596183014981308,0.010693839970747694,0.09946151387575636,0.23780631783647738,0.01629947363315649,0.07948766433880032,0.263514814789737,0.045669792522781354
126.07736774198663,0.6305815596495472,-2.4370724974686357,124.40699669923316,0.12684074496206768,-1.9096575345542544,0.9115757589136773,0.01069616826879929,0.10447035643945461,0.27996892694350706,0.018756619686781474,0.09690776381287156,0.3461009599198388,0.06714914588617354
113.96453982026088,0.010995940348683009,-1.9919060216905757,112.33021585150846,-0.3938430680763868,-1.4092799694174314,0.9146467964715279,0.017927710290938946,0.10357199312480163,0.3223241061884559,0.05282206639359645,0.16714373767906834,0.2614472041035592,0.066246958972028
150.55496377012145,0.970945892481899,-2.319317774158523,148.948318147459,1.080806883031977,-2.2890429567813353,1.4605766474123356,0.010630047499352618,0.09754409622099348,0.24241528899859466,0.010948964247297145,0.09200172790113868,0.23282215454700286,0.04103322842441569
163.00973639745968,0.5650188339507416,-1.3297619500947992,161.3279934387004,0.48978107677580224,-1.2703242379599642,1.0808205634820214,0.024472724342455673,0.07422947517868494,0.13346399723575664,0.01012292304095249,0.08514416428221927,0.07902225074168626,0.07761705888370964
175.6767541838509,-0.16760159146244658,-1.5161194493441228,173.73209290428284,-0.7177016819697333,-1.6779709325707488,1.2362329263693421,0.045386755211851544,0.14164050362517822,0.2987026245891716,0.2986421511655813,1.8179339973475122,0.8582409155705645,0.07458888383328681
102.2782673157748,-0.6875252571199746,-2.6298803630157925,100.839368832267,-3.367072536186013,-2.819823571084762,0.9810974362654159,0.02263138749885291,0.40874088727860014,0.599440151281931,0.1639945250769452,1.5195520988888276,0.9611112400841961,0.05026778906766796
188.32940167361124,-0.8618432409856573,-1.9070244110748775,186.37597366819205,-2.5526402983087437,-2.5611663322970064,0.9910067484276753,0.10802019336924835,0.5973265034114362,0.6690214946819724,0.27423508584870776,1.5617583444111907,0.9541305206132948,0.04316646475467707
