f0,A0,w0,f2,A2,w2,B,f0_err,A0_err,w0_err,f2_err,A2_err,w2_err,B_err
41.04784578417444,0.5465440237073282,-2.728289751665802,40.41094717332582,0.3661883794842152,-2.5863938800677433,1.1219625778441427,0.009299852302011509,0.12723660951252333,0.35315566395801,0.008313383288291426,0.12584763095988938,0.3766593781855135,0.15512162641850172
45.56315123076148,0.3868438326231534,-2.7350370601639247,44.96979250661171,0.4181030847526414,-2.360263888639787,1.2978051264544095,0.01025808140722649,0.13407041827386798,0.4095332764145749,0.003958164490217753,0.1101316331451883,0.2989180747032232,0.11610076021900828
36.47706838923686,-0.2544001425574606,-2.702522756472944,35.891410128796885,-0.20001584100150238,-2.0687377331111327,1.217647520876464,0.01468948614554657,0.1832334783274311,0.6324902394903046,0.02240329596635199,0.1623948052974883,0.5121455500488385,0.15813334959843028
32.29585914348782,-0.695332602792919,-1.9695669553576363,31.62808394096413,-0.689354476921499,-2.550379026171969,1.2450346133294543,0.052625295448433265,0.5016648481631719,0.7152099478875549,0.043760416496620866,0.6482148423027912,0.6978425557012218,0.15585966511841662
50.15425108232023,0.1568652943246531,-1.936389148675505,49.53441559688687,0.23024180199329158,-1.7550610420744048,1.2394783134530551,0.02184389258097014,0.11330055562771434,0.353357782267483,0.01516784691301325,0.10889801285690669,0.3189194301538015,0.1427952256005487
54.867063519967395,-0.21591686602231563,-2.115413957386999,54.194435765800925,0.10948066120124478,-1.636676435339846,1.1686852289820662,0.04322451765761748,0.17414612414148575,0.706772721950339,0.12457500465806996,1.2447904131266108,0.9348288362653274,0.2031879680042544
28.41227934818433,-1.323851664089024,-2.896024517343735,27.78931141905005,-1.0674042253101597,-2.5795230919278263,1.1936892035612008,0.045243988879114606,0.9900757977115373,0.8970191219427771,0.05310551053893506,1.006479780014942,0.8569077582006812,0.14065055616469624
59.51935542060506,-0.9237313671611453,-3.548204773913774,58.824702234914106,-1.0807955536098284,-2.6738737268265718,1.1544387532828844,0.04315996648422506,0.3939979156425562,0.8641347674239384,0.09054479504297783,0.8664145456000629,0.9215902051717113,0.08541941270882865
