f0,A0,w0,f2,A2,w2,B,f0_err,A0_err,w0_err,f2_err,A2_err,w2_err,B_err
50.91686862900316,0.44369467149663916,-1.3425860891384316,50.18342760742545,0.2843101339664005,-1.5935621317268969,1.3673619313535867,0.03506882510028966,0.10212601019467908,0.1625209627964491,0.030237701023484248,0.11133584001944176,0.3030897868350505,0.11548651452226588
46.28955492325159,0.33019097427389077,-2.277766599193428,45.60077500986819,0.4623674390012816,-1.3656439427549771,1.4180212414813587,0.01722469226989467,0.13354459574378227,0.411988106578152,0.03415014192178653,0.09820683349941202,0.1772905058237114,0.09058844192283001
41.55631219010777,0.27330908831247663,-2.22115962043053,40.83794162838163,0.10506461785451032,-1.6881321545331678,1.2559852201884236,0.017737748344005416,0.13445738980092423,0.36784045776259294,0.028643367955584725,0.12624662714352264,0.32608305431558965,0.15156692294882507
37.033444907485126,0.008929327367782833,-1.9424322234480826,36.371019524203014,-0.15793756711207813,-1.6927504135510671,1.1811090280960863,0.0236259171841639,0.14841135517836362,0.4533524329752491,0.03744114296392163,0.178827016966684,0.3793689470563458,0.18763842624702404
32.69364930218828,-0.7707297585652606,-2.115719785402976,32.03547551492844,-1.6610785865921962,-2.153596740205254,1.3723695811702183,0.045810489022642134,0.6552210582398894,0.7726089709276399,0.07199600143958887,1.8056396747997239,0.895517448589779,0.15578489815732494
55.51965428545582,0.2734238847202447,-1.3041304447095179,54.74278398996512,-1.6242578231209785,-2.684970039964793,1.4536703035409004,0.04211987371860658,0.1258063881550311,0.12181759835981003,0.08683236513778285,1.5838873575879007,1.0140301269147756,0.05827398416248153
60.48770770556407,-0.9311051217904833,-2.416345190369049,59.57017481054157,-1.450394676312878,-2.818622355491573,1.448061624359942,0.09421184141384036,0.9676586398214381,0.9471253642595933,0.12688227554166334,1.269314277531132,0.9750892376034407,0.06880225866478733
