f0,A0,w0,f2,A2,w2,B,f0_err,A0_err,w0_err,f2_err,A2_err,w2_err,B_err
26.654203032704363,0.22692330373115416,-1.6537462616727474,26.131769029804516,-0.2431590960928414,-1.5065582180963832,1.426044507218953,0.027627937561624454,0.12463229065696813,0.3189677449159307,0.0362649901016586,0.495598440496433,0.5455514845255299,0.0955581854598839
23.123667626933997,-0.11615979042897884,-1.8068598892315182,22.59987091463311,-1.0163351373873328,-2.234745130216784,1.3867308510322567,0.02347448472576474,0.16041843203252223,0.43198314059279747,0.04372910730099703,1.1651175138875973,1.0138805444107,0.1477403689675242
30.69482093724991,0.5077543122873527,-1.7218615098795191,30.090457536243182,-0.034880883041757856,-1.37891512768944,1.4278122771549948,0.02250035860050983,0.1176345687097869,0.3797467772962128,0.04717515934750355,0.5181565726099487,0.5515573250205819,0.10404149502014332
34.685385506055404,0.2887681437956531,-1.5856898042017655,34.060642798865985,0.4432077026125534,-1.3099012767559934,1.3555655090809704,0.040471020714506103,0.16038647509257287,0.28973650304699744,0.051304635295025644,0.1611185779435772,0.17432121770781753,0.18023728455890334
38.57525424710785,0.007556832358564414,-1.6395002466479416,37.83445799397133,0.02501517979091819,-1.3356098730228882,1.2798685254234856,0.034929290186620436,0.16415360720228692,0.4041811204909253,0.05368779331878932,0.3754586546950774,0.3375070349415624,0.19927263795299452
42.800380353715376,-2.1093453737576286,-2.7753428402999556,42.1077238057562,-1.3643377018570904,-2.3907686850004666,1.2183948876104127,0.07775027898289436,1.5426081577187005,0.9613735591510877,0.07781847111124347,1.4310362974643607,1.051489844861293,0.1348571390384241
