f0,A0,w0,f2,A2,w2,B,f0_err,A0_err,w0_err,f2_err,A2_err,w2_err,B_err
30.824386368114347,0.49801263947643915,-2.3738265773496563,30.217120367547736,0.16173913890879524,-1.9251457835723405,0.8684823523775242,0.012051998366846577,0.10363558005005807,0.30852583394305827,0.019049693105295307,0.11304369842595317,0.38878809167587525,0.2079465049521939
34.81736315888915,0.41245287379737594,-2.0512282240939115,34.19891156305729,0.5032441386270325,-1.3838915019256286,1.3546750848020537,0.01600295167889512,0.10097581963004142,0.31124903008734556,0.026795341599135228,0.08510667509924193,0.1733474776816604,0.14434029071836316
38.681275491973835,0.21342505118870567,-1.590486521110372,38.09862982637503,-0.01578461552609814,-1.4040747892148577,1.2585573553523004,0.02948874755598257,0.09955446288841144,0.2506389804207291,0.03782591417725464,0.16505710160369863,0.2837543768572297,0.16289000702463513
27.013941780850374,0.07903802198494582,-1.9050191665753795,26.440216390543323,-0.19498125886557416,-1.551171861850868,1.3528264947206141,0.020755475029358372,0.13903046893368096,0.4715616633027097,0.024263302249871648,0.19610192583409347,0.3328186359533958,0.17870814872974203
23.339728007070907,-0.5942936997636881,-2.902143539909937,22.887277897257142,-2.48297272322735,-2.809989270509991,1.4323179188090265,0.01748375077588194,0.23141283432506046,0.7253742980518296,0.04872427430802344,1.7651459849618458,1.0087293994701312,0.09925267944440777
42.78122340628554,-0.30534149198942423,-1.607234176864144,42.10964468562075,-0.2634951676746942,-1.7017728931917935,1.1678327503247043,0.0465910191069583,0.1797622198647739,0.4011905028425712,0.030925653738420104,0.17648475237098243,0.47707023008871674,0.15401687700146863
