f0,A0,w0,f2,A2,w2,B,f0_err,A0_err,w0_err,f2_err,A2_err,w2_err,B_err
25.14752241393796,0.001339521301053817,-1.8166595417933844,24.644700624330397,-0.3741012531865535,-1.4621816266944052,1.4458620171173808,0.02418262817337996,0.13345668035117275,0.3681976567297724,0.04365939929851028,0.4893609207390617,0.8384293232361018,0.08625279131909461
29.143700036618654,0.3564919786237653,-1.7118058850982432,28.493414669626617,-0.16265805520850157,-1.3805148539498338,1.4111677879877345,0.020885107308710193,0.09273271328003962,0.2834360925929209,0.03853493463427952,0.2696860816784525,0.2886275881375302,0.13405981383298962
33.59530771799782,0.5759251698006433,-1.4848244847119023,32.90831342298687,0.1388978316286394,-1.2936056761403323,1.3949328463656265,0.02215924643292617,0.08616681554769685,0.22249939213732295,0.04227073949031385,0.1684372239326509,0.2035569370317735,0.16318330588536722
37.89357551902902,0.07995733868641798,-1.3127194956349815,37.22589394428846,-0.5277665035779439,-1.5121140304900798,1.4607845599160172,0.041779712412159414,0.12220568783843148,0.14731693353042194,0.05464662169291252,0.5977426519011317,0.7392806725905405,0.05115443651249426
