f0,A0,w0,f2,A2,w2,B,f0_err,A0_err,w0_err,f2_err,A2_err,w2_err,B_err
93.30027951535446,0.45044645766954217,-1.4989562436937232,92.26843407064597,0.3822017320577213,-1.4851626244162062,0.9986496121278355,0.02095352345710527,0.0799646925245447,0.20687645655670206,0.021576634261982523,0.08060268347004608,0.22918389091785593,0.10341743139437813
101.82767527112301,0.5761531757110212,-2.017858343905049,100.77865362665939,0.47988081090250917,-1.338830976333842,1.410079916948891,0.015017927491387648,0.09293143565620895,0.2761313730535743,0.02834324672938159,0.08509155611801301,0.14316105349836367,0.06859002834933817
110.15182310761327,0.7405408429200807,-1.36811173985831,108.9454221408877,0.6775726762704862,-1.2539612281033372,1.421617482637009,0.028614326484866844,0.09642446568484153,0.1641222756575725,0.047843140849719676,0.16226632401701493,0.1242702013176691,0.07041399138573816
85.09407413997289,0.21137884853277544,-1.4768283636494823,84.00082927679698,-0.20610225189426967,-1.6012084617763223,1.0126998977377222,0.024127822735579896,0.08683841349143145,0.2085133465088153,0.030443203051689918,0.13304973673085368,0.34144410854410584,0.09065304339397781
118.59444196055517,0.6024088703034655,-1.2459318847963563,116.7578664189183,-0.8081334639401645,-2.4737157488186807,1.4124387271674155,0.03506092843786571,0.07719167799695927,0.06598267500228171,0.066452620188426,0.41133108627641807,0.8749539549037632,0.06568569697700748
127.22419946592689,-0.014749493307168456,-1.3458441063398636,125.89523718078068,-0.5657769177617195,-1.5710713517652628,1.189430430036571,0.04328747993651254,0.13874505719436578,0.23485169411799955,0.1856544918740998,0.8376008186094883,0.79236836487634,0.09949086173725083
77.17229915786076,-0.6600540410126867,-2.3381996878172737,75.9988528454559,-2.2018757592205125,-2.6588483802022136,1.115134278905432,0.029079176690975435,0.23058104105010394,0.6377707698545736,0.10793112367300545,1.733346925888053,0.9803361572406623,0.0717586256538139
