f0,A0,w0,f2,A2,w2,B,f0_err,A0_err,w0_err,f2_err,A2_err,w2_err,B_err
44.58738664578909,0.591812204799295,-2.186432220687716,43.93403102142032,0.1802630232598809,-1.535337208264545,1.1131608649485087,0.0125349150882086,0.09373621165083376,0.26865836316346337,0.02612596310074626,0.10905139341591634,0.24393831526575538,0.16364820341245992
40.014186804252205,0.2841845497330906,-1.9612464232106261,39.398420161666124,-0.19195044167225683,-1.6423900670660259,1.2228801950499113,0.01820974804695934,0.09685354776783837,0.280172284139218,0.035561528098438884,0.16586025877195862,0.35870806266536015,0.14837716937497555
35.59413492448503,0.00628647120092464,-2.051294562796028,34.92917281459894,-0.26207651742044474,-1.847753034243364,1.2409357356601876,0.01976829812563402,0.12175898430508665,0.37345930075010664,0.026504526334857007,0.16782229169788046,0.4961374221686938,0.15724575325444845
49.06127923047178,0.2726056162531148,-1.4455396553329862,48.331730185174486,0.08453318616098632,-1.441735325222701,1.266869638412853,0.03233572902079546,0.10206443177882249,0.2070803092120693,0.032437746663344355,0.1296797445716413,0.28338617884218115,0.15655076820003191
53.69409416088235,-0.11042156652899368,-1.5314826653212341,52.97471821639017,-0.3208922894317723,-1.547496341227033,1.4179253783776635,0.039310921547914074,0.1376483130603039,0.29792401484082953,0.03695552309143674,0.19431333451601032,0.3578693026360876,0.07841000977909345
31.36758803216632,-0.9445600416856619,-2.454156348142424,30.779697676763064,-1.1580705503092492,-2.1077788316298043,1.3400020496064258,0.041780088206843445,0.7764860880554028,0.7900560071017518,0.06390499041691347,1.372352622237362,0.9555835154709832,0.14901290534717132
57.978954995208134,-0.4836052784011269,-1.6595405880850946,57.16231075590112,-2.1072508684470934,-2.963738540211499,1.2118397302760229,0.06549354732038702,0.6017932990668067,0.7412292550771767,0.09674428679607174,1.2616692979552941,0.9696504149725905,0.10689291251499573
