f0,A0,w0,f2,A2,w2,B,f0_err,A0_err,w0_err,f2_err,A2_err,w2_err,B_err
28.36500199184509,0.2866525592347651,-2.544188585989208,27.85114762240887,0.3459689555668105,-3.0301615276060967,1.0530131684795712,0.011075030895905327,0.12201314439428512,0.3545254579696797,0.008208928716999766,0.15150096019854617,0.44518884169090467,0.18594228628807374
31.95321606055675,0.581843889103012,-3.0954938348633183,31.45087926199395,0.6714377260805964,-2.914148057477384,1.4065482415859207,0.007827738086808853,0.15200299814272727,0.3969943593210608,0.007784636502537411,0.12659249882884938,0.3372114843176117,0.09183539027782965
35.51238001755544,0.2898223119047821,-2.0305172358905543,34.99109336088031,0.023938672730330214,-1.5694545008959597,1.0024590672808387,0.01595050733100182,0.10118712048144628,0.2777309134694208,0.018363585058939508,0.13738138510145667,0.31310360547858274,0.18585412323597927
24.886689622765296,0.025661296087212883,-2.9131785714760734,24.373353880828848,-0.31370011072024684,-2.5114417330732124,1.233085507217477,0.010418944595500964,0.14908800749281614,0.4643445058134412,0.017843199120909797,0.16784296950245395,0.5579292309630873,0.1678337395257018
21.547691697059662,-0.9222002244965147,-3.551750223478731,21.10362654288943,-1.060320023736611,-1.8614762134238498,1.2461203415035413,0.016341868015251268,0.33632153389155933,0.7466852973848344,0.047357359502583664,1.2988417489191644,0.9041548850225662,0.18235540354051183
39.20769895538421,-0.5159088185708168,-1.7178708347891494,38.63889263368682,-0.20184196541164798,-1.5564643126798996,1.249135459659523,0.05552144387565658,0.2699473668401391,0.6152972184114135,0.020692864105223665,0.171041939180516,0.34547752852911184,0.14579403404812996
