f0,A0,w0,f2,A2,w2,B,f0_err,A0_err,w0_err,f2_err,A2_err,w2_err,B_err
29.64316163932657,0.4424137546219872,-1.551702022645787,29.053848620224993,0.24458968456719515,-1.3122918306746767,1.3614306175282365,0.025691865804410442,0.1000075926709413,0.23265733573413905,0.022642220458354605,0.30577196924400524,0.31014537587573426,0.17048660718747533
25.55194432673984,0.14026373039459955,-2.430968345384688,24.934456199081414,-0.1091279387360084,-1.3134281108696695,1.4431485891434868,0.01794098200165599,0.14352993288656274,0.5254326668583511,0.04415308515558663,0.502086103753295,0.6150344226705796,0.09162159487663414
21.20969006119295,-0.711941421142212,-2.304604996531473,20.817450295757656,-1.245625765669439,-2.3120191331830977,1.1465176201439278,0.028991529538942542,0.4265226414524863,0.7136037155252674,0.05363227200881806,0.8349320837757407,0.9292886190225277,0.15547844877666822
33.9515639899994,0.8009973344983852,-1.2832148632642257,33.33764063424486,0.029638861760604485,-1.8483400356875925,1.3813635366957264,0.038341859526403545,0.13871608521218132,0.10576660357262777,0.051828321924010996,2.02319294816106,0.7393903274822913,0.13530725652253392
38.466788387141435,-0.1607138512121813,-1.493107514931438,37.73127747810521,0.02602617406298397,-1.3143525404336498,1.4330902512248263,0.06430890631763266,0.21862902615446686,0.4765499294662646,0.06326945913184004,0.24873202572637937,0.3992797885998532,0.09607545063460154
