f0,A0,w0,f2,A2,w2,B,f0_err,A0_err,w0_err,f2_err,A2_err,w2_err,B_err
26.707390758103426,0.13905876301308384,-1.6590362782552195,26.11963855917398,0.17482488987742859,-1.337595537476229,1.3294163582586243,0.026736184691197484,0.10763508587104989,0.28567367383198056,0.01108724772852716,0.1236303465746091,0.14534871374626415,0.18957025706921096
30.74912606511614,0.46786890892812316,-2.1454090304671616,30.136504685819375,0.397779621528067,-1.2901200395024075,1.414851027254481,0.01515341621917829,0.1057000149629669,0.30880604152456226,0.021710214659406743,0.10226045298850524,0.1057661537768917,0.10834834331812601
34.61494137487733,0.1536305520434336,-1.4351223560633914,34.00051742968783,0.18960160138756557,-1.6020366762445533,1.392843226154303,0.031949685126196996,0.11390852297596518,0.21891262371372347,0.025911213417934727,0.12060248029231528,0.4324520628845063,0.1227211201515876
23.08107044985745,-0.2875073035225971,-3.183657679028573,22.529786660527968,-0.7659792095899672,-1.690698244675831,1.4222784650321514,0.010121442182556029,0.18011737751903845,0.591952912311395,0.046444971367175784,0.6494515213147591,0.9263029903501251,0.10797088914933392
19.221082218750727,-0.5569670862379983,-3.3761773021659027,18.816629675427137,-1.9661851139376911,-2.7052404748493313,1.3083406068405834,0.011062359083950818,0.21863492272283905,0.6116884891700295,0.040697850469858306,1.340390585763061,1.0058525767158173,0.1302417868917298
38.648944854629775,-0.7394352908082484,-1.9572964613016295,37.934395136184826,-1.227377599094083,-2.3685874737794324,1.361363927758777,0.06013839079634215,0.43875181390004636,0.7752705327061951,0.08730341655471267,1.219816821030583,0.9253953937912748,0.11808985098998612
