f0,A0,w0,f2,A2,w2,B,f0_err,A0_err,w0_err,f2_err,A2_err,w2_err,B_err
37.63330176746122,0.30955552213489645,-2.0624030596039797,36.96837327527101,0.19266063640051648,-1.4321523570591588,1.436643301550622,0.01691400960256388,0.10405487339126754,0.32011260699144006,0.03195804081189812,0.1068710768237265,0.23742486675492835,0.07107653613449719
33.29705150548672,0.35666994825842574,-2.3259730467601347,32.66926002214395,0.2955279509618383,-1.2820408941558283,1.4052883521325614,0.013699884540416334,0.11698021470150212,0.38103580812258325,0.01515962798085641,0.1137478893254925,0.10558911463352634,0.1109725462137031
29.19796089546152,0.22624920328929632,-1.8555127582745512,28.62140451289202,-0.2052681018569376,-2.046104706947647,1.2381589338295274,0.019430396326843433,0.10206305765746011,0.3091502346153013,0.02330302477569488,0.16590749370681143,0.4822528874284248,0.1923799475585212
25.114041358944725,-0.784141220382908,-2.1129380223688936,24.58980632873816,-1.0433436956471793,-2.0791706449738983,1.2943062461254753,0.061228316949542484,0.6774266141129961,0.8144506894489916,0.055163154235353784,0.7917769889216268,0.8719947762937938,0.1849096854937753
41.80273228558984,0.2915018924514063,-1.3950855267963023,41.184462662088606,0.09420457301881466,-1.4619051413406379,1.3796903586059501,0.03191403528709371,0.09851065990860182,0.18316329319375016,0.03179426403979058,0.12447712822194743,0.2751114763759537,0.11755274351880748
46.13666549772027,-0.42868198449466505,-1.5877979494541148,45.43997581887974,-0.12625144222735832,-1.3945757071743339,1.4461867195625981,0.06460121993262227,0.23541699424271592,0.404580301822263,0.04851713474355481,0.16024292594052142,0.2488982858832776,0.06738771970339255
49.9987291267449,-1.1423221184854262,-2.7382712949317916,49.347297166539654,-1.791401622616623,-2.482799213309482,1.263956877818555,0.09000142298909718,1.1622159302051964,0.9611690114056907,0.08017442544749227,1.0793344794153097,0.9465552371488751,0.10001852018694375
