f0,A0,w0,f2,A2,w2,B,f0_err,A0_err,w0_err,f2_err,A2_err,w2_err,B_err
23.428457865673796,0.35199226003528983,-1.6556410263989498,22.925498390287103,-1.0562820847760561,-1.8443349980669619,1.424868978178654,0.025607083064443228,0.11599982649762071,0.30181637165571856,0.05347995779477517,1.763074857198686,0.9158644708901059,0.12603317720878598
27.328742401530555,0.42320579057436547,-1.620590658645898,26.70648495536895,0.4217525461621646,-1.4187782334943724,1.3667762361270586,0.026629945333870447,0.11584999884454845,0.3335477774307039,0.022151018345627226,0.13243846995764033,0.25754033001937554,0.1646745497000755
31.52822332513482,0.15917010894896358,-1.6940509405247945,30.882777871646645,0.3220290403442017,-1.3159399529631,1.3642044128862763,0.03340718499758995,0.12935188184353277,0.37092124560399775,0.016347718048373105,0.1317480875663011,0.13710374954007448,0.14854623972587885
19.474371189115136,-1.047699829878891,-2.733715525564438,19.089808593037095,-2.960691784766884,-2.973816363847761,1.2286615278679798,0.03266878704651746,0.7719710844540787,0.8939678993101986,0.04430760948533391,1.568756172170718,0.9861439251902633,0.14921699317161263
35.44127038999745,-0.20689906307087752,-1.5470781751211216,34.958389854864706,-0.5336246982768169,-2.160567901304119,1.4502886143555749,0.055814353589378994,0.45164527451964004,0.7556658048586846,0.07475104087707751,1.6166379971090403,0.9755497976530286,0.06620800001485157
39.66374880773612,-0.7053678861605955,-2.0654475551651283,39.03594612930284,-1.4858360641790476,-2.4016696937170505,1.1832051306306093,0.0649988345050133,0.4694848405063152,0.7794567538108708,0.09102354664256518,1.0999551183601415,0.9308813099332408,0.14889053601775248
