f0,A0,w0,f2,A2,w2,B,f0_err,A0_err,w0_err,f2_err,A2_err,w2_err,B_err
36.49697378156431,0.5883743131776,-1.7713226252530148,35.841701643111485,0.36847833668067576,-1.5540171898776272,1.4351028413925249,0.01822302133395839,0.09367505838660684,0.2934987398857536,0.02656114248578354,0.15343392464575517,0.2941562253771343,0.08257574633040643
40.61382490901434,0.329959281469593,-1.66127696683577,40.023283634186626,0.17145756484896882,-1.4481447545351838,1.3935129316862511,0.0252540424420366,0.12119149078770718,0.36582507965407285,0.03934712541227825,0.14387679358460936,0.3069520303008383,0.10903116112005841
32.24539875808967,0.2696073985938822,-1.6480927483870014,31.657919605317176,0.14676920899392115,-1.6607020456109334,1.4397977910010158,0.025483120110849477,0.11606679552366697,0.3213430387886102,0.029063427533787718,0.14717496071168315,0.4494236448906674,0.0788597224531825
28.41931568616627,-0.007472169521036437,-1.9939782799776462,27.78432625798109,-0.7322483147134687,-2.078532010875493,1.3001779050829438,0.01993144623729966,0.13663827584731006,0.4322309639954732,0.04212519619997632,0.43310672240739895,0.7653576181883545,0.16485503685148142
44.69647042979416,0.008340820060013632,-1.3360799441000286,44.08100944576725,-1.0505931162511657,-1.8364865422257728,1.448811398588578,0.0446365899803792,0.17011646450909543,0.2700167627709104,0.08878373892622868,1.4749510728745578,0.9852144167501038,0.058406820195728085
48.94582396025385,-0.40812087876616177,-1.7681731027832637,48.170300420008665,-1.6374540640209583,-2.7054321846483695,1.1450953987315948,0.04399747480005231,0.27039617931018767,0.5677083121377287,0.07067967199899322,1.6598347032300267,0.9935957152510527,0.1275495151134499
24.440050901519207,-1.254074023382919,-2.273211546912706,23.95583165101852,-1.8697444246281512,-2.08173569737342,1.2319472079273328,0.05558836680092935,0.8502741258228268,0.8138641108894484,0.06246730226817131,1.2739265274133402,0.8438216654063927,0.15077266347126206
