f0,A0,w0,f2,A2,w2,B,f0_err,A0_err,w0_err,f2_err,A2_err,w2_err,B_err
167.70349627720447,1.1377613172258858,-2.5804367139370883,165.85923320142584,0.9000337223371097,-2.1164086139693308,1.2780553464744482,0.008636570445977881,0.10666997984743211,0.25030087322530703,0.014190757586295372,0.08906848542929723,0.36691855503431964,0.10240847959515083
154.1423321324351,0.855661734159796,-2.326065217027365,152.27378927635021,0.7546474218694478,-2.8897606948696906,1.477347167419444,0.010840338002070949,0.09747338920572197,0.25819645432459,0.007874927240013098,0.13330381379275622,0.3631520967719056,0.026037785610346614
140.47801708484423,0.5520844165825896,-1.7217474506338488,138.64519076173846,0.28628179223780414,-1.7120625192811196,0.8667521652480664,0.016396787588908973,0.07739484007875512,0.239303236118697,0.019266279290343667,0.08125331086491579,0.2647048788211472,0.07026768054640103
127.06522894060404,-0.03568322391160647,-1.7764483616133182,125.22319138187846,-0.43877148350579853,-1.4585554281570945,0.8664078408733338,0.021973436334247847,0.09555123514561785,0.2706192562096343,0.048057634489814545,0.165883366319244,0.3027427523898268,0.05572826964500376
181.59697138803864,0.5995421278623912,-1.3193577723369763,179.672649342944,0.6804459424593163,-1.2592388306412592,0.7549702761197713,0.024108613412461614,0.07033729122289945,0.15608951797354817,0.0852151149682681,0.520208897353139,0.10738825836591841,0.11222686280700371
195.5198791586562,0.04688625213298539,-1.2718316617789533,193.62603865692324,-0.0855834368124345,-1.464956838806413,1.0248567727170552,0.0667239510880504,0.3693387058359671,0.1346722364969281,0.10044066354908036,0.24991571527692405,0.2409658396549332,0.060188143930027006
113.93491672975222,-0.5793127710961167,-2.805500956236455,112.34084916236307,-3.98382226618279,-2.9067297504353125,1.049130245964526,0.01571140327913848,0.18974852298751768,0.565110993726814,0.18441606270820662,1.60014625024411,0.994058839417459,0.049501763214655006
