f0,A0,w0,f2,A2,w2,B,f0_err,A0_err,w0_err,f2_err,A2_err,w2_err,B_err
24.48646470903838,-0.13956014244398507,-2.291411656592138,24.009415034854346,-0.4596036518347089,-2.274392656767285,0.9994796413344998,0.01671456647387983,0.08563089646220642,0.22584518494924483,0.07753998574364024,0.2202494138812124,0.34087973123856286,0.09516665126759663
28.48748329247074,0.2038349389119416,-2.036671011976025,28.043328473214267,-0.08218924582605014,-1.448119438631894,1.317624452257294,0.027570816544545806,0.14486053506805377,0.43462037705155987,0.03902006210186899,0.4342325037033159,0.7335577410846418,0.16696854952294587
32.83504705512003,-0.06587793738333221,-2.458963150153471,32.1747809906456,-0.060102951845727004,-1.3498155736862194,1.3430133632752512,0.0257572389253419,0.21449824602889522,0.7959096440365764,0.06640584100772602,0.41719357237545424,0.5451327507700682,0.178629383011705
37.120402831957975,-0.5481808668444659,-1.6326800825949972,36.58946689365377,-0.3433364283013788,-1.5788124635872314,1.251417823502023,0.05823699638409174,0.7815963754631498,0.7405374654399953,0.04189366877257598,0.3156234394637009,0.6951468070836914,0.17692240241394833
20.332666840346555,-1.6008615910837314,-2.665747102662074,19.938324906909695,-1.2563622381615585,-2.576660702887435,1.1822811166905407,0.04138936558709624,1.1503844519495812,0.9835636601052521,0.04152409105502681,1.029888939127855,0.9359226653894465,0.171460989475762
