f0,A0,w0,f2,A2,w2,B,f0_err,A0_err,w0_err,f2_err,A2_err,w2_err,B_err
44.46128306444818,0.36430079087176204,-2.035114631796646,43.7038923128594,-0.17288059783042115,-1.7439592039290135,0.8975616373476949,0.01475436533060143,0.09600530426381082,0.27245175900723495,0.02674861740454312,0.173715612505229,0.6280413629683383,0.17977366507383294
49.45840396363013,0.47074078660359364,-2.0622670800925897,48.780923936269225,-0.020207457719157683,-2.315370373640651,1.0720582919328385,0.014799084227146323,0.09735811502903761,0.28400912319285065,0.013878835729219606,0.13502798686816228,0.4559731663744708,0.1311511823006509
54.42438221515742,0.2970889657310361,-1.7188364249605042,53.60868338804189,0.09434394744523852,-1.4349604097352917,1.192185653188509,0.020656097635131074,0.09207856698011327,0.27542541797874714,0.0302998406844733,0.11599672656494465,0.22847113879823255,0.14503613415336114
39.70871407939714,-0.18394146294152397,-1.5462139888517856,38.974363678323904,-0.3315832035350017,-2.712220579659589,1.2046476368836128,0.0328503109060962,0.14927849454420303,0.284034133914895,0.011938909655941401,0.17724529970443534,0.6243938656534627,0.1458991270442443
34.96154903475104,-0.40005031752069664,-2.0170190660382397,34.27478706642198,-1.2715619803871554,-2.3822482502997397,1.0172863186867271,0.02501044862739767,0.18373543083224814,0.5018325844810684,0.06081051553756923,1.2972823290682722,0.9056414937073058,0.14608002784639343
59.345129385091376,-0.2607984039625052,-1.4601386764133695,58.648214263226635,-0.070462073994111,-1.4122007196008053,1.3603475459369432,0.06180423494171803,0.238650458354403,0.3860422822418699,0.024251370076403333,0.1768489730950729,0.37968558456472834,0.09554334452298052
64.64808898789475,-1.0598461257046594,-2.074146425137384,63.78527862596327,-1.2565944615153706,-2.4739894977332657,1.2992518594223854,0.11821718619685356,0.9442675436221376,0.8748972039320435,0.11838913433491313,1.0808910854615625,0.9485856438491101,0.10618875036898628
