f0,A0,w0,f2,A2,w2,B,f0_err,A0_err,w0_err,f2_err,A2_err,w2_err,B_err
34.650636506534475,0.452954600207261,-2.4843999197295465,34.07943527254597,0.1695715536983043,-1.7061083589360955,0.9168579233728867,0.011029260825890732,0.11012490940299166,0.32545508011128577,0.021584164521185438,0.1059212741512057,0.3124402265257044,0.18458647529178132
38.53013544950316,0.3775043497223953,-2.2999832501852127,38.021875484317555,0.10063993296735296,-1.764715100054552,1.2464379677292092,0.013577236581212912,0.10609146911050771,0.31740526272130254,0.016388143588106162,0.1154387437020464,0.35120684912448474,0.15104988849432713
30.674568186415236,0.1682788770231559,-2.3072024025174946,30.12646390309138,-0.11743807302952303,-1.9733459144920387,1.3721755408871168,0.013663195719335669,0.11631402472917396,0.395042938958005,0.02447839281331176,0.14267247295462368,0.4549039063584571,0.11575752163237311
27.054151795930164,-0.16757464672824926,-3.00546070470856,26.5282093980615,-0.6098780607187735,-1.5829436043982277,1.3836671246685393,0.01107448780068617,0.17440573797507805,0.5591935999482058,0.04677688427099703,0.6139893432674673,0.7404432289600195,0.12424340966720009
42.51216006169989,-0.03501249404307067,-1.4377586385421344,41.87049085069942,-0.2009679249940854,-1.577449805670989,1.3665907798324564,0.0432334926774508,0.1296031292188847,0.22544852272634625,0.03947454581681898,0.16698673568130595,0.3371746739716304,0.11369338446297653
46.41925003112322,-0.08923657074715999,-1.4437878996815239,45.80018274877455,-1.3577258881210623,-2.6218591761521446,1.2539131936418169,0.035192506295735546,0.13741572000858185,0.2398950873947671,0.07839646985246489,1.1555551055543487,0.9765848328310328,0.12670166222194523
23.279678399958822,-0.5918940115508124,-1.895681228678336,22.820671285669157,-2.7219995814279265,-2.7259997372521454,1.205491086863155,0.03926723991665675,0.5316301295697439,0.6694619543750058,0.05173040637248956,1.5050974581124827,0.9757471678537104,0.15979045294310612
