f0,A0,w0,f2,A2,w2,B,f0_err,A0_err,w0_err,f2_err,A2_err,w2_err,B_err
150.76336123603164,0.651392447123971,-2.061753087274792,149.250001821905,0.825912502247461,-1.2498830104156458,1.0966477053589365,0.013126414848406211,0.08929544650505199,0.27112431050320546,0.00378485378444325,0.06284865893200063,0.059931704068966245,0.08095595791778516
139.46545634386823,1.0626605423530837,-2.559926854889204,138.00232012807038,0.7588745488608416,-2.141320695194871,1.1070181733194482,0.026243493510161184,0.17095874768626718,0.6368366637616948,0.3004307848122815,1.191707103191619,0.7104374867024056,0.20456620091151512
128.08598484235773,0.4973695152584891,-1.8969817445914874,126.61730071446455,0.3746334544869755,-1.6374049234376065,0.8948570993857938,0.01504532307025123,0.08235497486412764,0.22639467012327588,0.014735128279590372,0.0769950633535794,0.21867638379179147,0.06280105784106006
116.77053606015949,-0.03759866984269414,-1.729336113770343,115.27124055496733,-0.01887748189183304,-1.4583522110136524,0.807402963899015,0.021142490169812154,0.10290591617111912,0.316082733926726,0.026504012779359983,0.09612543056328601,0.22415635065179088,0.061790845040450675
162.32365746800528,0.2746543470766052,-1.4301953795989253,160.72987489184223,-0.39398223823280787,-1.5048999667022653,1.3489792196586328,0.026436702453540205,0.10605275386421044,0.25337094520682973,0.2773247225165857,2.1406551544191617,1.1088872883047547,0.13074732750261958
174.04631471541396,-0.3875936872879686,-1.6718621771110336,172.0203881534831,-3.173649637845508,-2.988288432537731,1.0767162577817495,0.036265871542031966,0.15958692285125223,0.3902885947358954,0.23134379147700654,1.836595536353849,0.9769091114938924,0.04856501840205894
105.87894591360603,-0.3557399887591216,-2.02064780302988,104.45633529537622,-0.745244440697248,-2.3751819851903417,0.9261378638808079,0.02353172596735633,0.134783306244597,0.4198710270487736,0.02968163772312155,0.21508221747035783,0.5481202189218816,0.054931709586945765
