f0,A0,w0,f2,A2,w2,B,f0_err,A0_err,w0_err,f2_err,A2_err,w2_err,B_err
27.118589828870604,0.6882594010777272,-3.2402203223327435,26.620497842335787,0.6152096660546924,-3.1038005351519877,1.0394594182318517,0.008464336016643198,0.19454244859436604,0.4669551826474052,0.009338697727107015,0.18882138744365348,0.483717761256624,0.20986814461672623
30.48607740221146,0.5682470504902077,-3.0360882671438443,30.018586567491383,0.3912545555984971,-1.9833041703118153,1.370489058933493,0.010490785369864922,0.1842718144117748,0.5458199112289627,0.011346198764817093,0.12807653929591115,0.42357141661057707,0.14075779113430265
23.693462501132583,0.08281667281387861,-2.1646591750018063,23.176460824605954,0.009750914105412109,-1.5987552991039045,1.0546049584805284,0.025224389598476626,0.1635767284239046,0.5269117219251127,0.03151956991276124,0.17413500993947975,0.3832298808350082,0.25785982262046075
33.966574687184846,0.12621250058412067,-1.4653729977764978,33.488239308903545,-0.04903700286616339,-1.6606847595715002,0.9129565127113795,0.03762267019543362,0.14506321286791643,0.2566416802816782,0.027411139184809922,0.17532733703204084,0.4229770229670682,0.22816570880279075
20.5744998540836,-0.7532374345664284,-3.3479550956162876,20.165806206610426,-3.5065116751520984,-2.750279018853541,1.393232088702195,0.020049717039458615,0.5213614849786873,0.7911630927756395,0.048050750156140444,1.8338424468630308,0.9825715600012843,0.09519124054699178
37.50681644858442,-0.6462098707861255,-1.9329246095728778,36.98485664264235,-0.12506423774155395,-1.8387125110289895,1.1638715742911665,0.0574001598684882,1.051254160535597,0.8021717149020419,0.020073840442483268,0.17636430701457723,0.45747424939108156,0.18153503703963464
