f0,A0,w0,f2,A2,w2,B,f0_err,A0_err,w0_err,f2_err,A2_err,w2_err,B_err
62.03442993520852,0.5686156752559905,-2.3293471248783613,61.19646104049845,0.39944545991126057,-2.353267584203837,1.1378799041001681,0.013395752426831142,0.11201795901501332,0.3061621353821282,0.013670778354753109,0.11704554177890497,0.32255178294022535,0.122986864393049
68.15750677351348,0.8582371020376458,-2.4236782376518975,67.36955904347197,0.5509862078744752,-1.7894525465553865,1.2783833797289912,0.01128013943435879,0.11479402578129082,0.31948935335012335,0.008298824641259986,0.09960674458054403,0.2852442595206526,0.13481930051471225
74.26871217602472,0.6365507908936716,-1.5769429041936278,73.38373895911417,0.46854310880447236,-1.3042971928591,1.236690624270492,0.023000000094112627,0.08737035621822564,0.22903579933445906,0.009423647376929767,0.10376703871784583,0.11513648373620688,0.13675928316480407
80.59212021335854,-0.004292531732356884,-1.352027673592676,79.66370835435043,0.1878890006331072,-1.3205253641358308,1.1935095651229906,0.05609240965505306,0.13955785387269182,0.20436619375867035,0.05153715279069294,0.3006154357813927,0.32383041891803965,0.12659174966102507
55.929062280258485,0.06165802392961303,-2.257603617762503,55.1634344310187,-0.13969121061479953,-1.974887147537154,1.2355628853655052,0.018326263898767414,0.12801785264551363,0.3796198760959161,0.02441323989743984,0.1673728145986146,0.5385094788404127,0.12903003593662263
86.76265293888672,-0.21596572673894787,-1.3526738317568712,85.66206742025379,-1.9006868151085405,-2.4004048319494387,1.439819160972433,0.10927606247486019,0.29536397519443874,0.3143440109680916,0.14194487643052778,1.8323477875586691,1.0441533275514974,0.06791425465766601
50.13749429654473,-0.49966359882090705,-2.853961620850233,49.30604446745478,-0.6640612376609597,-1.9466744426141442,1.259696242108992,0.01817600683922865,0.22714041034110669,0.7077168739320177,0.05667244745057687,0.9538863965896661,0.7314540866337848,0.1257053966029658
