f0,A0,w0,f2,A2,w2,B,f0_err,A0_err,w0_err,f2_err,A2_err,w2_err,B_err
78.54964433780387,0.34116944580929265,-2.3246169360501687,77.61344624714148,0.16855027753155685,-1.8888641404017643,1.0550453035732088,0.013513948320218952,0.12396727377386511,0.3484773109220036,0.04178573151587594,0.2299906704993517,0.3644953520373837,0.10969785768678193
71.54767561946538,-0.0863247370696541,-2.403451060387365,70.61395973038526,0.11069518572934842,-2.7189350586606387,1.0877400690425705,0.017615329434744052,0.15091499668270075,0.4519761227266494,0.013129515749276864,0.1774725685710753,0.554692499703634,0.1006823688892772
64.40177633525303,-0.4107880736987276,-3.2261598711660446,63.51057245884759,-0.52015017492903,-1.614753687382801,1.0972083342536514,0.012562783019649543,0.1992380262747877,0.5817266223835904,0.06006511258639956,0.6402448711287115,0.627097312170612,0.11734555422120345
85.63521194654871,-0.1718792472671981,-2.0304829072176664,84.64388401443249,-0.1983024973727262,-1.4767286519933998,0.9268902552084538,0.023772647600351037,0.13967893847321333,0.36363560302241354,0.02006180909667568,0.14616957393414418,0.24666619268341977,0.07969281922467214
57.686986995818685,-0.7612201234776881,-2.655629686057394,56.81576781523903,-2.4668739541594498,-2.8154209665094214,1.118266743969567,0.039172804348481846,0.817268021631338,0.7534249013336193,0.08825402044903659,1.7420132853871269,0.9906525649536275,0.09575125651547546
93.22641364004966,-1.119121244855824,-2.510780892536802,91.98267901576752,-0.8630750005916641,-2.4273424370026704,1.0392370985383665,0.15779713468408452,0.5823911349458205,0.8072753200736277,0.058284152780584866,0.640974759039857,0.6975296299994467,0.07314194635021921
100.84742596909707,-1.640947732757659,-2.2941177292806665,99.39800645349969,-2.399995138938076,-2.6327469467675217,0.9869164757770814,0.1531039461289877,1.455715850127826,0.9529307222477551,0.1555901889611591,1.3148136407296924,0.9735678524290586,0.06439633117547103
