f0,A0,w0,f2,A2,w2,B,f0_err,A0_err,w0_err,f2_err,A2_err,w2_err,B_err
39.77006423036587,0.2985497090087854,-2.22607202794724,39.167516697395065,-0.007076644941249877,-1.885621277724767,1.0875785529509794,0.01574893194163498,0.12298902706859238,0.3837712826499666,0.012023282260480812,0.14126612840015162,0.4250568197746203,0.16539894608819855
44.22024041780953,0.39672398839721007,-1.7027389459580389,43.66268725948636,0.28792413112147963,-2.398597603647203,1.216495276525772,0.023648360933988824,0.1036116877285307,0.28358483761754477,0.008146266039887239,0.13232256115613608,0.43043035939697616,0.14966620726380186
48.621265349338515,0.5131165723151092,-1.6472645803863317,47.9619801658216,0.48640483414490787,-1.4141804028154294,1.0135671722766424,0.06133786469501902,0.18493547584520836,0.3334740111232408,0.06494375402625933,0.4852221635543731,0.8370481439530784,0.1966267791614543
35.475374428375694,-0.16193787700980564,-2.7493157610024297,34.923904241854174,-0.33612895368435963,-1.9879383107434623,1.233768701427923,0.014637180986862052,0.17320897158111478,0.5407908253534761,0.023890746297150416,0.19722014882529715,0.5674652066193221,0.14792758463805525
53.164532269743255,0.09194775857947325,-1.4498197312222108,52.361897675389805,-0.4033578397662836,-1.6219671686905397,1.3408405143700253,0.04022062438561251,0.13731483740224823,0.2707342525131696,0.062362290337899286,0.4306973767313895,0.7440916184439088,0.1252668997798427
31.282218386795197,-0.9358572441918099,-2.3791702801185686,30.694761057079564,-1.529775384689728,-2.51075227784643,1.1156432123033115,0.04657572471159548,0.8949827198711044,0.8760420633834725,0.05412926125175275,1.2550027480437014,0.9666930227524232,0.15739735391417536
57.51134754450625,-1.2115264762152598,-2.396611258425335,56.71393054157121,-2.9240583511312455,-2.768376050779822,1.3754559108703528,0.08865313630914712,1.2372221215726875,0.9431363077327678,0.10700732101820919,1.5725125974944478,0.9969774558363881,0.08879813060606848
