f0,A0,w0,f2,A2,w2,B,f0_err,A0_err,w0_err,f2_err,A2_err,w2_err,B_err
50.5485370173959,0.9686613267135551,-2.718447915866714,49.78773623966775,0.6006369263426877,-2.8315509104950243,1.026948639029737,0.009672026031549527,0.14877118085056257,0.3655802404087513,0.0106986496981793,0.1681766002894024,0.4635738236765548,0.16994854772041082
56.07194403031696,0.6469109097470381,-2.290011567578968,55.28094753460604,0.2990631956515237,-2.06184820217994,1.0837618087561594,0.014215717744429585,0.12539889536422827,0.31725777800006966,0.01926029022847586,0.11834408100714355,0.34162063530711634,0.1454970717328678
44.95671328034894,0.6200045601016423,-2.9016814255044063,44.13676959011245,-0.039244234239719726,-2.434518714746729,1.0650785461131569,0.009699744685259233,0.16595265726296607,0.45499170747290385,0.015911443200838017,0.15564254094087746,0.5327148511666039,0.16273298207149997
39.58152942793654,-0.6030375257261248,-2.4259608475659538,38.84609116934557,-0.3570366490386411,-2.305870429115954,1.237989897019221,0.03017368101480781,0.39457078297523396,0.7362117879354406,0.0242168063541939,0.2242003866057188,0.758555031702648,0.15191583488220384
61.729180265352895,-0.25988523170744615,-1.5182960755658426,60.97661777679584,0.28041446874157216,-1.3853391053180952,1.2374955680767428,0.060083709306951415,0.6308969887283924,0.5514027771438444,0.05260471039995951,0.7383190891761233,0.4574026803283677,0.14134797977024327
34.23989377868591,-0.7339947182949245,-3.074493428609987,33.61500076330466,-2.986265136734901,-2.5616454104429183,1.092917878598893,0.024719696757494032,0.30494818068194174,0.8997014021978008,0.07209379452950616,1.554258329723566,0.974684298978472,0.11820126450737055
67.41217023560189,-0.5817999787317991,-1.9060003037315687,66.61612159156341,-0.8973281864955633,-2.214519720717651,1.2539435021739902,0.06692358434705419,0.8002165604493133,0.7271019453954202,0.10896204210489704,1.1624096032743287,0.8732616223232119,0.12123198852959763
