f0,A0,w0,f2,A2,w2,B,f0_err,A0_err,w0_err,f2_err,A2_err,w2_err,B_err
103.49078015279734,0.7313094751214759,-2.504328134436889,102.3261844624969,0.5785258777320723,-2.29131435099738,1.2024583370731035,0.00995442740535384,0.10363908841167735,0.2631841057130194,0.011338792014946116,0.0983502036604099,0.26185779720241453,0.08199885454757856
112.67340448689602,0.9791007971748179,-2.1573634109008246,111.35611808457944,0.9223434896652376,-1.3506083576322598,1.1712010243615962,0.13462743948785727,0.34154707964730285,0.47198495051426004,0.1893105356326114,1.19019016764994,0.6960903422514102,0.12641037816191056
121.9514178629812,0.5593203807548677,-1.8661177184609765,120.6202708104095,0.4248149941092851,-1.2858820171300542,1.2775762706318654,0.016870112089634938,0.09179552584564668,0.24586613945004226,0.08323295206471429,0.22422522381217644,0.33483372931806005,0.09962291645703054
94.22556206591346,0.15704447675109018,-2.036913281691927,93.00607886010556,0.12425228027000366,-1.435760140973599,0.9346876619042295,0.01648005883823205,0.09908089310895067,0.277693031509584,0.026351541019732656,0.09167283609584209,0.19845298597925864,0.07888690165748476
85.29133371799436,-0.22137247757588513,-1.6148936295679799,84.07103191998377,-0.6756823833530199,-2.213345479111723,0.9293669140601669,0.030981022458537486,0.1221826962519576,0.3163397281919651,0.031927045479867404,0.22317195202086265,0.7080832016888183,0.07005417348869518
76.35912211689603,-0.6884528136026603,-3.203075414566555,75.0285338068778,-1.1480227069574818,-2.094187500439798,1.021780645867385,0.01154465782604421,0.19750930450595086,0.6005383525971321,0.14321791671556786,1.3086948408193915,0.8704741242575659,0.07235580042155175
131.24254430244213,-0.1573682849159504,-1.459542058305121,129.78535623152706,-2.19518376450163,-2.043942918862085,1.4284525311264973,0.05819559188600172,0.20942866729191278,0.3809407369735537,0.240557720776551,2.0627768813386624,1.112839697232223,0.09464461897956664
140.76331649074734,-0.5234470913370373,-1.477058609119055,139.57560986800507,-0.4105221960011826,-1.4608542459472038,1.051693175201952,0.1455570190405311,0.6771425878617344,0.6704558379225491,0.1373425245047946,0.6658706213830854,0.793445437950471,0.089921340847268
