f0,A0,w0,f2,A2,w2,B,f0_err,A0_err,w0_err,f2_err,A2_err,w2_err,B_err
8.12702911394972,0.10672075505914583,-3.4310767469525567,7.9009433579801644,-0.5051130660120933,-3.8108988287514705,1.2613204802771183,0.0064437322843316274,0.16506920123863875,0.4615116606728665,0.005818894431349263,0.21514207230818114,0.5173833444279398,0.19473334704361078
9.576462266308177,-0.055291266516071864,-2.9883893524233316,9.368078254377785,-0.04333985252602451,-2.4291637965167046,0.7386465020802674,0.010769865289730587,0.16436589492043469,0.4800231175849594,0.011336382928133963,0.13788141919017532,0.40277994455588295,0.20259896048477607
11.017509509981487,-0.9932119808248148,-2.8085130596432393,10.788701984765996,-0.13826698481530314,-2.246618431470473,0.9767173102273892,0.02525129245744425,0.7608115906749956,0.8142033461452558,0.015118310823790325,0.1627262081431228,0.5006307939975276,0.25978576087466065
6.77247709160918,-0.9535623177688688,-2.487227485196624,6.591232017004283,-1.1807408941876807,-3.2146561665137146,1.2259802832195534,0.01785883643678746,0.7541878176612243,0.9897994763649264,0.01560317983156836,0.7281501489829155,0.856341367618836,0.2407736761304281
