f0,A0,w0,f2,A2,w2,B,f0_err,A0_err,w0_err,f2_err,A2_err,w2_err,B_err
59.12158361738612,-0.19424612862949472,-2.599451278119207,58.258370498060216,-0.39337535534205714,-2.279923735157101,0.521566323919105,0.011047421384340497,0.1210257159453035,0.3290509151379363,0.015086088713186778,0.11681657627756004,0.35279400201748473,0.025319112978158243
65.64274769077602,0.4414339462696576,-3.0611245815794716,64.7984170881595,0.22107030907994263,-2.6472880205667235,0.5832693554874121,0.007042495239409563,0.14087403791130843,0.3513302114348089,0.009212617392615943,0.11986094927531679,0.3410941077278023,0.051267451095408624
72.05603085069525,0.5551893092612659,-2.1452327253122374,71.2583396682187,0.24916133034481633,-2.495144566596843,0.5340010665440449,0.011492012048218547,0.08899487841903553,0.23316115736965692,0.01025485950979015,0.10584711298264075,0.28614547972444604,0.03337137306523841
78.58175728872976,0.20396618694273533,-1.4459665603104443,77.74366485209413,-0.05444485847165528,-1.3771810048602162,0.537462307337836,0.023599903717934165,0.07560314557349004,0.18388312789714387,0.01802902719148561,0.09173636443049488,0.17288667009825057,0.03630752722507762
85.34920546540604,-0.26570848900979,-1.8916730291445771,84.41655174587075,-0.13377659863601993,-1.342424883244072,0.703266381641928,0.02045064725818551,0.11264359511131211,0.3909416891116719,0.04821759882920019,0.6302995450793638,0.32788044404720357,0.08423979552070605
52.96312592635687,-0.8103927739731333,-2.800689717373288,52.089258844280195,-1.2788831601871744,-3.684808307270743,0.5200030019490736,0.01585893143579919,0.17382616552942046,0.5468258088003571,0.021154748590617414,0.2725668607298368,0.759700996174541,0.02055379756836763
46.708790523239486,-1.3757179600423695,-2.971360680329985,45.89729556724761,-3.398214863086759,-2.7256647095988495,0.5145904517153932,0.03415589093103101,0.5961554761736897,0.8540222615568157,0.09387069701851826,1.2963488534560454,0.9608505965449131,0.01560533386791877
