f0,A0,w0,f2,A2,w2,B,f0_err,A0_err,w0_err,f2_err,A2_err,w2_err,B_err
18.49595627050826,0.4804829561221579,-3.5827082001378194,18.150545481349678,0.19683307415698675,-2.289626886694563,0.9487907909930302,0.006014448966407259,0.1744631197359456,0.41536440495993626,0.014360932645014975,0.11520624171537372,0.38646530341542074,0.2169866231091797
20.81959882353362,0.07127990741072451,-3.4211808352094244,20.483804547957217,0.2323176769249347,-2.0166782728108545,0.8960736387200031,0.007303161171534947,0.1756396142172627,0.4753902305393001,0.0067587812702483655,0.1015508188082767,0.3244711338822969,0.19039811782959132
16.07995679731023,0.15965593117956456,-3.602896011097382,15.74345002071946,-0.4633026995955679,-3.068860510997432,1.2706268624465467,0.006341238223894685,0.18018008372632605,0.47091487302724777,0.012764895207100096,0.20435675965396216,0.603870033228531,0.15075781740341804
13.929918941340766,-0.3907021207531929,-3.2212034445641873,13.600222260511984,-0.728440066322434,-3.439970864420075,1.1133775971829738,0.010439018256525932,0.20977888809889056,0.6589557062980707,0.009554144636543886,0.47436856651983206,0.6258714125736267,0.20067391218469827
23.236751419541612,-0.2499791901420383,-1.9688425913012213,22.878338550239857,-0.30807944458137293,-1.8823860988223338,1.2098114522911911,0.027242921955291363,0.16682818261886878,0.4629217487530673,0.018637015448347255,0.21295963109695074,0.5562366628220294,0.17889194587686885
11.643904917237023,-1.27681905529222,-3.3589679154372982,11.374807297194582,-1.867030397430004,-2.8969684168008722,1.173491986826331,0.018766933159556524,0.8394256662213542,0.9602078889119765,0.029119988741135684,1.2279751870797453,0.9806919113412949,0.1647582001781106
25.701871183602357,-1.1249694409324749,-2.2490200241672733,25.26497521801685,-1.5049342518787334,-2.3746071758674296,1.1628394146595085,0.05093847681266696,0.7088762621767667,0.8635597100725627,0.06310420403992217,0.7836658078850038,0.8450413595436563,0.14353779696939123
