f0,A0,w0,f2,A2,w2,B,f0_err,A0_err,w0_err,f2_err,A2_err,w2_err,B_err
38.94201133885948,0.5139616495898097,-1.6885345379720393,38.2304858168938,0.2673623825790464,-1.9025656243391338,1.3905535192114524,0.02236470216840424,0.09645113808516126,0.27514030537839196,0.02448576070239407,0.3314146362766353,0.5014068956537648,0.11952336720946184
43.297932085701916,0.23128226664818502,-1.3931947800805813,42.59728275271901,0.26263255595402896,-1.411635866320654,1.4344366778279176,0.03580642658143422,0.10777906057478509,0.19820253981055466,0.031214384912883385,0.1783896616328794,0.24222323747249191,0.08133087962770745
34.46601639496372,0.1679440667556471,-2.151590668837339,33.82436067593445,-0.16119377464763832,-1.7287032009873025,1.2428903760666061,0.0158623363464607,0.1150756920074895,0.3258849763023405,0.02124123966376005,0.1592706360651162,0.40197904088605174,0.1692671547766249
30.416387772203848,-0.03998893901960068,-2.4835026048257545,29.81782911124189,-1.0894310715651838,-2.1653527013137155,1.3695509685461578,0.01475929698564264,0.14357115354478056,0.4576408957334545,0.06354513164025212,1.50559391390561,0.902491105763761,0.13004349723011194
26.1589102304247,-1.149665636493679,-2.50381814635755,25.628269860114315,-1.9535886649941983,-2.1094282574548022,1.3827512478079547,0.042672380269384524,0.7849300898359061,0.8240167773103896,0.0635348016069829,1.612913405152081,0.9723701930740084,0.13127734409154448
47.63119030461353,0.1439669190875706,-1.6027209465958983,46.888739875722834,-0.23470673864862254,-1.5678626550058978,1.426401951761909,0.026667085102444477,0.11373973998362301,0.3276621562952591,0.03685170993734996,0.2321708961235246,0.6644912843679485,0.08229733426861652
