f0,A0,w0,f2,A2,w2,B,f0_err,A0_err,w0_err,f2_err,A2_err,w2_err,B_err
95.26067447026668,0.33379850793440224,-3.1080602497422225,94.1984675208809,0.2984134514143317,-1.9580422145698848,0.9242954911456016,0.007328670146289884,0.15000878543812193,0.3894476195827246,0.01554556382236281,0.09168426224307141,0.3085016287210307,0.07144723410341232
86.75435053334893,0.23052317334939149,-2.7000808631840405,85.61628172205168,-0.19303349925242597,-2.4109043332739235,0.9254888967164727,0.009430956860796712,0.1163075415109991,0.33764001312401876,0.015513088972764984,0.13279039134621312,0.4120511198325575,0.0668560017366229
78.22907498109065,-0.4764894598237196,-1.7238473582886447,77.08669688107629,-1.71114944798517,-2.5947928148895887,1.0904495649880763,0.0537632110101095,0.23553659629455703,0.5719650707367581,0.13064740677773193,1.2999510733726833,0.924710525520916,0.08153160449444227
103.72125074334417,-0.8573852063005161,-2.16158002115222,102.65074112577388,-0.04155662425739668,-2.009146622649524,1.1710558227397292,0.06774094671727081,0.6642961083356993,0.7356187829049481,0.19939266121552018,1.5756885433972696,0.5392944854507664,0.150158672688475
70.1610231406917,-1.2215430744741054,-3.2975717136435976,69.11599186802766,-1.470046127927949,-2.413767255548071,1.0337404941813455,0.0725674282261073,0.8622265038160374,0.9867048152941441,0.10318162801702202,1.2921684093451702,0.9132775239810961,0.07319028777965145
112.41221720753006,-1.3390952764360333,-2.549666135009722,111.04766059151001,-2.353420207867829,-2.627574460903208,1.2779354359884594,0.16041845157550683,1.4973278050258532,0.9917917746587342,0.17124701615759855,1.6359939369727707,1.0130352047024456,0.07482087451023152
