f0,A0,w0,f2,A2,w2,B,f0_err,A0_err,w0_err,f2_err,A2_err,w2_err,B_err
149.88751029795498,0.04532555918051884,-1.7430993328239575,148.0491939255648,-0.260348201261675,-1.417268939067082,0.8187411037193312,0.019367357801037682,0.09331386647410667,0.2800791773389084,0.03856924920876243,0.11849262892479721,0.2067764712515238,0.04769212329434261
164.19650732615355,0.593826436727633,-1.6426443024919026,162.31946921677263,0.2523885377158976,-1.6763039257229884,0.797664227248842,0.016928239335350845,0.07234819764355158,0.20619907545621707,0.019286163457588164,0.07606217420854249,0.21422146689883198,0.0530977243111785
178.75558259092477,0.8940495599810797,-2.6428482020031656,176.91303756919783,0.7867168296345334,-1.9470489846313337,1.1632238391144778,0.00861042523630922,0.11623166967823412,0.28410075704035115,0.01429720049506848,0.08391756063546625,0.2586883913642618,0.06261348952287275
193.16170406701065,1.0728268011197404,-2.3675941750905025,191.3755625958706,1.1133104975444477,-1.3688220449163973,1.2849025470091173,0.009459240123187067,0.09220831007603102,0.24991828166907012,0.012038247069221915,0.06162045660602448,0.13375707441316392,0.07331899907250489
207.80106849012898,0.6700108854005646,-1.5315742069992013,205.90377328497476,0.6871988724579252,-1.2634249371211559,0.8894270983538785,0.018910271320227302,0.08768030934341714,0.17755348270326557,0.19728030810873798,0.37009824434565214,0.31164706697882066,0.1324130021354125
222.58929095385002,0.007917005801516006,-1.4302501086749195,220.69327458493305,-0.000523170616145166,-1.2766678744077669,0.986906038052227,0.03194670893643693,0.09434768868421768,0.21805585491025403,0.09196579408053066,0.24682242807597568,0.48179661946315316,0.0637902463895858
135.93566728487622,-0.45822187750095045,-1.6996930036666669,133.99840909365577,-1.1699568420804083,-2.258639097381935,0.9363752474467085,0.03380631491619696,0.15646667000293124,0.39611000816660275,0.11846364435838581,1.2301413000753292,0.8445969704500669,0.05232329257631174
237.60205586118622,-1.071594606490753,-2.056585865108985,235.2976054359304,-1.155693418532952,-1.9354732507921464,1.0302969259148658,0.1942427828294093,1.0539283107816095,0.8391023679839308,0.34810077542510615,1.5525172286191913,0.896578630267285,0.05096633758532554
