f0,A0,w0,f2,A2,w2,B,f0_err,A0_err,w0_err,f2_err,A2_err,w2_err,B_err
77.93945483837595,0.5125261432636957,-1.6024857202480571,77.00451201890321,0.4167393992355354,-1.256701812252934,0.7861419840442667,0.022057933586312608,0.08945906079323025,0.2618020475498465,0.029527579512114502,0.15811042181205195,0.18273648366995157,0.14044565908334933
71.35125303560612,0.37652809853750696,-1.4000762408003522,70.5106864751498,-0.3003686867132461,-1.6445165712555414,1.25069714220765,0.031585362508706305,0.09151168195307818,0.18409282996875753,0.030171281208520202,0.23648858274804843,0.46785964582113254,0.11482719159739421
84.35818063977753,0.5686147563818558,-1.294034752241219,83.35978005648516,-2.8189668054322774,-2.2968132370079064,1.4202650443295566,0.0465719911085069,0.1169232590105846,0.2270909519711983,0.1450317551317157,2.092109774962216,1.0519989053187173,0.07346707801940894
65.0632327189731,0.03453347319184995,-1.5361546499267582,64.2081314680666,-0.13698989991752725,-1.4043620050350532,1.05151737382606,0.03303475863480848,0.1336046084189907,0.30873575999925923,0.033365300797351394,0.22124316528636803,0.2307704809484109,0.13992934312787778
58.89711405333766,-0.329551724541773,-1.4999236173436943,58.02817429612563,-0.8103785545245171,-1.5843206610784306,0.7984351317087418,0.04340178903879669,0.1864401079085054,0.3403873591584325,0.08341766990757131,1.0834698098768085,0.7552628432857292,0.12965148722555933
90.99696524238192,-0.0022373250581300963,-2.022437453927554,90.06071716869049,0.20478381651844157,-1.3321997193129667,1.322224486056096,0.029680522956673453,0.1585651985906803,0.6093204484722919,0.02230165096216711,0.17580288099848365,0.26610863816899655,0.09315220215381867
97.44562025361927,-0.07044712730375922,-1.357869854682514,96.25694787144235,-2.579747987501957,-2.9423159207012644,1.3624109885189162,0.06985406384111349,0.18983253330215427,0.22541744705380684,0.1354532292212223,1.4907321665913649,0.9772855007542425,0.0885323367399218
104.33196804094395,-1.134365238231165,-2.2527485814134787,103.13630962866662,-1.8627315300530727,-2.6808676286351387,1.1815823201728812,0.11525470847801356,1.2675169517972842,0.9419574655854299,0.19141144411796995,1.7319859931734485,1.0849406445844065,0.09234088134801084
