f0,A0,w0,f2,A2,w2,B,f0_err,A0_err,w0_err,f2_err,A2_err,w2_err,B_err
32.57311153880968,0.4461020644800114,-1.8696050660309482,31.897940836748326,0.29014055961556184,-1.4961899959428027,1.292803961107478,0.019455314595841725,0.10695339830167949,0.32691682339687744,0.017710944864741042,0.11586554160118577,0.2647742764673811,0.18404368162470344
36.66510623213218,0.5101541254276796,-1.678317409123426,35.96521092608988,0.12092560091004212,-1.5866080992179028,1.4149839469823187,0.02169649156970613,0.09811456851731842,0.29013160514926356,0.022774130650625203,0.1423497373121611,0.3917011616291469,0.11385653356455756
28.38877376770519,0.12491768465549924,-2.2840717908609576,27.848373724648173,-0.17317811861827725,-1.377238191759576,1.4208626860831737,0.01721566150897867,0.15049530283521245,0.4423692875389073,0.03363032889676346,0.3491643253561755,0.2969094023332038,0.10155695617965126
24.549478901061327,-0.2726013073205449,-1.9979423056733558,24.077781378394494,-2.538657059557153,-2.5819750201703497,1.2207512120249768,0.03195533464913321,0.1757854825093113,0.4661716737801583,0.05216605078885829,1.6778980559776435,1.0040253620362698,0.15205306767866605
40.846994791150536,-0.17521804561023532,-1.793508680870778,40.22262803391431,-0.37525344847857733,-1.6958418897617693,1.3964444678781143,0.03582733369801396,0.1576947896607775,0.40254349773917375,0.049157259862209285,0.2825286649645132,0.5394384987066668,0.1077499525332115
