f0,A0,w0,f2,A2,w2,B,f0_err,A0_err,w0_err,f2_err,A2_err,w2_err,B_err
20.59979791721341,0.5117061839658597,-3.197788972052913,20.2248708715956,0.3334721240044346,-2.9595135019715393,1.351599535568669,0.0074707964929585265,0.15543275712290158,0.43863007373936774,0.009233848604546749,0.1620565190731135,0.434216951173384,0.13289899259522492
17.97585691143994,0.17303939927341294,-2.7021965105242507,17.55595951263223,0.19812602108128086,-2.8381625401842983,1.1608741543465326,0.01165999115050491,0.14218337780004936,0.46035673959149126,0.0073906126022078855,0.14129293977878218,0.39268785640085113,0.21013647311619807
23.216731759149752,0.09489406539484575,-2.364420499211546,22.84073679533951,-0.04927637028716503,-2.3199216688228868,1.095382415873994,0.016156860799894764,0.13560377457129416,0.39231081281073094,0.016433690106660924,0.1599343834280047,0.58174003044075,0.2078079164942534
25.94475702321094,-0.5002593737642061,-2.832136583343999,25.518671381338862,-0.6973749476183138,-1.6961760597007272,1.2712845861602853,0.017182290737795463,0.21282654204376117,0.5983679991966695,0.044408622980582256,1.0614207682312762,0.7261541747186828,0.17178535952470325
15.455184675637112,-0.8013299392328042,-2.118236425965883,15.139177490322826,-0.696465173297224,-2.7491369876165006,1.3715744420924032,0.03168430911606243,0.7683060017084187,0.7541195756190574,0.024197955881808945,0.5655709040411162,0.9196717223390125,0.14528017990523912
12.924199740905522,-1.2574542039357557,-2.8752365534739663,12.656530280492703,-1.7034537848222966,-2.6699264442179755,1.2209204236798756,0.025352125763819056,1.0726950279584058,0.9208673192978195,0.03614544202700645,1.0764172687387277,0.9426121579326838,0.16451077240392353
