f0,A0,w0,f2,A2,w2,B,f0_err,A0_err,w0_err,f2_err,A2_err,w2_err,B_err
32.119822211751035,0.31391963321215693,-2.2282031087398106,31.516876859574886,0.03344376546342948,-2.0719993226228057,1.2261308783344504,0.015439919070410741,0.11716238111033367,0.3434073055259235,0.019842207223307085,0.1369599346134035,0.4487106247200148,0.18561003596422268
36.30865337001657,0.2780841759933663,-1.8268439765452444,35.74071601793166,0.3693746686968949,-2.21113030292096,1.368219264258396,0.021265262574265597,0.10941498835289501,0.3550786457452244,0.01623224665038478,0.11231007069449529,0.3490226376671234,0.125353612769741
40.34514296700563,0.6487309799289174,-1.8759666637075127,39.75429043044166,0.3753866193147787,-1.5133323203201938,1.1712767688858416,0.020109727512877575,0.09155075278644839,0.2926253653537662,0.030838297706962205,0.12422963232787557,0.30742869935755235,0.19373492205571427
44.45469802298057,0.12686150231282045,-1.4108151685108454,43.87720407074619,-0.25266396987724,-2.422018712230912,1.45053912527435,0.04408273234093538,0.13772448137561577,0.2306377367921059,0.041224652234440724,1.0047593782818791,0.841518778250761,0.06800105459413644
28.32337725024523,-0.07949825458456113,-2.4405124715937037,27.796993556541775,-0.552581854005318,-2.152600685775732,1.362409983842561,0.01603021863656687,0.15857442136780545,0.5823204327722182,0.03614160840441827,0.5309577379945257,0.7628694144404343,0.14191624251828114
48.69449085275833,-0.43962687457302263,-1.6381318395686715,48.020176775174036,-0.7376893372210497,-2.3784076353956105,1.426055241498838,0.05870673851261777,0.27683569534032837,0.5445567184381459,0.05786755671048019,0.7012355506883623,1.0339433724933618,0.07848526122436653
24.132563313560198,-0.9794313635091236,-2.3228632900075845,23.714611316278116,-2.7284740821054747,-2.9696165949361326,1.2352809932276019,0.04501724265857594,0.7243160643843605,0.9177971103908598,0.04888298673052082,1.4888047943229519,0.9776185421851978,0.14525781698087034
