f0,A0,w0,f2,A2,w2,B,f0_err,A0_err,w0_err,f2_err,A2_err,w2_err,B_err
21.643829360620334,0.3467110360303685,-2.740766030818011,21.22426792169848,0.479561173211761,-2.998170046314797,1.0207977420232939,0.010515115033684193,0.14523989294946565,0.3925773593395258,0.008660328719102448,0.1580119385849334,0.4129618354832064,0.21663181642774942
24.37063696795751,0.3773732747974954,-2.8644857165490363,23.981208113769554,0.41893218971045226,-2.1615262893252742,1.2847729104079346,0.010816196747021476,0.15382326871679444,0.4536414478905204,0.015094318851439576,0.10833613933674174,0.32801392016870995,0.16794463399077186
27.109252276243954,-0.04960173640846831,-1.8652140918994393,26.719318876520155,-0.07350101149717764,-2.437035681814655,1.2495089858572699,0.027008222949241902,0.13931625066536216,0.35563824839436586,0.0085789383913539,0.16149043515940453,0.4630078896546792,0.15298871789737664
29.96251489768486,-0.28722999069154576,-1.652560755453237,29.510096298755734,-0.3439770379780931,-2.2967192359064867,1.0507392255773589,0.03613680600137552,0.19614450713805148,0.4174499462507702,0.019934594279577264,0.18350160451432743,0.5865495785191892,0.17921817117541294
18.894170577701985,-0.1550182165383945,-2.2026146895597796,18.513365669866687,-0.13077043340342953,-2.320413778134166,1.269351187658252,0.021267149190854533,0.17862006716203238,0.646263511983335,0.020943332301454592,0.1699853185621439,0.5626737716546798,0.2022206383888227
16.36284534741524,-0.4283472712373301,-2.844500341818579,15.95519212193166,-0.8922519673038414,-2.8017225174557003,1.0155920921209387,0.015488835703042807,0.19600118317763254,0.5646278446236471,0.024441259601448464,0.8561672355388901,0.8735321106609456,0.20531899197449635
