f0,A0,w0,f2,A2,w2,B,f0_err,A0_err,w0_err,f2_err,A2_err,w2_err,B_err
6.691149025309501,-0.04967737698655127,-3.0503922060962374,6.500507005740391,-0.46924146257173616,-1.8712694491383797,0.9699373382306136,0.009313092110504842,0.1595377738554983,0.4631327891268403,0.017349633543372826,0.4252483050174345,0.616049134904289,0.2943551249499472
8.059966920934357,-0.26876158421368046,-3.037244085570088,7.823103491577901,0.0015713215341668155,-1.7996735545239178,0.9756432831398858,0.010817776179281414,0.1996568895529051,0.49632209482554274,0.010259441903967584,0.14397572370857076,0.36076880225919955,0.28005691061262317
9.489831425649337,-0.5387328793824671,-2.4562164396227764,9.301097609866149,-0.7178614840546863,-1.9396199642157887,1.3021673438716876,0.02027603577097865,0.26597035375912476,0.7880764921709188,0.026055781254212915,0.4901552897072086,0.8308109476966262,0.19729042514302786
5.289923580946956,-0.6092410345832829,-2.262718930643933,5.138051431496958,-0.8823146668305406,-2.2205429890958155,0.9647268485019564,0.018805651880766192,0.31159916407913574,0.41437382069013606,0.01731194221148293,0.5032835808815899,0.5235600776153758,0.17788255147040516
