f0,A0,w0,f2,A2,w2,B,f0_err,A0_err,w0_err,f2_err,A2_err,w2_err,B_err
7.764207596236775,-0.2695658657564668,-3.558010355360732,7.566429515448468,-0.5259294195728379,-2.6209030728739293,1.1684327699151702,0.008043529401737401,0.21159682482421396,0.5709043337755481,0.017855676152789848,0.3292543103050593,0.7986238558669592,0.25159449115739657
6.607141791964218,-0.3888794484918626,-3.1221120881689672,6.424739763773616,-0.480443694730452,-2.698966294511661,0.9360154912046004,0.011904797949336231,0.22849303142394775,0.6574976719979131,0.01475883158086875,0.27283627672959065,0.7366307029172577,0.269526236147935
8.883544053175061,0.05132955828116492,-1.9278581945362663,8.72204360370178,-0.30593532922019184,-1.798291934752792,1.0535966131728045,0.02019896572342509,0.31175883117502307,0.5923617865095062,0.023594842023876305,0.9084592681366299,0.6763458664575515,0.27589497675016433
10.095714617505305,-0.9166759221341555,-2.688807642507439,9.91373592862307,-0.4467176532674457,-2.121217075742472,0.9618457222046017,0.02187219034198319,0.8160941296629041,0.9021576066849435,0.015886534556289814,0.2803169679563314,0.6327779642987259,0.26379240419714395
