f0,A0,w0,f2,A2,w2,B,f0_err,A0_err,w0_err,f2_err,A2_err,w2_err,B_err
168.5969718594273,0.5339530421808931,-1.7518893731154206,166.93605022581434,0.29917412611415556,-1.3046715341779749,0.9718828078612967,0.016544663366171528,0.07699499903856838,0.22138689259005143,0.030721726947144888,0.07973511745524861,0.10911363185177567,0.055389560381850826
182.2656368188704,0.7809238748653491,-2.231550754003658,180.54182441418155,0.5994810334547628,-1.3865815093820868,1.1897672866771518,0.01253420084051954,0.08996457911106605,0.238483544002362,0.10217439188861838,0.28589110547342844,0.20010512852937665,0.07691420321894639
195.85651207674675,0.8765654157155615,-1.5300462847484637,193.92086144551143,0.9956422326602345,-1.2382458233301594,0.9257156141842231,0.030289032915257825,0.08228417011851881,0.19773200073314254,0.32439909848996734,1.5747791022427964,0.7626572765120236,0.23197719428707544
209.7058038788542,0.24957332088060274,-1.3382779574580757,207.78721174370162,0.1218957913102113,-1.2509349650734596,1.0222136992522066,0.027015597668623343,0.08660725782834018,0.18575099186826882,0.16684076880505566,0.5476903140893425,0.5519109804577923,0.07913783010891552
223.6021953257595,-0.4157708650019175,-1.5152615037267028,221.42022984496342,-1.2903925088406527,-2.0351521104281343,1.1338530145579822,0.050484433172007494,0.18278224793336215,0.39024635950225073,0.3164220533134932,1.7829018739339209,1.001390721922786,0.05522396139136258
154.90136695704513,0.32683350156753155,-1.6686922795008772,153.16915184216737,-0.13803792716418697,-1.6768164545441362,0.8553907781376995,0.0185904625766366,0.07841330006142214,0.2283331991375168,0.03105222884700326,0.1361965240999415,0.3125576347222579,0.05254279760961777
141.6622409929436,-0.35768118528886805,-1.8514960020406948,139.84682094224917,-0.7903431500727085,-1.7066346851728709,0.8844343472948295,0.025386712756779114,0.1321555329524366,0.3803276924238692,0.07720204232580202,0.7569878250401356,0.5635549847639922,0.05084108399187277
128.29686578932964,-0.8350392278118225,-1.96403387427599,126.51726822707059,-2.3266320493948207,-2.7339626155299346,0.9136660504411164,0.07010824327049885,0.6383514655497239,0.6726016007538638,0.17873035964207518,1.7963244081207368,0.9788662064750578,0.04821848682116623
