f0,A0,w0,f2,A2,w2,B,f0_err,A0_err,w0_err,f2_err,A2_err,w2_err,B_err
42.65849119313282,0.5697240805783319,-1.8490206809882488,42.08467115483887,0.07940517899358497,-1.9998111536489582,1.195990039608171,0.017447248005053907,0.08867249707097556,0.29539089168605137,0.02315341943261232,0.14691972984700957,0.579619234442729,0.16090503666606293
38.355125712540755,0.3138888019004938,-2.032884546327189,37.70376536582145,-0.04582227032200871,-1.8729282336411637,1.1595447828252672,0.015773565767226317,0.10223918156383954,0.3070331526838757,0.023840743207885418,0.12684088797937026,0.40115889683195194,0.1655656229484359
34.047651699013905,-0.012624936495511246,-1.869603612097891,33.48253049552129,-0.23132651205622723,-1.72075772390242,1.289661413180562,0.024137438340610627,0.11774263212865108,0.3526658712362942,0.03354489964588827,0.16828975255336695,0.40032722384921493,0.13902658370904433
47.01364356387098,0.2770223802797775,-1.582254084247036,46.425911808380164,0.05314744475247359,-1.8162328142080149,1.257953216845446,0.022858252973612842,0.09913031814442715,0.2705547084712573,0.022293464519235917,0.12312000044339552,0.36525350726855055,0.1389251761340778
51.44102590879302,-0.20640997267219618,-1.5748116480162806,50.83751422135464,-0.11640441525902206,-1.465446022732859,1.1747999503378317,0.036282301959816826,0.22597975930914968,0.5533218313092776,0.016685525923814594,0.18067759252662122,0.3499565445616046,0.14426933946483808
30.138617799406223,-0.7185861551375711,-2.419655142034628,29.51000682007141,-0.5589243921282414,-1.579925282113284,1.27914956458634,0.029091147006936317,0.32443612677768563,0.7050031779516895,0.05291184816423442,0.4563415192575786,0.7092320487127829,0.16652131267414422
55.891761928856084,-0.35729692957762066,-1.6360146540069167,55.093832414715095,-1.6017258895715323,-2.432007827522318,1.1513317540245789,0.03779406056360151,0.19468951584661512,0.4834477287115784,0.0821463763678127,1.5829337683760416,1.0007956702710308,0.12150678247959988
