f0,A0,w0,f2,A2,w2,B,f0_err,A0_err,w0_err,f2_err,A2_err,w2_err,B_err
46.58912133119966,0.7666384780565338,-2.851789000861378,45.84781474033385,0.5227068470299708,-2.507923752019867,1.1332983163449917,0.007646382242338507,0.13444772191431678,0.3408736081795292,0.01042765875391633,0.11360495645429938,0.3188424459645363,0.14592806100254063
51.6614220456008,0.7853600279882809,-2.7440953381654705,50.93060513765799,0.35656251974068864,-2.2046938962919858,1.3557096975491776,0.00853548542941387,0.12642447067728385,0.31889469362146106,0.014190914685259723,0.10984382331358933,0.33128108978530196,0.10495559318220923
41.4080217797943,0.4176897518734596,-2.629998797836138,40.643595152482376,0.12073679287778571,-2.4371386224368203,1.008596796552258,0.010267514032043366,0.11769255983260361,0.3326499872340173,0.012723429764308592,0.12054756109176415,0.3664636126977954,0.13072458746906007
36.50465355446218,-0.15064873266014125,-2.2585146545749617,35.842611284650424,-0.8764183522099556,-2.1181380622315324,1.0205521326212639,0.018014639259319384,0.1380753182701961,0.5053241694424834,0.046760239816996514,0.620206374087697,0.8243952241110258,0.15953794221008777
56.94205209381269,0.1796170436629001,-1.7768510368955832,56.19232699543015,0.29331728282851843,-1.4052556425164298,1.0152466556877775,0.02240772736903154,0.09799460363386105,0.28316418026236106,0.0141413511184486,0.08949519882570955,0.19709021387066275,0.1295219840139488
62.230764418094054,-0.8544027245756001,-2.0156330027758864,61.360382608729964,-0.6904153007655986,-1.6941479685725624,1.278864063779427,0.07486597075330158,0.7147865184317665,0.9902671791468844,0.07347645240199362,0.98220930382587,0.8048169234872382,0.11813566600765574
31.538380155894657,-1.0430584640310276,-2.7691857048214614,31.016873222878562,-3.2198308386174466,-2.8787840178504096,1.3036769567953044,0.03670493007371644,0.9196036213550883,0.8838534581892891,0.0699568315391102,1.5734386804390617,0.9962746260036438,0.10162162683765759
67.58832639788562,-1.0113305569270854,-2.648923694322981,66.67238682803914,-1.7219131713617917,-2.307171600036521,1.04612124064504,0.03941031345338708,0.48495681080132774,0.8228970690685465,0.1363649347761473,1.2144477657020094,0.93626477198859,0.0705248963770545
