f0,A0,w0,f2,A2,w2,B,f0_err,A0_err,w0_err,f2_err,A2_err,w2_err,B_err
32.889799958231,0.3380519430873299,-2.1732556310325304,32.2497662138223,0.36144417331813056,-1.340609161211753,1.289554969719542,0.015926058130041963,0.12119047207451038,0.3942186165598714,0.03132598069827405,0.10130455765103717,0.14133494750350195,0.1776392717447925
37.12104147909725,0.42063341265963067,-1.502056385080269,36.45599592439274,0.28427242959935106,-1.5494559443742841,1.3598517227508822,0.030936942074837055,0.10584351039843776,0.28155034981386545,0.02967135835356481,0.12211185836394349,0.29202014651726665,0.14002109077656236
41.209833383797864,0.2879664762924112,-1.6139866615386516,40.591976641797544,0.17449571494258997,-1.3579262927933193,1.3859116847497832,0.030091534749213944,0.12869997915673845,0.30654399407160143,0.04442003146508479,0.35686592426463576,0.2830943755194382,0.11670196344784135
45.6369649759319,-0.08120202619531389,-1.5880830942424486,45.01037734612668,-0.527688302114964,-2.1957365922516203,1.4414364228764436,0.03357913961403238,0.15036621156804006,0.35206056390464147,0.04383785060772829,0.4232787082713757,0.8908952337923748,0.0756789222665024
28.809501959783823,-0.2024541034401331,-2.0531638348650136,28.147722590574606,-1.231786255116337,-2.655445567543995,1.410046791629006,0.016163502432470757,0.1580676271843247,0.5377526339981269,0.05793635206351146,1.4194317362331,1.0504992839108496,0.11189879706375797
24.888961111369536,-0.7226630598678403,-2.8237175839697755,24.45455914648826,-3.5696680023947285,-2.7253895644716124,1.2339286320858247,0.02448810712778846,0.29225883555072196,0.7580292258930075,0.05635568720539981,1.5200592724833137,0.9795634783216179,0.11798318920251417
21.051008315506575,-1.4081791410188602,-2.8917389011185985,20.64790925096067,-3.108266960718172,-2.6748017085336255,1.1225819295075408,0.03539606080441748,1.3868554945149052,0.8664014575372738,0.04770858468324751,1.5059837631929502,0.949778745525939,0.1323558911363262
49.7330977647785,-0.6599295627211057,-1.9019934551122013,48.9732354473419,-1.2686175694165691,-2.061202359925618,1.086585118359173,0.0497744344681941,0.6273132856639869,0.701585125385289,0.09249659322621187,1.2436364722191686,0.9335150081810587,0.1398277219972718
