f0,A0,w0,f2,A2,w2,B,f0_err,A0_err,w0_err,f2_err,A2_err,w2_err,B_err
28.155484769253995,0.18302236189277576,-1.9899967463027055,27.56929469407036,-0.004621862996240317,-1.5292883466235,1.2656762465651514,0.020368344084082574,0.12213531232118083,0.35462576498216053,0.032163257815009755,0.13976588206725518,0.28466683511719726,0.19521179275300665
32.20502593993781,0.41654011225562104,-2.5871177232338405,31.579229273800937,-0.0628194858046939,-2.1862267052988114,1.4351368898961452,0.011405553415970262,0.12923016916673455,0.3864071623884805,0.01733022821316273,0.14510609391094684,0.4651612484140356,0.07350938779024381
36.323039303149315,0.31808589381786223,-2.548499093199492,35.67888032030434,0.4499652767272424,-1.3307718451534312,1.4311347544169903,0.012154531467319585,0.13203463609595867,0.45280189333088994,0.03091076749490826,0.0961999973495541,0.14853824777549393,0.08502711787332544
40.44072269971656,0.26981850438992294,-1.5115390190107167,39.81470050201436,-0.3394555596583294,-1.5897432473714357,1.4564873263479725,0.029228059837923447,0.10392579945097632,0.24913070062386297,0.05707329344681261,0.5826281596819248,0.6064469788748748,0.053642674090642155
44.59976618517226,-0.4082865600327266,-1.7501653251920835,43.995850092819516,-0.37783516767807973,-1.659811976455249,1.271020249212511,0.067455501606638,0.7416531753747528,0.5948096021822997,0.07874657404405026,0.9983236139173804,0.7988803470236677,0.18322432719882595
24.332429587169887,-0.6158143925870133,-2.9777557528040703,23.896303248429994,-2.5459609526427087,-3.0052204466125083,1.4000599373380065,0.025028506019848823,0.27163296799531245,0.7585355452450786,0.05386019380803928,1.545509658261041,1.0336084599482669,0.08378527623896445
