f0,A0,w0,f2,A2,w2,B,f0_err,A0_err,w0_err,f2_err,A2_err,w2_err,B_err
23.71146025466139,0.0558153954147528,-1.817634479192766,23.24181708105059,-0.06062140457014646,-2.2905387671150206,0.9056776718355939,0.0224200451336939,0.14370858381384558,0.4532839379426294,0.01956570443882153,0.14283558590722784,0.4502253039542457,0.23657861998084456
27.087368062112866,0.14268558190070463,-2.168057998698126,26.54881621187276,0.11450631753703533,-1.9120828270900316,0.737091923431855,0.015169847019570066,0.11230320231723159,0.3454330720731445,0.019547322478659354,0.10162810537005629,0.3026116523617349,0.18224529068962605
30.586000474286628,0.3915280105723888,-2.111362394621736,30.09554915424276,0.10811340653430188,-2.1510673846639756,1.2217941879684426,0.015082479745652317,0.10059114934924376,0.3137413519673364,0.017875048230663052,0.12975351450187284,0.399952839468965,0.18840774084538542
34.01262892400949,0.11126867272289226,-1.6838984403883992,33.49017035230878,-0.6443424041525576,-2.1274335091944967,1.2982096765248847,0.026459466573865137,0.1128967618470674,0.2930334862424785,0.046732459352123695,0.9417573392489839,0.8683044049174604,0.14961265964084872
20.47145081301808,-0.7624980328849381,-2.9534494744455997,20.07121431515594,-2.8595739990610367,-2.7568194583312935,1.24726390888955,0.022815929004758893,0.5446895418516718,0.6885282646361338,0.0429420869333821,1.6978022808597557,1.018482145919469,0.1308283800310687
37.64381777755746,-0.7870829245526632,-2.560965240668318,37.04059076883068,-0.8954754457599856,-1.82733119161864,1.3488780928278166,0.03478036317671251,0.5365526005698972,0.8147361277511164,0.08344908835393121,1.0241707215910056,0.7549294055873804,0.12071593087240488
