f0,A0,w0,f2,A2,w2,B,f0_err,A0_err,w0_err,f2_err,A2_err,w2_err,B_err
35.124601102429736,0.2829169517734835,-3.13275525870747,34.5250506315533,-0.032115747600476384,-1.511667826106208,1.0856063063862391,0.0089728899591387,0.16940783859294875,0.46570878890236483,0.03601151008185088,0.1458046026729399,0.2843538580140905,0.17978601914135728
39.59306174917715,0.6675084117876534,-2.29736742824472,38.92076761647378,-0.1913074220490591,-1.6370593461291154,1.432032772307128,0.013421536650728118,0.11340059345544999,0.33245304099936884,0.03694931208166901,0.17701089362227151,0.36811904538760315,0.0772393314955763
44.015491419491845,0.557322879717457,-1.7076083823061938,43.407611817293024,0.1917999231003095,-1.5353720376857813,1.4344370233701431,0.020304377634536335,0.0972337018653257,0.29005681298939234,0.025635181718591426,0.13610357278391091,0.27915578578370553,0.07739056169086245
48.47355545030093,0.3665053548927546,-1.3431818175596144,47.87814760728368,-0.3475604703885821,-1.633828162970201,1.2483366423672604,0.029835887503911845,0.1032105605647688,0.15991252148209356,0.06631400859936466,0.5620326847957784,0.7252284547602985,0.15698976566092027
31.009215755138946,-0.2577037939667015,-1.8008385868015568,30.43521750042498,-1.2663557459357349,-2.335304053662259,0.9945073686160729,0.030236179376662103,0.17447367809887554,0.38791746298104113,0.05296009767608809,1.2126529597615545,0.8964662856170803,0.1871436736222718
53.09997345984104,-0.5700827017424901,-1.88981456438281,52.18503362759452,-1.2863545592378285,-2.4807331896930225,1.435815436090658,0.07809275681607296,0.7216040528315459,0.9039259308194582,0.07931494013113206,1.21545062832114,0.9923676521738615,0.06557196017305096
57.90532437133332,-1.1660589280584215,-2.235512751656378,57.048067005291266,-1.811238009118949,-2.5197382821775896,1.118437559016363,0.08208360280293331,0.6847438224831052,0.9378863279491515,0.10627852451707309,1.390075642784777,0.9923362271421873,0.10127917551838207
