f0,A0,w0,f2,A2,w2,B,f0_err,A0_err,w0_err,f2_err,A2_err,w2_err,B_err
40.8049001377312,0.1831441327272585,-1.8941329691706115,40.1052631400325,0.3249329431415903,-1.5432430764164344,1.2343690726849046,0.024012536096767165,0.1202468259483466,0.34398927646241095,0.02696405543520446,0.11704159434335508,0.29639934177271293,0.20343778446207694
45.41558838260941,0.5892718608608651,-1.5258337506778676,44.72542704414005,0.3983353084115723,-1.4847382249825392,1.402063193358554,0.034492715146390955,0.12745013281003592,0.2405712952685141,0.03382953588481325,1.0640406748827091,0.4742232485725993,0.1117067415800782
50.022600296498624,0.18690432782956087,-2.2039204254438585,49.36722413989825,0.46787703021002924,-1.3110681226884653,1.4053570025547548,0.022465778110158697,0.1483267394896714,0.4173393611897987,0.022155842735947204,0.15600397122333287,0.1802049843684243,0.09396040816508881
54.647693416022484,-0.062007931252642964,-1.4763164346103623,53.963856666594836,-0.723108523566296,-2.003548953925182,1.4013405279813802,0.05353217976925505,0.17833285798528575,0.3131747488843384,0.1098715472375548,0.9224311492351673,1.0925509165856073,0.1159048650617858
36.25738891177438,-0.07621583174750074,-2.092402467188422,35.62508535523577,-0.13295528800488252,-2.14912010097589,1.3716161870626538,0.023482996381954148,0.15147232218338155,0.5240483753193289,0.023376444239540252,0.17239507213313054,0.604163747477359,0.11990434359806992
31.941082732090695,-1.1149601856940876,-2.0847930210526915,31.350853049980415,-0.7151316481148594,-2.7285199426725875,1.4344910527602883,0.063596042439719,1.4251964957210856,0.8883484406563363,0.03278721722070231,0.8496442395419989,0.8973267575422136,0.09233213644597875
