f0,A0,w0,f2,A2,w2,B,f0_err,A0_err,w0_err,f2_err,A2_err,w2_err,B_err
33.765857090721575,0.10576688897146576,-2.2296754971939103,33.0790008914765,-0.29689225898934385,-1.8558022467593112,1.4343296050194403,0.015227302153684376,0.1139621336059154,0.41175154959378496,0.028262320721014884,0.21262323732695426,0.7400782518625609,0.08332943933066943
38.13140274547605,0.4666698415757659,-1.956136967032725,37.42575231124747,0.5271793803450652,-1.275968536252913,1.4404491828625836,0.01774219384362079,0.09387197933021686,0.29777234678183023,0.027708486504109377,0.0905034815667383,0.0946976939507765,0.07484058076944841
42.389499939882455,0.3507390025243641,-1.6227354010915358,41.605333694868676,0.34755954261913935,-1.3612587220407197,1.4286628764941502,0.023487163334186482,0.0925335727489416,0.2455996826659458,0.029349590811712928,0.09249239370763863,0.16210581304773497,0.07393157071640838
29.70356969547101,-0.18920572569594785,-2.2920098687479706,29.085218044599895,-0.4626095056631716,-2.674843002215386,1.3486024096073477,0.020596552803224182,0.15371167831380084,0.5558187239154615,0.019374342483193807,0.2220656664325112,0.8233741701791916,0.14842522608847003
25.58638157440522,-0.6778138728794272,-2.935386230320572,25.067802142735427,-3.3113728163360836,-2.5627219300546984,1.2724102785831617,0.02146145245474559,0.24590220718936603,0.718222078892892,0.055766978537428874,1.5751719413599001,0.9624249286706889,0.10765964631440329
46.78965478562438,-0.4273533046494095,-2.0310931362573905,45.99402959250369,-0.5864476862080381,-1.5891131337659927,1.3977545530950688,0.031149369948930812,0.1895027872838562,0.5531178950948348,0.061629837210615934,0.6568989201497083,0.7245587925729873,0.11088526788495773
