f0,A0,w0,f2,A2,w2,B,f0_err,A0_err,w0_err,f2_err,A2_err,w2_err,B_err
153.89735446926449,0.9498695948659448,-2.3186820075626646,152.35092831499583,0.5773329641450259,-2.4532494479660194,1.2298374468634234,0.010138788754858219,0.09497627507767757,0.2754471070371282,0.010574289134477064,0.10510886473112796,0.3192920722766286,0.08080617730798721
166.35753025608386,0.9877177385159587,-2.3445135520964415,164.6563377058481,0.8943609311441044,-1.2678862781210685,1.2415703725557024,0.02533933044506511,0.1315397976101728,0.4505747462478586,0.27719246127168895,1.2134548908042133,0.40058295946757405,0.12173087695702292
178.98620805153735,0.5185669448472268,-1.5164763653708984,177.3119878520825,0.686300692575664,-1.2685403728743745,0.8166061617141525,0.0205526066883501,0.08551183951990285,0.1860202649999085,0.24568237814341695,1.985778787283707,0.72934921081371,0.27504513582099266
141.3725867434233,0.3005495037412296,-2.0255005004945423,139.73967495507438,0.16140156901625077,-1.9770312327481994,0.9044080418192342,0.014729895115069124,0.08902131423372037,0.2651584471700759,0.016134740631812743,0.09412963070615155,0.31391565601530097,0.06116678893377217
129.021559180101,-0.19800510857974069,-2.6814498874324952,127.40381448863337,-0.5425955824285741,-2.410097050870936,0.9620241615039039,0.012791907081536049,0.14530293281392825,0.5341699909075501,0.039406209470590516,0.1885904979209606,0.6047681588791406,0.05332102600724021
116.90508535206894,-0.893978138272075,-1.9757941784938824,115.30995082952344,-1.3122936257952533,-2.711791597434276,0.9421325375366121,0.10347741673074924,0.6017541920870827,0.7007900379619881,0.11639967669326663,0.8107602199555277,0.863352535491093,0.05315368728661547
191.82708310557308,-0.07832492326727773,-1.572867208120838,190.0071853303167,-0.06108282972614201,-1.2717682983009833,0.9524308722254311,0.029228950934808255,0.11210845965713487,0.34466173954960455,0.09188930588024387,0.3629799252410445,1.0772678032154726,0.08797536104157364
204.5509294976588,-0.4474047897352187,-1.437194357000576,202.0931675183486,-1.9714329137818458,-2.7022632181715456,1.057130226583323,0.047632876310847255,0.20136236922555753,0.4183150565744658,0.22047219679022392,1.617967643649107,0.9833229386240722,0.048680242709718644
