f0,A0,w0,f2,A2,w2,B,f0_err,A0_err,w0_err,f2_err,A2_err,w2_err,B_err
37.96279491192164,0.6570329200328267,-2.5296192455092186,37.29671762810954,-0.06622847185605496,-1.5911267098537403,1.4152900957429313,0.011871974090327931,0.13016227922362567,0.3602928782909687,0.031510735101711485,0.17765058803292105,0.4852471995390856,0.09394129250750191
42.30922027179248,0.47243293308460466,-1.398328314832093,41.64682347987466,0.05773580701602696,-1.3967379366876,1.4327013994871607,0.030716249091249422,0.1008074109797096,0.2068226309067374,0.049819922131239244,0.1654257533110616,0.2848572390994164,0.08137617401253461
33.717131810165796,-0.05886270442366848,-2.3322021363514414,33.166996258778084,-0.008706122751947763,-1.693439840556942,1.4423061286473724,0.019437457758631527,0.15319729532670662,0.4481983729059323,0.03241422195259793,0.16187760905691007,0.5448016423036568,0.07028904155900241
46.457248536562034,0.33023565251254317,-1.3786077578251064,45.913631749374524,0.11231221257029883,-1.411201873245548,1.14465573082268,0.03983327490713077,0.13931895322002585,0.20868586429236236,0.04273145806766078,0.3626958333483127,0.46762681740324247,0.18634191222076002
50.893691408016736,0.13949954565752173,-1.544532911941031,50.20371401861907,-0.7444513365293481,-1.949865870247583,1.2557547236316573,0.03349768337243672,0.12240287630482255,0.3268378287837755,0.06647869074508639,1.116005697319984,1.0046931875266636,0.15129122116313068
29.780824783851916,-0.29135205069934766,-2.5246802902526246,29.129188674262096,-1.518334543094241,-2.7845909213072266,1.1345380646817398,0.019108878405809493,0.19287820284792492,0.6009022326744772,0.05437823760668626,1.2748975706942047,0.9661606647985446,0.15240948961498452
