f0,A0,w0,f2,A2,w2,B,f0_err,A0_err,w0_err,f2_err,A2_err,w2_err,B_err
139.24991918129334,0.7679092547283214,-2.126506598375551,137.74773956141556,0.7781464307893792,-1.5781676011513537,1.475984171904579,0.05761280591518752,0.19931214458131724,0.32364274532097476,0.1367675088828398,0.7401154152171686,0.474653565905351,0.04264880869378452
127.90449869768923,1.03832804881243,-2.867153580030836,126.40812822819606,0.8556436429358487,-1.9552749044554925,1.4349079847232025,0.007671883143065641,0.13855973999887505,0.3291454722541957,0.01407550613423081,0.08195885653771377,0.2854919383361621,0.06633235785925247
116.58263441109003,0.5555833569165681,-2.536181120487044,115.00792043588433,0.1209500652401416,-2.055763040385264,1.2202688197829588,0.010148716032589458,0.10677715199254763,0.2769750897424863,0.01766732096882589,0.10929939988674257,0.37281940834355715,0.08046476651103103
105.27606796416542,0.1725662016687246,-2.2585592788705697,103.71115130202102,-0.0803049538832678,-1.4491066714216243,0.7585102657335874,0.012968637485240256,0.09753959094080265,0.2760187571147237,0.028283857881744427,0.10210106116277277,0.21839723410520429,0.058403644260635386
150.86775733469995,0.28878128786630775,-1.5269813881123615,149.3323013169849,0.14332104492762607,-1.3258618975931435,1.2431749707559363,0.02434965716806322,0.08832583066920961,0.21816136723291074,0.056760841226930425,0.12876422652684405,0.21338660510552215,0.07737802492992282
150.86148301040143,0.2863236214886916,-1.6033535459969928,149.32938047727453,0.11458705870776517,-1.3772820355729491,1.271276085668688,0.025544632853218757,0.0927250555894502,0.2645831891055115,0.2731406935813818,0.6584716225093599,0.8069550895602686,0.10646760346047532
94.44769864685686,-0.45341901821897324,-2.1749955676825397,92.96556917113195,-0.7306293207277774,-1.606393548229093,0.9122115026839982,0.020875161924801384,0.16407126510544362,0.5128030151354392,0.13200937511022753,1.450003887392955,0.7935640160931755,0.08286457556210088
162.68868547571878,-0.12507991858367185,-1.3536960296559615,161.0581687239855,-0.2690647089158156,-1.3976976956305291,0.9974793803291343,0.047701157089598795,0.11505346264553651,0.18463551470432385,0.06893879732432413,0.24026559160678723,0.36641419093810773,0.0609004448778796
