f0,A0,w0,f2,A2,w2,B,f0_err,A0_err,w0_err,f2_err,A2_err,w2_err,B_err
24.816085075206367,-0.37325443816250525,-2.848054985758664,24.29259627818748,-1.820472540688501,-2.3370760307018985,1.2139220155304224,0.014716836842909323,0.19365196621518682,0.5211889222243913,0.057664218957603784,1.1378279692253181,1.0083869788278848,0.16046708137662838
28.78289348513602,-0.03876386116780958,-2.3359162296404206,28.13852263864316,0.10136007392525881,-1.3781933821696228,1.2647420874226936,0.01967948029050442,0.16562544884639474,0.5620521492908483,0.02695223461630551,0.21715535567058425,0.19249729879904703,0.19808746717559592
32.85331099648145,0.6395633901992305,-1.7240455174553375,32.1991508582745,-0.22428265991811575,-2.190359649460675,1.3788357807068585,0.018849739326331317,0.09625288636346079,0.267398855744545,0.02080807363846984,0.2481403658635142,0.8555665158648216,0.15046867088368346
37.099902405889395,0.6543536753760593,-1.3875918433737535,36.424526430418254,0.19338206398469363,-1.4099862153718745,1.4423430899380258,0.02810212032891175,0.09192660353520196,0.20220754356422543,0.039215114677919924,0.15103483623956332,0.34495422178219626,0.06917690867385465
41.251175525300894,0.016142179985852607,-1.4910660615305218,40.56396493468021,-0.2671908545016383,-1.4002494718075151,1.4292198836374013,0.038629833442182876,0.14247418422015368,0.2944718479900944,0.08917672305530724,0.6114761415954989,0.6143423601218694,0.0869335075022079
