f0,A0,w0,f2,A2,w2,B,f0_err,A0_err,w0_err,f2_err,A2_err,w2_err,B_err
62.43997733554174,0.7169184617575923,-1.3292749563599213,61.67383660343216,0.19469393037829816,-1.8740720642144462,1.0658319269047096,0.023609874745005272,0.0699808895200048,0.12876296058667294,0.021131011919272358,0.11288552662951756,0.36225060742724563,0.13922103447834197
56.68517582989441,0.3188977960626006,-1.680677448459519,55.91205839466431,0.07989741240015699,-1.5265573018978764,1.3821389748027715,0.02149354825735878,0.09897079484797473,0.3047262006231055,0.023705925190141166,0.1239739328230324,0.30146879523846143,0.10313115347044265
68.08027544952506,0.5610178319518324,-1.421508185820112,66.84670709571704,0.32927532721258296,-1.339771698188525,1.371000129414876,0.026821288284982866,0.09724456645817446,0.25145802382633553,0.07473673806725978,0.13726196292699597,0.18880870749964376,0.15243741205558262
73.79753021725081,0.3146632148680737,-1.2890955764612053,72.72501863391335,-0.30308544029460377,-2.6082189677136545,1.3911646844838679,0.03711554619701086,0.10022278115403867,0.11129110165855864,0.028188944458053672,0.18940036350529885,0.6487388785300505,0.09269476825927708
51.10376894081298,-0.07607666314348237,-1.8910479346603377,50.197633066693605,-0.2616698820594816,-1.4617390181438719,1.2970442921792318,0.021730709140118497,0.14001747110318774,0.36880550556261354,0.07391011042437697,0.40299093833062477,0.6048232383285753,0.14157174690369492
45.79965037164992,-0.22072483546462768,-2.297244946443208,44.939264102789984,-1.0802382084234048,-2.149552840569846,1.3108024810090007,0.020073630311780822,0.1543389271880302,0.5037498982496146,0.0713691095539415,1.3467036171773628,0.9416906122461304,0.1313695378742994
40.110214398618595,-0.8426963801815666,-2.51774061730912,39.469143289379794,-3.282633323792987,-2.926581678578561,1.2045648654553318,0.030534282200134166,0.3824181820710615,0.7545426291262557,0.07893153337078801,1.515419919590852,1.0119975328520594,0.10006106709032744
79.31739647981418,0.06782812627743988,-1.2924309611211555,78.15355726992561,-1.2779193851429,-2.1546720981537755,1.1056784819857264,0.04711668000566478,0.1270038187746116,0.12771100379703337,0.13845992995944542,1.0373708557925152,0.9188269607097388,0.10724658854934652
