f0,A0,w0,f2,A2,w2,B,f0_err,A0_err,w0_err,f2_err,A2_err,w2_err,B_err
45.97869523316928,0.48945979710465015,-1.6392138631813595,45.358651086211324,0.2103697622892003,-2.0111560714640224,1.4012987976647473,0.021259840072336136,0.08069396130089448,0.22823267799898442,0.015038253647521383,0.11746716023336345,0.3777983973780401,0.08724853828964202
50.66555354723746,0.43251377056270723,-1.8093088072475907,49.969757934399524,0.3496334241538966,-1.2979076747535254,1.4420486523743385,0.020560860624314795,0.0970192283319298,0.29428651572863995,0.0325640817911691,0.1128822705333022,0.11575965340526702,0.065189256910254
41.270045227375434,0.34443466294069325,-2.15141254028905,40.62268361042843,0.16076869043840905,-1.7705178021512054,1.4214816580625516,0.01577550915533674,0.10942570466729373,0.38379629383945013,0.022801669198914472,0.11060307498017408,0.3339529998472141,0.08154908369339602
36.88450748963491,0.10685539548951666,-1.750335461593477,36.24973534936383,-0.29050054802399466,-1.638697430904825,1.0693364621518149,0.022580356033354242,0.10964374429646775,0.31980119462171797,0.03366804479284391,0.20153736767671349,0.4566949847235623,0.18866505574498973
55.26012172091595,0.46334284870277465,-1.330693255217763,54.486671538785906,-0.7408844227578959,-1.7840293101768672,1.434461047181063,0.05232565494360877,0.12439045055153164,0.23235988002742877,0.1255624278661542,2.167785139259643,0.9822198352119231,0.13632878589534572
60.090789031864546,0.06667196148577567,-1.794581113460545,59.33739142431446,-0.17817799465719153,-1.346915796904079,1.4242742786675349,0.02343457394942286,0.11526179227592738,0.3504552716724545,0.08078747389003493,0.2509169644403325,0.544535644730872,0.08047577901633413
32.449097809118975,-0.7474426177568574,-2.9628155537044774,31.796438433316467,-1.2786712095407413,-2.4519088379974265,1.1667648073803984,0.019908605003268486,0.2726375102844095,0.6705665881031498,0.06273284020121687,1.0969850620145578,0.9265877833566963,0.13779326697581565
64.72845073106926,-1.0225263973451544,-2.050299646024187,63.7494875060421,-1.732780106562933,-2.4550650209693425,1.3325028784696267,0.08805266428000569,0.7364557444548979,0.9368169122932195,0.11759663158552638,1.267992216804347,1.041254412560378,0.1039713509498683
