f0,A0,w0,f2,A2,w2,B,f0_err,A0_err,w0_err,f2_err,A2_err,w2_err,B_err
37.85969335184594,0.5969543550838764,-2.322151095976124,37.21794219092018,0.14220898510647506,-1.460979046256473,1.4260472188973778,0.011978624621971024,0.10484186373446339,0.3251037825335151,0.031578784061675295,0.1296023612172971,0.289587869593695,0.07791709252498523
33.52318934321175,0.33707033348094956,-2.0889031734528545,32.81284514750037,0.1279126359320013,-1.704425168738453,1.335648945973014,0.016182659343942744,0.10462165116868355,0.31747697987018075,0.017285314747991398,0.11173333938603171,0.31341933984335285,0.14697736302995362
29.414241836337624,0.07030413702970519,-1.9335342723660371,28.780437138752298,-0.06655872435844433,-1.3980563548968614,1.3877529807002238,0.02258266612114239,0.12286941355908088,0.3436164179694852,0.01614786097087055,0.14795301209279058,0.20633164248649122,0.1381878052215371
25.368184359262607,-0.5990628319411258,-3.1442130554498053,24.864643881257365,-3.4134207087955555,-2.9290201328525827,1.2130126418063907,0.013558287920430389,0.2346714432280771,0.6412340474840633,0.05755574831376801,1.6124106444583557,1.0038626742020127,0.10983432701180332
41.99823562431585,0.10681835251955835,-1.6702259908613488,41.36004456435545,0.23535542081535216,-1.5967444331170233,1.3854922209362528,0.025641752045299927,0.12677558455621832,0.4200560832717541,0.02612836287141073,0.10218272000643415,0.27029925024196155,0.11810956854452467
50.6723056151728,-1.262229262033355,-2.4392020375761936,49.82582677709902,-0.9837144490456802,-2.4530192579742263,1.0602867406715015,0.07861791236001318,1.2246445064625124,0.9565124278863645,0.053297180005214786,0.688476707402317,0.8331518033876043,0.10527863954868523
46.16062243231757,-0.845943726278521,-2.373545933429962,45.49337184824674,-0.6382858597235427,-3.373952659642252,1.457931281407323,0.049555934784236734,0.46399211575317606,0.9095354234892032,0.013809409518687551,0.22603734838809542,0.6148646895681592,0.04860433943169224
