f0,A0,w0,f2,A2,w2,B,f0_err,A0_err,w0_err,f2_err,A2_err,w2_err,B_err
36.76239678710074,0.4509378421758923,-1.9196370177682525,36.146722540127776,0.22178611634385803,-2.5024737122135225,1.4125296140893884,0.018266573106507734,0.09805795680037674,0.28879139322457226,0.013888474798787001,0.13944512427612507,0.44670831972860714,0.09531861031403861
40.837242524234355,0.5081928581860952,-1.7120387820551701,40.23549388423939,0.44561377325042784,-1.363237802448569,1.3698495629577705,0.04321655219634519,0.17948841638364957,0.42241947638863425,0.06957928016244383,0.8643327905077735,0.6179189834077421,0.1494866181823194
32.568243208121444,0.06288693954608392,-1.9921318351807091,31.919779735102196,-0.09054923195827783,-2.0688798898214253,1.3218122112262753,0.022377717619626744,0.13751503830990555,0.4594470089744708,0.020697071065735644,0.15505357634425715,0.459918379631367,0.15341964978743636
28.742106187568776,-0.08446477607276871,-2.647118088972333,28.15619979393344,-0.4987580240861861,-1.9955293486273376,1.3186815576630624,0.013674557294946783,0.16399008210996202,0.5090267591514085,0.03505416845042357,0.30736592943225827,0.9365672674537698,0.15134959201471734
45.08539623802622,0.09328579240979486,-1.6718422194167637,44.336120292080025,0.1895926655144866,-1.3569576709787812,1.4412251070430533,0.028806870954803637,0.1214677876956294,0.3198066013854466,0.04102098637113562,0.29603464773017396,0.2517567075111813,0.06949007649628326
