f0,A0,w0,f2,A2,w2,B,f0_err,A0_err,w0_err,f2_err,A2_err,w2_err,B_err
65.78163346587618,0.9459595827079663,-2.7182100690115396,64.92830554773289,0.7398453468897086,-2.435341419152444,1.2423106062078206,0.008791617383526087,0.12125455030483623,0.30498774811292895,0.010515473533245437,0.10418927978306082,0.30896064568004955,0.12653202694055815
59.34194825561901,0.5687709667937388,-2.848331436080869,58.39918381482149,0.3250840558984053,-2.7428325496764874,1.2206186146785984,0.008515235598404582,0.13422144964500515,0.34315890188874926,0.009452174553689399,0.12927177433255901,0.3823964723575605,0.11336949461842424
52.851984801082054,0.41292064321523636,-2.2513122592240657,51.94648928987352,-0.031321746944857565,-2.452009027954068,0.7656626275146035,0.011557762712042364,0.09649239184529211,0.2745637833288499,0.012767183455980857,0.12442180313431703,0.37568994733173433,0.09372180535966679
46.70358077322314,-0.6508820231819279,-2.016405691291878,45.85297039886858,-1.3859834521019505,-3.3027798490831946,1.1352677235753657,0.042257630254240106,0.3001720780599304,0.6356962254947729,0.08334250217058453,1.0358645449461998,0.9452381776156479,0.10797611715774584
72.33641540028316,0.37629331596096416,-1.8821346738484646,71.4294539007553,0.44529086859990114,-1.8596228723073944,1.0971928563659996,0.017531635161628714,0.0871016396962061,0.2951148074051025,0.01751029698503313,0.09380803449640812,0.3549961427803146,0.12884548946776578
78.9749614508587,0.06806442323840284,-1.3968035742083376,78.06128128622306,-0.22080027877470212,-1.6461810021660166,1.023880219367952,0.03557231335215948,0.1078967364275631,0.18093377647283182,0.1190205404182512,0.2596117232545878,0.6035953272485128,0.13230342246300983
85.79361205910757,-0.8403667526712739,-2.3658752779625822,84.58785721938565,-1.1358093517873904,-2.3833888059272352,1.1717773455429215,0.05846013483653168,0.577847920516781,0.8092147367692339,0.19832412540549255,1.1135388860512379,0.8673583497573558,0.08048721332860065
