f0,A0,w0,f2,A2,w2,B,f0_err,A0_err,w0_err,f2_err,A2_err,w2_err,B_err
41.48621138476167,0.6031665762569451,-2.318623718771585,40.77331843961474,0.0716319441635743,-1.6405569788523713,1.444118179053476,0.011974888518192093,0.10596442384236932,0.2802038959682597,0.028106471848778413,0.12249495050318897,0.3525861655654349,0.06414965842841024
46.18857314143485,0.35241489745967547,-2.1570328118214244,45.497196072185275,0.5383307478797663,-1.4354109212143453,1.4311822331392139,0.062923598435517,0.24892727967908337,0.6067893090188597,0.07730051962798982,0.6445384281308896,0.8843447487259786,0.07538143059420305
50.72639198899181,0.16806210385831633,-1.5519833562016787,50.08435110470982,0.25097666394075113,-1.4890793455589968,1.4086469830506043,0.028006878555376164,0.11653148031089929,0.2982951404435712,0.014629526485092742,0.1141139417952471,0.24877406914957684,0.09217577256496139
36.855892042162615,-0.21422055820169433,-1.7491643222243185,36.16354635701933,-0.19464845654882154,-1.491055551772261,1.3554514678314928,0.03320153778615731,0.17702823308540674,0.4327146950728461,0.041687463986964914,0.17981410334768438,0.3425825935391419,0.14199664113728408
32.53347043250602,-0.5690064435052918,-2.14188852026194,31.825126965657315,-1.2571066273367042,-2.38672650386,1.3991232272977172,0.034379844847173664,0.2626111191616103,0.7071513192241173,0.0637783788280382,1.2321531048627041,0.9266620393718973,0.1209601679061027
55.70214362603649,-0.5488857101743793,-1.9610787182274023,54.82080846198785,-0.1447635708256211,-1.6453737382216878,1.462197305484123,0.07728308756028836,0.24829831464445767,0.6364851228395719,0.03202031627659074,0.1526484227150862,0.49512841447861944,0.04522149152770964
60.44061475501174,-1.2487933411878616,-2.257306984243128,59.50225998302439,-2.281343563624291,-3.1323881451394073,1.376803091924764,0.10438863013489681,0.9810651888784097,0.920048532923566,0.1095549542378926,1.6415700963414037,1.0026657846657108,0.08434712578748724
