f0,A0,w0,f2,A2,w2,B,f0_err,A0_err,w0_err,f2_err,A2_err,w2_err,B_err
38.18059197552266,0.5483308862602541,-1.8939640638252642,37.44311204969483,0.388278122691726,-1.3545037117873617,1.4525691805911294,0.019878153335574134,0.10491396701721412,0.311021872028877,0.023808933072089162,0.11160302741251277,0.1695317356983908,0.06599942426315844
33.790315333512396,0.14712474449944435,-1.8422855755730447,33.10992146672901,0.1657627659726315,-2.6699233104883424,1.183072996395328,0.02400730347481236,0.11441187295893808,0.3141570994137329,0.012399483485207701,0.1657423645431179,0.5376340788653448,0.20270375543101632
29.710115436024644,0.17003077711292286,-1.8832932051910387,29.134082012970918,-0.14938733843739785,-1.7250928693113856,1.0762842634233296,0.021263469090200802,0.12460340493410128,0.34686262356324216,0.02089590326972844,0.16754881925145396,0.3500265620693227,0.21776560368657744
42.390148999420944,0.1909151516503148,-1.655937422326528,41.732429368589194,-0.06772733089801616,-1.6032369857558035,1.4273584658926974,0.02804504895817461,0.11903006086329238,0.33694046900434427,0.038876661360476544,0.1841753491419483,0.47306640869132544,0.07691373197096547
25.606766631829743,-0.813017418680865,-2.840705570672501,25.151600619115193,-1.4885025183248275,-2.6319628502012957,1.2397956266002959,0.02609455021067699,0.33715465493326546,0.8787344362942906,0.05132737995110649,1.43532903493001,0.9562921868662191,0.15282804527639293
46.58216058359305,-0.6979760134238455,-1.8933154062421282,45.86377033423267,-2.269502838833387,-2.285922571721156,1.4674888399439048,0.06131730007396435,0.8504904007078277,0.976970383069361,0.0977120934991808,1.8932095337245218,1.0612005603430044,0.061601535564357705
