f0,A0,w0,f2,A2,w2,B,f0_err,A0_err,w0_err,f2_err,A2_err,w2_err,B_err
36.272306654941104,0.3663069720364082,-1.6285311541227188,35.69255549111061,0.24478314077183141,-1.7209462549210572,1.339835134802194,0.02569927664040164,0.1102332996687533,0.291544098284825,0.024189342800864117,0.11845547129905243,0.31508518109179123,0.14817737045761734
40.33678108325294,0.09370234002216274,-1.4994960945099969,39.71436331220822,0.20835881359521474,-1.3425333507049362,1.4287282846973057,0.03887583780668135,0.15541233281029063,0.34627876446936273,0.05526118234484528,0.15890899808770687,0.3005423865219655,0.07386198261999113
32.08503931586331,0.27753144961591114,-2.1149187539260548,31.526407458108658,-1.0968979154103549,-2.814036119509801,1.4384905055664257,0.01830511650694881,0.11867480606127881,0.3848140256478691,0.045000918477082444,1.326661371337836,0.9997319809615655,0.07508192431825565
44.52894673068655,-0.11544011632887416,-1.5005621865607617,43.84028269715978,-0.36784892643619743,-1.8069041774994936,1.328347459457008,0.04548684187631074,0.3305362485122304,0.4362029863118303,0.04296293734644449,0.29701634831714185,0.7137259971769903,0.13659387574245754
28.37665501918478,-0.4224078299168829,-2.335481529069826,27.834108781489515,-0.8887938230656944,-2.280043629316616,1.2337627469706012,0.030794108615036404,0.21715010002469737,0.35123214968038313,0.07731351885413926,0.3308467149978558,0.5117602529830517,0.14813283573250227
24.35263789593221,-0.9561776229985794,-3.080460652694695,23.887978974953658,-2.5856405453961653,-2.794316918217077,1.3636470397390394,0.031017028221531493,0.8481888045118187,0.8601952078613493,0.056600208054233304,1.5209150515644403,1.001278141908831,0.11127497754187438
48.75956366342807,-0.5173048440420009,-2.5761961803383207,47.92981896219595,-3.0479306441171117,-2.7036715064077894,1.3363805694663848,0.028991751802322375,0.23752564263075357,0.7823072363917742,0.08986476677493961,1.6566700027250842,0.9856396630010801,0.09474236549366839
52.83705985204939,-1.340972563486087,-2.3037369640580647,52.10884046284916,-2.0170132691298135,-2.6835003255027714,1.0730061167377618,0.07782595689530357,1.3160646137244865,0.9403759223347133,0.09413008095644151,1.5706368877555494,0.9943494409855663,0.11053221906997551
