f0,A0,w0,f2,A2,w2,B,f0_err,A0_err,w0_err,f2_err,A2_err,w2_err,B_err
41.53623857614608,0.702773678980044,-2.6978665870071583,40.91089370942783,0.6871438338126452,-2.798947912380583,0.8963783980628407,0.008952554750982706,0.12758562608544,0.3224752571995582,0.008285641232187911,0.1288498379683126,0.34496265638906876,0.14622802555933198
46.09097881519458,0.6719294283205457,-2.531353813249459,45.49877775229349,0.6008846901723701,-2.351884921727612,1.2470081911554232,0.010330881878567335,0.11964972214481603,0.3225411055617277,0.00908653654980617,0.11183314888507377,0.31630968386530084,0.1464679930026672
36.90868699601313,0.2990156076400365,-2.3085832082347317,36.290746744982606,0.0040864462542693075,-2.2412978177206373,0.926083551501996,0.013135572725776945,0.10821740596174055,0.2999966393672348,0.01692082760979067,0.12680131482635884,0.37334372010680406,0.14828404821254465
50.75580001194831,0.33067804947229396,-2.0567366352021192,50.08574655835159,0.06189540479068759,-1.3327381539909318,1.1225138012211935,0.01679773858718596,0.11083947138370281,0.3331495370865704,0.057017096431292796,0.3496299508081861,0.3853212438381575,0.16268429600069417
55.36633375724707,-0.2837099164552776,-1.4892109406291625,54.77237833031819,-0.369219302286074,-1.6172381210607059,1.235241153702974,0.05607543401352572,0.5168655155113457,0.6430921735109236,0.09243786768581612,1.3330977145767977,0.8223572781215095,0.16574591545116082
32.60379904350547,-0.9084983122344841,-3.617413643341222,31.9833292218368,-0.7101625720055383,-3.5838117086860453,1.0857691182299465,0.014068206423743384,0.5220486997986209,0.6999869027315103,0.013674424875976724,0.25734418543752124,0.7968322821960026,0.11195503597194466
28.078166199796165,-0.7527577795413658,-2.539671949971661,27.52276450197835,-1.4101459510504397,-2.7806306993205943,1.2000932370213775,0.03270648985865136,0.3558577090180551,0.8168679569119521,0.049551908769482136,1.4537687214593076,0.9119728565025415,0.15155835025526154
60.35036514916689,-1.3868891694900243,-2.567981349191515,59.49887881579822,-1.7595293009988613,-2.5131816305350974,1.2683507944896304,0.10914805034487997,0.9278151182292466,0.9016521630441711,0.1269218772326514,1.2166004246484776,0.8409665429302134,0.1120337981891001
