f0,A0,w0,f2,A2,w2,B,f0_err,A0_err,w0_err,f2_err,A2_err,w2_err,B_err
31.70709492729735,0.44298739431183076,-2.3931557967399355,31.11245284658645,0.25678067914823616,-2.4523977207458794,1.4340508943735693,0.011504805559238399,0.11162669171463459,0.353267077839373,0.01234834355846906,0.12260187547447533,0.38749383734985454,0.07963345074085215
35.792086176821634,0.3988926462192234,-1.5332211845891637,35.174700035230096,0.49146338747204843,-1.9004287530625952,1.3304293771101827,0.02349403412341699,0.09862063529296673,0.2443403082973714,0.017818583618389235,0.09173865862702352,0.29213352283210975,0.15693026122502074
27.842569716836014,0.034499569640746734,-1.9109773404875359,27.27271747722571,-0.43109460793151655,-1.669973324820977,1.398367521998431,0.023813776343981775,0.12065807996080542,0.39538736174044176,0.03465802329791785,0.38547259830938935,0.6813031999782723,0.1199344067779083
39.767391223626596,0.26238580626370667,-1.4636984082518907,39.16025409074686,0.3815268985184338,-1.3006168621402183,1.4564829202101142,0.031111904658657447,0.1133109063784691,0.22778359823332298,0.03515840722178057,0.10717379694819958,0.13682906680385692,0.05422660858008704
43.9902380903786,-0.8223977681552789,-2.1758256148645447,43.326656046921045,0.04579774286904337,-1.3497397666146118,1.4332887782061754,0.0565609914260981,0.7137456642103428,0.8004722565162393,0.03623155671143966,0.12025725101083573,0.1758781912645328,0.08026571177345258
