f0,A0,w0,f2,A2,w2,B,f0_err,A0_err,w0_err,f2_err,A2_err,w2_err,B_err
32.14664986682902,0.724893742783512,-2.918839096166354,31.646305930517237,0.43217841653402617,-2.8663833178051217,1.3381741847062665,0.007721978058370666,0.13594030576151922,0.3520052956753742,0.009130296707751416,0.13409806732420135,0.38932552178007285,0.12081938791514278
28.530573852792784,0.2838865276351793,-2.9311349539561875,28.024652162858665,0.14633943075647662,-3.3782656462301137,1.1981253427720395,0.009135563690083745,0.14093506334264344,0.40923006187626837,0.007217281290303262,0.16692709080591098,0.5200234859673406,0.15682983339904408
25.05108038758246,-0.028264709586972407,-2.3020561181869956,24.573449905506713,-0.4208760284278929,-2.3461262796902274,1.2735031459441073,0.01636210245562809,0.1298366587854235,0.42824457693698187,0.024069690595577134,0.19425565818223325,0.6506761637188903,0.15578357285257985
21.657778803834102,-0.8945018593534656,-2.678673525570256,21.153461803364337,-1.0440941953447105,-2.635826377799251,1.2110907102394248,0.03045543131487422,0.4654597120235169,0.7604344131015549,0.04427884780556531,1.3246919319567338,0.9058156877560148,0.1854278966029355
35.65275590627558,0.4295315809181691,-1.381876295404805,35.17039458651252,-0.02730278336960823,-1.8890743843167686,1.1607541613012364,0.03443595670527597,0.09584937041531572,0.19029262885842735,0.038861821787658665,0.3686906008109797,0.475418354128115,0.1845634896506957
39.425673681097884,0.010805697581374271,-1.4549272632237105,38.900879656348366,-0.05876321216902245,-1.434759001927042,1.103087668116899,0.034535195476384076,0.14309557609519782,0.3385927542596207,0.026708053940949494,0.14611740499981452,0.24981003949810993,0.16259550386750404
