f0,A0,w0,f2,A2,w2,B,f0_err,A0_err,w0_err,f2_err,A2_err,w2_err,B_err
51.853498290932855,0.10036032383520463,-1.4890156776048862,51.14341853489586,-0.014695072558056396,-1.855666029662387,0.9100226239079854,0.0257919111375718,0.10195827164345014,0.2257728129588976,0.020370228917098523,0.11142218198209287,0.32139080123349234,0.12406275149792764
57.50812701999835,0.5049104454573792,-2.6301308585106584,56.76861307738327,0.15525634246870246,-1.8225930042734881,0.885750255715089,0.00957087258669421,0.11310589252947406,0.30325771466862506,0.01943104147769643,0.09600835025882058,0.29884105335387345,0.09812771968663284
63.256359633517434,0.5800553444836711,-2.008829019459591,62.528489823648265,0.27498698654684745,-2.237916674082432,1.0306521899757919,0.014040450487356084,0.08930716977410923,0.2564464857871265,0.0068591228725429255,0.10373565594647685,0.32095975334655674,0.11648485824181717
68.85806458209193,0.6733892547806586,-1.4428121763305444,68.09071956692594,0.21803750942668834,-1.5603838827651355,1.1415611329806243,0.07052425564312266,0.17186958061844737,0.4605999379506001,0.13081575288323177,1.731014668177658,1.1912875439690578,0.16850122454098126
74.60979093075952,0.47735910108267754,-1.2877271558220729,73.62892405611592,-1.7186998378694114,-2.3944886746002583,1.187352241954372,0.04152274361911583,0.11812099644819751,0.1710779505861859,0.1545911993394126,1.3278322218001166,1.0404851919716738,0.13083336733454978
46.519877746127335,-0.5541356169261706,-2.4816017305881206,45.697013070064244,-1.7734444634647655,-2.4464210560604327,1.0830746144702643,0.021672046592582803,0.19877594205527654,0.6394997527581432,0.07980864257267001,1.5565091409014733,0.9794809059515616,0.10305772623943116
80.53141154317535,-0.10066216846555484,-1.2922083063616616,79.65893539086836,-1.460505057343283,-2.4658401804473074,1.1316881406744081,0.06756181753195828,0.29929178056390965,0.3447458442244974,0.1282441014124956,1.2475004052436545,0.9792228051089341,0.1135371514343688
86.59335148713977,-0.8362010497095954,-2.2103304558997996,85.4451688768014,-1.3129296874991598,-2.3382514524269067,1.0109231696196188,0.06155455273112562,0.32002044472346736,0.21565074085807295,0.20140163457222812,0.14842670325223944,0.09696252119301084,0.054751418283642696
