f0,A0,w0,f2,A2,w2,B,f0_err,A0_err,w0_err,f2_err,A2_err,w2_err,B_err
26.666017235925207,0.101472360649279,-2.3068785500384945,26.10022060931911,-0.2055457178765699,-1.8817049626077105,1.3177422633098923,0.014586619708952198,0.12632213845901005,0.4159015749723969,0.024304521774144338,0.15042938106452788,0.3956573499639694,0.1509307630429482
30.531300245628678,0.377994042695296,-2.511421284098194,29.915741875755494,0.21903974593141393,-1.5803966697839869,1.3884792189765949,0.0108709142776647,0.12369208652129117,0.33870603876221717,0.011021911847505162,0.10792308243701981,0.2845293836445721,0.1214881310504617
34.418089303353945,0.6181511648432001,-1.7677595900027032,33.85217046644952,0.18047580794086746,-1.5273538874341215,1.4293305496899305,0.01845697892794243,0.08926493842358921,0.2709326111639349,0.03019421442109626,0.14187042572998146,0.47453754478508625,0.0893537235159812
23.043198874173875,-0.7755729149382713,-2.656921440491698,22.56138368629029,-1.8072487835090185,-2.3028001971905034,1.3283676789955916,0.023530300254220884,0.41619178565262804,0.7960103524086286,0.056236919934066314,1.524358225106185,1.02501720692037,0.1644097034924717
38.36085594587641,0.329818303750916,-1.3550873942610844,37.71160446581606,0.016649280181135095,-1.379526749432404,1.2454139043877033,0.02038147738282427,0.09990428845001985,0.14726562080333383,0.03973791880505257,0.3848305013300796,0.3410835125138708,0.20393353118385332
42.484011720429876,-0.5708881753297742,-2.1768614103551007,41.763056595891214,-1.3216727530674313,-2.1990808353137004,1.3560914654397789,0.06496418198103247,0.3051833700254348,0.644012490486586,0.09734565487845803,1.2079725052766552,0.7426364542026092,0.14843234612865425
