f0,A0,w0,f2,A2,w2,B,f0_err,A0_err,w0_err,f2_err,A2_err,w2_err,B_err
31.601860358592745,-0.35385592082106637,-2.6983536131117956,31.001458185290105,-0.8646525143217918,-1.970161532949347,1.402590697862197,0.01644018626220882,0.17460804022128282,0.5555458935611007,0.054827025733623753,1.1363027354300963,0.9833304828000174,0.12612289192705403
35.751559501317246,0.22502378103915777,-1.9908839338566797,34.99432576887688,-0.04210127369049213,-1.4774449628169664,1.392224643398018,0.01838119751352025,0.10497211384381955,0.3093508026658162,0.029441900122371665,0.13397621453457784,0.26219560881091025,0.11003154304710984
40.28546588124674,0.3504683431342779,-2.3208154771411076,39.527343826276265,0.5780049450362315,-1.2611752539884868,1.2377719533289813,0.012970457194805024,0.11659285335159886,0.3385931568071071,0.0327456131472958,0.07507686214976786,0.07491267824296644,0.18303154915639788
44.75794921103495,0.5793082927305018,-1.290489017116083,44.030991159568714,0.3529184117554037,-1.3461398587143498,1.1662644417921662,0.03503658158908865,0.10277616778913008,0.12105457902321107,0.050161148995361234,0.12968452345295206,0.238393914250538,0.20585842797060197
49.37187241995627,-0.010249097494073767,-1.8447427099251894,48.7566463832128,0.23779842708201449,-1.299211167508304,1.4137726166795233,0.03002775702134052,0.1507771872388439,0.5520341755349588,0.05020724454865248,0.2039289848933685,0.41440407638068805,0.08620247234865745
54.00359557648386,-0.4997471415133021,-2.060448438664668,53.21470892052718,-0.33392322505616934,-1.4922274847082955,1.4162456273634254,0.0388726481380166,0.5418165841653028,0.5960689763653165,0.07104174930913168,0.43529807246446706,0.6864267294258714,0.0757069305221342
27.109262303604773,-1.220243489650504,-2.5735964453732114,26.517902244930998,-1.1188724113393729,-2.361807983214338,1.0660786438048782,0.04396681127895913,0.8288626639157534,0.8284713436538007,0.045696234984349986,1.106764336046069,0.8790778100698174,0.164014886337243
