f0,A0,w0,f2,A2,w2,B,f0_err,A0_err,w0_err,f2_err,A2_err,w2_err,B_err
22.082450822237128,-0.32446238640768466,-2.4782233833324003,21.552131772244834,-0.511482336184804,-1.5299614238044452,1.3941988632246325,0.018796672709870725,0.17304080704450164,0.5149663886004006,0.04226278371076749,0.5408908712775233,0.7173251533818111,0.14074647000734966
25.553152950957635,0.17579445325044987,-1.6620399677628057,25.018772937984867,-0.01375839124060324,-1.3789109421998642,1.3785153250993207,0.025872686278112202,0.11223805467767729,0.2880561312554161,0.02519756254039746,0.2387603648623669,0.24449424385266014,0.1403283678022331
29.385564805205718,0.4190875524840866,-2.1000734315021665,28.75508087821315,0.3965400597832962,-1.2586143102775427,1.4212212175329102,0.01558149058959996,0.10681289625365767,0.3646762237230166,0.02870363298179035,0.10162389820288631,0.07731079632149282,0.10892961474611666
33.08849670423545,0.10487604994233551,-1.6244355025105492,32.513800009341246,0.21951137655336533,-1.367061390214257,1.3274178415578861,0.03303194458596402,0.11786932432276709,0.2894505638861274,0.034391706554779244,0.15632686448196434,0.2488245799005213,0.16989731495587812
18.419093215493707,-1.4826656566886374,-2.547329236571344,18.055977953339383,-1.7624026484315882,-2.7481312605247816,1.3504196677975298,0.03794399590635718,1.1571068414893388,0.987676128520051,0.042207729122596606,1.1913800737028641,0.9966428743015279,0.119197550641447
