f0,A0,w0,f2,A2,w2,B,f0_err,A0_err,w0_err,f2_err,A2_err,w2_err,B_err
36.47934467858996,0.37470595478100016,-1.7938832018200817,35.8296060566809,0.3844405471178154,-1.3131530747812685,1.3482218806961495,0.0215438736775931,0.09511364460701721,0.2708499840964596,0.03585547592973239,0.09400490949293858,0.13167327321715339,0.15823164470806547
40.57119589940122,0.2306535052153887,-2.0536724184616575,39.88883321840163,0.2917413665030722,-1.2984698142193107,1.3060799383714379,0.017853613388030976,0.10886049136300567,0.36262835707957586,0.04041043528943645,0.10489272128367984,0.12085498085499807,0.15481927220578232
32.30721369033091,0.16612921553623317,-2.339533091549728,31.675974746619826,0.06302519407885865,-1.6246079800586664,1.4144169390774002,0.015101755088318815,0.11321673981159633,0.34219740662767045,0.025785143185568134,0.12144175108800317,0.31603280994431776,0.09148521235041196
28.41161514523654,-0.1397825551010805,-2.119585196161755,27.848480015318323,-0.5144539812845388,-1.8157217567889639,1.2960735281128217,0.02022810392611195,0.12857142787585538,0.39180378680323286,0.04027953161639276,0.27190169590624885,0.6600942943025876,0.17423021050341264
44.7941010809091,-0.3026175045635201,-1.6503741633377174,44.16927513572749,-0.14195769171215974,-1.4183573908491967,1.3966632230549754,0.03910987043436545,0.17898672690842207,0.4101500127275494,0.05925280327684127,0.16356615730790333,0.3274881606735862,0.08973215272239951
24.294908557776523,-1.7359152147263561,-2.9621468915105384,23.824987118511487,-2.8292890879139954,-2.821293188920133,1.320795590250858,0.04454515039464568,1.1873871994398084,0.9612659723875221,0.05442341916285066,1.5646379505203123,1.0237994732010371,0.10586795863015595
