f0,A0,w0,f2,A2,w2,B,f0_err,A0_err,w0_err,f2_err,A2_err,w2_err,B_err
48.760754087216434,0.43855934537995345,-2.3642284684136516,47.982497681730855,0.3530725436633233,-2.8755362756650062,1.0109797880286686,0.013118467472279958,0.1179504127915924,0.3250046589007737,0.009916317254260907,0.16032856809640833,0.39489425071939727,0.13567810033981606
54.08607376849057,0.7139636481673907,-2.345162508421582,53.39998387847419,0.8232163150751693,-2.396621959787508,1.0746821928233896,0.012687548445574955,0.112405427191162,0.2861490740300423,0.007835854450551471,0.11634203300619678,0.32889302383540214,0.16651842746973883
59.42249808258337,0.7855424896277536,-2.483086372010864,58.66193258750883,0.3749730352276409,-1.591872761669103,0.8736608787421128,0.01136924484988502,0.12321434692658262,0.31392002897331645,0.00818040852439432,0.09115208802824472,0.23427206981798962,0.12255517565041013
64.93727620148954,0.2326527971068801,-2.0319131209974954,64.37085832737787,0.18515498722715082,-1.4295722358066558,0.9722709412733581,0.02356962009532138,0.12017008201966665,0.3840032180989662,0.039698739416154115,0.18780401769508187,0.3712458544425864,0.15848258975798948
43.45659775427378,-0.4768222655352984,-2.199148691594184,42.808856303344825,-0.6026371804231001,-3.085910699259146,1.2643184012502187,0.030813394148556158,0.23357178193532824,0.6178282715531657,0.017546897447951612,0.25175394595857703,0.5957136281381802,0.11752970809165997
38.373426511925416,-0.3116187130421953,-1.645860532262833,37.61143290108018,-0.6747837853132709,-3.217823000282383,0.9449405727175675,0.033731187134256733,0.21659260200865987,0.6097848119222957,0.01308212184132266,0.24746081115093274,0.6416149596102388,0.15857491089507184
70.39140332594461,0.1745215716426796,-1.9408066749879044,69.95487262539,0.4141281603578422,-1.9888289547311477,1.3566837643955856,0.047285539835401465,0.1292543356153136,0.17845947225162176,0.1157347780512063,1.7907210945879455,1.0470223058475288,0.123408227225048
75.87259595262381,0.0986150734647712,-1.81459093865235,75.21245625149415,-0.340213223165527,-1.4784426344338257,1.050885992858343,0.0519882177924477,0.6550730716801761,0.9427482552257667,0.15703647557962905,1.7314609391460132,1.0593222778363343,0.08653963632573376
