f0,A0,w0,f2,A2,w2,B,f0_err,A0_err,w0_err,f2_err,A2_err,w2_err,B_err
33.66481041015527,0.3588498652804909,-2.3276995313370263,33.009293614283486,-0.0004067436032578857,-1.6789121379185041,1.1949687309665387,0.013431538155371148,0.10705874420941708,0.32108428589170396,0.02593457829339534,0.13105322342259387,0.37343201445045027,0.1819281210413368
38.053169435330375,0.3697993564010892,-2.326612801891706,37.3777284220747,0.29586858629473556,-1.572471421706247,1.4373197167047709,0.013803050369903447,0.11201412523870838,0.35434451214629586,0.023195113766465852,0.10251638947468927,0.31637655104751344,0.07668811553632565
42.270120396973894,0.4529948878903296,-1.719855239373846,41.59570791034969,0.10372149145503655,-1.4314082811717093,1.4394662343505105,0.020076750690895564,0.09330614467109102,0.31692445988773565,0.037234747991144616,0.1333950769214825,0.2435758963943069,0.07004912910442025
29.63573493357066,-0.03378852820095869,-1.7502076296532558,29.00829536425049,-0.6738133223968853,-2.4766977813359023,1.1624970444499763,0.02430918218955994,0.12652325229257716,0.33216834238477,0.025927994190918298,0.3011307795530716,0.7294573177741589,0.18935507021909448
25.54624316966846,-0.9510637904588397,-3.1622292393346294,25.041107125749303,-3.036341664003188,-2.678281254857146,1.1727265111490093,0.02059353036138664,0.5375268378680025,0.6693485619518655,0.056284859433985444,1.6748797962616566,0.9979212973734746,0.12408267110702724
46.58894853020995,-0.44641001859280394,-2.546944755679592,45.94620441925356,0.10959985568547378,-1.3243293673855732,1.4382340394215867,0.023751931969091523,0.22982112186854636,0.7541134366869022,0.02810708546203917,0.12424384715697377,0.15052652333991798,0.07111555934113566
51.19964920219394,-0.5315015120506899,-2.4543278855846324,50.481941034927196,-0.43852764013142687,-2.7832342748148893,1.2125122948179459,0.023742274778932617,0.19996506006712564,0.660659963371581,0.016631584112916657,0.21741997137047328,0.8280291118904199,0.12295631875387966
