f0,A0,w0,f2,A2,w2,B,f0_err,A0_err,w0_err,f2_err,A2_err,w2_err,B_err
33.46140923307627,0.4336016140861476,-2.23767871602518,32.92914961005505,0.16952379339638685,-1.6580763042683384,1.368198996479582,0.014333183840204622,0.09999431689024908,0.30310758422437417,0.015867464446231168,0.10938218035323052,0.29283134899764973,0.117469971879983
29.611378398840436,0.25117069295885985,-2.222861699839738,29.025527466715104,0.1876510530406997,-2.011380915339411,1.1717849157318259,0.014699727333507233,0.10851876308369957,0.3379606201779107,0.016613770046859714,0.10862741924321162,0.30673524915443073,0.1965957595682229
37.17640155458857,0.3122955742270329,-1.8848318066152914,36.65105582657554,0.28458228009143727,-1.6540090498574898,1.2314371580023935,0.019967738112684794,0.10250299920442148,0.3254861953704078,0.013670496141837355,0.1166588879244819,0.31640827208218214,0.17813259425641612
26.046227274971564,-0.0899617765789704,-2.0073921058550344,25.53404382361789,-0.6643917671453483,-2.5903310666383605,1.4380480485914386,0.02249628894209251,0.13421251080611019,0.43120556429827733,0.02582028328957501,0.25594679993162756,0.7997098673656678,0.0768921355240064
22.472945417448997,-0.9359251641081946,-2.875522493754907,22.022170034152122,-2.4849723988041217,-2.4851841743888565,1.3042353616123512,0.029119587202939088,0.6074216339041207,0.7693924891390576,0.050616949505243036,1.333952617872436,1.012241129502753,0.12520068348429722
41.08237633970088,0.06019336533516987,-1.4716680536293123,40.482943338424874,-0.1393649766057031,-1.6398925822043977,1.4480441106766802,0.033327118329563386,0.11558735190471328,0.2400745132873293,0.03332110784022524,0.15547612544086045,0.40400243054782486,0.06179434107657187
