f0,A0,w0,f2,A2,w2,B,f0_err,A0_err,w0_err,f2_err,A2_err,w2_err,B_err
43.36569092521422,0.3565727710354714,-2.420363849866016,42.70037577141346,0.10734194707991454,-1.7083453957709567,0.9707911724986921,0.011448121709512368,0.1044223305585438,0.3216707519924402,0.02292649428922067,0.11062116707400253,0.2899226208518793,0.14644109553404022
48.19500575811842,0.6515768829943628,-2.6051709669853818,47.555619263331394,0.46926577397997726,-2.271768691859055,1.261897718616819,0.009732499937544043,0.1044710055338147,0.29176221579820594,0.005436370136740136,0.09856617442898226,0.28845799422849205,0.12785834241739857
52.900216243676304,0.47278351757107007,-2.225408273506521,52.21610508593045,0.499137791922011,-1.3731254642670436,1.0211692528107434,0.026179950686220158,0.15687285654043887,0.41873600480505513,0.04810739163498853,0.27843580831760123,0.2901424052216212,0.16892502043647561
57.85286460850512,0.024399478284636733,-1.800243791892215,57.10316781968315,0.042071505895873315,-1.3539023330623672,1.3234973515971185,0.02271275773285324,0.12295229761428145,0.3664977675481377,0.008624495987920446,0.11938107220394763,0.16175555648120002,0.10905213103039635
38.68403032190075,0.01644421573849863,-1.9438417681804228,38.0697645516249,-0.29821865827105093,-2.1280872611817347,0.916118369272632,0.01821017424624342,0.11745131496968875,0.38792239590390326,0.021008872564558998,0.14507801181635843,0.40297700160559513,0.14254049151097076
34.179256161798975,-0.7726001742226061,-2.343164472303415,33.47377612837127,-1.01509355268327,-2.25777388902824,1.1097915096247384,0.062408017478803764,0.41111694751155087,0.7308602187647689,0.08667552203272118,0.6090541906507563,0.7101626530544058,0.1831667338145266
62.50641479048468,-0.08224274324204126,-1.3383594000671901,61.60847074518101,-3.9759718833758506,-2.7450970478913126,1.3468186769927024,0.05108739069359483,0.14044276372886302,0.2289282612675262,0.11609381353265409,1.5169524092134818,0.968550094195713,0.08976436602977078
