f0,A0,w0,f2,A2,w2,B,f0_err,A0_err,w0_err,f2_err,A2_err,w2_err,B_err
30.012375047752936,0.42729485004881806,-2.2316132124118546,29.35995838316071,0.5801109508772376,-1.3603384715946638,1.2881287725593618,0.015175576619244726,0.11020424249287823,0.32663804348572634,0.017984732201734906,0.07904582961830947,0.14868728511642343,0.190619560172265
33.83769034311348,0.3615401845464111,-1.8712704869969956,33.275678751278164,0.5747671113868763,-1.4055594345764937,1.378887933861336,0.021544267370080927,0.10848420114899435,0.30984489036834006,0.025555743013793798,0.08886579218704474,0.20181393303100648,0.12862794621210752
26.13356106350117,0.18175599984649832,-1.9969077715072157,25.602589320319623,0.22601845942524929,-1.4073904937332622,1.3783902616561357,0.021708758459748446,0.11762664051476067,0.36786078816153855,0.030437338736186807,0.12337946489289227,0.24756132224051736,0.141188995216295
22.636047682909783,-0.6015297645700624,-2.11062711635697,22.173614916081778,-1.3127072528362662,-2.2779177549853236,1.3594080909519626,0.03615021688825291,0.2585549551617802,0.5520468893879689,0.05316825965105578,1.2800132383398997,0.9488656823446483,0.13774818473502806
37.608528448661886,-0.03057893442134478,-1.396944529255438,37.083132505776746,-0.057511182946692455,-2.0201386364146066,1.3999625996214646,0.04181464415886165,0.15765935008954352,0.28246166574266,0.022810929112711122,0.18646810613812317,0.7063863093176003,0.1175012960220134
41.65368814887553,-0.5800307732342656,-2.2818739817991514,41.05880318340768,-0.2604236823696182,-1.3812616318628925,1.1402742829073262,0.028056349189657506,0.2591654874756305,0.7493077319265162,0.058572400294557035,0.4307626914645903,0.4755785991517997,0.16065537475868694
