f0,A0,w0,f2,A2,w2,B,f0_err,A0_err,w0_err,f2_err,A2_err,w2_err,B_err
31.06229541554234,0.34044256637695725,-1.9530976100265813,30.44454926881005,0.15441583489389887,-1.3430127357176516,1.284353710845789,0.018148209484228035,0.10331378711882101,0.3220236134944812,0.01634494671196011,0.12781970531230044,0.16192911737182314,0.18950036295686853
34.915223933395445,0.2315316295063262,-1.5952515572115566,34.351670963780194,0.21114475034071106,-1.3152298916619491,1.3700659681393301,0.034743296854423476,0.1261596634105049,0.30300135276760665,0.05356470414696034,0.15847633656130045,0.17942952734618267,0.13273386826234523
27.036039109309495,-0.1457260972659352,-2.3371095103290793,26.468880705647653,-0.28465189520780254,-1.382945676044836,1.4310057294493406,0.018779864778496344,0.14868337692370087,0.4804003012699285,0.025403637757308518,0.41711407401193024,0.49163559960713793,0.08979859939167754
38.89131472439934,-0.09840540199629724,-1.9749731741204288,38.343214542430665,-0.890115054128249,-1.777452905504689,1.3848547979552568,0.02475757423848779,0.15437294179479658,0.5220163564639898,0.06374792802707606,1.0325567572200895,0.8684934894619367,0.1133153994351689
23.42003775014046,-0.6752826883092883,-2.1686420387105207,22.982691062936127,-1.4952557287362727,-1.9058623902892604,1.4344599334807997,0.03500558855599362,0.39693230030352694,0.639005920179698,0.058309447666302444,1.2955415438667162,0.9382592388781417,0.09280636593019836
19.526638990781617,-0.6378911689657071,-3.435243314928064,19.15276135909481,-2.254013401172158,-2.7362696824744064,1.045414065158505,0.010245240508926834,0.21085079466665677,0.5828222498750426,0.04452400450535531,1.3229643046140764,0.9869043650564876,0.12875783218798206
