f0,A0,w0,f2,A2,w2,B,f0_err,A0_err,w0_err,f2_err,A2_err,w2_err,B_err
34.3998484200374,0.591201540080011,-1.6673048923517346,33.83469177236475,0.3864212143399327,-1.979565473072755,1.416779728371962,0.021849931802892155,0.09552077669736805,0.30240653027978953,0.01949304226113511,0.12260602266473236,0.4292662205276002,0.10401248462754126
30.515698325734782,0.33686620779905413,-2.38149245633742,29.876678811703883,0.3722875703695428,-1.4918333167123499,1.1520590014281065,0.014390604626094164,0.13147297374542785,0.38511321464863446,0.017967258693995375,0.10455742337377863,0.22661550906225345,0.2190312999272907
26.72307559932788,0.23416527415709432,-1.4807802963683232,26.18451478140364,-1.1704782092837478,-3.018764853506188,1.3475197068016738,0.029573417548025716,0.11435652999004549,0.2504136830119403,0.04005384851395618,1.1589640521707167,1.0574431267338866,0.14065425473795887
38.353562560372254,0.17088300933898287,-1.9734890698072909,37.706616527690095,0.2634648016343163,-1.4242529479853163,1.4318688047175154,0.023034409251497294,0.12555183816144722,0.38446718187174744,0.03215083884728457,0.11632587903617887,0.23544052759755027,0.0812369284930681
42.1145700332946,0.2521715850035479,-1.3296938702279202,41.48926228110334,-2.195071389271922,-2.3222016627177906,1.4660027220390999,0.04067442074838154,0.11760103003000033,0.1553113744340439,0.08909582602569807,1.7916525782933006,1.0466788153390543,0.042869466220680004
23.067559902541028,-0.6203822396524101,-3.193543074866705,22.591119292980906,-3.0048906701138742,-2.3801982093009206,1.3715041539171242,0.013996154118088636,0.24546120421021003,0.6365940340308415,0.05230961068095895,1.858241173897595,1.0115917091211122,0.10189835334732206
19.448954437927128,-0.8283505077110256,-3.113740888868651,19.064834728409288,-2.046916814849343,-2.8539272954300996,1.3468321315894325,0.025372844450344673,0.4911468606948675,0.8158466998376566,0.04689307334428217,1.4349483156838294,0.9595712610805573,0.11802565003887368
46.25921333087526,-0.14924918103459772,-1.5112168479282453,45.56783845956341,-0.8238521483670349,-2.0230938093690254,0.9790424268537793,0.02771458365931584,0.16696674239643536,0.3095979227882292,0.07429785532458323,0.7445515028228205,0.8775087990650747,0.13958642654644882
