f0,A0,w0,f2,A2,w2,B,f0_err,A0_err,w0_err,f2_err,A2_err,w2_err,B_err
9.44125558466965,0.11262089545033471,-3.136045491596234,9.20724416498027,-0.13456335386362964,-3.052552752681022,0.8018707332352216,0.00830116860711194,0.15480309252333566,0.46966239569086754,0.009687243837371145,0.16456658431109314,0.4679375251754056,0.22969919950471837
10.882444083333993,-0.17153211603275567,-2.5621859103000713,10.64605450957107,-0.24369877464406234,-2.3554225550141883,1.0373768917675517,0.01643001014411574,0.17780316566529583,0.5667232505234826,0.016474739416965353,0.20811481086687586,0.5861061404323399,0.25459173578649885
8.042742292046704,-0.5081265224126542,-2.929391334650999,7.854522072621782,-0.38682080762161325,-2.0570297877286317,1.1937418313374726,0.01327125506666327,0.252000464579501,0.7869137714283208,0.0184001897006768,0.32949897907159265,0.9315963390616395,0.28395662101183805
6.702105137939239,-0.8815585175159595,-3.4734134948376965,6.524750928226834,-2.0024335414374788,-2.147229215598836,1.0717481474447852,0.010971300956533644,0.28254989744686904,0.7236306677243761,0.020097954196797167,1.538453760445683,0.9530800047249754,0.23642870624939433
12.21449558819507,-1.1929145951269184,-2.6024415248991266,11.950932411569225,-2.586665640547843,-2.450046185389104,1.3825832493334975,0.02645701624911955,1.0403731320534755,0.9282447424750794,0.03244550783473407,1.4949644984090842,0.9837758045523579,0.10508469409745444