f0,A0,w0,f2,A2,w2,B,f0_err,A0_err,w0_err,f2_err,A2_err,w2_err,B_err
52.661580277019226,0.6355328494785153,-3.0182208223470752,51.84907084651239,0.0765791645446508,-2.9260505733240225,1.347280825505146,0.008246569824118378,0.16448833926939607,0.4323148690448433,0.012140031880690095,0.16460302173069405,0.5087844184715282,0.10655795347575199
58.45519567319465,0.7863684451517068,-2.956548513526308,57.715408070746854,0.6009432053752088,-2.281376081330843,1.2324884338825686,0.009081407240623727,0.14851425170693533,0.3721604995476654,0.013724637535390327,0.1109205921435244,0.3279890740799318,0.12572105638564704
64.21596361324072,0.7257467696658204,-2.299575165406363,63.455541025769236,0.44322853698013276,-1.5590940129001614,0.8227854762653344,0.013474074817450974,0.11256711701072732,0.3304405061256975,0.009660147103272563,0.09327773442135005,0.24245541888061567,0.11321766005660165
70.18883253810446,0.23730483829830373,-1.52348937920675,69.42251803749691,0.2132338079383174,-1.3587481711244223,0.9329404545981472,0.02851058440044049,0.1013891888230766,0.26015740751731375,0.02289912584844584,0.11543498559854512,0.1971505875116039,0.11694634736916082
46.9312384714914,0.06541097190510242,-2.6882377843169616,46.12952407132067,-0.6892078020672753,-2.231492362930216,1.2276122008692552,0.01399360806922688,0.14965747714774844,0.506346950793084,0.04283575985896593,0.5724062047483245,0.8719595763044516,0.14584170033070112
41.653526921003774,-0.7259117671721875,-2.5839001062064506,40.99749663895366,-2.950568547162874,-2.6842637898950596,1.3577401257936692,0.03762817196112421,0.6361986715651626,0.7336072918774809,0.07842769515673242,1.4762878162609334,1.0046815192475675,0.08694151370789764
76.18209845743851,-0.7334802031376101,-2.09067082316024,75.21493191033429,-0.930325850071769,-2.3518296527577665,1.2925849119371504,0.08402213248671347,0.25675829919010507,0.412717967824907,0.1772889925028988,0.5631035826607922,0.6286699395209975,0.10201016532504886
