f0,A0,w0,f2,A2,w2,B,f0_err,A0_err,w0_err,f2_err,A2_err,w2_err,B_err
103.33823031408943,0.8555518716918237,-2.2458122436533356,102.12408518021346,0.6067785238246601,-1.7635445207594747,1.3775961222190056,0.011568878630711273,0.08789257418890306,0.23707567025738294,0.01788763282695694,0.08184598400214245,0.2267086504720209,0.0791992849889431
112.47384511038672,0.6540258055625842,-2.1136918404535296,111.29560907679405,0.7896413394365931,-1.8980672771936438,1.3212578301154119,0.012847630083385604,0.09371608796522779,0.25899231884655183,0.014341829345085079,0.08113643706875981,0.21447625824609068,0.08466369110882144
94.04995970342642,0.5049547908338826,-2.2579621179156497,92.82466572360181,0.18532978195112385,-1.948386654850474,0.9607524921621899,0.011846917152271503,0.0982525499179428,0.263563748892196,0.017286467289052882,0.0923843855089567,0.31457012154753233,0.07907965906009853
84.99576151699134,-0.02953862890205937,-2.1437091111443163,83.76091006285561,-0.3323792639300842,-1.666167324996251,1.0284643904015711,0.016440916590159515,0.12108391659140864,0.39048540773927515,0.03724200084291688,0.14919797126478013,0.33399216962342493,0.08770204732090786
121.79913649261837,0.4935220526321976,-1.7172161588444737,120.62637742895475,0.3919053497227105,-1.4247552093017593,1.1609304542569043,0.018377595283285763,0.08154627972310391,0.2358556158411145,0.06205917921838565,0.12129707046532597,0.2778385266158995,0.08712046357834421
76.21978660138328,-0.6659662009258314,-2.054599188802608,74.9751552882339,-0.8886388096104589,-2.612865595615582,1.0190812877823634,0.03938460701881774,0.2831770060519723,0.551589969555147,0.06872900942308202,0.3662720453502234,0.8235012470431406,0.0768247317458816
131.2601351599797,-0.05003755947340732,-1.36064724199707,129.83682054059594,-0.24726032919814117,-1.322522301318884,1.2105582712326977,0.04555985640067755,0.14284444476435654,0.1723828680242343,0.108046014606185,0.8653741991281199,0.5326418221540755,0.10194021997368982
