f0,A0,w0,f2,A2,w2,B,f0_err,A0_err,w0_err,f2_err,A2_err,w2_err,B_err
31.54876940137006,0.6052779801857231,-2.479105125477057,30.91275001810721,0.3971618311269881,-1.5372989606957674,1.3583985622088817,0.012563010123376059,0.13652965960586033,0.3822078646208779,0.018592995648783646,0.10074389656258181,0.24532181893759752,0.12952365552361234
35.54160156989991,0.614555027350979,-2.2416639870227177,34.846960684934984,0.47336285460504574,-1.2891768794503455,1.2478341915955076,0.015277821497407616,0.10922123392013704,0.3069396135220876,0.030920198192737874,0.11499413945474919,0.11311161330041113,0.21730064208263425
27.531024231496716,-0.06816735472812999,-2.1145300145663213,26.945308479538305,-0.22625022693308774,-1.6114633558661318,1.379680475299594,0.022256317607749643,0.1573138783192736,0.5093648165930296,0.031099232558698477,0.20698087807745116,0.5073702881338007,0.13668982824404555
23.82600167235357,-0.3037370605509795,-2.3028821762546148,23.38850472250103,-2.249505978805322,-2.704156122463033,1.3574966888910325,0.023033481993409124,0.19086815847995914,0.5315203373887555,0.05273515727059048,1.5635614062945882,1.0175944517860427,0.12359734375566737
39.55094884850525,0.14199158898471426,-1.741112692393426,38.8191691396092,0.02171692185147525,-1.3543992315547235,1.3219108856333492,0.02652613881337597,0.1308712650224507,0.38851413575093074,0.05333965530799752,0.1889978263307997,0.22106010737487877,0.16534060907944542
43.55318680844108,-0.921411102797763,-2.1822299475570746,42.94464540437296,-1.8124922072920064,-2.7299743990747594,1.431605552484723,0.10331610610213683,0.639202984529638,0.9264221844915259,0.07939726131917615,1.5808691721736263,0.9354910328541212,0.0672359554978847
