f0,A0,w0,f2,A2,w2,B,f0_err,A0_err,w0_err,f2_err,A2_err,w2_err,B_err
54.7942240326564,0.6830553675383378,-2.462047040958701,54.09167443958129,0.41328572504505445,-2.1240248951588994,1.0912443108904872,0.009956190639028301,0.10777666148180472,0.2759743058752152,0.013884231101221315,0.0994855824434928,0.35286988996150537,0.14221844772856884
60.16509322836612,0.598900398163562,-2.236429859897452,59.399021555332794,0.6314422435854612,-1.4986254984316205,0.8706623949077762,0.039505775722076336,0.11987134130781962,0.3255113884262223,0.05773299602202155,0.3032300082699359,0.2638683206921772,0.1523115002377336
49.3067578141862,0.1318555226207458,-2.239356902264953,48.57691519490196,0.09547326371891941,-2.5462418585079387,1.1060722833191858,0.015058111571088984,0.11224104869599633,0.37033826962339356,0.012612988884022455,0.12923030620902476,0.4180765765091923,0.12137954335470733
44.062571395769574,-0.021101809258916873,-2.2622295028750496,43.34496969108915,-0.35326777354491856,-2.248792080034196,1.0773893293674286,0.016453895948725365,0.11620563097447233,0.3577704056260999,0.023961920014137363,0.23108220219765985,0.8362976983297159,0.15570725311212014
38.8817219434249,-0.8683754377214925,-2.6408569260517725,38.16393986197839,-2.346556965499544,-2.549634006169393,1.2910139945996828,0.038380146598699524,0.5088475150492339,0.8762680872024616,0.07810500632837816,1.7519240824964004,1.0246065013075658,0.12033754946133578
65.71702917692944,0.2491639453251685,-1.3501974379098136,64.95298998061878,0.06922895612607985,-1.308331427784685,0.9915687928325961,0.04538571191343305,0.1306108138835548,0.16443362646614368,0.12152510054932449,1.3278984572091965,0.6132116309028351,0.18957346437503633
71.38717152940382,-0.1729052490552404,-1.3872559312074628,70.58353855233766,-0.03660262922332406,-1.3508058919460855,1.0470064238906127,0.05007791654851143,0.22793066556390068,0.3891301249871316,0.03745352037632737,0.19564063087698608,0.18132530865961466,0.11217858642351558
76.96976621164167,-1.4551214460631223,-2.2081651616566105,75.94604538977734,-2.70557629804643,-2.528279401675598,1.273864260672897,0.1322327530825068,1.2866526048812186,0.9555325188545726,0.14663281837794326,1.5681020088981732,1.0040114809152367,0.0879339642385396
