f0,A0,w0,f2,A2,w2,B,f0_err,A0_err,w0_err,f2_err,A2_err,w2_err,B_err
53.15198853590433,0.330083282318932,-1.5935250753345132,52.357046830984665,0.277995001639151,-1.2989227581205967,1.4535622820662804,0.0372783414279328,0.11917160090003188,0.3096671791622175,0.022740524720458892,0.16709523712395344,0.23380289267817247,0.059070259190272915
58.01871374187805,0.5204199793056685,-1.332407555353157,57.218094755620875,-0.0841479396716045,-1.7474309549014653,1.4176629466788824,0.03737450492332227,0.10614296083736718,0.14870448257593197,0.03640500689861255,0.2348043010531763,0.8766566221445387,0.09671279239110162
63.0002976580662,0.10383981275310006,-1.395273336733428,62.242053661391594,-0.2495992033274041,-1.4871400363111844,1.164739207405697,0.043384305599140395,0.12517658878739732,0.19617244573984433,0.04723100932992323,0.25872649128798325,0.614160947857195,0.14354266577983615
48.3317319292787,0.26752900705823696,-2.367548186585689,47.57723814112678,0.03685612065178225,-1.470826340709241,1.2849376805107178,0.015118072551888639,0.13269562545820496,0.4125042486358908,0.03493207794950253,0.14600129054549457,0.26817243668601753,0.1438931479574029
43.46434557686466,0.17719181212375934,-2.053403741424164,42.84332079421028,-0.10097872997534463,-1.8222702336940115,1.1715303148289262,0.02015723696276315,0.11703250290012011,0.3643648830837946,0.021340137145953515,0.1766384680250219,0.5946188147706486,0.16568175484005496
38.900262530238685,-0.509445856258935,-1.941389858046131,38.18644876652529,-0.971089960310114,-1.8976278585336448,1.2939145560422611,0.045294366229533096,0.31393851024320824,0.6238056377231148,0.07243102747063503,1.1301599441977812,0.9328788486212007,0.17501034005686505
68.11276406837253,-0.730513165634278,-1.7845492333551825,67.16758952827558,-1.6756214869252823,-2.465350278128103,1.3701273387450394,0.08352682405038353,0.8536093053881004,0.8927467454160904,0.10137963206601246,1.575200502836493,1.0116271883044694,0.10591935368894043
