f0,A0,w0,f2,A2,w2,B,f0_err,A0_err,w0_err,f2_err,A2_err,w2_err,B_err
38.772542784288234,0.2623992384451438,-2.1234221851771586,38.100888150602145,0.06489055731289801,-1.5730206579316226,1.1363363475099724,0.017389180764892632,0.1115180930683208,0.3388067693426736,0.0302021351153793,0.13371734627842835,0.33223686559897303,0.1897624608104163
43.209754287786545,0.45865003044484354,-1.8741388739358253,42.571227352758484,0.25428181432597824,-1.376050564898157,1.4656180520244946,0.018913265893937714,0.09816227208030678,0.3469690499758108,0.023700221460908843,0.1390552342784008,0.3280359236013085,0.045421770173524646
47.55495301127218,0.29097751123736065,-1.5841004603346265,46.76225276174098,0.3303760371390177,-1.3222996416347064,1.3276126693574293,0.021434896400742812,0.10761224348384758,0.24563828053927925,0.016703774881821065,0.1092634953950343,0.1449800721258876,0.1331415237889456
34.4635449956662,0.16833918252528476,-1.6680167611808323,33.882430747090666,-0.3855242235943797,-1.696934266353652,1.3340838528391348,0.028768761383016886,0.11386957637698433,0.31227578934690675,0.04543722154929,0.26199335492819875,0.5536462882558079,0.13712081105331994
30.390684189739307,-0.4353714199733153,-2.7575866662909365,29.863143290110884,-3.090999316877207,-2.880350972332992,1.39188814593673,0.018536417106673374,0.21426214965095813,0.648734674110543,0.06406771721208755,1.5042821737298009,0.9970273298422108,0.08485706482367233
51.962983398804894,-0.2299757643917492,-1.65423769519772,51.281140415059575,-0.8643854666482738,-3.0005086271225356,1.4416224215825078,0.04148244884502057,0.1538392254764681,0.3704760084436006,0.07569763377806156,0.7937636000631759,0.9509563085767125,0.053759404871944014
56.51343412095996,-0.7412059425368673,-2.0857845393644587,55.78085493253182,-1.763303334494967,-2.326453947648684,1.3794385478087896,0.059912041715416774,0.7943954837346706,0.7619171166367659,0.11028074326234094,1.5039910774125371,0.97878953486876,0.09959600965455369
