f0,A0,w0,f2,A2,w2,B,f0_err,A0_err,w0_err,f2_err,A2_err,w2_err,B_err
41.899018652284106,0.5237104970946145,-2.4598885367279975,41.17799957228675,0.15126050825177442,-2.0835562120291113,1.44618886223653,0.011569131137155237,0.10821002286072091,0.3080182822110834,0.017582492794978727,0.1227099381022899,0.4659678225755782,0.06275155219651193
46.66219277154555,0.6651275424265563,-1.645686529365031,45.96495063476341,0.10100770183324104,-1.7756833182262222,1.2348832633453246,0.017928632909773895,0.07560886863778062,0.2426587361503107,0.022788827093144916,0.13264598812699077,0.44483877102475083,0.17600808633204873
51.27516525419497,0.2083805890405922,-1.4823433990502732,50.63204878396623,0.30591787067748233,-1.2984681185513973,1.4019233056229907,0.03867148503080255,0.13804846937363627,0.27784247957786024,0.044904201631186275,0.5853706544358415,0.23242579229476262,0.0898823212284244
37.31601684475801,0.12306117196913044,-2.2264245555222013,36.65516459124812,-0.24865352398777224,-2.2559751296984114,1.3483279580245937,0.01580210281323129,0.1218336180534076,0.4158273416064846,0.020855354218625846,0.15342414145358962,0.5119309688322241,0.12962700759986243
32.90069273341237,-0.6973552146329116,-2.397109417369742,32.224334005315,-1.1354337438181277,-3.7133659949653532,1.240068384828231,0.030603004033552785,0.2884174574718609,0.6917085864130559,0.0341540473379718,0.9256156016710696,0.8160445130603622,0.12042935580821668
56.125202901603046,0.0628452856132891,-1.4031139469601301,55.414990024859144,-0.08136236628275755,-1.4874773445819787,1.3294945474566489,0.03679270479300503,0.1197090190289082,0.20610886912096066,0.023794252056073415,0.1486853883109003,0.3539065577827084,0.11415763801729069
60.87723322248512,-0.40609649165873607,-1.574491295913252,60.08461741395517,-1.5208808818172446,-2.500513614654401,1.4567513684211428,0.04870088096043965,0.21963989311378318,0.5053619761620943,0.09889059384614983,1.5282876040218432,1.0024670539711613,0.04944705981964415
65.67747436186403,-1.4119177975905366,-2.109374481107336,64.5723035224033,-1.3315678351152764,-2.0592710508180043,1.0358509128750462,0.10745449886060163,1.0821599587514987,0.8976889517222576,0.09891907117134023,1.2528470900753828,0.9064347077451741,0.0864543234848482
