f0,A0,w0,f2,A2,w2,B,f0_err,A0_err,w0_err,f2_err,A2_err,w2_err,B_err
25.30864734317824,0.20444647457379705,-2.0906396315654527,24.783280378112323,-0.09479229974232786,-1.4793246793852188,1.3388954562932143,0.01828725742937086,0.1228978264469295,0.36509295784301643,0.031841121740776294,0.17375147447224626,0.33746358387140774,0.17272454243250776
28.871824931997516,0.3127410222355358,-1.461033049683535,28.351340767564004,-0.13559580738704718,-1.885396107638658,1.4260839181605545,0.027253716047869483,0.10939522187048377,0.22617920398027572,0.029612099614752897,0.19371748723374455,0.5254069762470066,0.09966790590826659
32.65287774760793,0.6600394045376221,-1.96533535845815,32.09340268676547,0.42557780716862786,-1.5383786968685065,1.4279596794076048,0.017391309905348772,0.09644904959567291,0.3253213736307037,0.02588899358400363,0.10646461004435047,0.310096766760846,0.08920736312996415
36.29928525374056,0.4949810410975083,-1.5799154076878705,35.696844367028866,0.0070081961178604935,-1.5380330708217422,1.356985341204255,0.025222699943173534,0.10624151382057324,0.32305625582433894,0.03626918515531898,0.1874943137036032,0.45017341518119675,0.13758918243299553
40.160803978028,-0.4645322279988768,-1.853204406022989,39.588775783469785,0.13207901432154395,-1.4946151341377611,1.1539610865706245,0.0424706568581235,0.5287616959464414,0.6588088306798827,0.021372925420283653,0.12945492973529105,0.25953409323544285,0.18046099484305836
21.847846418024478,-1.2525377105749114,-2.3168741910289303,21.380861477690882,-1.0912695136511505,-2.0343811798326317,1.4091738339679325,0.048263129264083014,1.126398667107346,0.8146148295406543,0.05685676807556276,1.2295858565008968,0.9299164478381923,0.12351969568296271
