f0,A0,w0,f2,A2,w2,B,f0_err,A0_err,w0_err,f2_err,A2_err,w2_err,B_err
60.93899043638729,0.955671503406212,-3.0592595918311325,60.11871848461553,0.613403257276673,-2.369182755453886,0.953365591334692,0.006750476165168357,0.13058303721313394,0.3089803240090832,0.010842503341345547,0.10272551507300859,0.2843286250973725,0.11048109521984696
66.91230985648119,0.6502598340452144,-2.1295629256761117,66.08916259503602,0.19846321662791402,-1.6884519765195762,1.1913182049588824,0.016922128283078524,0.09576407816238003,0.28832328848429856,0.0710047672463062,0.9729468129844823,0.4675493991405042,0.13205914122404508
54.87026287410248,0.503741686456565,-2.890383613770295,54.036206959303456,0.14640048585852056,-2.4886362166043963,1.0659428841689693,0.008405519369073357,0.13125987164961564,0.34101574131156415,0.012536184174186482,0.11653250173478517,0.34640939100047846,0.10766198310191338
49.04977513611545,-0.07695260183739752,-1.4342213777604782,48.24011421351923,-0.5843809512629087,-2.2480004481357314,0.9828392299840404,0.03465478755956943,0.12072862707687444,0.21446661509880627,0.026850169539776623,0.22550525999860557,0.5654958759166568,0.11930979003804282
49.04841646070864,-0.10258466758019986,-1.4479246139463982,48.24073772294927,-0.6025840011268208,-2.2132236073091205,1.012438129834351,0.03655194471718474,0.12268875116697953,0.2161119205348459,0.028737415529114747,0.1966824950777688,0.5583784598226894,0.11810190585875126
43.30053808654151,-0.9974967066867331,-2.470912118556892,42.455291932838975,-0.7924061506508946,-1.7829948745139959,1.1391181222936049,0.04116937232961646,0.6599774885893247,0.7511962509798186,0.10047617925301769,1.3047660900607092,0.8825915544671045,0.15851551437681802
73.01954831671654,0.44677999396418655,-1.413840375307494,72.1561413168492,-0.40587155267447994,-1.7897669798484532,1.4213755127905574,0.04379345851777457,0.11959235604118207,0.23231940609560608,0.15808295897073313,1.5905016683976494,1.1898566538484132,0.12875906840025084
79.31260854144186,-0.48430664775879406,-1.7446608990855021,78.35792752384856,-0.10224027984777859,-1.3067987632292197,1.0073085976917815,0.038525161181695064,0.2371226907124654,0.5722253152074787,0.08988446879386637,0.704275098944959,0.6107540715853628,0.13773446478769766
