f0,A0,w0,f2,A2,w2,B,f0_err,A0_err,w0_err,f2_err,A2_err,w2_err,B_err
5.019808590197236,-0.12514664976493958,-3.7824158421757814,4.878092364805963,-1.148011927140536,-1.8202271707628876,1.2148045117106752,0.0060955637550015275,0.18474480622396627,0.5548636432054378,0.015513107686591896,1.3359205858045895,0.7248662734010755,0.26965252440842696
6.099470137024147,0.00830179658314345,-3.12631765292061,5.9037828224049935,-0.5659712317331838,-3.400332449333945,1.0982218383398337,0.007922137694323752,0.16418406723244472,0.49949520606964265,0.008613321695891537,0.24920976559494945,0.7079871594578602,0.2611456151266272
7.166800908929893,-0.51364592880145,-2.7759172670016032,7.003772980794928,-0.4061587775467067,-1.8701452468240836,1.13866199194775,0.015937792779204887,0.34532899025249697,0.809446626997622,0.01953054795995598,0.47132673384111046,0.6500819535545954,0.2639924108194447
4.004655348187249,-1.1399060406826864,-2.810444059301116,3.8888328828306338,-1.0428937292219442,-2.15683198259648,0.9987463103428187,0.013041505564832037,0.4549828029501297,0.794428858515859,0.014431739467560177,0.5472480421984928,0.7333607332858882,0.24800424340595237
