f0,A0,w0,f2,A2,w2,B,f0_err,A0_err,w0_err,f2_err,A2_err,w2_err,B_err
31.336646756957506,0.2205008004496009,-2.535722888103617,30.71551712825822,0.046286485215851526,-1.43969799218055,1.4176321968931922,0.011701723153020064,0.11905759343282209,0.36599642205455946,0.01292736915023032,0.11608603296376864,0.21288021236889995,0.09086847250877794
35.348213031880995,0.3602279618711013,-2.0349088026162336,34.80592802251083,0.23762201253428286,-1.4623739820711887,1.3555819287921191,0.017270478618724962,0.1025906416874572,0.3365103657708007,0.026099003071125976,0.10763082435587946,0.2359339332055257,0.1316237583488719
39.31539076543988,0.4026434483089494,-1.6675297413455357,38.700628230976214,0.18291064745682117,-1.4370135942458404,1.3927717359079383,0.021483988754784435,0.0997186545211032,0.31269742665220424,0.03368197333733932,0.13223804746076664,0.31314645302350663,0.11294311074308855
43.36321933243066,-0.17842396261250204,-2.291876655742509,42.7107409927913,-0.29218534206593677,-1.6658220623975069,1.4439221000460716,0.019990525199221267,0.1506682640654625,0.5651766533384557,0.038773009661609,0.17262352292717195,0.40220670446237944,0.06622411168903385
27.632982917209404,-0.4137814645088437,-1.7351918392143764,27.09541280704175,-0.4719993197252289,-1.5796692849499683,1.348886064636524,0.03402413777393266,0.21670524136937347,0.4676584744128968,0.041255602440532,0.4372169825692365,0.7071238970330778,0.16703289131574786
23.694250795329143,-0.6131331602895578,-2.662477840588647,23.189970093277083,-1.3936537237484483,-2.0506002650779056,1.2338266459595453,0.022385271707423597,0.2502390593207214,0.7681647522198986,0.05544866719140218,1.3370581317458003,0.9726846785099281,0.2241909940106703
47.41172563056931,-0.9930497575913806,-2.722596138347075,46.630059519496896,-1.293900946058542,-2.258861911716019,1.3875773013751695,0.052849296301782187,0.9374018820891433,0.9307442121724704,0.0868241098700506,1.303126113012596,0.940536610424831,0.09163630839285322