f0,A0,w0,f2,A2,w2,B,f0_err,A0_err,w0_err,f2_err,A2_err,w2_err,B_err
50.38730489392049,0.65962549671369,-1.8716938457619827,49.70712015254718,0.2057302606924138,-2.560764354569197,1.3504777806301198,0.03168227889816101,0.18571083837272617,0.476871634283973,0.03332213815676964,0.27320993632792656,0.8205924885267909,0.14892013448904776
55.96471140211751,0.5857574530681946,-1.572089841953916,55.18094914593414,0.48646860388451135,-1.710234395845801,1.127868526687606,0.04239344593488939,0.15624675068615865,0.34003407500309907,0.039479875429392644,0.18243804394235852,0.49968701128590065,0.2216611562417464
44.81083115306753,0.5291120488357515,-2.3789860618920144,44.04662783018495,-0.23710085202837314,-1.6017245387929848,1.1184764711678323,0.021600460519830725,0.2465455595695306,0.6891955261416896,0.07530740356884841,1.0697445806374988,0.7999510626539303,0.2700925960644992
61.631014789023205,-0.24988091561178455,-2.0007112856279847,60.80458086980011,-0.09561923151337548,-1.7081470538725774,1.4217028642278025,0.05420017123609516,0.4395133632416664,0.827070554789489,0.09718898083853941,0.9907549363720075,0.8311239739587616,0.09620629418869261
39.47661905166705,-0.036978217410671005,-1.8083970514299237,38.78079067727782,-0.7768212989366418,-2.6118830741057546,1.2708599173852175,0.043931062990682945,0.3389110977179932,0.6942487933091489,0.0626463322716104,1.6908763993703275,0.9503839592666986,0.19953847868281532
