f0,A0,w0,f2,A2,w2,B,f0_err,A0_err,w0_err,f2_err,A2_err,w2_err,B_err
47.26378491962728,0.4817153708761645,-2.057313814615848,46.53195298390216,-0.17569250625974442,-2.5507400473007946,1.3179166136051688,0.016678656158424312,0.11139991276747321,0.32556973556070135,0.019230540231450047,0.18593738038938212,0.5714570468562116,0.12576070325852148
51.96651704985225,0.40132904698539384,-1.803428138396019,51.30356893491296,-0.14617957352574387,-2.387370055703107,1.4762568683400183,0.02241420431834535,0.10887061786004683,0.3072364836836088,0.021093814426364235,0.21777211945555847,0.7959028368881809,0.0329563669773637
42.396105124744,0.4064051280034374,-2.1740559025093247,41.65889664573312,-0.5260379124552925,-2.419880424020621,1.3272298353729461,0.016506685863263384,0.1164428574108622,0.3544471894651694,0.037342809980156516,0.5846307694004838,0.8860936096332586,0.14191363384933997
37.852742041492284,0.058210264614128954,-2.3760955286797714,37.23154275515318,-0.47046409075622575,-2.047560617154802,1.3156706446567432,0.015918781435612372,0.1543040285076721,0.49410577534678407,0.03012535973987931,0.26149699299160334,0.7331183938133289,0.14231892555138015
56.7823372102559,0.03918365438296818,-1.7487974217864335,56.084091801111995,-0.09176271771934852,-1.508406270914921,1.3082022767834673,0.028860624121684043,0.14178791701945595,0.38863896294288713,0.018948276352991168,0.16402854648958132,0.31111220461704797,0.12012150336691138
61.84680775943469,-0.39599989204990604,-2.832815884326186,60.82079874455013,-0.4194983744605766,-1.5549571738160923,1.0811349928104121,0.04631640818292414,0.2610951904484087,0.9067602572218261,0.09273860303822988,1.1190113402694493,0.8129913201513167,0.19189886229516637
33.28903987011273,-0.6909351488417046,-1.9997985470351254,32.74544539034072,-2.7875442047959593,-2.5243963001037812,1.157077797878151,0.04889612543127476,0.682426782414585,0.8040166349958098,0.07056776170772584,1.6571079980294465,0.9942845190888625,0.16863356120339185
28.757283967991185,-0.8302146676938105,-2.6344901005493013,28.200097409121465,-2.4292156717923854,-2.819083201368507,1.0368352326336492,0.036369637442984826,0.4235326995714354,0.7817426570337755,0.06670305409935928,1.3826477293241743,1.0024238217472248,0.12942677313868545
