f0,A0,w0,f2,A2,w2,B,f0_err,A0_err,w0_err,f2_err,A2_err,w2_err,B_err
45.18887316893199,0.9196546723143844,-2.7962884325231196,44.48786472411642,0.9185342266357954,-2.9577065943443634,1.4401320502990358,0.008756089288018897,0.15227141698328442,0.3735118418504934,0.008900727533527554,0.1531114068658312,0.3787948912034287,0.0686141742739979
40.212365636573956,0.5144468463244135,-2.838536299403861,39.46676661205957,0.3220116719969771,-2.3386595266177097,1.0754989074516843,0.009535036893294244,0.15187542254405706,0.39273993315276656,0.01418058709314581,0.12168268919165025,0.3640100452407284,0.16871044810335373
35.27617896269319,0.005416797903489708,-2.2019987910631587,34.55851466239495,-0.41654223204187435,-2.659613277473677,1.014418588123938,0.01836398963242088,0.13416570701924213,0.4600759713034879,0.016881768708869847,0.2060356184998213,0.6433204579466225,0.16532285432771865
30.61107374596339,-1.2300150413391786,-2.5025972314344456,30.081257858755563,-2.1841820263567615,-2.4861742470198465,1.3793043470964081,0.05123354216688305,1.1232272715499008,0.8570377924209639,0.06362730972311748,1.5864501516950351,0.9237743961641274,0.09901684865135857
50.22746485629882,0.4571410434865843,-2.294404294559426,49.462220085715146,0.32064215740598345,-2.090816063337586,1.0713911272944947,0.014184964260560217,0.12210052729059921,0.342554856361214,0.017052771976629015,0.1105177590852412,0.3680669384305311,0.1537272623431066
55.29326751601336,-0.07183445071285188,-1.320453871027692,54.54121001643717,-0.19131724675554873,-1.4055195554087416,1.1992639817715185,0.07972047715234651,0.44470768489845763,0.2594797837202626,0.06592118437869926,0.3057120133542428,0.5142539134811513,0.1643337348976553
