f0,A0,w0,f2,A2,w2,B,f0_err,A0_err,w0_err,f2_err,A2_err,w2_err,B_err
4.792253613070385,-1.0648211202239979,-3.3664902586594145,4.646558980091198,-0.5156718529788955,-3.669459838907932,1.0355542359086152,0.012310036750667032,0.7314998325940538,0.801216561970168,0.006851820634508131,0.2057900256979418,0.5554382389301006,0.251731974834724
5.664299376562092,-0.9407726377559045,-2.9557224661260837,5.529765642322163,-0.5691013969734369,-2.852356854332277,1.0506976701173771,0.015786902147874093,0.6589825292321001,0.851221442070417,0.011617551374841857,0.2818070653053431,0.7599204792401456,0.26305488104023594
6.555154884346136,-1.2741915946892985,-2.885192077405865,6.400033825836439,-1.2956661367597375,-2.5921686669399304,0.8031030054268936,0.01576727917102514,0.7567330093979995,0.8945903750317449,0.01793661322698032,0.7224749434144675,0.8021622751667714,0.2178917686415008
3.9932971439364584,-0.6398473728827162,-3.5121390541698987,3.866349391446237,-1.437162714403545,-3.140919144776994,0.9212299667602798,0.00803595033990965,0.22557006497353108,0.5945803032157603,0.011740556036135379,0.6192194577204038,0.8665283745890803,0.23604392163663293
