f0,A0,w0,f2,A2,w2,B,f0_err,A0_err,w0_err,f2_err,A2_err,w2_err,B_err
37.42543300460675,0.39320732844618766,-1.8235774087082226,36.772144201257866,0.3004352430699688,-1.7178677383974676,1.4353727783323342,0.018751724927869504,0.09687932276494847,0.3009739744408494,0.021262734924604006,0.10300018668353976,0.3281880671297726,0.07508710582732693
41.63232231907459,0.2800696504282234,-1.4328480939129875,41.023050028843684,-0.02387016437714417,-1.677459026174946,1.3359669218469161,0.029179003814794983,0.09986302382011315,0.21423011252164292,0.021307491815314442,0.1429142504904364,0.3586128371291946,0.13062052795014523
33.14907809828123,0.4038551547237495,-2.7715716879329593,32.48175874922031,0.17891565788267244,-1.6046831466815639,1.3307024189113497,0.009515916886169873,0.1264766511100869,0.4011888983954468,0.02061322021342804,0.11225742299674439,0.2696862329783955,0.15620942186322465
29.12848386511336,-0.0808812922159286,-1.9494282052752505,28.489888852290612,-0.17543117362500965,-1.509483891984286,1.4111732130736478,0.023387055565862673,0.13179239467369813,0.3850463650282028,0.017617663739264752,0.1467405510300284,0.28616158985773266,0.1028746388268237
25.1045012922213,-1.2748093422660138,-2.411838518791569,24.57927067671067,-1.4406558482322265,-2.1188981080328824,1.397663538309525,0.05139271477290692,0.8401584215115695,0.9557622273148498,0.057568831519877996,1.3165150810442166,0.9911143474579822,0.1166562911191025
45.890718152765075,-0.12979045295632466,-1.4074996998888896,45.32722675742191,-1.012653048406773,-2.5731635352075695,1.4516077774926592,0.04137415951381556,0.1808294328368612,0.3230559033240924,0.06975565276583372,1.371054098582119,0.9963487796931236,0.05821993134926486
50.071350704508106,-1.6679639202451713,-2.7645041647041366,49.26851129524343,-2.618586387081683,-3.04388593845057,1.2017153463154362,0.10303514889474454,1.1578449958829957,0.9987253277929651,0.106561235165396,1.3863845978339062,1.0837105148087107,0.10475421098941108
