f0,A0,w0,f2,A2,w2,B,f0_err,A0_err,w0_err,f2_err,A2_err,w2_err,B_err
38.073854897883045,0.5916520697502652,-2.151854173565015,37.437947420300034,0.47171131856836024,-1.4126992466682693,1.3314073180355046,0.016563533800889752,0.11546634956745265,0.3819552112748393,0.03424443706484969,0.10281608762603257,0.19737734750037725,0.154629820587821
33.69336135633313,0.1932278720109315,-1.7598020867779156,33.07102224336321,0.2576371533493814,-2.4646600979742863,1.321625300737519,0.023342113823993614,0.1225382824410137,0.4253981549387773,0.015112421241527261,0.14189215972636018,0.42469398665636343,0.1609901399994498
42.300664190893556,0.4013044818809821,-1.7042932433329065,41.636618996199715,0.2216375269481074,-1.4728503988827788,1.3574584398959733,0.02323201166138776,0.09989436980520895,0.29191084039941917,0.024829707115518945,0.11732180555424017,0.247640111734877,0.12557449104560012
46.626228494536505,-0.03189487424784984,-1.716036244543198,46.03282414299876,0.1639635423774811,-1.3432422383564002,1.3114306092668495,0.0279611497102886,0.1596513555618736,0.43688720355306687,0.044328700372407104,0.14606765523523144,0.1902687143112129,0.13188582504793056
29.62363789125415,-0.2100162899106819,-1.9962476802323263,29.109774310256253,-0.5279529434554506,-1.7219061866860697,1.4278118247222604,0.02686108787262694,0.18389252140835527,0.6629259706878359,0.057979195469119726,0.5030055582157628,0.6672582276828611,0.08124444737987939
51.04602635995573,-0.6112347632753734,-1.8633942473230833,50.4320668979868,-0.8265726200137932,-1.9922235139515327,1.3487338819182408,0.09889618042587411,0.5420230294395698,0.9047159862357066,0.09209787109026085,0.7209871360484392,0.9343308866890565,0.10855370546474999
