f0,A0,w0,f2,A2,w2,B,f0_err,A0_err,w0_err,f2_err,A2_err,w2_err,B_err
29.119380809445786,0.0011007300819688634,-2.286199013303813,28.57974556405102,-0.4055449672263928,-2.719213113865322,1.296002982737419,0.018037408709912717,0.14799328066219217,0.4290224020209558,0.018717003322481995,0.2119830655138071,0.6472959552461811,0.13648133939097828
32.832376467511324,0.29036525874380564,-2.1288484719640706,32.262523573708556,-0.17178395614231745,-1.6609337148285002,1.3407773161547596,0.019142657941877108,0.11918285228013142,0.412672335391203,0.037283122254041165,0.2340819643117064,0.6690514571197499,0.15831311462266326
36.57033794298203,0.11972777063738618,-1.814140093328872,36.04478050683439,0.2192328464996547,-1.5256311856005462,1.0187852861879279,0.025109479736475315,0.13246407737272814,0.3885127715229111,0.023246655118046137,0.11182971494877868,0.2669276414817758,0.21181138195792995
40.26537817411525,-0.1665591322523481,-1.7392416643250181,39.69252849518165,-0.05240341392045355,-1.523321218003693,1.2659622884539146,0.033796867997557906,0.18127453132769455,0.4694884487211985,0.02840603555759099,0.1653987622059803,0.3393790844304634,0.16903918730704856
44.128882454633306,-0.1903862536169385,-1.4146282453994514,43.621397669886655,-0.21990756435270542,-1.6298269463321502,1.090709978267361,0.06554346486934765,0.2993035697522665,0.511304772615028,0.03481955797475391,0.24729896660941567,0.5193842390241216,0.1646900533951348
25.689282309464666,-0.5298243853853302,-2.741706552901589,25.16838510498062,-1.1304989568893122,-2.9998137295317853,1.3072557247186067,0.026713581547056085,0.2745443174225334,0.8890800161702136,0.04571722485388074,0.9716343393432485,0.9200638670951723,0.18104002479220643
