f0,A0,w0,f2,A2,w2,B,f0_err,A0_err,w0_err,f2_err,A2_err,w2_err,B_err
28.298520138094492,0.04905136777183885,-2.30841633924298,27.722347458444894,0.19978079515473143,-1.349592209030527,1.0738899049659902,0.019357881190163403,0.14683423712442295,0.5192085631603772,0.038286970819405824,0.13891358771849294,0.16995387128587947,0.25131922168905635
32.30556097557791,0.5627105775719612,-1.6712952063475204,31.638299267693352,0.22338053496584803,-1.7951492293202091,1.3741585477036318,0.021098767939428373,0.09841681858211568,0.32266017252970297,0.012784875322199575,0.11870499664285597,0.32268793277403807,0.15067446835850262
36.49194297940832,0.13138325481085467,-2.1273752474198293,35.829720163425954,0.47734996351988335,-1.3721845022861308,1.2811107156069323,0.022262138810094593,0.1553041539807368,0.5862093502327402,0.031071380009950116,0.09897194310450835,0.18849339622907352,0.195610350020751
40.54024341978209,0.06332560712333564,-1.3946751779744355,39.8615926294204,0.1776515094758684,-1.4471552300423367,1.4455043869680229,0.05570029016297266,0.21706260571360236,0.33326890082625293,0.0428653452910132,0.6055088853276059,0.48039712974516574,0.06787929082488164
44.748377388894454,-0.13223232515180866,-1.6306731997626969,44.052067608289136,-0.282717831621927,-1.4656399248983394,1.3557079521709914,0.03730546956407821,0.15984323572495857,0.3734106519788199,0.05877045013186225,0.2715221788862784,0.5903579394356007,0.12374559005050687
24.709707728204712,-0.6227635360815298,-1.8588366221613475,24.236767312156143,-1.4010322963724353,-2.2024244078152866,1.2975586481760304,0.06274346950500855,0.43441572003538875,0.8616239666764189,0.05642063787472782,0.9837710827912818,0.8354805007291487,0.19657573062363254
