f0,A0,w0,f2,A2,w2,B,f0_err,A0_err,w0_err,f2_err,A2_err,w2_err,B_err
30.03963840394876,0.5630965993285927,-1.8793420285032496,29.405204337361226,0.28228232090306815,-1.8137600218461758,1.3657501791790883,0.021194435806851694,0.1088277610085661,0.34005067844118364,0.019732900909870017,0.13043847026597027,0.3696251795440233,0.15546864479325526
33.855077343581044,0.48432601548101484,-2.1197640002134936,33.2969668473398,0.0426391342602474,-1.9767243522089233,1.4401536749280974,0.01795388923397123,0.12905963679105303,0.4301033441746537,0.030119687990048105,0.15507902634443782,0.48792020739064,0.07552589839807584
37.68211061190556,0.10800264173696872,-2.1328155463160092,37.07014271869624,0.1655508620953685,-1.36314044312945,1.371222669968861,0.023157902935849364,0.16303875429114387,0.6514034783393381,0.04353956400984646,0.14540004118361605,0.19499772395592024,0.13441993213476494
26.22321488900871,0.010766895590228476,-2.4864815578525343,25.670332433077597,-0.035863544939454144,-1.6738978860961056,1.2634761758518804,0.018142311764345255,0.1723388409881273,0.5523027621392897,0.03327841133289208,0.1707305116756166,0.45440896704322664,0.18748888032746677
22.71601842095618,-0.3394175206442074,-2.3935574120591925,22.253552726032467,-0.803866349985409,-2.25809048063741,1.088035092302009,0.018698776456292285,0.1529405853670504,0.47599390672261893,0.05973331007516894,0.5105359729572645,0.5930864055393006,0.17511450181348734
41.73126014399759,-0.8321228323123893,-3.1507893233553563,41.075331903239984,-0.6219594557081936,-2.6830672567820733,1.3240547166343992,0.03089428332330682,0.6833206453984991,0.8437336306356029,0.03396214505496545,0.5804680614074402,0.841114679833549,0.11443633901072518
