f0,A0,w0,f2,A2,w2,B,f0_err,A0_err,w0_err,f2_err,A2_err,w2_err,B_err
42.939952410996256,-0.0043729039664062615,-2.2565531554646343,42.24023566302438,0.3064849126088315,-1.6261141959633716,1.2943921503667348,0.019723699151215024,0.16363086289113563,0.5282876169660335,0.024843063303203645,0.10513625838785189,0.27762268997850986,0.14625213205371285
47.838743109852835,0.40513009001227573,-1.7843389714881053,47.128051318976425,0.03899486108244375,-1.9846240775738568,1.3640072206223761,0.023042782150216545,0.09957861452365485,0.3157939493772552,0.023405671478767282,0.14805104446625983,0.48510674171154894,0.11931666313300096
38.28523598291587,0.009060921974943898,-1.6277224420279701,37.63016948705722,-0.589615741804929,-2.2068840060338983,1.0681947979104276,0.03024830890249885,0.14936709917475752,0.4003650922946833,0.04681857081832623,0.2785772904042601,0.8700600573396564,0.19030492827955223
52.6230856469512,-0.01116588981367398,-1.4777983317077628,51.87785989167982,0.4736803339524483,-1.3700394944105407,1.426293450834333,0.062166295439388106,0.21705515248637658,0.4158979843161067,0.024379239662217007,0.10673093598855637,0.18485321446508352,0.08124668384171511
57.47252547580263,0.21587277276894837,-1.4866819111668599,56.77933968369756,-0.13095133100348666,-1.6432969534027464,1.1350763917910953,0.03157461698151835,0.1095502466432915,0.25598796496753257,0.02317351930284271,0.18247781411754546,0.44966710833758505,0.13752111096356878
62.507609353026965,-0.1374875631979382,-1.3631850155523537,61.666036858643224,-0.3035230690110704,-1.5275728781429745,1.0345778066287623,0.05754930326746278,0.17063519587753115,0.2187093921090443,0.051562691727389545,0.5185208624038341,0.5351937752172665,0.14115806688626703
33.71710220298344,-1.0798296683397748,-2.1750715382385715,33.06565947176257,-1.08223887608683,-2.2117053805651627,1.2524784963318085,0.07149837702166023,1.1185849392750795,0.9330355236205752,0.0610657831292923,0.991899617232333,0.8283608138035681,0.16886875526867026
