f0,A0,w0,f2,A2,w2,B,f0_err,A0_err,w0_err,f2_err,A2_err,w2_err,B_err
116.57877884613002,0.660214767007044,-2.3722546411693632,114.9978737453068,0.26113879073854684,-1.81905992660359,1.0951399907494461,0.010309567189444434,0.0941194856539756,0.24159063575207188,0.017731860041959594,0.09109052192623622,0.31938841573691595,0.08437188819324316
105.28707208452887,0.20815297486699846,-2.313558178181656,103.7397646669185,-0.019135201639871674,-1.410133243613119,0.8406412157207692,0.011512812977387099,0.095623141512506,0.2761191916921605,0.01813841951880368,0.09252775237876801,0.18481381994561455,0.058877052311483595
94.45214212233907,-0.350585602186416,-2.468872113923288,92.84264989620303,-0.5463745391579802,-2.027902645483496,0.9237600337915759,0.01558901600299835,0.1323662476534999,0.4517058188582677,0.02523624746534882,0.1748507734183797,0.5547148650314943,0.056553082789527954
127.90365311267718,1.1126897674234333,-2.938631736470476,126.40623808588889,0.9903723687413866,-1.8572873156168064,1.4159850535922531,0.006757330419808415,0.12630096228870713,0.28298273135028396,0.014006286721308254,0.07380092084918709,0.26891566377421083,0.07193582646113454
139.248298341319,0.9056686319217171,-2.3365168691571667,137.74369151577315,0.8730271519750794,-1.562123031269585,1.481188029973345,0.01076671374349775,0.09727957730722538,0.24154157060863757,0.015665106386914363,0.06382456324111145,0.2084999173415045,0.0232541266679079
150.86659384320734,0.3540282464254459,-1.6019880163143814,149.28495592677191,0.3485744768135466,-1.305282349740724,1.0764798461382818,0.021304519829693322,0.08652639946315431,0.28284839881382673,0.24449485893640582,0.8746585694396398,0.883560662180412,0.1598316976135268
162.6268251372053,-0.022844416514813864,-1.3912675065967715,160.9080274954502,-0.29101815494919114,-1.5066316302218405,1.0914935277749107,0.05533302328491535,0.16770461514156682,0.25056566379311496,0.208232115043078,1.4890984245340009,1.0134189457301717,0.09872035033293114
