f0,A0,w0,f2,A2,w2,B,f0_err,A0_err,w0_err,f2_err,A2_err,w2_err,B_err
35.72496928432239,0.31715207343618695,-3.1947451227527193,35.09474129330089,0.023473491844235583,-2.8960624247078406,1.231103943757772,0.007508327632092276,0.15153117373516706,0.4154829884521902,0.01006527171606035,0.14688684367960583,0.4723581902528713,0.13966555566942937
40.22052711379651,0.6870851390306525,-2.7204163483198327,39.601960094453936,0.146555245439802,-2.75777255741557,1.1908780982022436,0.009008748775100361,0.12589585597346925,0.31761142907223666,0.010394779100068374,0.1332078006148705,0.38067105130935913,0.13578900727998786
44.633749545671435,0.30439299180224344,-2.2111426078550434,44.027876513465856,0.4061774740822741,-2.418529273599894,1.3211725848210132,0.015318564839171144,0.09759582361781954,0.28882408818442984,0.012158778436535771,0.10807883404080446,0.30144435065612807,0.11386149488409109
49.15560186443292,0.14436952709576606,-1.6920485094236128,48.50719805560566,0.11015193555339606,-1.4740117545066431,0.9848740990999157,0.023051137302896558,0.10751403486478207,0.33793657339351574,0.021188775657552165,0.1498595611849659,0.3457003636495325,0.15007238995999989
31.451236151004494,-0.5986647902915523,-1.8165108143241104,30.91422350702596,-0.54592529808679,-2.650562041733449,0.9929345368601565,0.04312354839538185,0.4618208827901598,0.6256110002346923,0.01606220901057846,0.19107896120616122,0.56600863391807,0.1529393802674176
27.19647444024474,-1.0933852604816758,-3.2555649561039632,26.704856365945226,-3.799261990220436,-2.743717949671905,1.1287960755948396,0.024737055695135193,0.7273653903920592,0.718336937752215,0.06016826659678483,1.6107928984195654,0.9829819436870773,0.10537046791167155
53.72031716401826,-0.534477428325115,-2.0247602718514273,52.98793497134926,-1.4076896780614039,-1.9029638081745,1.3211328366096242,0.045283991922085876,0.2810978408969975,0.7237512345612683,0.10304486228552523,1.5781237013507916,0.8998105279494276,0.12681580917458668
58.55930125648918,-0.8802657781574738,-2.313948779318874,57.695393088616726,-1.2168412774830983,-2.301549997959094,1.0098990718117118,0.09928967644177426,0.054357430277960174,0.046763035037704924,0.15355251349814325,0.07479406176447645,0.04403543269976049,0.038347849494236905
