f0,A0,w0,f2,A2,w2,B,f0_err,A0_err,w0_err,f2_err,A2_err,w2_err,B_err
214.1659038535705,0.16803001701167064,-1.7722049124876535,212.0273105009903,-0.2291769831753519,-1.3979572497112893,0.7686276694584447,0.01811170073593859,0.08276238086725364,0.2561963372583472,0.06175338353547686,0.2312166255440821,0.21554824866380132,0.040263283054068226
231.48907780991735,0.49529065199577527,-2.4542634526016402,228.94981653079998,-2.26889474305136,-1.9132997962793779,1.2410997671419035,0.011276398715062141,0.13356273203872557,0.34611383469573875,0.3784297931869662,2.225023082752952,1.0750272444901343,0.1431346000821376
248.64365354591862,0.8229421178972833,-2.907224693406176,246.69258543930835,0.5252999843980002,-1.3403398765697292,1.2315715846850122,0.2307254492407844,0.6792665202342794,0.42004239393620685,0.3745924113981324,1.3480256827342325,0.7346981440277466,0.23895259787392817
265.98975752606157,0.11709935929591142,-1.4691629545798053,262.9946990165119,-2.712148409487229,-2.688835695833976,1.0474281515678057,0.02570783247309477,0.09059542668999988,0.20624952818270628,0.4025616700221134,1.8098687227312513,0.9373343773027076,0.039872771926849016
197.0317227760022,-0.09277844518701377,-1.4547544251624966,194.98467101301657,-0.4669633768962207,-1.552840603631089,0.743001480254947,0.02890795721210595,0.0906967603315748,0.20519126030059995,0.03731752548227884,0.13984915379905738,0.3027101120136914,0.03674866343788352
180.38720655175158,-0.7134520842289975,-1.8208772269104176,178.19139420262445,-1.389511561278065,-3.06413201840949,0.7094322793356775,0.07069587882373876,0.5515536785820072,0.5641753786877821,0.16621612089016533,1.1582207554990127,0.959305026039368,0.032847982636243805
163.30654178273332,-1.4857344246891195,-2.192169998945495,161.3887470275213,-2.6138612262303123,-2.4837355506684244,0.7432179228646397,0.25728374607272975,1.2628589166397635,0.9172060605238891,0.2569531020100305,1.268957835869161,0.9631659612171259,0.03539797094679972
