f0,A0,w0,f2,A2,w2,B,f0_err,A0_err,w0_err,f2_err,A2_err,w2_err,B_err
21.625664240945362,0.011683834907758402,-3.41025780106058,21.263734225571195,0.011332041097273704,-3.070445222878902,1.2724725303059123,0.007426097446380105,0.18077008047606813,0.5156691413275382,0.009689595880755238,0.16437700707107444,0.46360872277574416,0.14511788626931615
24.44348880479739,0.3801118250817764,-2.56056387116493,24.068301977287753,0.46313201681118066,-2.8228724788721986,1.3363423716727238,0.012236480608765463,0.1301264343841465,0.3921422640939105,0.008545119784365863,0.14261357123418636,0.3845752172193814,0.1361250618836729
27.12521112273419,0.3157555414744426,-2.0531557071925897,26.736119246830658,0.10362902800777779,-1.6589636812323638,1.2716396037388924,0.019864374542498463,0.11456750737960544,0.39929006861638255,0.012229010968974564,0.1606845548074775,0.34923720801165026,0.16031787033492148
18.99086244479244,-0.18416959971884617,-2.412998521269818,18.595436489114523,-0.220413168599156,-2.0056764064710233,1.2329499718929544,0.01813260588129594,0.16115083641596925,0.5254297465557923,0.024497515085451404,0.16867563176268935,0.49625585608220124,0.21872290096087013
16.384408621294114,-0.4832383270928691,-2.9808912789603896,15.976890625980342,-0.9101692332419491,-2.554582744369786,0.8499314889501016,0.01177448193502979,0.19515230404990477,0.6271743234368488,0.033059545643042546,0.8243033488391036,0.9749682569173618,0.21563343119142644
30.04382489219517,-0.5416219182223551,-3.358329251129873,29.612766102418774,-0.1726740422602855,-1.5180489216710313,1.2266103142314486,0.012048530124550535,0.22797293005677033,0.6696904835162425,0.0265111580852956,0.16888698346229358,0.30107085665734074,0.14942903147924544
32.88187656292802,-0.5728920698375042,-1.6999407222322365,32.2994241182602,-1.6955411803480567,-2.6489225726773054,1.2572953880507947,0.04541751922806683,0.5617910604375728,0.7627653871327623,0.06776498009194344,1.4456769772020976,1.0077008418793323,0.1474436228374073
