f0,A0,w0,f2,A2,w2,B,f0_err,A0_err,w0_err,f2_err,A2_err,w2_err,B_err
29.394238710765517,0.11982492837120934,-1.7971260056431724,28.885094937582036,-0.05822131948376319,-1.4320268750581504,1.0360091078225708,0.023946715880498216,0.1218895333251958,0.37456545742708136,0.04019722976318612,0.16137428684718397,0.23097414599546134,0.21825221574543324
33.18974232262984,0.1403608984430715,-1.5214475008684407,32.70030798221822,-0.5188667489180792,-1.9079416036803523,1.3297203766915757,0.027489122563356682,0.11302523859880326,0.2588628079142766,0.04078829137193897,0.537042951865364,0.6945775858571984,0.13655753318711433
25.762242300686914,-0.2601043029076443,-2.538722549693459,25.262084708204544,-1.6888176172001395,-2.4287000524656372,1.3477452875027907,0.0167422489183264,0.16695807631587736,0.5829919854333544,0.05261656908467864,1.4736521031321161,0.9814338721659825,0.1384987025291977
22.235297330729765,-0.5825484593613584,-3.1644000696741057,21.777528517511442,-3.0098989219209367,-2.9509159256954436,1.0484871028270784,0.012502981991333808,0.2156146508045917,0.6406904649620009,0.0463570480959649,1.6318456374533314,0.9659350485669812,0.11329397097995218
36.907095994418285,-0.008357823815169807,-1.6596928072347585,36.31062657287394,-0.1554772102016456,-1.3656885623197685,1.38711103224955,0.05785216320226932,0.21712302304006373,0.6546223917199241,0.0637309662744783,0.38852528663969593,0.8062034962665703,0.11244587234712014
40.95206445264105,-0.4378988882449502,-1.688532122779197,40.31683106559922,-1.9847862845703335,-2.6705630451067104,1.4420773510847196,0.05217046276692939,0.3211900686847532,0.8947274658528953,0.0801601181775234,1.5608560636207696,1.0456434569573243,0.06064630684991829
44.609683273424864,-1.8789624002956997,-2.3629651573295036,43.93633703072345,-1.516297373214,-2.1924928397788137,1.0939949025224784,0.0850614692622106,1.468208352260821,1.0300627212941997,0.08122189281463636,1.3643671557329462,0.9242681850409092,0.11574200411397338
18.663776009611137,-1.3426767378076683,-2.5126069818300323,18.271435383712994,-2.3124101202782743,-2.417392939685075,1.1395879241084452,0.04184009393750724,1.0031331160696666,0.9212299323453393,0.042950020842274214,1.1617945765538769,0.9273535684578139,0.1373317183329495
