f0,A0,w0,f2,A2,w2,B,f0_err,A0_err,w0_err,f2_err,A2_err,w2_err,B_err
98.3168310870773,0.5000762303563964,-1.4498188333216844,97.29206177338278,0.19522560090278918,-1.3486632920075199,1.0539043558755257,0.022815928968103198,0.07749905491095467,0.17902565288459257,0.007437044724227147,0.09316567607279062,0.14565196404905623,0.09047134573763287
90.79710932575131,0.3430168472880059,-1.9865471386261158,89.81860017282358,0.1801159724331141,-1.4415888650414739,1.069270424548836,0.0152560264637407,0.08851364060554973,0.3085273099939131,0.14945054358909987,1.4632946102560487,0.802656219243094,0.18948672125897376
83.20888438578768,0.1492867731672451,-1.689127759316532,82.21892896248026,0.16988992553748952,-1.3286953233163121,0.7916129249389918,0.021702792131845543,0.0908276180798928,0.24918501280620065,0.028036527007709085,0.09718439410430851,0.13771628081458093,0.08787386073979737
75.81005321483954,-0.05556753089841508,-1.4820191350454524,74.9205337287724,-0.29337759316978435,-1.5411228387046854,0.9316796722584728,0.03154461661512676,0.10673712894394119,0.23354927179983223,0.03604582165715741,0.9188498879005624,0.427466848012998,0.0978589744296891
105.72453208097902,0.2954230353233539,-1.2957932653942998,104.63393269575363,-0.5036997667097936,-1.6459744679704436,1.2781661907692652,0.0421599808576401,0.09488062564777017,0.10079254055194994,0.16231971151131955,0.9931802292311465,0.9329492471144123,0.11063190641614941
113.48891220843105,0.028395673301803002,-1.3873099395222646,112.49160968438991,-0.16020901939806442,-1.3445318839246143,1.096807308618986,0.0393586723696513,0.3425462614289868,0.20847838768263527,0.13940819276697566,1.5335205022217524,0.22423947990920104,0.11946208564927359
68.78872941819328,-0.807519265454073,-1.9258710062379043,67.83131633837789,-2.482247123259679,-2.555548473830367,1.2164678199751278,0.07012194125603115,0.8510619171551146,0.8161079494365183,0.12279442795653209,1.3367887795569782,1.0165593945380438,0.08603796049222714
120.97483168035156,-0.8020497581718176,-1.7213180043659326,119.51093203510052,-2.3267307151981456,-2.4805156300584406,1.1775599605904539,0.16426469275292885,0.734877903477485,0.9161272748968707,0.18810857825446706,1.4531240570986257,0.9975431259307581,0.06797241206339806
