f0,A0,w0,f2,A2,w2,B,f0_err,A0_err,w0_err,f2_err,A2_err,w2_err,B_err
37.733373459259,0.4962861125694578,-2.0569019474481083,37.10901514653234,0.4853758200004042,-1.3122800985176823,1.3204099961457414,0.01831812165885798,0.10886990936026372,0.36782911939857793,0.03697717265819579,0.10250325980071819,0.15349582811406362,0.16241375196360122
41.99778350180643,0.27216359611854724,-1.5395957074255349,41.28265589885634,0.3276887191751631,-1.3268742692322415,1.3023261075427401,0.0280320933220419,0.12156350365264659,0.2861282307675281,0.03420844826194193,0.11294797240355221,0.1610849283623611,0.17562119292696113
33.421216469531956,0.3263976442678158,-1.8396375930438786,32.784121555967864,-0.011787988913945557,-1.4102204363841533,1.0970100525015531,0.021171118918211218,0.11286205870119748,0.3529501067255404,0.03345568102419633,0.1571091344417851,0.24517301569940034,0.2432330209297489
29.443079379315417,-0.015096735331261935,-1.9428861693771258,28.865693436526424,-0.9562827916907193,-2.11065966779599,1.4362156849660515,0.02475563357307396,0.1397456040587875,0.4504747719863968,0.05361773247692561,0.8418868466010624,0.9604142338976047,0.08111186417302794
46.2608070744275,0.21111013953562588,-1.5992832851887764,45.633484179720604,0.27472700304966613,-1.305041766903889,1.265173894659841,0.033981270730189056,0.12561233000902441,0.3230676547666263,0.04871628690955876,0.13522557675236177,0.14289988002298207,0.16946060972891006
50.52742294178462,-0.031014858982988933,-1.4165904173632324,49.93185363533462,-0.3403629850196175,-1.5666684810579896,1.3669532011333325,0.043160231717922506,0.1728498711009922,0.30807159204268436,0.0539718484507566,0.9004753063075801,0.7258472373997101,0.11629855322858577
