f0,A0,w0,f2,A2,w2,B,f0_err,A0_err,w0_err,f2_err,A2_err,w2_err,B_err
47.25266230324401,0.8107028694551494,-3.274198779009984,46.512814312359595,0.35968542049432106,-3.0465535491715983,1.129101842863509,0.006225124157283949,0.16217072127929216,0.3790244652475656,0.00801256868288185,0.1465538585843074,0.4386233521662432,0.12703170069776462
52.41442002526648,0.4157002680961725,-1.8827967943539168,51.692234147089444,0.5365451468133338,-1.9963779600418954,1.3211255098713308,0.017804792723103174,0.0905118410297568,0.2798178816270327,0.014986866198539306,0.09692044046889832,0.3373272370418618,0.12904757728371774
57.70207288761249,0.4029473229556345,-1.3262190596446608,56.97450913345746,0.201844042413185,-1.6547058736590439,0.8490337931970804,0.02818528455190117,0.07967373725995407,0.1263314278409823,0.011542713757540143,0.0968536393277071,0.275749646595385,0.12181735131364674
41.99227251473848,0.4274232122281823,-2.9044261452607794,41.250977029839206,-0.09750685180384086,-2.568963276809593,0.9608889387433599,0.00789542168328313,0.14602242555891268,0.370119923615962,0.012220385391120664,0.13611541406790031,0.4091610495206915,0.1187552169261137
37.08340907203862,-0.28564783632770097,-2.889882472638491,36.38132496765056,-0.4062809547214038,-2.056961980104868,1.0617837646828605,0.011909618382471164,0.17055544339029494,0.5263825117446721,0.02372390135451386,0.18902581136123467,0.5947281110465708,0.1381320061436662
63.218411797601455,-0.821822274343001,-2.088028306728572,62.476099859372454,-0.37628752472354193,-1.4417725148556435,1.233241091290562,0.05463443364971841,0.7829527553781457,0.8611788146487468,0.03692824378416943,0.2765485985399446,0.4224177600145196,0.12034661807002794
