f0,A0,w0,f2,A2,w2,B,f0_err,A0_err,w0_err,f2_err,A2_err,w2_err,B_err
105.53212595906868,0.12928566766661848,-3.2412675939249436,104.34228983925851,-0.15349652811631853,-1.7517787788884824,1.0331235326538932,0.007443455498511305,0.1638883987095201,0.41986198904416056,0.02508785522597451,0.11509823404991873,0.32138081088750836,0.06474151603118192
114.87356642725149,0.06947276992139084,-2.7154270280994783,113.62690072483636,-0.03958457112801686,-1.4129522854335066,0.9940754923898747,0.010135529504422794,0.1312177862271107,0.3935414547557151,0.04991114294911384,0.20410497441165731,0.2695757914613191,0.07225012511940689
96.10020726884979,-0.4669340626050754,-2.5430824962054026,94.77689069291274,-0.7142077149664904,-2.716831396816379,1.026001179262733,0.017512158664105087,0.16833152261433687,0.5369164779628257,0.03529412904117572,0.23634024380321259,0.73421571355519,0.06235602792993098
86.930201500997,-0.8898622500986411,-2.7430254482174816,85.61510753995246,-2.8389949065312488,-2.6689806104260416,0.9251519478763361,0.02291885755917448,0.4142935704725605,0.7010933349171254,0.12622735404461974,1.6928353628497408,0.9801577962738115,0.05251678766138027
77.8749295965164,-1.4211318290583672,-2.4418660324373223,76.63760642057446,-2.7923967771544618,-2.603392179563761,0.9621887294323126,0.1078733506791965,0.9974032515723352,0.8742725654627346,0.11560191847586437,1.5025520873492826,0.9383613466039674,0.058715757777151587
124.37036680503536,-1.1675512898822857,-2.277362150375021,122.74761772501417,-3.0082683623893303,-2.6020847645005376,1.148670145194446,0.11705911540916115,0.9660709295805688,0.914637174777313,0.19996673842264912,1.4274767030281081,0.9965548931264374,0.05782742743155328
133.32395787943335,-1.6166161127844267,-2.161664311675404,131.78873683794944,-2.76950481207499,-2.4704057578812773,1.0177225741250198,0.21353155913117894,1.6720537009312275,0.9337298791993788,0.2051568724809492,1.4105039711687528,0.9902174764079813,0.054989929909155605
