f0,A0,w0,f2,A2,w2,B,f0_err,A0_err,w0_err,f2_err,A2_err,w2_err,B_err
38.04209511287546,0.3557413415172973,-2.473339204155886,37.34360884820925,0.2435363939145888,-1.4212869739755254,1.4357352273943493,0.011684033561445206,0.11755202091788061,0.3854477237060792,0.029700239187581103,0.10392663599657263,0.2233207429110194,0.08157266166989734
42.296135696308994,0.39999688417839163,-1.8902195123165546,41.71304292459127,0.35821771918768797,-1.5128580437814465,1.2438313776655456,0.02940169601066194,0.13502980832723874,0.2902085837605256,0.034976822734269844,0.5898232566896534,0.5203437400571012,0.17219899838398353
46.621942110085065,0.04954681876567349,-1.878209923630739,45.996297318408836,0.1597384674097878,-1.4186545646269861,1.4236038298457863,0.024127805218062535,0.11406202105962121,0.3504398088732445,0.01810234919604081,0.10754443975486357,0.21065472815311131,0.08033545704807177
33.77898294765099,0.11579148713562672,-1.8014448653653667,33.17418222088195,-0.20892513415850383,-1.6209785300270694,1.3657719036292988,0.021692766880189368,0.11195669086201097,0.3295326816792378,0.03327825271495983,0.1651489251694105,0.3730128316532819,0.13741474835030792
29.77492709992869,-0.6104333338618642,-1.9476930124526908,29.20917671976092,-0.6789847308256298,-1.9521976129599192,1.439809824717029,0.040586864398932485,0.40671979952724235,0.6882797241772316,0.04022296017697789,0.806194295967789,0.8621744312988836,0.08577455837933073
25.59271976766455,-0.8896546866836006,-2.3597619189334207,25.122864613861857,-1.5351877639049683,-2.194369400313832,1.1901732144556112,0.03155352068432413,0.3866498101999782,0.7349924850823079,0.06132341854571797,1.2399461857915195,0.8510936620305918,0.15227871752039493
50.94202764201043,-1.4088083591628138,-2.727227035389533,50.2303070288867,-0.2671079129527735,-1.4493482190681086,1.39432141853456,0.08666832452393079,1.3834528889702193,0.9784043446094902,0.045983338867567496,0.6264122006804065,0.3663351059265353,0.08988359005470124
