f0,A0,w0,f2,A2,w2,B,f0_err,A0_err,w0_err,f2_err,A2_err,w2_err,B_err
35.28139346649198,0.4078782196796965,-2.050702189844253,34.71949075401495,0.2670777945816383,-1.363319986010836,1.4337080982935069,0.01642852984026273,0.10067072814695505,0.3274078718583728,0.031628601518945886,0.10427471005890569,0.21531751629518475,0.07354927070956532
31.245468002507224,0.2927696253284168,-1.7954271286037486,30.608613466876413,0.1337119338077137,-1.73591706182276,1.2499405563675134,0.019652145351482273,0.10055022787934434,0.305515565964892,0.020578725573640735,0.1145912807837939,0.3077906122835543,0.18438575998546958
27.4751938608131,-0.25501131953434514,-2.6133776608405337,26.882491846684097,-0.10551609602340761,-2.0413754161467774,1.289418318781925,0.01610583280641081,0.16556943807084443,0.500514090807249,0.01942564483902747,0.13726195591851603,0.41118082223429425,0.15459523657753438
23.648879635375838,-0.3494984085398208,-2.542651755827579,23.225786124283704,-2.5689187987893023,-2.8453127888510807,1.2990464596102682,0.017985809722143607,0.17074446828343734,0.5222827477787526,0.046498236225554206,1.6594601550387802,0.9887467436296301,0.12119287404053207
39.25026692727498,0.3968080513405086,-2.0807411596995564,38.66099709805482,0.19871639010995074,-1.4086317969289526,1.4531941912007884,0.01688989778404734,0.10922294329367715,0.39883454678518787,0.03214372410196001,0.1308633265782301,0.26191812505626244,0.06411498557957572
43.34009628428906,-0.031872793158745846,-1.467298425394431,42.659435821737084,0.017018587283140242,-1.660929519047798,1.0169293519956735,0.034789187785893246,0.11982703064163856,0.22795082686171894,0.024556661628357845,0.1263189768790254,0.33215724787110024,0.16559465566279116
