f0,A0,w0,f2,A2,w2,B,f0_err,A0_err,w0_err,f2_err,A2_err,w2_err,B_err
80.68020662109126,0.2711469074117345,-2.063977099000612,79.70274689631646,0.20003695071731437,-2.0502867729813907,0.9445083103152214,0.016207909746919987,0.09872535301726362,0.28626522580127434,0.08397578815630968,0.3909286067222131,0.39734297317456885,0.13675275254933103
73.49256215191514,0.26329660568059754,-2.6684780850837364,72.54119263691726,-0.02856620389032352,-2.959437872036734,0.9637226303710597,0.010029514088192753,0.12488501834589114,0.38119972909962285,0.009284971493441116,0.15112928179088156,0.43811422458171156,0.07554793044542685
66.22181115910575,-0.12981101216620722,-2.1039261008081063,65.24450170771021,-0.3511152935348114,-2.736994689707399,0.9449602151413584,0.018460913416659976,0.113790505741267,0.3275308871826194,0.013124797530312163,0.1596148708705814,0.5044433401204327,0.07492128093966256
87.90849540921766,-0.3216421863290163,-2.0339675773863117,86.61816405525764,-2.550584481778036,-2.8610577506362187,1.2415495165147168,0.024909095413568616,0.17840385811742107,0.5992663281892868,0.14039985160964905,1.6278474919426298,1.0375904338191553,0.08524441464718757
95.52296117712427,-0.6745915726594748,-2.555571310429654,94.39104339800402,-0.7701828991829701,-1.5935540587788855,1.033353066249857,0.025205144573814325,0.2501791381624898,0.856510776789396,0.10282045478196439,0.8029955923714202,1.0224606372140403,0.08032716291703863
59.33672596262547,-0.9123749574289624,-2.480476757553701,58.432085544194315,-1.2316497979344234,-2.607604250801817,1.0903083038150136,0.055313651117572665,0.4380402608054763,0.828084250875177,0.08860859736210161,1.1720892604223212,0.8364276142256093,0.08945794570987686
52.29224563866628,-1.5437409805300413,-2.18742383855812,51.471275470714495,-3.0892020906238065,-2.649320849875911,0.9961485088512102,0.08063098744491709,1.109145795991948,0.9245345682381516,0.10483240599782832,1.5093875895322515,1.0246137128424646,0.071090244095867
102.82411914847803,-1.7802194301075844,-2.324400891956591,101.48077690954021,-2.761546853602794,-2.6481245454823683,1.0400129333857868,0.16039419918391892,1.0094085930862822,0.9667639265504062,0.15012540928697768,1.3652585280592768,0.9718725722214159,0.05429936614594858
