f0,A0,w0,f2,A2,w2,B,f0_err,A0_err,w0_err,f2_err,A2_err,w2_err,B_err
38.13877885151592,0.5548205217646796,-2.2036044602821097,37.497727632178325,0.34897479593436964,-1.6175566757393727,1.431137389819254,0.01635239910661363,0.1193883255028387,0.35586163624276895,0.025718567282595087,0.11311911092606394,0.3352476086891423,0.08570851804276663
42.41308721760544,0.5812716289407319,-1.8563591919307378,41.7703050506713,0.3820889705632745,-1.3432053350585182,1.4027918692286658,0.019407768836306225,0.10045303655867874,0.3381070589565561,0.029100701160407076,0.11608135874946027,0.1560847818339028,0.10166109402566473
33.77531482164169,0.349122952843009,-2.1922062039384635,33.18570098992956,-0.052639826692958094,-3.013567726432048,1.4243480738297938,0.017201944356983183,0.1155082551625736,0.3560702662308398,0.012352121724712927,0.1875075913045589,0.5811471592450592,0.08120222242346778
46.71192239958896,0.11626135973045552,-1.4997365814360633,46.03355850559137,0.29775939212692065,-1.3446154751182515,1.43277778453006,0.05068713230909415,0.15346146172980088,0.34084584048793043,0.03475556517293478,0.14334246835701123,0.24786329767262444,0.08179750245708634
51.01532594394032,-0.0991145329517032,-1.4885740449918559,50.29445681563671,-1.310359537171794,-2.0984526390325478,1.1999905282686467,0.04336006957742442,0.15666846088902417,0.2861359213924092,0.10398571065363776,1.507728334487292,0.9762182874206465,0.14742880543001036
29.77957011477602,-0.3023326458327601,-1.6847223778055012,29.18682222968765,-0.460428581920182,-2.0565115467368416,1.1785113932794564,0.03990787029398337,0.3364675000344517,0.5047279909499474,0.022655594201669776,0.2851901248511633,0.6414589139944862,0.20855362896099036
25.596535094719812,-0.6125424477062955,-2.720046266510736,25.116021909554906,-3.0418045538555027,-2.5484617947121113,1.3766317679805367,0.024860923090334604,0.6594818989605316,0.6977260783539125,0.055974684114180086,1.6270653104803807,0.9619017420265773,0.09937390792022102
