f0,A0,w0,f2,A2,w2,B,f0_err,A0_err,w0_err,f2_err,A2_err,w2_err,B_err
45.4392318080351,0.11549780562967231,-1.660316865902852,44.7396280013965,-0.11258361479732817,-1.9700853352222705,0.951457338666257,0.024282341611085625,0.11329401122320787,0.3110977776603122,0.019964363011351568,0.13868341712959065,0.402089957006939,0.147335970971088
50.322015551828315,0.21134251912019442,-1.6939056538285888,49.67125986423053,0.17784080855776277,-1.3816320184992523,1.1130341156121535,0.02542668339017446,0.11789536480035687,0.35795455230717516,0.023303638111728125,0.14076138096803942,0.295935231705112,0.18374985927215798
55.483809507075875,0.6118708177138306,-1.992746829681253,54.801799843137374,0.1889019030941552,-1.7546200303538597,1.3784492589316129,0.016834067592177204,0.10475609359288905,0.2928781503964256,0.025675822734565784,0.11778738410568618,0.31795034318293836,0.09636695720254335
60.51944327267028,0.33649000613043284,-1.7109766560919375,59.790917869080275,0.49247806655104176,-1.7219726587759636,1.412136612859948,0.026609367338619305,0.10846281291382061,0.326329276093064,0.011070337337915036,0.10025732894621817,0.29140834896086637,0.08119705344168808
65.57484806874449,0.22849072101423337,-1.463927800787768,64.79058284328028,0.13703676441067644,-1.3344813308090528,1.4441558853226513,0.04660292564238575,0.14534065004473723,0.2682609607117628,0.0747536033801378,0.5651395087662289,0.3633049457194159,0.06920432015489378
70.75048503590014,0.11376186530224552,-1.3401834413681053,69.71825036840576,-0.5472691525598752,-2.034371437774957,1.2646021103303333,0.045616993258148206,0.13106139009497864,0.18410237852071978,0.07052055193730951,0.5159805170171979,0.8256616399956171,0.12349353406826244
40.70863493028867,-0.6175857425292908,-2.897195727021442,39.984770220541385,-0.6315351975876955,-2.3023869194150137,1.3672564193158983,0.021799772220190392,0.3682931972397377,0.7012754408304204,0.037814429905533395,0.30816876826919487,0.769787177139399,0.10299959868958988
75.89112192581307,-0.7530942366218658,-2.543012932152754,75.00448787382959,-1.148110647486027,-3.5255115065613913,1.2796179281961155,0.0494003739650579,0.550130929534969,0.777180073117921,0.12719421569470254,1.252909826800155,0.9310474514595576,0.09269038087679457
