f0,A0,w0,f2,A2,w2,B,f0_err,A0_err,w0_err,f2_err,A2_err,w2_err,B_err
32.555636505960706,0.5634738379640972,-2.38703037402754,31.898034875393027,0.3072918616608735,-2.12867507092363,1.3911035671147503,0.012073913628291293,0.10446219862511333,0.29439112475151946,0.01556312509996781,0.09871246702776741,0.30227482220392865,0.10829763919170561
36.7895716099849,0.4297029736922792,-1.902227021609483,36.14698886981536,0.3341857603084609,-1.3614535888873722,1.4278537882984774,0.018420828793775292,0.09756605985039583,0.31158104533715414,0.029564507251153664,0.1000030359232503,0.18944024285441477,0.09039327012392252
40.88145327240155,0.38429303081663957,-2.073165470656,40.25332525310564,0.26647546967079705,-1.3465356949456262,1.4032095818875332,0.01790758205136738,0.10298601691192273,0.3384627135612623,0.03661198879928193,0.10450226550326493,0.1724245520277594,0.10202539239397106
28.568470359942857,-0.07124422141902587,-2.154641455198977,27.99251322325518,-0.35445016235632293,-1.4740685511975342,1.3703161519690772,0.019387219073235866,0.13225161781610653,0.39103185072281244,0.044140960838839685,0.5451849690410756,0.425397446811678,0.13877964327157644
24.683068022712916,-0.7015718014687646,-2.444901312259529,24.20394742425044,-2.822787710265384,-2.780339317447366,1.3625718753635025,0.03381930977323116,0.375189329160075,0.65433622764694,0.055028149142350734,1.4046313888335291,1.0033938217956415,0.1070623498942196
45.05460764780211,-0.08738534711313675,-1.479164910797747,44.45632467589891,0.12907526535136796,-1.4302886537948976,1.3704351072229022,0.04684212852277826,0.14995557728752665,0.2841116376675656,0.02581363192490741,0.12436831373054641,0.25558468860855826,0.10768036856929636
