f0,A0,w0,f2,A2,w2,B,f0_err,A0_err,w0_err,f2_err,A2_err,w2_err,B_err
33.946329440118895,0.395989308548893,-2.623412422458908,33.30855307701541,-0.09813206548066221,-1.794729587635421,1.378671884058803,0.011140767266531232,0.11905218144437538,0.3619655574046621,0.026855128460291297,0.14986040726788133,0.4642609042826252,0.10957035506460057
38.355711390546105,0.4621847473400591,-1.7017912931790047,37.647252623776104,0.3561495040895233,-1.3848077768945075,1.4085682567852824,0.020410789255262126,0.09571413201331934,0.2818141640467902,0.02957871280925976,0.09540543065637389,0.193886632222226,0.10959534692957167
29.834871497721686,0.12013405030991217,-2.127296483415721,29.255172794934936,-0.3096696870636796,-1.5866767849784165,1.209282433935786,0.01758343129532279,0.11092130465967392,0.35407295169569264,0.03396881626156678,0.20167261141309084,0.37908362374106214,0.18511970573753936
25.72621302232103,-1.3874186920526892,-2.9328109835511382,25.23318226445051,-2.3440211849539834,-2.5010647247308095,1.3295764918234847,0.03850817870011008,1.0996716118524874,0.9490831806813842,0.05900333676770561,1.6431604118767418,0.9588054763556133,0.12183879839728361
42.649831581347264,0.29229769212650003,-1.332491317379947,41.88716980982802,-0.04351853116910363,-1.81906853065149,1.4062107862068731,0.03475996588968632,0.09428657354869123,0.14388880162519954,0.02511328580808238,0.14290335095278994,0.4685858283811045,0.09981930454193808
46.80855555419997,-0.2633889447063681,-1.4654110399681841,46.16305057033323,-0.560589198052202,-2.2264216066357125,1.31357417880623,0.04829846137274002,0.1880010967119549,0.3340192157308173,0.03398551556074269,0.28732526990861273,0.6529914288971423,0.11776273585536749
