f0,A0,w0,f2,A2,w2,B,f0_err,A0_err,w0_err,f2_err,A2_err,w2_err,B_err
28.556326506061637,0.4756687256717287,-2.4080508699532297,28.111874382472923,0.1548092062041509,-1.835013740105775,0.9111957150075372,0.01324923427464502,0.12453015541968492,0.35495169003774285,0.008022796637173058,0.13121194828845978,0.3604762572633637,0.21848823741146645
25.350899237430006,0.264912280919233,-2.5141298834567873,24.85738753562505,0.05056101719595486,-1.847357431548946,0.808875306680428,0.012931366951824551,0.12980243262186766,0.40804883430965644,0.027750295000737894,0.13583394801893364,0.4156539455145848,0.2154105834289709
31.712824636464696,0.18798276448690213,-2.145052399884623,31.235063163561875,-0.2586311877548283,-1.4979252880980984,1.1650620403824354,0.022452751206373554,0.1459580608883295,0.5165364690064856,0.029924741172522532,0.41783861807097133,0.42431656762462217,0.19882662581424154
22.260585602936118,-0.3307762415799802,-2.8701603131880367,21.852825967174116,-1.185305648068091,-3.1925266354537243,1.1851300511379212,0.015335467653721032,0.192350777293784,0.527883781128405,0.030246752652803122,1.0167650616031187,0.91003861258906,0.15182111125897502
19.23745972338748,-0.3140040837691405,-3.1519833331330047,18.835842092799254,-3.0418816997281564,-2.7216804069739546,0.9367746720196345,0.01203914520905567,0.19850457741439753,0.6771593859416558,0.04517680003242195,1.4123442848804726,0.9728387788165815,0.14875865306517738
35.24580864279308,-0.6173250768921152,-2.4215553215621095,34.63386502982344,-0.5671912023365058,-2.395965458054278,1.3658271805570592,0.032317967697207975,0.5937593198531927,1.0150743555891835,0.03271724868576707,0.2815413074606205,0.8182295682986975,0.13872464707727378
38.38595330821458,-0.8371182159728423,-2.2204524984211007,37.74704490580592,-1.4723163536225503,-2.4139532982241048,1.1005793229273189,0.08000303769596886,0.4349957085350791,0.42056405640660355,0.09893629480018142,0.7633436412854188,0.5523053872154889,0.12147118331637756
