f0,A0,w0,f2,A2,w2,B,f0_err,A0_err,w0_err,f2_err,A2_err,w2_err,B_err
168.6937574552363,0.9573209442269597,-2.564662426583603,166.70573258021068,0.49616735945777957,-1.360483911424379,0.9372356498504041,0.009073096776638772,0.10937063413090073,0.2670027698543778,0.022732720997743063,0.06942245704154368,0.13200539350383958,0.05992618448201213
183.50749874057348,1.227407290234981,-2.7591669541459973,181.56920948061554,1.1647697621434947,-1.8341090037186185,1.4679790562685189,0.007884439816958888,0.11542161085177212,0.2754255360275896,0.014019310957833785,0.07002089446872187,0.19232709477534896,0.03420502703011127
198.4318140090625,1.1123811159815449,-2.0984455480476276,196.51500711197684,0.8032191058449085,-1.3049974659668007,1.0754503395961867,0.011774765589305413,0.0875110833913345,0.22594007470336577,0.021989246138040725,0.06364176916777126,0.10370448660113055,0.06578836733960543
213.59994254802325,0.23293913467261226,-1.2950524500460903,211.63762292967067,0.259271752340537,-1.2747826445658403,1.0038740959724473,0.036228942043328126,0.08013905607104567,0.11328659942103873,0.022769974224491393,0.08142511142727744,0.0967689172909412,0.04971386645898464
153.7823718314766,0.2312925801041405,-2.483541334504635,151.73293457859225,-0.06999190247563439,-1.3822453851192573,0.87736839331091,0.011487033625241295,0.11422823689240458,0.32998584068277753,0.035558447332565586,0.107357892857073,0.18641605985970605,0.04889455750765536
139.37798396053762,-0.14101684081374286,-2.1195666316092874,137.2813868827232,-0.7210223574207487,-1.7054006027068076,0.9077668198154025,0.017315352132566963,0.1183167626168023,0.3394179465486858,0.23099339180632317,0.7039101696569016,0.4762488517550772,0.057763291146118785
124.76307063166907,-0.8645124485599431,-2.4207725507472015,123.03019035213983,-3.239061709411645,-2.7948579615694733,0.9869807807466989,0.04595430494539581,0.29741110520770264,0.7009530293794619,0.19005615838348958,1.586285579592267,0.9943264288574518,0.04823221505852467
228.84810903874478,-0.6720236088028928,-1.67007353234041,226.61343575658515,-1.622526730713568,-2.2615564557878978,1.1274208998023938,0.18126139136088484,2.0001669928314483,0.9749707702051991,0.3657009283200641,1.3356689273981184,0.9300273218255446,0.05872763160682495