f0,A0,w0,f2,A2,w2,B,f0_err,A0_err,w0_err,f2_err,A2_err,w2_err,B_err
37.72794949945171,0.19910421375633086,-2.5209800970277207,37.10635683858679,0.4292150549217909,-1.5492219177276931,1.4237902210242797,0.014088514946571429,0.1343708781796362,0.4250734241795371,0.022565094944282292,0.09089072808295069,0.25394937523806776,0.08216880769366394
41.939298177174784,0.265206299387997,-1.937461909235406,41.233233100484696,0.23943725518168452,-1.286642785558735,1.4600240160311628,0.024305533873066165,0.12390662862893903,0.4589016169993837,0.0547201747007084,0.1346742930942799,0.1267893769217185,0.049299097228843465
46.22906015900599,0.20207657122867384,-1.6424173862667892,45.61924595999054,-0.15232560067602596,-1.521239055142603,1.4051090138089297,0.027095725845718677,0.10825025354342359,0.26974150291866994,0.05215367035650081,0.5820515124590127,0.6239012951116527,0.09421549767915156
33.44475043032469,0.03706154751904013,-1.9999039321129364,32.7695172792965,-0.22204447977485942,-2.1555789024433443,1.3953029539887303,0.021103580943601208,0.125579747765872,0.39471005277723387,0.019982021972236426,0.1643991732142686,0.5143744323908727,0.10903562292076716
29.458824826557674,0.04120401028671177,-1.4279594346338167,28.8955874372391,-0.721509315608007,-2.193054505295854,1.3865247470243935,0.034786228644332076,0.12028820785504481,0.23017852221877885,0.03942599512646315,0.7899736495709012,0.9309384668060062,0.12863980309407427
50.54538878149919,-0.7016236965470333,-2.4429949307005003,49.86919369798258,-1.0294849266351285,-2.1350656717287215,1.4369296944701635,0.1218451738253914,0.6928878228451922,1.0627002211240617,0.09766261842201826,0.8972459423025436,0.9666741990813023,0.08059713557445328
25.378318281767818,-1.2237101205738892,-3.1281659484853335,24.900845555590433,-2.6941974237340034,-2.7645709354044223,1.3915152008119611,0.03596948740149068,0.8493823426519664,0.9137469854678502,0.055635397741710085,1.6305257121872574,1.013416261225589,0.08837521690329202
