f0,A0,w0,f2,A2,w2,B,f0_err,A0_err,w0_err,f2_err,A2_err,w2_err,B_err
39.98826552588399,0.20361594672380076,-1.764324869349991,39.31998748969825,0.3015779833224165,-1.5006439684570494,1.447843208899026,0.023165096987241413,0.1078626284661124,0.3302386001576066,0.026736842586306805,0.09768628038908493,0.2543609825231921,0.055067025110197405
35.44570033741534,0.3271855652497062,-2.3415020485383957,34.763583831786505,0.010129972838364927,-1.3902958397771557,1.3882243537685297,0.01341383824159184,0.11071064573239017,0.33706621196696634,0.020752592953356543,0.11885595616097087,0.18398213443044809,0.10261808239785333
44.44992434644184,0.4892524105716558,-1.6610547978853327,43.76323815755329,0.16907367029958098,-1.3736789884766254,1.4266358669513655,0.020277412313654156,0.08376345993922436,0.27425241066761846,0.03712436326023084,0.10578507814692581,0.1710070327440039,0.08611944287400979
48.962038380355416,0.24128639894607357,-1.5150868628318923,48.06679501108039,-0.05378938406418954,-1.279529380633078,1.4592439916734572,0.02700343155058634,0.09555288688085993,0.227403318672997,0.05301111585584796,0.1692180942470609,0.1297662636466069,0.050825978316357524
31.29337248931128,-0.1697317650030651,-1.951950171432039,30.778895534237922,-4.241623830095866,-2.9071449569536685,1.3183096860495433,0.023458836220128437,0.1366309095534016,0.3659769425086875,0.06463792224531249,1.589652253352793,0.9920640378982911,0.10666369791837162
