f0,A0,w0,f2,A2,w2,B,f0_err,A0_err,w0_err,f2_err,A2_err,w2_err,B_err
32.71008969871196,0.47108167600915485,-1.408322513862631,32.04549355157257,0.5040997724614185,-1.3170730641096213,1.4256182672148294,0.0336553225634447,0.13374972439983546,0.2822568031129247,0.036069901200240596,0.4139866092693754,0.2943945973835133,0.09226183714939847
36.88325949970789,0.3193604641429323,-1.5891390424287537,36.24304374215513,0.17682419228783053,-1.3656702452336897,1.4317236816994912,0.027055182278237368,0.11816518816857904,0.2850950845250304,0.04386709787892084,0.1405107677544745,0.2413445455741244,0.0958620154952431
41.01707432168259,0.2837957230762168,-1.448438073006406,40.34296031410983,0.13563455734106,-1.6580565102947857,1.2761531847656336,0.03206175399651078,0.10815983551577456,0.22648818183483832,0.027064940032781804,0.1436463518077978,0.4238432621607825,0.17676585814545295
28.6777848008959,-0.04015000036108242,-1.9860331275994594,28.091839839674243,0.06856929308805487,-1.427322627751559,1.2394330401894225,0.023699852372130712,0.15949907917128284,0.5488487329806294,0.018526754449736706,0.14641818829124914,0.24926511843919907,0.20513361248195158
24.722523001372302,-0.6311023681994238,-2.636029753919878,24.253851796773095,-2.233068594447972,-2.3530530412110124,1.1651121840488778,0.02778244028832291,0.5927262666673005,0.7733200622466219,0.05524953561841317,1.2667236053874746,1.044583188211892,0.14209416579969383
