f0,A0,w0,f2,A2,w2,B,f0_err,A0_err,w0_err,f2_err,A2_err,w2_err,B_err
196.1812503496658,0.9177258657984133,-1.7730033458787733,194.1548990177896,1.043884198977191,-1.3068683892410768,0.8068879354557147,0.021487045366388895,0.09593333580973867,0.27050844515840194,0.2786329941722234,1.158402735856824,0.38854986827782806,0.2795411590115468
181.54244285147783,0.6388935761256003,-2.082551861523907,179.69968311680867,0.4591850879150465,-1.4738398079695492,0.9740929714174597,0.014631626852922632,0.0990470605329195,0.273290264993218,0.024794242951720735,0.08092940953388593,0.2082727096729456,0.06856637285886344
210.93942792693113,0.619730412763418,-2.0888357946974496,209.09842651292348,0.6004010627282653,-1.3664526495360372,1.0672592151273592,0.014670504694825212,0.10714214326155777,0.31231749980577456,0.02497517115356396,0.07925632673744369,0.15488325608436615,0.06605047261121665
166.7777933108095,0.3750995317535828,-1.8616672065234905,164.83405623476511,-0.5767201397704258,-2.493367259883871,0.8594935850271364,0.017759639851932973,0.11090504125902384,0.26056030765706545,0.12300798873580042,0.25419521199957384,0.9541627498810956,0.060713195709639886
152.34621357841766,-0.24510985144429281,-2.338305655092276,150.36559469278149,-0.41714735540955505,-1.4458321033359816,0.9040735075740389,0.019133021207968327,0.14635457882042294,0.4941113227756097,0.06654156053895081,0.191944597537024,0.38602933673446066,0.053987629573358294
226.04836939438124,-0.12999490978436506,-1.6396904604986544,223.4699306266366,-1.2295879681790554,-2.235953971396822,1.3150639909312942,0.037106029997868266,0.17051182266724074,0.4262241983300123,0.3010480321001443,1.9063051542133373,1.035797718035018,0.06321810617467274
241.05906300175852,-0.5756376406880214,-1.5861515743205497,238.30619552321423,-3.132832261028203,-2.6843625340166932,1.0574547935695353,0.1033769805483978,0.6841306034349127,0.6605278555588541,0.31057324698042454,1.4716650585585909,0.9717527281062339,0.04609610985093773
138.22142281435467,-1.2099258094808194,-2.0430682434549983,136.57811706250777,-2.780426516258512,-2.6591460262493802,0.9863590434424425,0.1840150309982154,0.9872265564327977,0.9138835097291329,0.2081017276713201,1.4858174994359066,0.9887745738781618,0.053579218648237
