f0,A0,w0,f2,A2,w2,B,f0_err,A0_err,w0_err,f2_err,A2_err,w2_err,B_err
41.890480536023276,0.43390373330402565,-1.9615038629074668,41.232478382587324,0.16699068939588016,-1.5065032822644007,1.3904646634858118,0.01805414776872871,0.11247223468095831,0.3350550241678832,0.03740619314883242,0.12014447059748351,0.25352790467347336,0.10550659946816915
46.695157763232864,0.7305606301830148,-1.711884080019575,46.009639398572524,0.34084813053088636,-1.7851154801209792,1.3551221517393526,0.019199527821603404,0.08516961822060881,0.2981123321100747,0.008092910756023714,0.10775155737101766,0.29416923286351465,0.13303692081538468
51.35542372516185,0.4486379778415319,-1.6649696905871187,50.75034242070901,0.18313214508163547,-1.4966420370039366,1.4467644430934137,0.022486841820365956,0.10217055763654326,0.2885935660104817,0.03282808106623437,0.1372228560637329,0.3825015721297366,0.06193493135651941
37.35097829835236,0.08272837402314187,-1.8929208760777345,36.73297771952775,-0.23262778468369189,-1.818574330387671,1.3038174786142362,0.025603204387055413,0.13331056032032632,0.3762284163889004,0.03272638378076243,0.23324163574950318,0.7857131911519455,0.17762905102279702
32.92389997159766,-0.0705790481673677,-1.6285730801435792,32.27936834973461,-2.1214468828430864,-2.799059028440417,1.152053274010834,0.02937544243048339,0.15485518456835695,0.36604098897956083,0.06612186687139067,1.4157418844743137,0.979578710115696,0.15683885940997122
56.230871193975446,0.05390966192693275,-2.0723622914209128,55.46206180207141,-0.4162462106246416,-2.452462093708406,1.347063399650817,0.04631822531941367,0.23594115529277004,0.7596903907257488,0.14138249161574953,0.2768045029180611,0.544895085418581,0.11692037234795882
