f0,A0,w0,f2,A2,w2,B,f0_err,A0_err,w0_err,f2_err,A2_err,w2_err,B_err
37.598484578639294,0.1609579964631485,-1.9304218542571916,36.96928641778426,-0.5334244631046826,-2.7402049045389685,1.391763980307227,0.02205971065711704,0.115238687502405,0.3651987576786501,0.02499308017282494,0.272069274155031,0.8701324493342959,0.09972333870052581
42.15518571112195,0.23133898026099814,-2.186759737403203,41.44722219185478,0.30949899718456836,-1.455279256389439,1.40302859252826,0.01959228620213534,0.13651426125275593,0.45136809821339713,0.03410341553215757,0.1131328956808379,0.22794857063522042,0.09595111383912677
46.9580101038938,0.3199762619426591,-1.9738938154912864,46.26354444827209,0.44315053636455215,-1.319052718449254,1.3185823387577158,0.02059428470216909,0.12424959526989705,0.3844294066489184,0.04101375983939878,0.16147270740765832,0.14816026785837352,0.16334136817447523
51.661954453462734,0.53163920475841,-1.5658413968397362,51.00231609154487,0.3820203366766711,-1.4600474977264937,1.3276128113184424,0.026664253270945924,0.09812620323587173,0.2606847590908213,0.024929122072055908,0.11767934454778889,0.3022181397224235,0.13232642506825204
56.38281409946183,0.3795925930097102,-1.3840113916206953,55.57848615143262,-0.9864991044762528,-1.838115088684816,1.4668948982972179,0.03407223037324721,0.10711747245099176,0.2315975931089533,0.10892696367462727,1.5182640857500145,0.878951755732684,0.044036802299869726
61.48476556310132,-0.5924002535613809,-1.9599628476263231,60.50634391160381,-0.42200162471530256,-1.8706192348809456,1.4668247497561757,0.07259984480910325,0.7349530320698063,0.7745809474711004,0.04788486269838779,0.3089893216050932,0.6750773703662685,0.04459415372599936
