f0,A0,w0,f2,A2,w2,B,f0_err,A0_err,w0_err,f2_err,A2_err,w2_err,B_err
62.20945036302999,0.6661578106337365,-2.663201517858628,61.3789082616517,0.3594962504119632,-2.1930302932256853,1.1707538385531837,0.010614387266084796,0.1303680120410456,0.346365455758451,0.015817167023421886,0.11794184950985419,0.3623636114632324,0.12756201225589905
68.28602626347272,0.7919752003105986,-1.8152747005527008,67.48492102961205,0.587036908098562,-2.2545964694460676,1.1184514744327987,0.017306594379674547,0.08499004317694908,0.26818944481634394,0.014236116860782844,0.11016238369373402,0.3314610141811744,0.1440632411050991
55.97520618905986,0.3872410683804476,-2.241180905170831,55.192960893967786,-0.053998249555549216,-2.004685722622745,1.0112417448523725,0.014154827491664385,0.10879616110945999,0.3032088385719654,0.016872834443404833,0.12646476962228223,0.3483783364598191,0.11561928870992529
50.13336302640141,-0.15934559951945157,-1.78680393317594,49.28890911854249,-0.3807912624142859,-1.9188982664234344,0.9553465785105878,0.028824926621785773,0.14171591961540317,0.3408305615446683,0.032691986000660575,0.20440099683160073,0.6691065478937074,0.14196183726469697
74.48536120166725,0.3721185299541734,-1.4479065295073548,73.61902818009543,0.40058459182259154,-1.3292772680164309,0.7784290316785518,0.02866935076481571,0.10355379254945728,0.25473850533760806,0.057747395981402515,0.3654183237960092,0.17704473883772304,0.14336829975492643
80.713065775869,0.03880411050386362,-1.3338271704167695,79.85121790256018,-0.7203885954144778,-1.524379473546229,1.1192793885681362,0.08204734372945702,0.1880860936111874,0.3900670215326245,0.15066524427584202,1.5219484463836934,1.0250388099766057,0.17324824481888434
86.90282777113389,-0.8094615008490768,-2.1474580810156283,85.63142169218047,-3.1357701482238953,-2.334735317806595,1.1541389104966575,0.10683406649451258,0.6754710629696306,0.9131671382301599,0.14761689876327802,1.3598054092398058,0.9446954791950506,0.08313677892744716
43.96764836184117,-1.3265419124960462,-2.1260154086025356,43.32957068459011,-1.2077365717307866,-2.3179919234295934,1.114023588576781,0.09149957434905877,0.7719865124610559,0.8454223436561257,0.0789269379503411,0.9946917877358696,0.9047817399307758,0.11965808106347778
