f0,A0,w0,f2,A2,w2,B,f0_err,A0_err,w0_err,f2_err,A2_err,w2_err,B_err
38.90170562530696,0.21993466219834298,-1.8304467532031494,38.236673855417884,0.08005536042159916,-1.411824347780719,0.9568630467541814,0.02100259364080449,0.10848391113522837,0.34585389772134734,0.03524707541846329,0.14101439249554965,0.2498658839801701,0.21125471133911253
34.595376259918986,0.01346244425942722,-1.5223032205111342,33.95872887888656,-0.6521814192176834,-2.215876173494782,1.283024067617274,0.03440511261659398,0.1445976665473423,0.36072560752125443,0.0435597595608884,0.5891724174248738,0.8975787806452498,0.16897538645322835
43.394554180907996,0.4113342531563852,-1.8672323952963756,42.72823521872948,0.03657782202050722,-1.5696559635962264,1.3615182985987784,0.02115601733176384,0.10795698547412906,0.32205586388613844,0.03151070641923667,0.14078809414622584,0.40379138165085815,0.12533333774925395
47.66790682762828,0.28666375767933666,-2.1662848661316385,47.002270520683886,-0.031352002197913065,-1.4207210192153206,1.4552584708170082,0.0221182373843442,0.1310997899949517,0.4742010674691137,0.05033900741090943,0.5445358136431936,0.4606766303847041,0.05903757120847628
30.57263953914626,-0.1548739972465152,-2.5396731242357764,29.967392313059168,-2.46306469964387,-2.750849119491855,1.2775354149307678,0.018546707141098313,0.17063849293527256,0.4718388403559842,0.061904847185276383,1.661791965058272,0.9898945633418305,0.12382882839158592
52.08508340031552,-0.5569257754415983,-1.9711418149477367,51.207229530217106,-1.5908003160122557,-2.1965717506505493,1.4412424772177928,0.04447599190911126,0.3530896250514647,0.852925589958121,0.10017912367552329,1.4204344120872496,1.0150235976488042,0.08384841590913716
