f0,A0,w0,f2,A2,w2,B,f0_err,A0_err,w0_err,f2_err,A2_err,w2_err,B_err
32.96549259441824,0.17795997653690893,-1.4359040356717963,32.484348451694515,0.2158975940364538,-1.389295693760924,1.3927072106240515,0.04744815571239426,0.1972004146643958,0.3234113985071797,0.02883602517403248,0.2893289445457757,0.3414253946849402,0.11518252429606331
36.83230113261097,0.3340701980811749,-2.1109062717635245,36.25692521890675,0.49936962449485817,-1.3305818066161195,1.3893928017440145,0.018900826297878943,0.11033744661592378,0.38177769716644055,0.030207790416872358,0.09330600741878123,0.14632788782473488,0.11132217103265808
29.337890564443537,0.06674017353257682,-1.6189006965259414,28.6990006605581,-0.13381137169319487,-1.475421022204331,1.3598303508346363,0.029299064990613858,0.12454628809311329,0.30855809511879895,0.03196128134786305,0.17021282084517222,0.3114166462088472,0.14260386341587572
25.875803144426527,-0.3700328557532,-2.1235939560144677,25.40558885647586,-2.082145280713227,-2.4282244197326626,1.1619085869552164,0.025234480808982714,0.20514409566479416,0.6606344165376205,0.05369160313314278,1.6421411896755242,0.9840047270079648,0.17822001786976954
22.116559943126532,-0.9136890509940545,-2.1346175268169256,21.653492084246565,-1.6617543833354083,-2.4424165731797656,1.1412775774815167,0.04953157703501177,0.5880350847590784,0.8696586742156992,0.049738710452750384,0.9653887957792371,0.9499339991842985,0.1687308650469245
40.27834881088476,0.3502220177455758,-1.2635242036706624,39.590712928630396,-1.6872734059631422,-2.493878878014656,1.4723906244964757,0.05096503630933814,0.11203600364852327,0.08508368904333084,0.07377698774821885,1.6316290124516082,1.0118382617006207,0.03579308507160898
43.8772906284318,-0.6800236561624676,-2.228183043365834,43.11366932417707,-2.1498503658837365,-2.2862880665161467,1.4791626714249695,0.03787691337818739,0.4903414454307339,0.8235453865434224,0.09015055458702353,1.8810324752055707,0.9290650721009232,0.031188660811015304
47.577288463654405,-2.3750489812230455,-3.0037425045899546,46.808073564697516,-2.7407655116936627,-3.0785664874362126,1.1206035159434875,0.0777846651187216,1.4590008954498663,1.0104674631551378,0.08211443600609249,1.4490222496333576,0.9809023531390705,0.08066327931052342
