f0,A0,w0,f2,A2,w2,B,f0_err,A0_err,w0_err,f2_err,A2_err,w2_err,B_err
59.06239898292354,0.4944217458295514,-2.5155387523776005,58.12854575170858,0.14802618225734507,-2.337235446761229,1.204852280725102,0.011356985542014237,0.13292424603500388,0.3576812559517726,0.016394561893216076,0.1298088967412859,0.40396112980993587,0.12590489209753813
65.50713035148767,0.9670531369650927,-2.2415011608249875,64.65226248250326,0.5915965285975752,-2.5676722398271155,1.1301685793000522,0.012533323907860366,0.107208642503832,0.2919706012865822,0.011396184958466032,0.12718742713249237,0.3463049168196169,0.13900982959915886
71.96230671099349,0.383316661470506,-1.9492765991035466,71.08580961789858,0.5928553910107401,-2.070941394871099,1.4096572642097853,0.020092006388462022,0.10868417941182652,0.3695330407577301,0.015621893249669208,0.10373221417207881,0.3392063033824454,0.08516106453104898
78.62774407299666,0.17179829811194025,-1.4150270295869076,77.71763676960404,0.23282020297626332,-1.4015974142962135,1.0333405023705247,0.037748802451031745,0.10798464150989905,0.21674228649573307,0.030413215350898797,0.17120218781375746,0.2624733875003564,0.1188501502622838
52.66289198576953,0.2069442437014946,-2.4277436368145513,51.81611498028779,-0.5997977786742872,-3.2746147738862312,1.051104254254051,0.014300113016485117,0.12554179581629057,0.3383255832011711,0.01356238857867898,0.2443647373464089,0.6499273640078705,0.10399725284549174
46.58200965533235,-0.4519389467670457,-3.569415140505826,45.707870298102996,-2.3435806234946743,-2.933936311052392,1.2889838387091586,0.008368775408251405,0.22232731149028276,0.5278271933949253,0.0816216149902036,1.7472559697439736,0.9623288781318861,0.09660499312110901
85.20638335884274,-0.6192017325139839,-2.913322395618232,83.8610495168205,-2.098060769509761,-2.5539570199699133,1.385218664023461,0.11470932544974141,0.35915748802096925,1.1396772785008595,0.13195833183996997,1.5768050600530081,1.0191724965293374,0.08863107785684889
