f0,A0,w0,f2,A2,w2,B,f0_err,A0_err,w0_err,f2_err,A2_err,w2_err,B_err
42.6656625527617,0.3500695059480161,-2.23779043107875,42.01402383958711,0.13228345949149736,-1.7261600060222735,1.4644422884955335,0.014343193402958027,0.10915374805016229,0.3626414682188536,0.024716951169958742,0.11195902925620389,0.33550893643542845,0.04176363802594194
38.07221452674614,0.2337165800840883,-1.6789970797732026,37.36897641480755,-0.09584311463335685,-2.3546361263640163,1.363964975583229,0.021576127333804724,0.09737621001242852,0.25119364350268286,0.01778522626083378,0.14244496121306163,0.4500929102690341,0.11838588136474604
47.521812483077596,0.5522812843034104,-2.0248965313257146,46.790446829402754,0.42241508689142526,-1.3669449393628406,1.4424206284225443,0.015084681779153246,0.0933232665660819,0.31088293285482943,0.02805892229902789,0.08957517858919577,0.16835892679596498,0.06606263612785303
52.26823358660148,0.44954420759592695,-1.5293250611261753,51.60061278012286,0.208651352779075,-1.498928871524204,1.4427789553415578,0.02397209131529866,0.08569114381254893,0.23052911786778849,0.012876773179437653,0.11867126033209338,0.28804736302156214,0.06471916247254587
57.191701467746455,-0.0830671056454855,-1.6072355935135394,56.41099542627847,0.0009060291822937105,-1.3631679396967313,1.4484939804519912,0.03511917583387087,0.1296303170676034,0.3402690733866016,0.0400000469499013,0.1340517349137809,0.1953370426163631,0.057372684335418325
61.79017043193016,-0.24037896044448526,-1.3131042182145756,61.05359775843666,-2.5721983899774354,-2.9372990543857957,1.4371642826100133,0.06671421829312899,0.2574582060106491,0.3781796432201038,0.11161777160589126,1.8529031342768691,1.103971978978581,0.07361593093111861
33.51928447508325,-0.6236084833039288,-2.074012500781847,32.75655162190755,-1.2346140609559808,-3.881987104781683,1.169607995053801,0.03215012504499273,0.28972213262559443,0.7751458445456989,0.035020012825024274,0.821567313366989,0.9372293739691557,0.13436217968494282
