f0,A0,w0,f2,A2,w2,B,f0_err,A0_err,w0_err,f2_err,A2_err,w2_err,B_err
26.061702875199508,-0.17140669192754565,-2.210279494222124,25.562380156258506,-0.2273303977444355,-1.38890528656782,1.017462000502252,0.023193824456341397,0.1641684920200138,0.47447746095083354,0.05085518630215706,0.25724637793763533,0.3526573543500696,0.24865378431961724
30.01184523655801,-0.013509961609445908,-2.4274281288969837,29.512721892313017,-0.09521292852599152,-1.4844519894878423,1.0841836202748705,0.017908473106261875,0.13857857823344438,0.4364272460373091,0.0393957735438175,0.17459737857486698,0.3269508334741429,0.1934277067297058
33.74838530729253,0.11422877963553604,-1.5658228696181247,33.10588884892351,-0.8366397763142214,-1.7087915151728499,1.396779377581964,0.030610394373025783,0.11465308982208469,0.2824157657419567,0.06768902748040162,1.303350291098439,0.9963851798639324,0.13490133292379372
22.54829252905129,-0.8033781967613425,-3.765809910115054,22.142401047221842,-2.557637100400794,-2.8189290442256985,1.2872249409464218,0.014288535565737599,0.2886488582712412,0.8100933461795476,0.053054207800199524,1.7044039719325397,0.9595285635781732,0.11898573382147952
18.789183129411015,-0.9625572342666662,-2.591075051353638,18.4402649127697,-1.2952057013398237,-2.0669673741863552,1.1122187330268674,0.024944929622624738,0.6123676730831233,0.8228044899865847,0.05035466536345004,0.9603612068527478,0.8376780945921078,0.1687545332165486
37.60277162835951,-1.259531532116282,-2.4817765410328696,36.99543257045239,-2.668955852004672,-3.0023757429097575,1.1857046514548948,0.05691439085856527,0.8551634302386528,0.9063279642559187,0.08138778754623241,1.5344599382312412,1.0011437028413257,0.10554305379712073
41.52704725087884,-1.0216425349967095,-2.2923723848043984,40.79852749465244,-3.1724167209386467,-2.8328651729625043,1.1734327624776135,0.06066593534857566,0.8664480106663267,0.8718788745609123,0.07784462640226676,1.5635737609410458,0.955660254084591,0.1119344093630294
