f0,A0,w0,f2,A2,w2,B,f0_err,A0_err,w0_err,f2_err,A2_err,w2_err,B_err
32.12696410697928,0.6700184888227334,-2.4064553632693793,31.452677040199198,0.3500329056975129,-1.9325030568935395,1.0999220882835923,0.011688340251296914,0.11643047175624423,0.3359560698055198,0.01180292590884413,0.10534026483196399,0.316640938728835,0.23844924273901671
36.219534310145995,0.3639500701763756,-1.6027310789790206,35.57376399584413,0.2532934153693833,-1.3434063689940627,1.4464080423194472,0.024598471624902748,0.10500432763592607,0.31922660463590424,0.03985506835500582,0.11923127651054882,0.18671622065225119,0.0773144488541295
28.031480136254935,0.02479417712882548,-1.803910958146151,27.433055178369354,-0.14577042625305695,-1.4938812589806738,1.3452166026996224,0.024368542716626553,0.13820926939395353,0.399903411960873,0.04111743236720983,0.17988105422736522,0.34551927189410697,0.15576606379681707
24.31251276616205,-0.5150022398246092,-1.9230449394701123,23.86250401882639,-1.589616559473241,-2.4537549165666337,1.367817930776059,0.03741126147426232,0.41808517649270277,0.8097714448731533,0.04896529123322529,1.2699735314481524,1.012742476970095,0.12875806194393538
40.37624162492355,0.12436266690829899,-1.4502243191176052,39.78361127120375,0.2983062053284544,-1.322566772360456,1.4157515296441696,0.04049730341725359,0.14290250673260074,0.2516707495196486,0.04127257101754503,0.11765669332106937,0.1360193809357685,0.09600281219358667
44.797168968960285,-1.1570770614344794,-2.213990412501107,44.11392094401262,-1.2518538251759586,-2.4288440072250204,1.441751481112517,0.07406882516168527,0.9136798207755786,0.9191133536565306,0.0853937970471409,1.214469019745651,1.0588708677326968,0.09140782882730947
