f0,A0,w0,f2,A2,w2,B,f0_err,A0_err,w0_err,f2_err,A2_err,w2_err,B_err
27.649399172949042,0.08098777726634734,-2.2289135275739715,27.1124659938881,0.09931278544449317,-1.468826431004426,1.3827798733167138,0.01835480040995049,0.13508689944721192,0.485997765967282,0.032745869418295256,0.12306014993228283,0.2450925321666934,0.128996326942484
31.790577967926446,0.409700043006009,-1.8823364643796079,31.121737089809915,0.06362102038574902,-1.448999331189804,1.4094825987186634,0.018460559519734077,0.0997065056096333,0.3440049059843515,0.015308896281351904,0.13354681458272108,0.24192188493688022,0.11047657864660945
35.79423929360866,0.14657769711374927,-1.5027749646771345,35.12452401480327,0.22119900168320938,-1.5485364327486808,1.4043380685083025,0.032679411356382894,0.1080824712745398,0.23250978923161528,0.02642955224200179,0.10580259211395526,0.26007971837457333,0.09997891336923943
23.890063780486628,-0.3209851853233634,-1.560600791613147,23.458580649202094,-1.646449611593375,-2.283894397952764,1.3579405357382577,0.03531457365441088,0.1998553164228344,0.45857878959995724,0.05704304281795597,1.326216418329427,0.924425516060411,0.14763270624225686
39.97147987783027,-0.5649066982847839,-1.634212613737262,39.229085730818,0.14498956375217636,-1.5625125087129141,1.426758466313338,0.08745241654165288,0.4040032877127051,0.6787323922362954,0.02736160605198489,0.1315464017239357,0.41158026701758954,0.08693416548357377
