f0,A0,w0,f2,A2,w2,B,f0_err,A0_err,w0_err,f2_err,A2_err,w2_err,B_err
69.33853311878146,0.8218400485701096,-2.565779715827035,68.42872223623627,0.40743750210775564,-2.3705973587590843,0.9955726235066835,0.009619667114985337,0.11129795958506053,0.2758168719523936,0.011756909709261933,0.10648860796227184,0.33345503463960235,0.10666373821823658
76.12263165249877,0.7003684016553076,-1.6861179806651132,75.26085918808755,0.6577599781908776,-2.2924095809369556,0.9087409266953139,0.01626920213513168,0.0736564830238676,0.20872163083190884,0.010274564507276035,0.09840219687394895,0.28272262876993126,0.0997136433160658
82.99946054141215,0.5282736944688878,-1.6231858095979352,82.06341159462447,0.3362102122023554,-1.3090937787578851,1.0150835079191771,0.023941801928683608,0.0830523365169057,0.2266478830993434,0.12233382434959622,1.121037716203845,0.7617492717924953,0.1785507398075057
62.44030143037885,0.3156688515983029,-2.53296914685085,61.50418606180695,-0.09006672506488506,-2.2237352547845766,0.9172131865412484,0.01088019454070307,0.10909052421942504,0.30850614249173425,0.016891432166056704,0.12440824692757463,0.405209091611718,0.09082577618403796
55.94561327617351,-0.2582051536360156,-1.8246319329981602,55.05355721788552,-0.3181482562933856,-2.440174185945806,0.9208959468963283,0.023500974850766358,0.1429513683830165,0.3939709287974745,0.01684450646514677,0.1430138122785403,0.3935426053072471,0.09136596337181965
49.27607030424409,-1.472411991072901,-2.6782598693429427,48.36524416621316,-1.5225543344099128,-2.6729836693827993,1.2204951965645905,0.06589640434131251,1.2313754706850355,0.9380984726557549,0.1051634221459346,1.601579659555912,0.8621271401126847,0.10927484309043302
90.01622117212048,0.2288024484711717,-1.299974362719401,89.03437485654598,-0.026575795350467918,-1.3787507403194565,1.042149413494472,0.04171395622276633,0.11560853583435496,0.15516699346760052,0.15152959718670467,0.7524354954097713,0.6358176395953741,0.16015776111303268
97.06594886427655,-0.10195941918326189,-1.3409928412523717,96.03598826288479,-0.33672475021729714,-1.4019636408660798,1.0367835185049683,0.04508982731963091,0.13996577610722385,0.18325360823003817,0.05170945157694241,0.31105903520118894,0.5188782296876286,0.09420722037814852
