f0,A0,w0,f2,A2,w2,B,f0_err,A0_err,w0_err,f2_err,A2_err,w2_err,B_err
67.95857546747555,0.890212858609122,-2.653560336280847,67.2009553233684,0.4910324160711283,-1.7657163049864273,0.924159246060392,0.009198874508230514,0.12951231214910433,0.30914560499435495,0.00967092030926203,0.0864504673489756,0.2530500812300114,0.1053321890432271
61.84245814087677,0.6582574693738172,-1.9956699001478821,61.03313801795858,0.26451910006014684,-1.6940502978665921,0.6998627847779534,0.014487884163137826,0.08756726243251976,0.2413978716394073,0.019733457058815684,0.09529152668866984,0.27611639588736286,0.09918857026041805
55.715248237216166,0.21418743314210764,-1.7179020322668563,54.87750789959118,-0.20659666536150656,-1.7045546050179254,0.8200831876681969,0.020553640588207977,0.09449823218363645,0.2700509743139147,0.029979934837407324,0.14691209597534063,0.3784948753130499,0.11816694038613008
49.95958677043751,0.12850029197748442,-1.9254008870359764,49.14916709109358,-0.35731823870635476,-2.077174324861013,0.8326179958953286,0.01853616032155436,0.10274851607352682,0.2997916539284016,0.02384999624784635,0.1549320609596136,0.470602088716297,0.11491368689135067
74.07839748708983,0.4323359829978355,-2.1523032758847815,73.20958894579843,0.052696206902291064,-1.45184955437441,1.1333094429637969,0.014878905498836666,0.10385109411341302,0.33100379030733124,0.010304834392502968,0.12522588681550223,0.2233002990312358,0.12354301341533967
80.4206402658559,0.07648236389163313,-1.478748900720463,79.48351060154226,0.0247925534770971,-1.3927935371966043,1.0177540689705995,0.03443328644582487,0.11885109494890192,0.24454548503714169,0.09116737264975093,0.37097793212963925,0.2636126257305659,0.1442515092417442
86.7855417378057,-1.3205381899126758,-2.0563821255438737,85.75090087013999,-0.6269113757215395,-1.9543595253017791,1.1525264588739113,0.12668303134963027,1.3747687858136965,1.018740662282272,0.05487996337765976,0.7364792687887062,0.8724362521947523,0.10108516220048348
43.932972767565175,-1.073222580241287,-3.5204013179838665,43.188671923630196,-2.3084784580653723,-2.6618237308357724,1.259013685129036,0.032142906937250144,0.6216841189585867,0.8238920780682619,0.08523424989470035,1.451915512902189,0.9764099032800059,0.09852213955232943
