f0,A0,w0,f2,A2,w2,B,f0_err,A0_err,w0_err,f2_err,A2_err,w2_err,B_err
164.97904799668902,0.9394704977854091,-2.251824626918106,163.43422061479484,0.6577758833251554,-1.7623042248012986,0.7901295737620042,0.011720304867906832,0.10815741338118744,0.2597897515128602,0.12407948303828616,0.3219582311588536,0.2422433116500549,0.1342308221376803
152.6201053816179,0.6219077533622208,-1.7127307097766917,150.98196881557647,0.17114666209788384,-1.3681252031332907,0.7546267114667766,0.019276081314600686,0.08129585447541267,0.23675561872482337,0.17975011748998593,0.6293662538396687,0.6041175875218848,0.1367646888064376
140.1458661903987,0.14865872649131545,-1.833267195216088,138.55222106480596,-0.7001483741945055,-1.9029133448112245,0.8626333503463121,0.020003597979499754,0.1024042344226148,0.3465492841281212,0.06459928899442356,0.28122351305253357,0.7641641850956973,0.0579031044670191
128.01264204728977,-0.2925421243493172,-2.3935108177104,126.35502317128002,-0.8290671306470049,-1.7628678504835773,0.9580173429801648,0.0185381849316326,0.16731656776394058,0.6496473576763028,0.11046629696615644,1.487714161279681,0.8062079436379964,0.06950506925051626
116.08659578928041,-0.42688429421986285,-1.6587843419271997,114.52323932610305,-2.695822174795642,-2.862339223591841,0.8222366322349147,0.04046222425825117,0.15891987425380838,0.36139553588003603,0.17844158180233882,1.4980028057681603,0.96719789674191,0.047700326178599796
189.97853452980846,0.2226114084983972,-1.3457120343018996,188.20106387329164,-0.02348415941287461,-1.4395279632507383,1.0847186740196249,0.037197084619334034,0.10435938012250329,0.14916142930232196,0.2785653640224043,2.372689463473485,0.9740875306449239,0.13507132053853113
202.759751562499,-0.1998216186168023,-1.557747420712875,200.3356016207358,-3.499698690391918,-2.8045918109474606,1.0481478943390774,0.04098592189857726,0.16530666848106393,0.4069053421356515,0.2610747433313718,1.5863683565179592,0.9716286445221909,0.05202556644478699
177.37202223689914,0.7133931683421973,-1.716168886434082,175.65393858669944,0.3187795908817999,-1.2653704562356118,0.8295649683522175,0.017976942197960817,0.08835530633710297,0.2731537259906468,0.10535329584309842,0.3225270120845354,0.4211282979200468,0.11451741942322104
