f0,A0,w0,f2,A2,w2,B,f0_err,A0_err,w0_err,f2_err,A2_err,w2_err,B_err
96.93497687625955,-0.2701871804230991,-1.9820809145324532,95.739640897936,-2.360929259058736,-2.3967312468346607,1.0549451532222,0.02858939733770141,0.15524109896337865,0.43828120598052284,0.1368498492017217,1.8882533980666933,0.9527757840122694,0.06891196573309091
106.9478307953867,0.0027158464655497264,-1.5012792469235665,105.71839803401997,-0.5277551076673741,-3.690120838736237,0.851857109298243,0.029972744974587167,0.10966431411725178,0.2531321999009202,0.07883164345939477,0.22167253298553863,0.6542673721194029,0.06175477175167584
117.3011893224679,0.553373619474937,-1.8700803590903363,115.99411966246046,0.10746920816391292,-1.8184416726606962,0.753453420270841,0.016462197734094606,0.09041666541048633,0.24481677220301676,0.021660657862747585,0.10116254983403915,0.27444313495106243,0.06441943116151344
127.78841330066075,1.0362201336831385,-2.4865643641237085,126.32927454711229,0.5473338877251951,-1.278897328358434,0.6817992516063565,0.010073478916193507,0.12402763073194253,0.2740886132617275,0.15449171987478086,0.9229315357660988,0.5414199392250322,0.23274363802318127
138.1217859797417,0.6481010298290605,-1.8800293531296517,136.8189425385551,0.6441755829655431,-1.284372022313284,0.8506466422702743,0.01689889114661978,0.08736401452203417,0.2582657945556133,0.006998781332344226,0.07772096036059248,0.09732926460791762,0.07615617537452798
148.73086052603628,0.5290031763537891,-1.6608619694784224,147.29617023014296,0.3850123345052772,-1.6314935905364367,1.203261744070012,0.028572166945743674,0.1398585228746403,0.5593740251472619,0.2944472097959062,1.6372508083210386,0.911717003592965,0.2125293160002266
159.43792279934775,-0.20858219295795585,-1.5885529838968726,157.89394710826147,-0.43753047904128395,-1.7073839873263696,1.1181670581257286,0.04283009692710466,0.1815531288496381,0.5068648324271887,0.30360659814992663,0.8041911956915783,0.6831296285941737,0.10750878584455242
170.07882645251485,-0.7900761727194165,-1.8021122731180799,167.9111173038429,-3.0422520247806317,-2.930133791077547,1.1068703034057044,0.12813296016104903,1.0980422696589924,0.8791313677932069,0.2418662989821677,1.5345401363843385,1.0041191146225197,0.05417068677639326
