f0,A0,w0,f2,A2,w2,B,f0_err,A0_err,w0_err,f2_err,A2_err,w2_err,B_err
43.48422461625089,0.39112579446900075,-1.9460120037840256,42.74798348952727,-0.2534777033638037,-1.8219667752123736,1.2542101957504932,0.017117130919505237,0.10447467898405892,0.32256680663872156,0.04027553226048353,0.18944046279269525,0.5384762552798151,0.15446556259420066
48.40632367083941,0.6001459285335494,-2.242382893890414,47.71798753830731,0.10359529894463669,-1.3450440812866482,1.3697050511398707,0.014001961208534482,0.10570715201041303,0.3200990097100588,0.04513376419216162,0.1453120455159715,0.22419154908570893,0.11312899434952046
53.30928495034988,0.19708946737485503,-1.6620521157116148,52.59972660612923,0.39435825004468944,-1.344802233542457,1.3353914265341913,0.028663220367557724,0.10601762805937433,0.29109918074695945,0.021013450012519395,0.09973413405686875,0.1510666378599184,0.13231358758645123
38.81659029760094,0.057316945805097066,-1.5149975549770505,38.18982302064276,-0.7137673483002522,-2.626990823114376,1.2063248584763535,0.031366478580798766,0.12254936007991012,0.25802372231244075,0.03574044565441992,0.48694601610008414,0.8227065646402574,0.15344850776292826
58.25710461618374,-0.27127945313674007,-1.8071341237027805,57.42844329319499,0.16903269564036702,-1.4517873299846813,1.3506690173189626,0.043270384486819066,0.21592947253751982,0.6553624105626196,0.026828500762423074,0.10748435127670646,0.21748742986681827,0.11070702464050378
63.15006919197445,-0.06831844973373596,-1.4226593186947798,62.32421907181807,-0.6973459788141705,-1.6648756776215352,1.4584942611679357,0.04674373948750823,0.15567470854085635,0.27056294061458197,0.09245200419188436,1.5194365464514377,0.9135659150531312,0.053489584921652185
68.27861097407018,-0.9469832222617012,-2.6797296421505563,67.15787725016467,-3.114295722476836,-2.8827865232062,1.2561949101375158,0.07233931836486895,1.243268682560041,0.8344179393149023,0.12491792239754691,1.6684414506770624,0.9930849635884841,0.08932972882422278
