f0,A0,w0,f2,A2,w2,B,f0_err,A0_err,w0_err,f2_err,A2_err,w2_err,B_err
47.53525308397429,0.6609236368748608,-3.1419713028007283,46.880569337116455,0.6253498423286654,-2.2443556403662983,1.175126262138659,0.007690884089729204,0.18097548507200603,0.4495807790787524,0.021969950752588858,0.15553464777610362,0.34947809140876995,0.13957149077212802
52.26964731702374,0.457197211483901,-1.867001022779169,51.56728530291581,0.25125728700838124,-1.4568887608073786,1.0595105680507375,0.017275811764207318,0.08837828101320894,0.2600907868935205,0.008704661014373368,0.10040116491828636,0.20755284371527732,0.14131111180573078
42.76732233335082,0.2370134699020212,-2.462553612281048,42.14107433773793,0.12876051268965785,-1.8570669185961541,1.1053900771418332,0.01257245865137837,0.11658002237452084,0.36581290588121235,0.011500128364523864,0.11317809688959948,0.38588774351425453,0.15710471703032272
38.13573569582761,-0.118095839734123,-1.888462633727584,37.488356873984266,-0.12178185985193041,-2.644197417296161,1.0640530673282915,0.023055672267453822,0.1265209670978287,0.36893512518332433,0.014369996372794028,0.15260859311359298,0.5072695720280627,0.14968349572847928
33.64191533330524,-0.9918170103462874,-2.450918299976806,33.0540406340636,-2.7332401659998564,-2.784884243153944,1.2760448041636214,0.047116160353789946,0.9136486749559546,0.8065977058404559,0.06242336003632047,1.6705356103956,0.9996751834661171,0.11158904497824321
57.10919904378332,0.2754995178702713,-1.8567396087271244,56.394789864907885,-0.3726680200379554,-1.4328111715679919,1.0656254649577788,0.019779154141323953,0.09604515991524498,0.3031102263838109,0.037000689446799434,0.6773004279781099,0.5721319756896439,0.13232582662277342
62.121214985349724,-0.5254148685121405,-1.5696849572735727,61.388228416780706,-0.3559886967383944,-1.3964896518638734,1.0258031210386496,0.053769800788259124,0.2327958195058855,0.40672811405105874,0.060919835921119374,0.6473338287534772,0.36409784068666545,0.11550149460880059
