f0,A0,w0,f2,A2,w2,B,f0_err,A0_err,w0_err,f2_err,A2_err,w2_err,B_err
32.26992176201388,0.5424524391228361,-2.4354527303927807,31.574534330765513,0.38440254949098346,-1.360028150930749,1.3007765469815928,0.012555445007962546,0.12877480935115573,0.3652553838124492,0.017933959788454353,0.10647330520208048,0.1639979194020423,0.190184222330998
36.360222376695745,0.44476253439574,-1.975923481522739,35.650710465157786,0.2927206706556456,-1.3131823516681114,1.3889227722437798,0.0186705049874228,0.11495496483203761,0.3926114341539929,0.04451759320748437,0.12405617064988297,0.13105512540482817,0.14691550123541847
40.43821846890536,0.13306101014849658,-1.6242924369925644,39.807901297734325,0.10042474246216308,-1.461230079869013,1.4352959845218436,0.03862877993721333,0.15928681916175227,0.37680335657327424,0.04381858365933146,1.3026267128755165,0.38472333481778537,0.07423610078488178
28.19136132781222,0.3456646374684585,-2.063133741049008,27.576640634812797,0.12290460122223727,-1.3661334634530766,1.4071936123102948,0.01937060967917667,0.13636212685048618,0.554766023056625,0.04169625085845534,0.2250722407397793,0.2850922729568141,0.12736095097407657
44.89630778115816,-0.9242045204225985,-2.357213439257621,44.237601455273605,-0.29588098089787507,-1.3970039142072745,1.2116578717871374,0.06355698389723467,1.2672277669871765,0.8548206323789607,0.08212840625030624,0.6771569438672361,0.546766022527515,0.1797944192636931
24.33581859079061,-0.543434875647393,-2.258901714291403,23.813336153713244,-0.946823585059896,-2.1759521252677962,1.1377338923206994,0.04617730268198347,0.4157125788426656,0.5295984972801842,0.07153773957990169,0.6615990905628084,0.6260234907284451,0.20217323257033865
