f0,A0,w0,f2,A2,w2,B,f0_err,A0_err,w0_err,f2_err,A2_err,w2_err,B_err
21.745679460680975,-0.3005461328443968,-1.9510205105278082,21.303146143725755,-1.8745788073260685,-2.2421945197796793,1.049047034853039,0.028869683333024844,0.409540997579968,0.5721274922990778,0.05048478574190479,1.2706049891614786,0.9093609037175854,0.19979115288140364
25.160414286661382,-0.32523688849370924,-2.6825555208210714,24.68390230602813,-1.0120425938609985,-2.0049566373536343,0.9905163214704582,0.015899855625507307,0.19062491619587402,0.5794311069078283,0.04632526561183855,1.0882155431783895,0.9370597499360056,0.2073114017550831
28.909354382818485,-0.08112433671390401,-1.6307872344138998,28.353779373689708,-1.7091420320379034,-2.689921058684477,1.397461951425475,0.037764065080709404,0.15824499079724033,0.4019405769995011,0.05792260524113035,1.5074660875486858,1.0214172934175152,0.09230668157298921
32.62584906671022,0.040894388291373526,-1.6122636008503572,32.05684642747651,-2.7413297515422483,-2.5071690236570436,1.3523053877976887,0.033281307329400815,0.13075755133408548,0.28969120357886635,0.06838353377167117,1.6323144455074377,1.0142103574489654,0.12301312993973942
36.48998714763362,-0.6442716125499075,-1.946771551435333,35.93934550977254,-2.897834805007799,-2.7292042653165556,1.134192211207845,0.052427125097518124,0.632109264010775,0.8284112366871489,0.07741360365556024,1.480568248504506,1.0343694814038147,0.13391047354280303
