f0,A0,w0,f2,A2,w2,B,f0_err,A0_err,w0_err,f2_err,A2_err,w2_err,B_err
158.09766245002822,1.2059415753126241,-2.8467891268661196,156.45228995222388,0.5717539013791193,-1.8875613139632408,0.8489544147922804,0.008395129421411632,0.13655400332931017,0.3115096076758355,0.016105983345910433,0.09275807540246377,0.24243222512227697,0.05848499804774469
170.9453433406553,0.8524982877942001,-1.8145727948973407,169.24750966678027,0.6118232585535144,-1.3091808551577413,0.8059603180690621,0.015445912871459258,0.08403517136137428,0.23063430829566736,0.017450801724719158,0.0724903340095561,0.12235292981578025,0.06650651960595402
184.04666649600065,0.5643833071350757,-1.5354179631484806,182.30727512635326,0.37645170736125916,-1.275695964274434,0.8389593218333344,0.020820683671435195,0.08100090814238424,0.1955827971764331,0.012938842928995524,0.08706185556605125,0.08950130027269183,0.061392646635342295
145.25949136967694,0.730416355594012,-1.9967919109859444,143.60631202456838,0.1628055110528302,-1.411063469891303,0.8553077897360004,0.014530841739147503,0.0870370446794744,0.21313250806686532,0.02988860219471312,0.10221527968659247,0.2071422666211422,0.06337708298109267
132.44642880999098,0.13682521458430286,-1.5304507310780153,130.77122981999216,-0.5746081762720365,-1.621862495510267,0.8390044177182598,0.025544755130859773,0.09566823271833574,0.3028991339429251,0.06357356341828435,0.2632937024198948,0.39788789981625694,0.06777563037680981
120.02358081991066,-0.05611813004240872,-1.8103040862878519,118.24608279851856,-0.8914486264113428,-2.0131074424269797,0.8210094865801649,0.024234044565152876,0.1147455678522727,0.31312895707879906,0.08130637743526246,0.7378069234362377,0.7493024692767624,0.06098380285541543
197.30296972545787,-0.28930736312179783,-1.358770355651854,195.07204328482072,-2.706841033284049,-2.9132875107263403,1.1128046370007418,0.08038626195769047,0.20342300975319005,0.26776873945870494,0.24999810817467907,1.6476539381378466,1.0070639334071458,0.05527501892151317
