f0,A0,w0,f2,A2,w2,B,f0_err,A0_err,w0_err,f2_err,A2_err,w2_err,B_err
23.553611425913303,0.07070090775299698,-2.2854497688040656,23.174311462708953,-0.17925191839996885,-1.3798026416794364,0.8476263212151787,0.023119598970795203,0.151360783145487,0.5339646354431088,0.04097697071090358,0.5923048412646527,0.6125560187214906,0.21988602772625174
26.44122233103794,-0.13600506391723227,-1.704369245372237,25.964096838398685,-0.2931997768505367,-1.5398836525880606,0.8401385707398261,0.029955906432181392,0.14978887065215996,0.41065767191098895,0.04046966642991437,0.19629433792456963,0.37781677848664447,0.20166564614185303
20.511736100002448,-0.7510048183626129,-3.046467741551578,20.11165181024236,-2.9487865595744887,-2.841417786100201,1.2525213900678223,0.017328779555532133,0.3333044420161375,0.7019235087465644,0.04922918396179598,1.5369778538683172,0.9907885214441751,0.12561635157323858
17.781648995064025,-0.7217220407792244,-3.0721657341440833,17.429726557276837,-3.3418364403893612,-2.721295672751665,0.9930346160820517,0.014571572487515668,0.2373651563977978,0.6844684548163786,0.04291287090074363,1.6924551060884612,0.9980934197934758,0.12955018585997413
29.48800788818238,-0.4363581264000922,-1.565127388309892,28.996898183145284,-2.3975380323035393,-2.693190933813894,1.146084425147266,0.04265849158122902,0.4869614613496879,0.5027575060397956,0.06590035695709004,1.5380972618825024,1.0108621745968305,0.14956726752223407
