f0,A0,w0,f2,A2,w2,B,f0_err,A0_err,w0_err,f2_err,A2_err,w2_err,B_err
26.943978304439533,0.22994286440575068,-1.9997777066728588,26.438155588322836,-0.04428108628589468,-1.3675498625821716,1.3267301003811232,0.023309070999815145,0.1267140423720624,0.3928492338376787,0.04116723190643514,0.2309423023895505,0.37112647305230984,0.17363451300380614
30.93241425821928,0.43594379069153516,-2.127358287664576,30.360559080371154,0.15993926945023917,-1.4104055634647565,1.2459090981913339,0.01731579473773967,0.11585957354770866,0.33979982439087175,0.03221177812463217,0.14105751518671902,0.23111319130248836,0.2077063315483079
34.902061022104064,0.5267346254587344,-1.5536738325332127,34.231998290441595,0.39475823646801006,-1.3102040475963135,1.3553416493584483,0.02343443125162564,0.10142046757904025,0.27902960575241287,0.026075885612085983,0.12395129269587858,0.16193052667514926,0.15969301597746743
38.89681236470484,-0.01608356680179568,-1.7320077694010747,38.33349637431409,0.002286553991546675,-1.4641386926327942,1.395989978666674,0.03217802907477809,0.1433792873559139,0.36206915296874526,0.04511377072477353,0.1536643832331007,0.3286176015822191,0.11534441181759597
23.440888271038865,-0.8992644632327557,-2.6837980475890166,23.035891604933422,-2.5870356494428357,-2.58640632582527,1.4423287102744928,0.03387930898808489,0.6282640535611042,0.9075415206320314,0.05107912785042243,1.5744175651157069,1.0389206704151133,0.06436361953042154
42.9213448462391,-0.4449406594824963,-1.8961846206979145,42.302003683675856,-0.7341785188981765,-2.1104639822139286,1.3208748668438808,0.039976239508617006,0.27728757737739373,0.704824708800056,0.05518508273833253,1.092120510013864,0.9480550573631966,0.1381746638453684
