f0,A0,w0,f2,A2,w2,B,f0_err,A0_err,w0_err,f2_err,A2_err,w2_err,B_err
125.86861185064095,0.6558581481004718,-2.5428837811679914,124.14780031666186,0.44198192620102594,-2.0500973395560056,1.1588478114213256,0.012592763942410818,0.15103038121243909,0.39192586527917256,0.018076516880935874,0.12820147782696303,0.4598761379684142,0.11107833155028506
138.08341118721467,0.8308909231219982,-2.417795312980878,136.465347783965,0.9497118169936408,-2.012381811880982,1.2023419448444606,0.013487349712946115,0.13993050517394112,0.3591041800964217,0.01593835464176691,0.10720612263022525,0.26508847900028193,0.09573537593102026
150.28391371639415,0.8519267896952277,-1.5306223071962366,148.6619263729591,0.6860821833152281,-1.4754427133464054,1.2770040585413036,0.023484751404665098,0.08470912267306366,0.20772046226261748,0.026728269801327913,0.09273722023097139,0.22701779450039747,0.10704283833332769
162.80751662514277,0.38594869528665093,-1.3512436438472148,161.14682970215426,0.32850841201010217,-1.4024944380556694,1.0289992822816414,0.03450763350948278,0.1016431935751231,0.15724004194280378,0.020287825743677313,0.10327020950217297,0.1989322077751469,0.08252353714862332
113.7047610492772,0.012048604132899826,-2.4888817527066553,112.01771417680058,-0.15881531399875598,-1.90529354866534,0.8814612972977776,0.016105202813428667,0.1578777383222974,0.4819727956254484,0.026484100165695076,0.14663041230144538,0.41784732578807543,0.06890259960081671
175.52560923925992,-0.4618583176241726,-1.4655166414063319,173.71094624682635,-0.13902245080775275,-1.385483449008991,1.007006368551548,0.12817393422890722,0.6944317312065967,0.683771932081793,0.06864867023275993,0.45419004791204787,0.3795848366515245,0.07990887855236448
