f0,A0,w0,f2,A2,w2,B,f0_err,A0_err,w0_err,f2_err,A2_err,w2_err,B_err
42.54968545912816,0.3113160568679576,-2.2291525910688454,41.88238982709389,0.1980979113379558,-1.7510335082135429,1.0948298509657097,0.016246212054011278,0.11713447623033363,0.3237899430950483,0.02344764587950256,0.11628509396549137,0.34809100897683726,0.1696550252905447
47.42650669118211,0.4412558606133958,-1.5753380443004517,46.69587540393567,0.3701812070953946,-1.9977752622226315,1.4472019326429084,0.025004014339451215,0.10568314730625052,0.2772437716252461,0.01943623985760487,0.11837472802227596,0.40022864345908266,0.06405610946910154
52.212391416307604,0.2309497218724918,-1.4603410246116542,51.41252831233989,0.5237599991117243,-1.3124057262134499,1.1667630148188257,0.03344949797012179,0.12138890903791436,0.2566163217711829,0.03439184979040164,0.09481552314713246,0.1262907469032329,0.1835818948970348
37.96726492229542,-0.2746725169332082,-2.4385495131601482,37.28869304050158,-0.5030933439830738,-2.6388962508060034,1.3667436357933376,0.02032985072849539,0.18529223347102808,0.6497874906616203,0.023895980031131744,0.232993038156249,0.5674042621500286,0.10734522231525592
33.41131280955402,-0.6206383387090373,-2.6750348530561423,32.807406240045644,-2.1091383480298713,-2.8296576716624733,1.29501468834769,0.024398022220545337,0.2725566896549156,0.6761552841764351,0.06125763536525342,1.5291360301114871,0.960127857977346,0.114912645361316
56.94183171271272,-0.004863444757053283,-1.3945713834415963,56.14505816212154,-0.21268930586818643,-2.137317507254309,1.462036103906606,0.048320679328154516,0.14273660178099154,0.22470613430723171,0.02753744272010887,0.1754344556811555,0.5903341066452141,0.04783774001380351
61.91789390352828,-0.6302117059392116,-1.974481753970472,61.00930973936403,-1.4221749743452219,-2.5676159262477856,1.379436419254976,0.07182580061623486,0.6268371770937279,0.7102494037885891,0.10667094643845507,1.257657525953392,1.0200413950531075,0.08945100827843856
