f0,A0,w0,f2,A2,w2,B,f0_err,A0_err,w0_err,f2_err,A2_err,w2_err,B_err
32.99701790238083,0.4115783887628086,-2.1881368465676148,32.35638661752306,0.15509205347097088,-2.56119236403324,1.4089507609611551,0.015937352478315733,0.11421106523080371,0.3639558152280449,0.014422994394964266,0.15645073349383629,0.5046683448081092,0.104303242059608
28.88726892208782,0.35097257484324923,-2.617049625036977,28.335278180778257,-0.3042786385385595,-1.5035461340801632,1.3137060258523952,0.012404435633964222,0.1360633875316941,0.403761245426323,0.044456896504442955,0.2915993037777353,0.5552204359427133,0.18171986814447347
37.204853604539565,0.4089075929127822,-1.4311873450175052,36.6095170979903,0.5323653240067823,-1.4795480982649312,1.3180791229093936,0.029020964191613145,0.12755081845897825,0.23478949398233961,0.028840432952917456,0.10004434578389014,0.2405230036385384,0.17356243229805163
41.456237703905536,0.10141925072632088,-1.7159056151851095,40.777406698004725,0.03832747137748954,-1.7687360877646872,1.4141579464353426,0.028243334582074085,0.12804398364403405,0.3894332151688103,0.026941608384187656,0.1391954981646685,0.4382857494688907,0.09865478338887723
24.988203175500338,-0.5893846336239932,-2.347163378636511,24.496399353258106,-2.255775968083519,-2.832215103778716,1.3769255411029397,0.030842120309726072,0.27059302104858407,0.7395677536535795,0.05864091570374525,1.429562660324308,1.0276780002557067,0.10953350146393934
45.750260723181995,-1.0030811109983317,-2.2389194563443455,45.02575898483054,-0.25874426027670405,-1.9316565925915024,1.421139075532863,0.07803863183883807,1.1456800298175498,0.9264832756373923,0.0340075415293247,0.2140917622592002,0.7800445227664523,0.08203422478711038
