f0,A0,w0,f2,A2,w2,B,f0_err,A0_err,w0_err,f2_err,A2_err,w2_err,B_err
26.314299310603996,0.45944162525764787,-2.171300837677792,25.898692051753553,0.3270636433129704,-2.2332624746271166,0.7004822266026693,0.013761779762068533,0.09221107413255639,0.2953092811355397,0.008838823405468084,0.10451067699516736,0.31869407152986445,0.1609024704142907
29.22879144431643,0.35110208662216474,-2.876626800202763,28.787718001974437,0.2701220871376546,-1.6611878020366246,0.874683461692338,0.009113494407772217,0.14125539198687898,0.407132128789496,0.009497172691447323,0.10088938263829125,0.280192424243829,0.19243459893538267
23.30737974222821,0.20773278659017125,-2.828392426558076,22.91116307313841,0.057682942985354146,-1.7725169781688128,1.0268987049731755,0.009854633268211925,0.14084631741039527,0.3686005372941887,0.019542478414731643,0.12556801266564468,0.35764378934214985,0.20786777588911615
20.52890585019768,-0.27593782925034516,-2.2278455702941224,20.140094835955317,-0.6343126877133347,-2.5723304769164246,1.3094029785661312,0.02103217625224427,0.15040292581872777,0.4354677775469284,0.02312467304318604,0.2693529056736766,0.7957993396048533,0.1568559822818814
32.24794651799529,0.12134186287069591,-1.7077381935087486,31.8262051034611,-0.022907377597812976,-1.8606691322253892,0.9342356264882091,0.024625800106456375,0.12292336168030857,0.34783803926020135,0.01087799254034153,0.13942242586657605,0.3436977806398671,0.17212676211966255
35.16782392996507,0.03591837147883964,-1.309872555000443,34.67193577501893,-2.5063955063949974,-2.5618632100105314,1.3405084741237678,0.03993933446062948,0.12999534262265452,0.1344393032436604,0.06218103903164482,1.5732475090597757,0.9566660743564784,0.11476072866533445
