f0,A0,w0,f2,A2,w2,B,f0_err,A0_err,w0_err,f2_err,A2_err,w2_err,B_err
98.84995787268673,0.4638950904291278,-1.4684275150271353,97.74344306160086,0.5540510505479627,-1.245513653812738,0.7838730178158944,0.021677358595774597,0.07518138706073756,0.18357579064655402,0.008270139394744592,0.07193524202678636,0.05370903990798822,0.08411073475487996
107.03227927117686,0.5218554453214692,-1.3865795149835356,105.92461208121725,0.3508229610891025,-1.2698845843695261,1.2927316919403353,0.023419344976990535,0.08386035505346831,0.20270951560972447,0.01273513911741059,0.09634250258948787,0.08408786159933429,0.10533809233525482
115.06274899542802,0.713770536386581,-1.2745486144808529,113.38593687948186,-0.10129475049419553,-1.2956698690973134,1.3164443120850613,0.027735094339740994,0.0966942246510204,0.10386401826591818,0.268484790841922,1.280577336516933,0.9638348004399957,0.1962411010069601
123.49121517752208,0.31280985072307094,-1.277633547795836,122.29681261260619,0.23641979760135523,-1.2529056670752077,1.1905352322658433,0.04132132462378964,0.09808509380479175,0.09863139164548028,0.20890803569873717,0.3527971088208371,0.6956474414979364,0.11952454509759118
131.39039532707642,0.04252597029837015,-1.298604149252601,129.770824185215,-4.242888373381953,-2.769062567272862,1.4605970946122957,0.06295813524450716,0.1076762260725045,0.1222892463449374,0.20118139482429714,1.4201810478164334,0.9713186358004304,0.04360955643147309
90.64713153749081,0.2224963134139995,-1.5499465799644678,89.62682804419202,-0.18980340455450034,-1.3391614444708504,1.1124866547804653,0.024160585134842854,0.0962412807994113,0.2541481308687287,0.10623749264549406,0.1987025788602422,0.4335170462587691,0.12207881096699857
82.78552675387537,-0.1115254838411277,-1.7149778949400383,81.76308394268568,-0.5921099927592395,-1.9178603248230321,1.1171223642588373,0.024363023533700325,0.12090725863189376,0.3371085021088259,0.027048027404386252,0.27372969380966283,0.7053943122844554,0.09495297305209752
74.93053964686187,-0.36063851660963187,-1.8878154591297243,73.82191878422968,-1.934211023014947,-2.792656095495923,1.0111138860610738,0.02813561570733337,0.14751912687754704,0.3762046435824709,0.1119364886615007,1.7894947927976295,0.9435113173767671,0.0709190951015201
