f0,A0,w0,f2,A2,w2,B,f0_err,A0_err,w0_err,f2_err,A2_err,w2_err,B_err
38.947898775561654,0.25285133151688055,-2.1456810536347666,38.26802787607132,0.26876345152520265,-1.459281762095673,1.4103689969911946,0.018881185233803083,0.12312955069255159,0.3721821558189673,0.03115142261021573,0.10662994980078605,0.23851185146779869,0.0993677365430448
43.26419781808893,0.4096643463576266,-2.076301775097444,42.617411318749596,0.21406033308326225,-1.4244214016116055,1.4487238412358092,0.017853155532218758,0.10991952574618379,0.3205200082592688,0.035330924864346344,0.12434321327945091,0.25366974332990827,0.05880220437753935
34.483742989863224,0.29772802204892784,-2.1948638175108615,33.832378988540924,-0.06512442472473227,-1.8986737596350667,1.3109411200486445,0.016223291225255104,0.11881844701569506,0.3415912146009163,0.011792536106141826,0.1478686816473633,0.4470852170375083,0.14884580552519813
47.71213332245664,-0.07345251338351436,-1.465254651835627,47.078370384879506,0.1524455367154876,-1.4011240288942464,1.443228308793453,0.05160568732190676,0.2048543711162505,0.3573261652092711,0.03218581153810319,0.45121921173050805,0.3850494766596156,0.06971559753416746
30.368213788339194,-0.22940229255288175,-1.7463940060635998,29.809521789633944,-1.4963033580936531,-2.430454131401019,1.406787682797441,0.03550532459347402,0.1736967133116686,0.4316536884704286,0.05922838549752643,1.5116913112753863,0.9292806640615802,0.10661415642160525
26.153031353726817,-0.49940731151200907,-2.065170585380293,25.684689617582865,-3.20403317149019,-2.9474907295272237,1.2618273897042827,0.038268900084548245,0.3289412769401301,0.6192665978417575,0.05916960704038609,1.4626370562485609,0.9857641219288057,0.132065249025768
52.36496070623921,-0.8248385394023503,-2.025644919556738,51.627646593943595,-0.4287460486423851,-1.8422352107158062,1.2745550742142142,0.08729803720486384,0.947426931583315,0.9815860263298458,0.036643949894745675,0.3176683590281137,0.627371803501686,0.13710785583947477
