f0,A0,w0,f2,A2,w2,B,f0_err,A0_err,w0_err,f2_err,A2_err,w2_err,B_err
47.627682821289774,0.27898617292637534,-2.4446275541378455,46.81202347205699,0.002007469516476761,-2.625017811483406,1.3065216542407263,0.01211329113853887,0.11034872897723254,0.33269719290025745,0.013121736072425998,0.14200654533451915,0.39610178511160093,0.11621215536014251
53.57814905765016,0.6464387958791398,-2.047376927761608,52.75317874718713,0.5450188728086856,-2.990200545865747,1.0529864583898219,0.013504490030136276,0.0853667078593557,0.23228835350997346,0.007653159511554469,0.15234159442719125,0.3825803625345133,0.13548216060932142
59.3822740795454,0.7526177974925589,-2.6926169272886633,58.59357393449996,0.5207321599398254,-2.2995575934777546,1.1212721240765973,0.008998083624082767,0.11335560063055598,0.28622856392031376,0.012352615343452592,0.10039829660528972,0.30024410592779627,0.11867011544698203
65.43149087937668,0.19623438904694868,-1.6330706978689666,64.61227923397239,0.41382354116531667,-1.498745828879645,0.9917607686850325,0.024445986341452987,0.09742013881465411,0.25643947824664937,0.0197289534926841,0.08107474796425178,0.21189449451785675,0.11418973287360695
42.09011127117027,-0.6837672307877807,-3.0634572090070473,41.2336517428533,-0.4351340753715342,-1.6587935355626515,1.0541921810308497,0.01776906125099622,0.2155275818566556,0.7043198558292127,0.027643497462572966,0.26748994186457836,0.5501705692164824,0.13536487501483324
71.4645701469951,-0.2616336547120569,-1.689770586246016,70.5717999214478,-0.5482813240514312,-1.6549237317018926,1.4185304966544128,0.03984948919767839,0.3109415555359133,0.4024805136760576,0.0598929391785129,0.5670658643443267,0.7291932381870554,0.0802664108293521
