f0,A0,w0,f2,A2,w2,B,f0_err,A0_err,w0_err,f2_err,A2_err,w2_err,B_err
90.7240853682914,0.6128168338684186,-1.3282985913485095,89.72412581739442,-0.07087508433040363,-1.4056853384537122,1.1333943324199232,0.030775180637313833,0.08187103044945956,0.15504744927855654,0.08573844050781382,0.29179865217509354,0.6350393427752621,0.12180621837836055
98.31008163613257,0.6975412004656271,-1.3193675296163878,97.25613488269974,0.2881988926391526,-1.2660638593156477,0.8512559458689157,0.024094488735336386,0.0688615753860847,0.11544084252114417,0.010795484188335128,0.10164879405690928,0.08558529851975764,0.09381486383123028
105.80581202296781,0.5552827309873568,-1.2534796536279829,104.64280578479884,0.004328370045095509,-1.2771536610728735,1.2035063862467066,0.038034004288784985,0.09194257189802633,0.07193116468799311,0.07814199924179695,0.39884358994268526,0.30658213721522487,0.13103849681872312
113.18885051391977,0.37044380195203824,-1.2617526891070667,111.94163773497549,-2.585994003870029,-2.7979400022136627,1.4504639541914621,0.03929219365496845,0.11973995843688921,0.09033337482873435,0.18668198235835648,1.3969094680990999,0.9623614971391973,0.044632106387791186
83.12113519866705,0.21623419999251886,-1.3586401783009208,82.23034155041121,-0.6511248857852105,-1.8697704189952729,1.2258652364707823,0.03265031781367011,0.09536325377356082,0.1695892956227091,0.056233846972365886,0.689041113046673,0.7623146896329576,0.1028760762803521
75.92575794359342,-0.08503577901043027,-1.3761266448969194,74.97460287147469,-0.8946010360917084,-1.9451307151361086,1.114881508524537,0.04651208350523709,0.15571870758153925,0.21324825759889734,0.11885020603664573,1.387973023145605,1.0487443650336652,0.11617386401495805
68.7439246811618,-0.6677074230215551,-1.8062102939156182,67.6516410299281,-0.9228903050243025,-2.4631897929838527,1.0234080982073344,0.046226832710128875,0.2748646589223871,0.5767422571807841,0.05061911871083841,0.7859128737563711,0.7712746982865618,0.08866733260839335
121.1403386691585,-0.19170846040335138,-1.348952303883923,119.8447465152649,-0.9852658988732081,-2.28222963320275,1.0613968201957302,0.05220706693348002,0.15360375818617544,0.2609343289773835,0.16199047946527356,1.5630822222349219,0.7903052703441371,0.07735411728784804