f0,A0,w0,f2,A2,w2,B,f0_err,A0_err,w0_err,f2_err,A2_err,w2_err,B_err
30.802852432169235,0.3555863797933523,-1.600464515670501,30.197990132456802,0.2673296327692484,-1.4203556822946943,1.0527473627378425,0.024988264749926197,0.10746926362672718,0.277584208750796,0.0324905283343202,0.11458365031891982,0.1994256602460054,0.25233173306117157
34.70806082083716,0.28768162408903836,-2.2704561781791646,34.08856549021118,0.6027336899611295,-1.265583694517315,1.3614229298418974,0.016093731853115575,0.11985231384378077,0.3684469540093019,0.036119212142398355,0.08460449469347693,0.08528114566713167,0.1602834479642949
38.621263548301435,0.2640864242406688,-1.4279066958846798,38.04544961096268,-0.2605164275153189,-1.6095000802272372,1.4371141829684655,0.031342553091439136,0.11664350843269414,0.24909157168135093,0.04942319840004783,0.5426564079290009,0.6562270612935318,0.06635635062470693
26.8671415643217,-0.03790429753993971,-1.7781504204769132,26.32113628536421,-0.15957413823251393,-1.6044920627618904,1.3691297855306113,0.027020800648883053,0.13280466054873322,0.36754368295193823,0.0342781293031318,0.20220790001230723,0.412228815736851,0.13836784904680433
23.29603894968386,-0.8006132234639685,-2.8378276476970368,22.792435779528677,-0.4927285184836145,-2.080532102130636,1.379362480861199,0.02341874776879531,0.6005144162427627,0.8420077822463202,0.022717016122611115,0.382363545580546,0.8122510176357757,0.13174011195645005
42.831512999551435,-0.6501131231535635,-2.0676855026824157,42.16002647501539,-0.6305235051827194,-1.7399527725293114,1.4276860185971296,0.06634458432190199,0.8940326358200371,0.8194624335503269,0.055784252205181434,0.8578542829458126,0.735149611072305,0.09101700466785137
