f0,A0,w0,f2,A2,w2,B,f0_err,A0_err,w0_err,f2_err,A2_err,w2_err,B_err
35.6763428634449,0.429772880761188,-2.221222269222806,35.099821534144354,0.5391432615664172,-1.3851818651210421,1.278898387892787,0.018235032369482686,0.1320837774106997,0.3726764161949942,0.031142895629015555,0.10017695233748149,0.19610058247988493,0.1745756628982597
39.77891168975061,0.4124234446047996,-2.2051882530915017,39.250094065039384,0.2724074889380056,-1.4692977925188746,1.3558573385773114,0.017551387920420557,0.13203911640207602,0.3901572862700928,0.02662546176108557,0.36166915257577575,0.3117644801716592,0.1211532748612415
31.620340671244076,0.27420746560816084,-1.5078490215696296,31.1665834874576,-0.6543226547146317,-2.656290807926349,1.326917008510246,0.030754200545163448,0.11456541587527917,0.22768583154806343,0.03965460879792626,0.40965439656746117,0.8553058454891875,0.13764107384819155
27.994101806595616,0.01804929973151366,-2.9750679442989623,27.45266471881042,-0.4967756859241853,-2.0530982083821288,1.3689268819211273,0.012347243241980456,0.18332415528239882,0.5198974185585676,0.037522721807681444,0.5548218919839213,0.6655524368026824,0.11817791161159509
43.817934067519204,-0.1493867098912024,-1.6143067332204202,43.24746940494234,0.16570594900693866,-1.3588000767026374,1.3668556367488187,0.059158074444113244,0.7929668935288116,0.5769962110253842,0.027830726194280644,0.18190163776602833,0.31078355680283465,0.1121709968602492
47.91618579998091,-0.2390540222320443,-1.685567555784231,47.31253731465483,-0.30053761701408427,-1.7530057355935966,1.4181337354201005,0.0551335724088937,0.24428334682315425,0.49450515736614004,0.05512509339729591,0.8196681196525275,0.7592440829275305,0.0821032599320115
