f0,A0,w0,f2,A2,w2,B,f0_err,A0_err,w0_err,f2_err,A2_err,w2_err,B_err
49.81810903862282,0.22650185676266224,-1.8858159920075708,49.09102770172946,-0.17408394594735122,-1.5021681637668745,0.9778451174164539,0.01867738962746612,0.09741158550836462,0.2913735334843462,0.037658909755910984,0.14772123525136022,0.2773017464641337,0.1433452640838871
54.797472737454925,0.35288557704386936,-1.9014160570135288,54.102451059764576,-0.08148335566991796,-1.3217076141338282,1.0527830607005,0.02390442845311728,0.10470643320026508,0.3479992326879501,0.08015032362709666,1.105332308287712,0.5426417453047341,0.16073128233368553
59.83559479530138,0.6058607925833309,-1.470951402156703,59.03552791040656,-0.41301532526693535,-1.8134575774099302,1.4314513384980703,0.02520863778632434,0.08414295125429881,0.22840407548613234,0.040585163163613776,0.4368447337176735,0.9006610712832219,0.06829693169360226
64.88005528132321,0.23945828807211986,-1.7183851590658332,64.11458398275218,0.1392789466613586,-1.316310726065271,1.421743431164947,0.025360953229536673,0.10382325500360705,0.2912483014213194,0.03904443947408671,0.12315822900981152,0.13807926106365326,0.07678931055570176
69.91634902938995,0.1222515885489096,-1.444040579893932,69.0489316193218,-1.1228959024309892,-2.3179414751988427,1.3267056362278753,0.0339867763662792,0.11038312881865579,0.2152327242871159,0.08718127693881453,1.3534968901001836,0.9173152067176851,0.10163541804680527
45.02932902000268,-0.019522331865198826,-1.4472899715945178,44.370674968657525,-0.5751623995101808,-1.9972489895459213,1.2724299881848553,0.03733182871386681,0.14867106192776047,0.2878581905280083,0.04818548209367746,0.4953367324442995,0.6420688576024599,0.1411024852169196
40.14359850065374,-0.4649736976800969,-1.870643697090101,39.42639332324924,-2.3521111798167684,-2.447999041954636,1.0424722331333618,0.037300667097931034,0.23083777375439213,0.515432801141082,0.08438027195746745,1.4693106558164468,0.9689319793413745,0.10323755340016567
74.82153734735058,-1.0671609690509092,-2.0236860757838797,73.70875599731463,-2.159328779131295,-2.789199090832712,1.3760318660185284,0.12444197687531974,1.3055414008235071,0.9633556942270212,0.1441051338693771,1.5656658617181516,0.9493331344974718,0.10514281504328386
