f0,A0,w0,f2,A2,w2,B,f0_err,A0_err,w0_err,f2_err,A2_err,w2_err,B_err
46.87469111334965,0.6601608650905266,-2.812308069190226,46.22113204796042,0.3820550620262887,-1.5784308644049372,1.1398719683679077,0.00947143658607382,0.14623303884649658,0.4013498644893198,0.007185238597004154,0.10280548456754125,0.24216033491607913,0.16797256340909764
42.19025484191954,0.42393334044984377,-2.4275004585367443,41.564751828615165,0.25653577681584105,-2.4088885355943157,0.9002239963559107,0.011926510310305484,0.12454314910257402,0.3559286518533022,0.010338694775137252,0.11848619093342981,0.33918919105147244,0.13942544391398382
37.54982883295423,0.04345289715541116,-2.2894853286696515,36.969180420655675,-0.36504462513615277,-1.9719743586988112,1.264823547948724,0.018736088107439205,0.1480015640194912,0.5102278323291903,0.03651618650678103,0.21863822108057507,0.49779422098302595,0.1542112725515074
33.22303021626381,-0.868434152864634,-3.6166556557003084,32.52981912015677,-0.5778069055233255,-2.0881549052666224,1.0363220467989627,0.015275775060329951,0.40041112683344876,0.7398919990272194,0.034517595694167603,0.745974243022026,0.6097639026427573,0.13544939605613307
51.54835564527171,0.26512576792008613,-2.10367768118874,50.86152230459782,0.13377722058545394,-1.4248953749846882,1.070876907826487,0.01725298117490718,0.12022795347713015,0.37665650798138867,0.032490159339550934,0.34951040096190145,0.328533696800205,0.15835132889121065
56.389906632490366,0.03258409195294379,-1.735860355041781,55.654880914673605,-0.015991241274098258,-1.5946241461380624,1.1574139176211857,0.029105569557789035,0.13026789659826987,0.3479698676525508,0.045388785840714214,0.16415901179079415,0.4588371940432594,0.15323833112533342
61.040882751196925,-0.8402300410614113,-1.941457655869483,60.12025131366608,-3.153745416769564,-2.753537597974277,1.3915435322437457,0.08292767129347882,0.9839013801780186,0.8879733560891983,0.1101579817176842,1.5259147779259479,1.049824421901104,0.08858450543556697
