f0,A0,w0,f2,A2,w2,B,f0_err,A0_err,w0_err,f2_err,A2_err,w2_err,B_err
18.981682703689795,0.3112342806730365,-2.594191055985544,18.56196450187447,-0.17334118838997858,-1.5250347919266876,1.0991757855551145,0.011248308391401566,0.12035957519128405,0.3592840552653729,0.026725606097129376,0.22581363957665782,0.42808302036924833,0.2703639421065532
22.135676743919696,0.46983850256449644,-2.189579851005616,21.653211520870602,0.1332468015134235,-1.3313555276151456,1.2838082301059526,0.014319035566165518,0.10105259566408276,0.2909350464663122,0.01059571079127563,0.12534548907414303,0.1753375730930119,0.20989141769168876
25.47159127910214,0.34648915638913524,-1.5341311432375684,24.954873107324097,0.3056807339928695,-1.4051569120725498,1.390770796608721,0.02499508890448842,0.10027771584158673,0.24894495333132566,0.030232930438059104,0.11828765609724246,0.23003680791558212,0.1467605939731223
28.82603924878184,-0.2087651697211373,-1.6527304480847846,28.261267492030107,-0.18765710629152413,-1.4974183719731924,1.3211492113779122,0.032232861400554196,0.194741646908834,0.4355029442877442,0.03308251856084006,0.1987343300294058,0.4043701683069673,0.17280770060030293
15.848263895229803,-0.3465187222072881,-1.9979203921686377,15.514485848669528,-1.736203183301459,-2.7942176305359467,1.4140092557955268,0.02918287141876462,0.18133469368263874,0.5009911536708105,0.038869304904845026,1.3519295523330785,1.0105506696841815,0.09898014856533383
