f0,A0,w0,f2,A2,w2,B,f0_err,A0_err,w0_err,f2_err,A2_err,w2_err,B_err
31.240061312538206,0.40988104482656695,-1.9178615615926429,30.607638987742853,0.2369411448739426,-1.6212499016408994,1.3188152599617553,0.01718023494012379,0.09633130176904653,0.3283176067585618,0.011995265700776804,0.10731069917485893,0.25461947094154275,0.17261831904962208
35.187684245559296,0.5588602194166242,-2.012379279138706,34.57487962407912,0.4822660856094682,-1.2854364220458925,1.3436961554583209,0.015640219896787853,0.09056484931457838,0.29290075764705703,0.03574041248246632,0.09158211838746701,0.11152098686896374,0.16446443294994273
27.247064125009686,0.09748194389899152,-1.9890938662118862,26.667637049234074,0.04934725765737712,-1.9370923071400856,1.2297739901936602,0.018857802836491307,0.11320119738843695,0.35398833013641773,0.007227800365052567,0.11231314120974065,0.34495898772753114,0.18789869848535826
23.543420194679037,-0.48142577982662127,-2.099664851764649,23.002197132711192,-0.9527057551881166,-2.559608465751089,1.2843512874207812,0.02664396113980122,0.22175841698384363,0.5801234695623603,0.03645929476816961,0.8993428041308821,0.8289938996281346,0.1842306353150526
39.20598702543469,-0.09978012711065684,-1.6095478440984832,38.54078606675822,0.028526421728126236,-1.337238937455005,1.4279656548213386,0.035075738186499346,0.1378273298742711,0.3214357218074107,0.04495137798388198,0.1191991873303365,0.15682891457276726,0.08311202479609511
43.28694183053977,-1.112378603527869,-2.407192494362041,42.51052402791041,-1.3127869537978987,-3.144474546521317,1.3947445334348068,0.06719489429352292,1.055227240384153,0.9508214955607847,0.06330895914657965,1.5898032629077778,1.0008557402206053,0.09317985121658691
