f0,A0,w0,f2,A2,w2,B,f0_err,A0_err,w0_err,f2_err,A2_err,w2_err,B_err
27.784352639184654,0.14886166288780497,-1.9608860337347127,27.226482477138234,-0.4383926592718106,-1.7425156063298448,1.3108222675380534,0.0198380143239586,0.11011072410025363,0.33285239096807817,0.033749884832003064,0.2673306079212056,0.6074099631031579,0.16391832086034797
31.78735386710151,0.2745452692171478,-2.6117947356094096,31.197412050441,0.10887099318896248,-1.3445688592096705,1.4076146475097104,0.0119821339199385,0.1288405646646077,0.433736636471151,0.032784733261842246,0.11682946176833023,0.20127207782508827,0.1059245076367675
35.840933197367654,0.49130817867472154,-2.3508056703631866,35.14567598680704,0.4865432825316617,-1.2650581401077887,1.2360459344715404,0.012422051269381078,0.11239475188624828,0.342207965869376,0.029637000749847354,0.09119810049807141,0.08492203338961131,0.20884629855130699
39.9095807887832,0.30904946518045445,-1.4700382609168399,39.283010255895086,0.02512638909113664,-1.4309674152172784,1.267082863016778,0.0274399140024684,0.09519885319120018,0.20880409630525182,0.03732660303305522,0.14568711301255743,0.2607724814646082,0.17169897692213834
24.029509081527095,-0.8618951617245614,-2.8153793990357077,23.53857981021676,-1.5968362893789823,-2.689280255472366,1.412209873994228,0.02620561049275834,0.48067028136735024,0.8211721830491752,0.048302974830826975,1.3414768533995123,1.0642766041950298,0.0899803937052065
44.1361840768917,-0.23813192999829202,-1.4375848825110795,43.49524368329309,-0.6138059209880203,-1.731642075941327,1.4059142101459061,0.042505655919717125,0.20137694971306444,0.37192348684335713,0.07317097817684946,0.7674161746738967,0.7857833775451368,0.10102352400891397
