f0,A0,w0,f2,A2,w2,B,f0_err,A0_err,w0_err,f2_err,A2_err,w2_err,B_err
43.121078049850375,0.47666677512807476,-2.1756625107040164,42.52909855183765,0.23744537028195065,-2.4284169777680846,1.2755688905719242,0.013946244027475869,0.10234004942696576,0.3129568611487044,0.013685810598695535,0.1278331890303393,0.4009908436326691,0.13247667647825317
38.8650136451165,0.5988811293937756,-2.9105177686395463,38.28089031843214,0.44756785013426625,-3.130939462964572,1.1143393721017574,0.008308585520144443,0.13502450534655175,0.3368089982032117,0.007538645119333969,0.15088577984199045,0.4199683571114239,0.1420616094591116
34.48050833348087,0.17838328628343322,-2.5421358046612723,33.9051093675494,-0.10280101748105655,-2.1691957796050367,0.8575055520614647,0.01144225621508513,0.12098971867427476,0.3361154798392036,0.0168269468710192,0.11732973527765177,0.3648556190958654,0.12786036042510454
30.462902201678705,-0.6167636627394814,-2.4489408161997375,29.85434557972497,-1.7724122644369125,-2.6840901137916755,1.1100169748713484,0.022097529200658897,0.237269322191606,0.6293816262742159,0.055346932680072465,1.6544942845328605,0.9339955913279756,0.13443475009927475
47.479321400602885,0.2539933901657832,-2.2740427370164795,46.83644544620058,-0.012510051868635989,-1.5019509132131517,1.1881351423407929,0.013974826412359347,0.11119247224380868,0.32864823581197167,0.01089833068864824,0.12818072935158176,0.250351067569088,0.1375353783184181
52.04653670302608,-1.0126177933655582,-2.1373488588301357,51.37513003980497,-0.14745496977106712,-1.5899189397136442,1.1633543704108869,0.07630846896920712,1.2175239496580206,0.9568752155975103,0.03252131518855933,0.1407070877189552,0.28103148069738704,0.12835209191730504
26.283474203786945,-0.8233593360522717,-2.2482379150138225,25.7808417675434,-2.542438219718316,-2.3432648978986297,1.2038039030805416,0.03530921900574464,0.3707271106745359,0.8099287475718948,0.06097190176759219,1.4765990044158699,0.895455737008527,0.1350816399727878
