f0,A0,w0,f2,A2,w2,B,f0_err,A0_err,w0_err,f2_err,A2_err,w2_err,B_err
38.847910245367736,0.3817111615209413,-2.1066603931414094,38.154475753549185,-0.352171633110082,-2.010075672065651,1.3462978633267142,0.015236531084648649,0.1039013854509696,0.3525904187713918,0.03087655745076408,0.19919888263978278,0.5440031973156138,0.12533962182427416
43.28154695625881,0.43868773725760624,-2.6861452375224246,42.639472633769195,0.19943419403491192,-1.9121780124159335,1.365218804170334,0.010815918248951608,0.12462266823555995,0.3560478114153379,0.02059856402157819,0.10395045577304597,0.31126169315331637,0.10817945891467969
47.66799275591558,0.2040052152034511,-1.5694264649465326,46.99458918481063,0.21844535800565137,-1.3012539692774066,1.3177905375781291,0.030843019218102667,0.11025649614503082,0.2812797445237507,0.04024217853242717,0.1638340697123812,0.17758724559296216,0.13982225223101682
52.004248007026,0.21689047666818423,-1.3578927312116824,51.34149392325787,-0.02167638044039044,-1.7888448335119471,1.3672597855433781,0.04616820554970296,0.1301712490278536,0.20102338320810562,0.05518755034234016,0.6370616015689438,0.6332449993309376,0.108395504884448
34.664944118253445,-0.03143438981832829,-1.806980017199219,34.0386238553817,-0.35373241417421974,-1.5189586266803028,1.4425927054124539,0.026955901676840054,0.1388249450523554,0.4190270699507927,0.0485841957281823,0.4341113113801166,0.7538025800815479,0.0759366297951635
30.47332211587107,-0.34707287030941797,-2.108103356135801,29.81233482674549,-0.5219076000360475,-2.210687413033681,0.8314706842341772,0.02235704701731944,0.16036676073301795,0.5043192005850032,0.015443463631878863,0.20752612399720974,0.5683394314285243,0.15215326785956576
56.59114114035085,-1.4314509281948893,-2.411288794039895,55.73275072061704,-1.424154463420913,-2.000295094699394,1.4448610613650297,0.09028481185098572,1.026252483448275,1.099654936913677,0.10892180097915959,1.4112162083798687,0.9977268841907581,0.0638253093696555
60.650018428722376,-0.6270629354545846,-2.1399126242808073,59.6732384336627,-1.1903772452673118,-2.9025435296142623,1.0945341225733671,0.03714129422180105,0.4839546388937717,0.7587640955356907,0.05982093567939127,0.788355450150852,0.8824293258392617,0.0958966509518677
