f0,A0,w0,f2,A2,w2,B,f0_err,A0_err,w0_err,f2_err,A2_err,w2_err,B_err
86.70505987509422,-0.10195807924967645,-1.6483073659686611,85.71164212214352,-0.24699312298104178,-1.6131653323787685,0.9505942438464186,0.031337468501186315,0.12677243495466367,0.3039344164608092,0.034366595494778156,0.14406802708495597,0.3342467432414156,0.08625093860624526
94.6564666589221,-0.017902072179411643,-1.435192808687762,93.5027874233972,-0.19373899231828018,-1.5013388609591471,1.134547759019591,0.046039670704119406,0.12748168511527014,0.23551923664638347,0.09291644734367537,0.2989685265180561,0.41022340205123603,0.11857518582479692
102.52160947766014,0.3248747221372545,-1.3888008126691278,101.17190321612509,-1.116041980248402,-1.6678805871573472,1.1057026523082538,0.03345106280981563,0.09782272793874486,0.19177176302950982,0.17043414880211186,1.9413987065771623,1.046688677484986,0.13253952676373396
79.07582287991445,-0.33138262529696827,-1.9216850365646279,78.20991189105376,-0.296422795014271,-1.3967144158480012,0.793946500762644,0.025350422098931208,0.15353665034105712,0.5432617134382611,0.03187542727823907,0.18247654314964948,0.26607729937250574,0.08236936025012882
71.62778847399122,-0.24946669048653713,-1.5519853358940527,70.67297118299194,-0.9291857877676913,-1.9382157330388283,0.8397273163827985,0.039716567678426754,0.13538335059525386,0.2731695000210464,0.07614020722324075,1.0233599713401766,0.795671201030219,0.089555026325615
110.23120728776728,0.2548132605277775,-1.2677201104617994,109.12928754413973,-1.1535896320530825,-2.341754646290581,1.1502051767315309,0.04889291769137727,0.13854030952139132,0.1669193295832723,0.13950830363091238,1.2965308066273886,0.9805543866893477,0.10141731116590279
118.35487046079608,-0.4213504997662921,-2.1524662520366125,117.01726440359424,-0.9194635702823268,-2.263560831833156,1.117213322810736,0.17782524918580683,0.30865070377088655,0.5787419149611898,0.16340427480887007,0.4382063243526966,0.5783737798798622,0.07473669596549691
