f0,A0,w0,f2,A2,w2,B,f0_err,A0_err,w0_err,f2_err,A2_err,w2_err,B_err
67.38157793735945,0.9094451597243849,-1.908918658032317,66.5476465872106,0.5521075152167453,-1.6303545618377506,0.9229536662308581,0.01532323801575616,0.08772704359525012,0.2628507547678863,0.009465194927476295,0.09225761634419052,0.2659804290782136,0.15816455237362959
61.333475738562434,0.6732186958248879,-2.741760777967638,60.53595254320508,0.5768340172304822,-2.2726292082778836,0.9975179358565053,0.00963284267478358,0.13908083520475387,0.3878868785588406,0.012183497381341158,0.10435755624060714,0.303430513908465,0.12453211098848214
55.22870185173384,0.036972248095726995,-1.9554713333412144,54.40597605959226,0.014704124490703002,-2.106788590586219,1.071619120974971,0.022350923649921205,0.12093373248879188,0.3639712156716412,0.02027958679459659,0.12426752017357502,0.4068376017382484,0.12141345616657692
49.49467712822695,-0.39449738540589874,-1.6319391903412162,48.70260134737844,-0.3225461165895907,-2.3474918708532133,1.0534706758854342,0.043821255500548884,0.2315044281004747,0.5411633225085707,0.017646084883558694,0.16650551169908293,0.463180899867445,0.1270227579233395
73.45727997699541,0.5846844792006984,-1.8946990225214697,72.65238381959406,0.5233425000874037,-1.580199176741036,0.7399683200576835,0.016545366569524832,0.09568775907100932,0.2647697976044157,0.024184349598551865,0.12409969129643421,0.23796565461381558,0.09933278989764426
79.53235955659208,0.4175482805323155,-1.2858327363141344,78.7456170556365,0.09799760522934883,-1.35633134097313,0.9506701060506446,0.06425386217422195,0.14521117571793207,0.12801040527818222,0.10397614426804584,1.0787269971071378,0.572361129886435,0.1572927136982316
85.825902744532,-0.13351212996880388,-1.9446177119797474,84.67965549623884,-3.3494101373261422,-3.001119660852231,1.3351407754134441,0.028860782992382143,0.18428387946702698,0.7158071214091454,0.14144126736754073,1.6160979787581695,1.007023717717692,0.09654148682703778
