f0,A0,w0,f2,A2,w2,B,f0_err,A0_err,w0_err,f2_err,A2_err,w2_err,B_err
48.54595712628937,0.3989996500430193,-2.1750243020277833,47.93313682971042,0.19715135552304958,-2.348877556431857,1.1396334369684356,0.013475880875177381,0.09917134139643362,0.3134159090402585,0.00531962087495594,0.1255115620941716,0.37815404299485417,0.1247321109086205
43.768484076306564,0.36649873216651907,-2.7958881450318978,43.07429920035305,0.19854782623896466,-2.3508251088695884,1.063937227041428,0.00901594250557125,0.13220660903626877,0.3642861578915743,0.013551184415139514,0.11667159284291004,0.3763482827876998,0.14474825672042552
38.88821061127648,-0.11435514144149707,-2.7062225996148594,38.24128450093236,-0.041238160597096854,-2.4305200634159334,0.9030039939908019,0.011640336938258417,0.13465032206231856,0.37202565635551194,0.013913734246205463,0.12723869460595724,0.3880151027229635,0.11143564375296877
53.41610980247324,0.09601675003987328,-1.970598645004472,52.711630774722295,-0.107616904197437,-1.6253994538130305,0.8087039308019826,0.01718197963460123,0.09864048266181193,0.2912190802830156,0.010706831620586166,0.10976878034324433,0.28738017357276663,0.09574382609571523
58.35246584162653,-0.28033500346160656,-1.469510136927803,57.47446416400903,-3.3432892251781148,-2.7209680646918244,1.1923539932535838,0.04680455585739852,0.17957735878619194,0.3240606314987793,0.10723928687069884,1.6380448946414397,1.034195749549978,0.103033648107713
34.42385144034977,-0.5289256725733135,-3.2232877919803578,33.821836965003804,-2.382023001906953,-2.5846945077605183,1.0509351261704767,0.011332681640187917,0.19305714276812652,0.49731565602473926,0.07265635644892651,1.6119258304048927,0.9985877776252489,0.09830721515436244
63.43078380651411,-0.8008165270044021,-2.0687419516123216,62.520658503236476,-1.3548815816755342,-2.3120471379329923,1.0105884986200877,0.06299487415943318,0.45554607504118355,0.688181095916307,0.12462614100061103,0.8983960188253363,0.7322005145903423,0.08450555248637516
29.731964516221925,-1.8868898889553791,-2.7877434932429517,29.165077981791875,-2.434496152337268,-2.7393856942751182,1.1397436531081389,0.05306410368490703,1.4315228411592604,0.9533435799915587,0.06742682975507276,1.3974133762372722,1.0339413474174501,0.10962330847618403
