f0,A0,w0,f2,A2,w2,B,f0_err,A0_err,w0_err,f2_err,A2_err,w2_err,B_err
39.357405828426735,0.4305503406542154,-2.5499258011949113,38.757992517838616,0.3077329140392991,-2.4752060350823135,1.1348360524756844,0.012508407836860073,0.14131196764552648,0.38889096976562587,0.014007751557400937,0.14783852749309848,0.4911308041076345,0.19559079528006076
43.7423284775556,0.2991286072023224,-1.7901592594395122,43.13252652390767,0.5785770864783643,-2.334078753083441,1.233346236202201,0.02507279184817167,0.11342812634652998,0.34831671973486406,0.0140595718276108,0.11833251126253146,0.35292285717262245,0.17196211240152104
48.06156170761136,0.36754292029793956,-1.7191130522758489,47.475165541100324,0.1472905009019993,-1.7649669094606504,1.1448436149994383,0.02473382878421663,0.1094549507383551,0.2777044492874249,0.01886325484805252,0.1738668189243816,0.3882353532907779,0.16789421028809617
52.576424764253275,0.19545742785826328,-1.4728429544565675,51.83500330117546,-0.23048574365563496,-1.4772466526529402,1.3977891584011155,0.03925515741298237,0.13507437867538,0.2693912397061387,0.05554311598473352,0.6364118756416335,0.5443523764230956,0.09717922717752105
35.01715669049129,-0.10069213492075926,-1.6871891502817828,34.40317910503424,-0.4901683049070657,-2.311444997511012,1.0749554366933398,0.032938745156362796,0.14518264157228034,0.34543886868305124,0.03016438294160723,0.3142789485305973,0.7769278405781113,0.19756938784797173
30.964759072647567,-1.115825949484131,-2.773727402152489,30.403204319429783,-2.4019983285314463,-2.190102415058489,1.3435188219205068,0.04797475274985545,0.964571380094891,0.8953121573079423,0.06515168324410985,1.6553520086129005,0.9189735234753835,0.10628085658592917
57.041381782710964,-0.5277618220948852,-1.9026783861696985,56.37389135372813,-0.8154610914692979,-2.01183621034785,1.2239035690229125,0.09985342209388898,0.5878778365617213,0.8840573793523973,0.09480285225917652,1.1831068052584388,0.8536911898311046,0.14909753854267366
