f0,A0,w0,f2,A2,w2,B,f0_err,A0_err,w0_err,f2_err,A2_err,w2_err,B_err
25.370169799593153,0.24306757493260767,-2.59883153953633,24.87436241668196,-0.8288384744272232,-1.9110244955134013,1.402224652859532,0.011981620827102763,0.1346874169162643,0.38011897864374633,0.05338533811695882,1.0859523284832775,0.9067196754488664,0.1316437072463533
29.12341278971055,0.3348357852236021,-2.5655751546751477,28.560490003609367,0.003624047736352415,-1.3610525787001848,1.4176880637561924,0.011341607139939591,0.13243665603342303,0.40527470787083447,0.016898729014047868,0.323845056440299,0.221068555298194,0.0923316887653099
32.804338862101204,0.10979252259384784,-1.4652694022013741,32.184757189691936,0.10648746814892066,-1.4257395923138159,1.3887066832011432,0.036063577091455405,0.1391689726933269,0.27644395106052244,0.03495903109321941,0.1583231807257692,0.3159528328647877,0.11995228092739232
36.64887158039888,-0.707685391831076,-2.3407088726828866,35.91731394710823,-0.316811059927018,-1.6030045253211895,1.290523863432896,0.03213391122184047,0.5219897687389168,0.811102183927531,0.02623147776561011,0.35421321740787665,0.36351851033051724,0.14867680070150005
21.97821761692821,-0.9366035101607856,-2.677061207186127,21.504477841869054,-0.8691994988172863,-2.084203004285061,1.0747889851065544,0.030508601906353225,0.8253237464882659,0.9361487719736993,0.03501212242216867,1.1347548225246995,0.8402824549408338,0.2189906571401867
40.61859363180292,-1.3287433208235035,-2.965149345256784,39.99454404973632,-1.452260162028371,-3.0666309704620685,1.0772953730688024,0.05282196319636998,1.1021254896845665,0.936693375192822,0.05667057366820114,1.0738208349636922,0.9593877391684541,0.10263177200681355
