f0,A0,w0,f2,A2,w2,B,f0_err,A0_err,w0_err,f2_err,A2_err,w2_err,B_err
46.08753511116957,0.1979018184041258,-2.243169129438131,45.3589848991252,0.27682230373179395,-1.538524449055417,1.2113457485114898,0.016738866612586282,0.13165584637747205,0.42135072866998985,0.02802343623360506,0.10879640234898716,0.2653024543719506,0.161313236361801
50.683349037166664,0.494256071296452,-1.977181055230055,50.07503393869021,0.2088524991947734,-1.456779573178505,1.3093538595747314,0.019020618046837277,0.10616270680432664,0.3192095716858926,0.011516254487809406,0.13020090861060438,0.254530095131898,0.13415061825676375
41.403151770239475,0.225140849833879,-1.8146425121471212,40.69615952792431,-0.0441882057712973,-2.1582704851173045,1.1689613252162028,0.022816676429697393,0.11302203066052573,0.36304921887788166,0.02156007735471168,0.16678816964920296,0.6046794799643003,0.18958754801008904
36.90228664891846,-0.10852022672457243,-2.3710665294484183,36.220631929851216,-0.18711827326185776,-1.4274131555584977,1.298261400730441,0.01895368915768004,0.16989714646602783,0.6186701843031449,0.05784265512797283,0.32670131326701524,0.3901338790117633,0.18541949510959385
32.589907530463236,-0.860555015160673,-2.3417838375860884,32.01926389155592,-2.3762729773556535,-3.0656025291655435,1.3337572651092755,0.04829571261726901,0.8475255119281572,0.9183109929516361,0.06874733520577161,1.3329162699425676,0.940605659610844,0.10894412642818967
55.30146254290455,-0.1604429764027036,-1.4252930410176328,54.61721062039,-0.042950081823788025,-1.9799998057942827,1.439312804906593,0.07852310701261996,0.8766930397296856,0.5616459029106661,0.016518188282655954,0.19427623033839175,0.7268684357863489,0.07096471944534426
59.90773735176258,-0.29705956619896234,-1.4533091210944211,59.066706789788036,-2.957696049883463,-2.9397674295120106,1.418949174939145,0.0594890819428263,0.30181004391028277,0.5557439394629847,0.1094737425419459,1.3659390108987888,0.9895719193552164,0.07318266124554648
