f0,A0,w0,f2,A2,w2,B,f0_err,A0_err,w0_err,f2_err,A2_err,w2_err,B_err
33.658054403996516,0.37312262541400115,-2.1696729395916354,32.98465042465324,0.18017395257681423,-1.7403890229866736,0.9403034211712857,0.013806890766850216,0.10197987376050875,0.3686875726859546,0.019860395425546233,0.11512107665246318,0.35237745085348515,0.24435778843481942
38.032978800864335,0.4200921408030019,-1.7388717986061568,37.378576681600805,0.2567025455968453,-1.9599557901951166,1.2628655167103617,0.019888328771120678,0.09904635402594938,0.2850880039340822,0.019658783592565007,0.10252832213189303,0.29974226004518545,0.17147326382810799
42.249589791629134,0.2683768584717203,-1.4375115255780266,41.60916126353859,0.1531416585847417,-1.3989017646803497,1.4278627517480287,0.02744530264362551,0.10817939467471885,0.22079029526396265,0.035370357212828434,0.10960734259472228,0.21637403716579326,0.08708437448642865
29.603456654379304,-0.036756980588127694,-2.34696211009506,28.99609858613356,-0.3189116077662112,-1.759186255152529,1.3653486119809841,0.015657794872497702,0.13415711867705096,0.44597240696477514,0.022055153610202043,0.18991241258004965,0.5070212871756298,0.14129455139224883
25.50482527343783,-0.8072706488229304,-2.1508385013214864,25.026426150154087,-2.96953491780109,-2.5443258407387157,1.359250680480274,0.04066237012172158,0.6754883358250825,0.6552707837640696,0.0621288787148633,1.5003792888824006,0.9749971287321942,0.10364141609511192
46.670183852024735,-0.0532732075780977,-2.4793246799882023,46.01213956861675,-0.22871869499375916,-1.5012826075648258,1.3789513002512608,0.01461065310922005,0.1381250580970768,0.4093092270758521,0.04536403783030106,0.16801764618066892,0.31448817882791213,0.10178016074704963
