f0,A0,w0,f2,A2,w2,B,f0_err,A0_err,w0_err,f2_err,A2_err,w2_err,B_err
21.21710024522746,0.3013593009051535,-2.526311760672754,20.818582894596563,-0.08449253536605347,-2.2428098947147563,1.392311375850412,0.011571001215177986,0.1200667511773525,0.41239939869075964,0.017886595467980628,0.14635902541662246,0.5017121309352527,0.11872967510906421
23.914108308966636,0.08105521341830152,-2.2969096131227396,23.51575556838687,-0.12348083896912408,-1.9636189694132808,1.4191956992120087,0.01711600128561399,0.12128756577319279,0.4016403820997294,0.019337608273196496,0.1577571042673216,0.5047800549335733,0.10000236960403074
18.432266712189623,0.11857468281771336,-2.2555962452618985,18.02038645233214,-0.15281852578402927,-2.6204738795521108,1.29461318113423,0.01637154935883329,0.12132165732095813,0.34314229839412264,0.010868080304258157,0.16268316445339726,0.534476438914514,0.1769377976487777
15.986662649999095,-0.6464447662199493,-2.40819557818864,15.609724453192754,-1.1265810342892748,-1.9231430028206113,1.4025893342029803,0.025524085930703218,0.2846725897414509,0.7371373684997133,0.038086838658946506,1.2892551089774722,0.824538462072876,0.12608401383954893
26.6358981807249,-0.3199779959431347,-1.4816568233169465,26.193005897591647,-0.4230753633802916,-1.6727365090790158,1.4010879427057519,0.052580980356247024,0.2984169387948459,0.46132798170710987,0.04318792661637129,0.5579181177852368,0.6770903729531151,0.10816104355865322
13.294823651318882,-0.9194643961176423,-3.3124070253292195,12.994517002886724,-2.7251767830313547,-2.638766355855415,1.1413603905756409,0.015360671968490242,0.47326053139694424,0.7723188130467038,0.0352763515423497,1.6165213563444725,0.9618584806408251,0.16834220997363933
29.554021215836116,-1.7028258602011777,-3.0279671437692954,29.03540608241818,-0.5036216300297478,-1.5818596342608522,1.3571118733058474,0.048277315037871346,1.0768493699811845,0.9857773360426463,0.05594857164870377,0.879267418242474,0.628895622162607,0.13605805035225826
