f0,A0,w0,f2,A2,w2,B,f0_err,A0_err,w0_err,f2_err,A2_err,w2_err,B_err
21.21857305283175,-0.7162006996877315,-3.751337240317847,20.775232228723723,-1.6247281305467607,-2.358931432802171,1.4050372897536239,0.009952289735831397,0.24312099279041832,0.5964609374082568,0.05129478186673728,1.524961299238851,1.0385113490066296,0.13451287494971448
24.518173548269253,0.18838905705888942,-1.6756952492090555,23.977138373163267,0.10779031642911654,-1.4460582960736326,1.2890508016148756,0.016883261214712033,0.11597545425513446,0.29932927145174654,0.036674719639831675,0.17488515638623697,0.5034273603683614,0.2345928705964525
28.196535006747403,0.2956000034756589,-1.761731089691883,27.679588426198027,0.04041313712275647,-1.6775566062029001,1.3009728405403131,0.022450129401793424,0.10832260931453734,0.3438084242716651,0.030071904022665016,0.14108147200902818,0.41876532039119685,0.20146811804922315
31.812091572629814,0.10099940041504224,-2.051075309481457,31.206936593679536,0.17968718416470153,-1.4158809432105106,1.0964258614045321,0.02117619576709021,0.12792650020818389,0.3734493003190134,0.030490051508653623,0.12215992246749476,0.22284896821308478,0.2281963629818625
35.65083386143337,-0.5671773806458386,-1.946392149175808,35.042051859920036,-3.0946914779453776,-2.595878873696939,1.4431279135913808,0.03947155488882185,0.2753118556687986,0.7312283520212176,0.07185964376964646,1.6160788146980138,0.9680510378246758,0.0676373973204879
