f0,A0,w0,f2,A2,w2,B,f0_err,A0_err,w0_err,f2_err,A2_err,w2_err,B_err
35.07965883341741,0.4003131323645806,-1.5327595301753312,34.38054676537043,0.08097203844299451,-1.863966217196995,1.4491290526343927,0.02708079572326549,0.10386512447689683,0.31779631620223775,0.02413675549345253,0.14336414026846217,0.546018027821811,0.0754160734016483
39.60256302249482,0.6088585097017274,-1.6382529209797267,38.918524056924554,0.28602491103555555,-1.3754263048639839,1.3568987914683848,0.021953121482542595,0.1022061439967718,0.3381921606489812,0.04798637889311538,0.1218598467856651,0.18935336657135501,0.15005037947297267
43.95476614000881,0.5236023357607418,-1.351700920058847,43.311767677185834,0.10361274863254429,-1.674866460618761,1.411240057765121,0.029522441218911035,0.09880408871339763,0.17069744532413994,0.03045441729362777,0.1755218293650613,0.4701616375804027,0.09151436395998087
48.39595652966183,-0.09254703928158338,-1.6568946116701189,47.70655240252498,-0.09845070774506948,-1.9766126056407811,1.4116468881281674,0.038951072513053124,0.15705214177126825,0.3697331764572155,0.024301142622234408,0.17365497419289058,0.6308100674334394,0.09558158658516687
52.938060720422385,-0.5975790362741686,-2.6190596673478286,52.36257322908263,-0.5727257910383171,-2.0091993629494356,1.2954242261050082,0.048319228256014576,0.28783721580841143,0.9102811612672272,0.05779981178913468,0.8412041856524775,0.6596819319351134,0.11936900879374744
30.965187679082227,-0.6798328079432758,-2.1577307448964804,30.390721988201367,-0.16485666059200196,-1.4647172761563387,1.3552002320050562,0.04130165488141281,0.449717339421495,0.8046219242689437,0.035853865461179746,0.508858882454787,0.5900594320336762,0.1544314184032014
26.599451477861642,-0.9606604841483768,-3.953857427177483,26.026212720619593,-2.896810875200706,-2.7767577024601593,1.1203583390292027,0.015456857046901164,0.2933362789748621,0.7117133031969125,0.05550697581156833,1.649855037482832,0.9819816089562585,0.116729324572449
