f0,A0,w0,f2,A2,w2,B,f0_err,A0_err,w0_err,f2_err,A2_err,w2_err,B_err
34.475656428007795,0.3864893179821771,-1.5797743057586264,33.879981367541575,0.06606293295007344,-2.8918293796270316,1.3301742181856873,0.022423622919374414,0.08922357804153855,0.24524808562699202,0.011194348265933123,0.16861671639088988,0.5500405016833153,0.13257107428664305
38.31693556254194,0.28077814832272807,-2.1939456206403003,37.731874443266236,0.3339609944314854,-1.413978545051255,1.3907509727577865,0.01642981638245277,0.12566775160057497,0.43773662784154277,0.028207382956649873,0.10871544687894663,0.20427984554913836,0.10970588826973968
30.507586601937838,0.16184635579419349,-2.281403456463421,29.911875163116704,-0.1844535031995347,-2.009103572683761,1.4240587004610707,0.015851251693585283,0.1240624067637356,0.3856037586672967,0.02363936944786471,0.1538084524951631,0.4810164739551094,0.08595739943086778
26.874069121034033,-0.1277065653243865,-2.592044513221947,26.3000118791021,-0.07418097700547356,-1.4998717802345323,0.9873660193888245,0.01390427576042865,0.14331388722000057,0.41527291734696,0.025753742987114116,0.14794919185050323,0.2712743868322547,0.2100537532829602
42.15668251550693,0.1582130867122739,-1.3303254037801389,41.61138071886805,-0.5412210333364341,-1.5673387563162517,1.4412931412446688,0.05286624612813004,0.18710277513855106,0.29572224127959523,0.08711675129714917,1.0989696195983552,1.0809394030464967,0.07033646268916718
46.128260577497024,-0.715531672730091,-1.8605716995747086,45.50936671688095,-1.45881093085227,-2.5488468818731724,1.4126146393448642,0.06522408386573568,0.5567238230809388,0.8322485727279803,0.08504322042668892,1.2315847552802328,1.0032445819867994,0.08167515146264188
