f0,A0,w0,f2,A2,w2,B,f0_err,A0_err,w0_err,f2_err,A2_err,w2_err,B_err
17.160033347899464,0.036267175944864234,-2.5888143446371457,16.760137655570432,0.04412059643220901,-2.7795346920198627,1.4024875125781768,0.01683437556552772,0.16226313359365355,0.6369771878977295,0.006487541099487572,0.163087866524361,0.48775076375386944,0.13728636878332892
19.675032757768065,0.020706638594661618,-3.1040102426320955,19.312847426192704,0.1623191763805457,-2.250943241950455,1.0194418958482123,0.010684389746592452,0.1836791560301994,0.5677608764767534,0.01456273741734556,0.13311436491549192,0.4332337549696404,0.23081145007382636
22.17273040684102,0.2873261135358798,-1.9084311331506194,21.823766864970064,-0.19878478478146683,-2.519058438136038,1.2204423266690743,0.021185000154981804,0.12709823736636924,0.38238413249709985,0.011831954733045937,0.20759292111351882,0.6662873236347128,0.204135123904311
14.792032992373416,-0.2247240723297636,-2.5310823077271936,14.447380780778188,-0.598197963457856,-3.1354037357638305,1.3643863759771204,0.017954808558162616,0.18202202488992286,0.5680721983090521,0.016028174628214285,0.3110994496441548,0.8821227718281919,0.14525423330800927
24.817817326062098,-1.5424504288165177,-2.547680959552151,24.426585897125076,-0.6345808078969924,-2.1179924026320656,1.2157760279289513,0.04780900963350865,1.3379163549959538,0.9905566091653595,0.035055946784537516,0.7187474872990087,0.7057216527051857,0.16888253465335515
12.377234887483137,-1.2008922539440876,-2.3280036117067002,12.099372116008306,-1.541058191647645,-2.3966970856255863,1.1425885580319741,0.03118700122259254,0.8682898477885004,0.8220359401271683,0.031434587104172136,1.1807960514778977,0.8411762412266486,0.18316088612672726
