f0,A0,w0,f2,A2,w2,B,f0_err,A0_err,w0_err,f2_err,A2_err,w2_err,B_err
34.53595327943746,0.6687634742276933,-3.2018905687695023,34.02901074709561,0.39404315387321637,-2.896552298623431,0.9259816210018215,0.006031432351043305,0.16267317852864016,0.3901446495415428,0.005750069703482345,0.1350251452052989,0.3817815894112178,0.1361146124731005
38.34721570885824,0.24913094409001116,-2.443268889023772,37.81677372004606,0.062267745419643916,-1.6890399558630307,1.045676031420411,0.01171603462102059,0.11228420073808949,0.321755795923419,0.017051463893644467,0.1127642734903856,0.2761302869137285,0.14044992187923336
30.642632668068245,0.3006242165447554,-2.293303127554949,30.097142665703124,-0.07352750752949591,-2.390180809815364,0.8687476357501078,0.012777318253565335,0.10517220579412319,0.3214497880974938,0.013993486464450854,0.1300957845721896,0.41042475317268534,0.16424860704423155
42.301516845102036,-0.12360421051985118,-1.6593714665375707,41.74999490432471,-0.06343147592310897,-1.695673831416706,0.9685339982442265,0.029378742517823495,0.15040891526844,0.4823756437378725,0.01025125046792092,0.12434339254577165,0.3373729481386904,0.15135692892541225
46.26617128845393,-0.5836779309115779,-1.5899828803284268,45.683603752756795,-1.1732947870556907,-2.394966227539526,0.9974451345523615,0.05131783497271918,0.6347435652560756,0.5960642345270847,0.07255516247617967,1.1242385941688788,0.8673656432348257,0.12048997744559646
26.901025224513557,-0.8412922817448514,-2.287269991248005,26.48216225722206,-0.9441110988078975,-2.789165269351268,1.3564961564906701,0.03725533127657723,0.4547765246926157,1.0423996042398103,0.04447440786481285,0.805583200745193,0.828093775649329,0.11415086158737138
50.512729454139105,-2.610477108952884,-2.7319215590956185,49.80229164070152,-1.4201900771249303,-2.2884851514579823,0.9364605435463766,0.08617933233190608,1.4772568200532656,0.9796722032666965,0.08908262006320436,1.1426398948648975,1.0457255545044473,0.08027106700140638
54.56587225455739,-1.8200122729144381,-3.028560995944358,53.79652011761109,-2.302399773240592,-2.7738377974368547,0.977844410844119,0.07913694818152771,1.1915350579347441,0.9467210186533509,0.09139682294470901,1.650075799898561,1.002231211883328,0.06764040107301575
