f0,A0,w0,f2,A2,w2,B,f0_err,A0_err,w0_err,f2_err,A2_err,w2_err,B_err
24.416917571521683,0.4907200740678628,-2.70131628747576,24.0414906605087,0.165164436543495,-2.4041792941743076,1.1453085877613605,0.012112131589836558,0.16718857828073597,0.4944538325178566,0.007023027886785592,0.15162759158137903,0.46263812722050707,0.20902432417258843
27.167114136088326,0.2780135824539547,-2.4290878283900605,26.73543652466281,0.34023498585282014,-1.4877998850427654,1.099574011788885,0.020151480480625393,0.1509775455494357,0.4954102098600634,0.009117502208299696,0.13835027705527642,0.28231891396941244,0.2352476303534033
21.656278273804997,0.18493424536137243,-2.7106892157111884,21.251986033849647,-0.15232831753056897,-2.522577614159457,1.2167918375202924,0.013580959484110562,0.1663699870984399,0.5557314784366058,0.018806381866913024,0.19305370371042038,0.680545730662111,0.20133006450412372
19.05743635847889,0.121146595968039,-2.643659656578273,18.710779175194734,-0.41769343699984474,-1.8584875150731164,0.885793869674492,0.0149607300171258,0.15793644814244098,0.4786814560618126,0.02619896254295298,0.4010995303278373,0.8248406664501584,0.23819045663827437
29.913626315380768,-0.12584989495118504,-1.6057562829289016,29.47631391402018,-0.3760378370168214,-1.5777053045060345,1.3532489587050471,0.0549012180173361,0.3213822828112049,0.6134917002533892,0.0714096156539952,0.7544409470425129,0.8531788044106501,0.11711050456234605
32.769910774058715,-0.19245875127849743,-1.5621218668312336,32.35114604150125,-0.7312531023856808,-1.9262892796534148,1.2607115767342645,0.042272132759139255,0.33372532562275636,0.5695027672655267,0.06183368202013805,0.6198478067707518,0.8782391132715515,0.1680670581840668
16.357555115045734,-0.6750653397533664,-2.306798686771424,15.982714766537399,-1.2751638681178168,-2.9730150551319845,1.136572979274057,0.02609771757646114,0.4257857239786855,0.920780218756633,0.032247197429123985,0.9279878436649405,0.982918897386996,0.22761793712634915
