f0,A0,w0,f2,A2,w2,B,f0_err,A0_err,w0_err,f2_err,A2_err,w2_err,B_err
27.76814083180328,0.2163569737042284,-2.1495290012719432,27.147554317578447,-0.3053314482086831,-1.5755184836636968,1.4004151060436505,0.016812969996649548,0.11141392491582762,0.3822424427031533,0.039726787247498084,0.28072541189527894,0.7456148834901485,0.1355245382451462
31.785663100943335,0.5997133853472189,-2.263697856843347,31.14835956341907,0.30944472573490783,-1.2951381553642216,1.3225208694591966,0.014544951239994514,0.11845189441012136,0.3669423190597403,0.025216049051934,0.3628442415408218,0.3249259538659934,0.17920294228037467
35.798166103766995,0.5902069835663755,-1.4596205682697063,35.190612693401455,0.119061008027336,-1.5123727027819192,1.3803785422335462,0.02485481245256986,0.09127294922283193,0.21406842197483003,0.036910299573121884,0.14898714014432324,0.3065021044238493,0.12993955740916996
24.020803554396586,-0.5877059944223912,-2.43512688923601,23.59655388836313,-3.1725169623440976,-2.7957802538735645,1.4004726788213349,0.029494345931804136,0.562670111218579,0.6239881136294891,0.05313503944965152,1.5530132755465387,0.9843670917204523,0.0893802842841499
40.16907500020053,-0.6121821391420124,-1.6763795525809966,39.38447192868262,0.5324868506482815,-1.2717706607444959,1.3594846084023293,0.08171690652282135,0.8609462339002921,0.7193183446019842,0.03765801553010105,0.40984589187346737,0.1618502704665337,0.2042760054912486
44.33893549298924,-1.0533000552620806,-2.4235676712166816,43.73338966996168,-2.7894766696590834,-2.4062355985691077,1.327470326628578,0.06686054699812367,0.884356223567526,0.8174699700642674,0.09006305392157885,1.6149844860127431,0.948043561819234,0.09976584176104815
