f0,A0,w0,f2,A2,w2,B,f0_err,A0_err,w0_err,f2_err,A2_err,w2_err,B_err
88.7078197034232,0.8205595552640172,-2.07419262457927,87.64296377516041,0.711798416519064,-1.5938852995368666,1.0984171615244278,0.014381225251450004,0.08554570694516578,0.2456753519524731,0.004399943947173764,0.06878853919289393,0.19556571087391633,0.11573926768069406
96.60563281813035,0.7310263677974167,-1.7750390520545734,95.60027349929734,0.6130598699138698,-1.3779457429029751,1.1855722859915705,0.032182212982240825,0.18037856749647907,0.30991411961706716,0.137653545661996,2.075458529372852,0.43353603337569135,0.16090616696754192
80.75823349302335,0.5671452372667033,-1.9541947763227223,79.70972942916397,0.49498823304396433,-1.337603932450056,0.7815866673024661,0.01430259507161949,0.08188765411988523,0.2318594845990348,0.022872285835447866,0.07069426794486912,0.13108972423666848,0.09557391786804588
72.86574954773965,0.022481079923306613,-1.811698489508986,71.83626509341367,-0.10563513541928268,-1.3627835063972766,0.8220081348053095,0.019680700926771915,0.09805956435886135,0.28418424442384793,0.03653010054242007,0.11325257528791449,0.1702818360462522,0.08554763176063052
65.38957330720008,-0.27224720737425945,-1.8886456116708725,64.3485544873872,-1.7563986238433125,-3.2342540126945023,0.9966551222803774,0.027524605558852746,0.13908707448527818,0.5008721671138671,0.07778679620154855,1.5350854432371475,0.9604126781278507,0.07873886904226154
104.76369690275,0.1683576313415251,-1.7471427822874006,103.70708755634415,0.36978004934432,-1.34440015813265,1.2538311721915325,0.024204470425033365,0.09475669071929366,0.2848650666677444,0.04616411537144048,0.31829495449831635,0.17664045081593893,0.09351690464129685
112.84318143096948,-0.0753436299997691,-1.3023810141899497,111.7520471155513,-0.45575757899676744,-1.570506411401906,1.035094737318109,0.0646613017878219,0.14581696152891901,0.16704976203384478,0.16043946292053032,1.0619826676591801,0.6988782057727029,0.09701682787993714
121.38585958835151,-1.4212476498296733,-2.535687787211364,119.90796735808257,-1.7030126286789773,-2.3737479318119212,1.001584769070588,0.11543774246971467,1.4294647515208123,0.8975219682227463,0.18288339541452941,1.49446857121058,0.9127591878880701,0.05702477264319995
