f0,A0,w0,f2,A2,w2,B,f0_err,A0_err,w0_err,f2_err,A2_err,w2_err,B_err
41.35783286690003,0.39689338457465817,-2.7278388474319937,40.73303429862025,-0.16381767774167993,-1.9553740519880574,1.2009894130839172,0.010994421228659772,0.14615004816247995,0.3974026107619815,0.025997269234235853,0.1748555904232984,0.5777049432125034,0.1525244891464491
46.11210256257757,0.3210822718896594,-2.5764750905518445,45.423369095299066,0.4230526258209648,-1.5008000779709274,1.4038118462604328,0.015006036821250414,0.14680415686133488,0.45844339845161536,0.02634718698949313,0.09735097737423655,0.23519024289331628,0.09514636779141862
50.644734584523924,0.2922699290393114,-2.121460392548888,50.02637813135354,0.12440636796039574,-1.3543452513282388,1.3928112566484632,0.01762389003537897,0.12411039036210568,0.3978499893966553,0.0262917853389464,0.14651604382049402,0.2234221285242693,0.10703698654174741
55.36119874144326,-0.07091410994585626,-1.9508096749893353,54.587697005301166,-0.6067218544903104,-1.6876853602731514,1.1035207684698685,0.024637210117808252,0.13427082676638585,0.37652725542455084,0.06267740209751729,1.210805857504066,0.8328723072066324,0.15047730258398595
36.75468879034274,0.061112956853100156,-1.7287664775231166,36.21970245005944,-0.686342530716508,-2.9333798772984414,1.3004560005559251,0.027046360891070625,0.13223950231953968,0.3805876440635177,0.02331510205507855,0.5616774096050664,0.7680928633278097,0.132340030167928
31.93749372807204,-1.9810871448673393,-2.7571223738636235,31.37920047071844,-3.763740065045602,-2.8763198472510147,1.2475109300816074,0.05571293773829254,1.7357900471024879,0.955547284262712,0.06577076655431835,1.6173743354540169,0.9807682362315224,0.1073361544962506
60.09208512359511,-2.407933995701089,-2.911057832666035,59.301365864779825,-0.5110500992306277,-1.6941847022155279,1.3918029850607125,0.10784759205268604,1.6291493726875248,0.9949936506129251,0.07466668895490636,1.181917943771241,0.7820667582186589,0.08992697614397918
