f0,A0,w0,f2,A2,w2,B,f0_err,A0_err,w0_err,f2_err,A2_err,w2_err,B_err
25.67736664606111,-0.09300023319511144,-2.1735907866178152,25.143449808352237,0.03378321146763791,-1.3739777035537655,1.1946097633465873,0.021494858681439803,0.15116120457227497,0.47118262885957196,0.024387699361114363,0.13609667148326418,0.2049874500832605,0.20554740995637621
29.46818026425476,0.39364658974335703,-1.6658623194704103,28.861218648621218,0.3653894558042078,-1.5311914089654395,1.363362486174949,0.02444035866900163,0.10118014167127552,0.31178042735841116,0.025724137934691915,0.12681745948598994,0.3319177828046993,0.1679578877937398
33.2421407532131,0.5643641667350685,-1.590913075975137,32.547046324233264,0.2734319608839695,-1.2990157689899366,1.363767243533461,0.02149471369949991,0.0858641243597546,0.23557380319862165,0.024707280002929013,0.12072843079835345,0.11664427009221776,0.1447962712084561
22.192284988416667,-0.2885703318335369,-2.6346516596222878,21.71375739130244,-0.9179265726391556,-2.035251950444966,1.4130377309626,0.018307807735947576,0.16947835683435514,0.609426336380735,0.04502058681806128,1.2127621601330096,0.8917331744554846,0.10912980942263845
37.09580878835858,-0.20081470406270963,-1.8713725990767196,36.404763685398876,0.04894556991694052,-1.3622508350114362,1.2537520326446034,0.03213784999477277,0.17357164536105543,0.5045785748334162,0.03739407315555674,0.14242490158294346,0.20519404505817426,0.18345740948509862
