f0,A0,w0,f2,A2,w2,B,f0_err,A0_err,w0_err,f2_err,A2_err,w2_err,B_err
70.59724698280849,-0.2224288425364839,-2.25962674831456,69.5390760081014,-0.49087283211104193,-1.7603014632208482,1.0627874459586018,0.019921585597062905,0.16145477862295815,0.5253437213121013,0.050003716360576336,0.2464711752474971,0.6767974965646958,0.1118840791592477
77.46031671459706,0.28702057493091887,-1.4713738953407725,76.55464120386078,0.15603642174415538,-1.3332433379457957,0.7865329771072586,0.02479553225217676,0.09259979748649137,0.22502152896847472,0.035884963610175465,0.10084106279499422,0.1504788910541461,0.0903681829478247
84.54263986139938,0.4533790194022409,-1.5562849260434088,83.41999185054615,-2.2344215706540993,-2.348354739991509,1.1128269461597942,0.02406534360356559,0.08894385867514507,0.26201678802710093,0.15771642389394794,2.000304230313977,1.1230038453106166,0.13909033797889683
91.49985072773654,0.37935569065211516,-1.3139722183020415,90.18706463643998,-2.2803736724910864,-2.808941932375881,1.3070584723799767,0.03801470002868997,0.10441235543528654,0.14098914872405036,0.1453334453722807,1.5423900303998208,1.0091636506897854,0.09730198942679177
98.6102769809468,0.01915678759999194,-1.5073992376561616,97.37277647245966,-1.8546262542173644,-2.3783206445830625,1.1981514275072678,0.033383204252086074,0.14459582458411066,0.3324034196359552,0.16900250919898532,1.3697111239663282,0.9769395909181187,0.10125084803590433
64.00604735993744,-1.4644364212025889,-2.346507616307213,63.06575018245778,-2.244434699973899,-2.6958593896235095,1.193603825824353,0.08628436081990982,1.3582380496018227,0.9108881374193329,0.11830002309227469,1.5042078280587792,1.0033466336937038,0.09257252141024241
105.48420138101085,-0.19224049145113245,-1.3943078425460054,104.25915851492509,-2.671689140235034,-2.5957072418962888,1.2882809375636384,0.08591364451328239,0.6278690093670674,0.6377258249415068,0.15979886407708724,1.2517662547475772,0.9328236205636833,0.09441740765282185
