f0,A0,w0,f2,A2,w2,B,f0_err,A0_err,w0_err,f2_err,A2_err,w2_err,B_err
23.93119783075228,0.4361377579059633,-2.5982025581818475,23.502682726994575,-0.0697933102062776,-2.8499643571432935,1.209307135677369,0.015268070138488118,0.17661700129367555,0.540752259979408,0.016519134867552278,0.2332807213103654,0.6646190535691594,0.19958896187444766
26.9419215272371,0.5869770463572687,-2.3667171684946093,26.553570832491566,0.40063601583941066,-2.563202982671907,0.7380375292147103,0.01765532103181701,0.1531181697661507,0.45279695568885053,0.007208051798504533,0.17791253220974737,0.4996413655786409,0.21246952187019222
29.988772048460888,0.059467349155967006,-2.2741782720162727,29.537187909883215,-0.014940746767083263,-2.167172091320956,1.3320737543199006,0.024354524583861555,0.19554543844776962,0.6058872111296323,0.018209690726931346,0.2008880703417142,0.6168725679253493,0.1545696254858219
20.90983648460686,0.02065687339377484,-1.6416688033696798,20.498485730650575,-0.7977330367764273,-2.7655014867965586,1.0780078316808646,0.0361379329025435,0.17795141418900973,0.3822577536178965,0.035124171897568286,0.5689624120237106,0.8991505562084497,0.2441581305922655
33.15459783827554,-0.6230779829055819,-2.40364989506899,32.68458138041636,0.09209073005116367,-1.4887473504316207,1.1337601289849149,0.042591938693905526,1.038750335905674,0.8929642067947278,0.02495666086145909,0.33358911925990264,0.36742845890510234,0.19320108288717436
