f0,A0,w0,f2,A2,w2,B,f0_err,A0_err,w0_err,f2_err,A2_err,w2_err,B_err
41.16315212833203,0.14692121932278243,-1.7362102868004183,40.5732430506862,0.10659798471215,-1.3896079641691825,1.4137721268069061,0.02765591994681919,0.12035339887454999,0.3313844246759505,0.03696629435232726,0.1493994464031851,0.2414392302793815,0.0969525494515908
37.05613024108742,0.2589170649712368,-2.0438062457200243,36.42655470402826,0.2966952379929382,-1.5181264983122191,1.3430927778819464,0.019062593441582804,0.12240705581219927,0.37975192500524646,0.028601015377037423,0.11083134213919481,0.26662485065277564,0.14011953065872576
32.82285295592199,0.3071866548930664,-1.8298025578847472,32.147789355302095,0.1024365441968205,-1.6662108114024488,1.3823362254110476,0.02124887161297822,0.10924415554483856,0.3365081284694903,0.014521146551952108,0.13154898194548428,0.3467246936642979,0.13505660354484228
28.817917462891113,-0.02878294547519261,-2.017029120107435,28.264177511892285,-0.5509101936668022,-2.018992118807963,1.3880079447662208,0.023526324882792393,0.14104807503835767,0.44127541084749355,0.03812900063303591,0.5255900845687514,0.7917968281769338,0.1199421988626306
24.872892106364013,-0.8498802474715548,-3.088702311995994,24.355536410194674,-3.3563739170053735,-2.7950324807517104,1.2451105770823785,0.02325180835242776,0.7328085030438546,0.8443781177045339,0.056333241912238846,1.655599661725145,0.9804930753385203,0.12445531609764714
45.457937712269896,-1.062002737128875,-2.392287781442975,44.81794901561969,-0.19421043324036924,-1.4669405606067443,1.436079174525886,0.06733205798735388,1.4107675236234458,0.929273576382073,0.04468162513729264,0.3875483921743747,0.4090473077281361,0.07360983040789626
