f0,A0,w0,f2,A2,w2,B,f0_err,A0_err,w0_err,f2_err,A2_err,w2_err,B_err
60.86193566105958,0.19692331889792325,-1.5877085287458874,60.12110952414599,0.17743531354332032,-1.6115762717024698,1.2498658749669258,0.02639887874913151,0.09986276945753618,0.25639004723932385,0.01251062045650121,0.10930676735962877,0.2938862893951693,0.12911933972802372
55.2658241372548,0.048196364370496146,-1.511117591411515,54.46625083812162,-0.36076867781708605,-1.6138127744974091,1.0438627112357761,0.02875591409259294,0.11204584299128954,0.2516016857816553,0.03700294365878375,0.19483883697478377,0.4466698229173458,0.1332036267766984
49.818567775222185,0.16063157913914922,-1.878773618210302,49.066852729534205,-0.14065794614895194,-1.514164497069887,1.0582903248547995,0.018996648700401273,0.09866627213254793,0.2947395523223049,0.03112425413919287,0.13923226949594122,0.2611275299099042,0.13890406102736116
66.38287312333726,0.06720648369959095,-1.332430189241538,65.6082505273574,-0.03153435218804485,-1.5137480059993227,1.4570220561119323,0.06088586654319681,0.12171241039398095,0.14007871889254692,0.023923826343075764,0.13251255002872622,0.2823981502663916,0.051346935385290504
71.97698297650822,0.16658219584012043,-1.3342468882807166,71.21076130976968,-0.8094403848852398,-1.8913776175840962,1.315126346828273,0.0269103866120359,0.10792217399305311,0.1642775700231019,0.08776134037758754,0.820743708228787,0.8649654469107422,0.10609278157247125
44.61314076990243,-0.533058301637165,-1.8115806843591584,43.7706499109808,-0.8565849694370312,-2.266202130550236,1.0613230447563669,0.0342292081736088,0.3173175057143927,0.6998831908863961,0.041265041143165745,0.6800148556220803,0.8490758767054933,0.14034056694894878
77.57803963433294,-1.1737393841585033,-2.1453001826848,76.49508295691113,-2.4115054379281533,-2.8514414032894364,1.4170138628499003,0.1413719789134279,1.1990001306833085,1.0411947144149838,0.11767224853449441,1.3924030051460048,1.0231525163659982,0.06387737943396037
