f0,A0,w0,f2,A2,w2,B,f0_err,A0_err,w0_err,f2_err,A2_err,w2_err,B_err
30.910693057942762,0.13098349172186455,-2.1269602471117324,30.377091475975178,0.1578530551929219,-1.6392503175924935,1.3967970377910162,0.024710430027414118,0.15286630739234447,0.5011430887318873,0.030772888662914662,0.15330174899301813,0.44916813262891414,0.1145695956744718
34.90771225130327,0.6079361569164843,-1.949727304015081,34.34198765942648,0.28302837146890775,-2.0605689162366763,1.2478329558336934,0.019705652548951538,0.10770761933900282,0.31559057727388534,0.019895862683276568,0.13130832852002308,0.4355784104539751,0.18517311404926137
38.86060384063461,0.2431279340297157,-1.8004335704908847,38.315889512391124,-0.05459036358819058,-1.5282706610118293,1.4126370708127776,0.029649376771951303,0.15362914041452858,0.433743066428802,0.04470011075130547,0.9213940706024198,0.6652882020642085,0.09559963548285037
27.243707122192355,-0.2582244806632925,-1.8904903583619022,26.65572946397012,-0.21207390510675472,-1.6409768138163703,1.0888376758236509,0.031211252784023154,0.22637141573698158,0.6694515347562632,0.019536714513911344,0.2361056704961273,0.48728001620793554,0.26149761920860964
23.3301677321424,-0.45808386966712966,-2.454564982238751,22.863568120953,-1.7519447297551327,-2.6516698501343456,1.3935816807364985,0.033168742764731265,0.26007498992308214,0.8695203181662807,0.0559518032261245,1.4068509205458761,0.9233899364153692,0.0987054230833668
43.20167986030882,-0.19551290139572325,-1.7418819691334329,42.409974874324234,0.19614372423027487,-1.328318964428282,1.4362425905229066,0.036884972302624455,0.21312120989990938,0.4612768435849737,0.03980750475742551,0.2952019652656446,0.23886662127017919,0.07822933027415992
46.81171222725305,-0.41641089820477106,-1.607337987910742,46.05204937849607,-0.9792286798568623,-1.7856171554360147,1.4473138401633416,0.07400745945197487,0.4653232183813853,0.6179579946447661,0.09225466519225659,1.5747504106385206,1.0273572909843904,0.07300542740263953
