f0,A0,w0,f2,A2,w2,B,f0_err,A0_err,w0_err,f2_err,A2_err,w2_err,B_err
82.43983690663077,0.7872029129427094,-2.6743494035866977,81.34816724759766,0.7548952201464065,-2.426294066169775,1.2486353194118045,0.008899821135499185,0.11901837982598487,0.3054470093320729,0.010528641144124952,0.10056446518031814,0.2789769770308494,0.10709439188069296
90.47021256584046,1.0630290586246625,-2.670871933612088,89.43322240243872,0.6261350387350553,-2.1051810711061054,1.4352454944352684,0.00864349170683288,0.125943479703856,0.30668163816053207,0.010096725108633143,0.09064539066029514,0.2753504572607622,0.06544764410030136
74.30381431886168,0.3967072345497808,-2.6711395538842506,73.18574611596263,0.251176232232975,-2.801311052704274,0.9932353313288542,0.009549374084714658,0.11426043083180927,0.3069477404887371,0.00923851521205501,0.12755304695557715,0.35780408482213744,0.07975828694802366
66.5921094545684,-0.4129163035173638,-2.9021820476410145,65.46776102258082,-0.23429647585565655,-2.2194223138358953,1.1287811781085761,0.013529283832969363,0.19311978867905402,0.6324676513005253,0.01845501873141303,0.13804452349937155,0.42628036116367846,0.08935039861237003
98.66669307683317,0.5314319633503571,-2.1469101121830176,97.52795655754758,0.4406094182342076,-1.3336586909019912,1.2433499226657327,0.013873461197040927,0.09037202597900183,0.27851089156367087,0.012786656963194915,0.0833561879329604,0.12613467094061467,0.10033946337779702
106.99960544847417,-0.16532706157274718,-1.5670620453247706,105.89839797782666,-0.08053337010614797,-1.418807319832334,1.244648762413686,0.035486484046887555,0.13126273125657936,0.27657225702250643,0.06644424917016857,0.460559968059718,0.28151089470937735,0.08929756538847587
115.33145611071949,-0.7471421386434274,-1.8707755215246298,113.81360540084574,-2.505578061393297,-2.879874242734972,1.196130558844127,0.0780184164439562,0.7615277901822698,0.8182111174823096,0.17515519362935345,1.638464564674269,1.023397978894965,0.07228675935359816
58.755674183225096,-0.9516767925149112,-2.1267453895348494,57.96162514801419,-2.0644606177924714,-2.0335882073033655,1.1355890639708859,0.13069717449725274,0.5223268499572389,0.6993645750355295,0.10647768094115347,1.19626989964356,0.678418017166792,0.08754782023775613