f0,A0,w0,f2,A2,w2,B,f0_err,A0_err,w0_err,f2_err,A2_err,w2_err,B_err
129.089994457712,0.07672826811430793,-2.581034599394554,127.68344102987919,0.17294342186854056,-1.3106039173916255,1.1716286521958337,0.013136848992238444,0.14840518788146806,0.41629049893207287,0.14088042419238475,0.7427323141606492,0.6571893155131658,0.11603021747846025
139.5320650079996,0.3883611041112947,-1.6990019403813208,138.20862028890716,0.09100194190438834,-1.3486939514504832,1.008850561638428,0.02100934828213489,0.10073576138419624,0.33325202540838317,0.14264830148457192,0.500062401584373,0.4339519886892757,0.11149046331155417
150.17838209680156,-0.09858275416434872,-1.979833884523696,148.53531020461233,-0.7890397144150882,-1.7218493514501323,1.2128016102842734,0.025091055067085692,0.13718207041478933,0.3910560430575549,0.21625698296849344,1.6455280925629343,0.9788228647549906,0.08609386971170688
118.46110720914047,-0.13521255471953064,-1.84251178158826,117.162486250928,-0.30240827067939324,-2.74689795737601,1.0138889806762879,0.025800980691692912,0.13163843404232942,0.3938773884401659,0.03896604963244966,0.2180285162181745,0.625274337289898,0.07051736975645657
108.24065425803764,-0.5682317157223038,-2.169464725936014,106.84426495658907,-1.385371823693312,-2.3753236107513627,1.0518556271070565,0.03808840048474635,0.2824815148600002,0.7003744234621867,0.12568576533865825,1.7952232215556798,0.9777792552445745,0.07177366191563964
160.96122738244412,-0.7392057719418619,-1.683827709840393,159.3759943911344,-1.8034408911166304,-2.381728464538904,1.1760711047637806,0.1480937102531956,1.0171847609187867,0.9292141795972418,0.24400275192887583,1.8474572131704634,0.9858191200322963,0.07643047774874547
97.70885892311102,-1.876505595706659,-2.71503911379717,96.47173344285402,-1.1437754601045576,-2.5826500658512175,1.0123497821670053,0.1634676484807968,1.667758222733271,1.0047736604720279,0.10632007677371809,1.5370512111725447,0.8701239100258057,0.06717060611893833
