f0,A0,w0,f2,A2,w2,B,f0_err,A0_err,w0_err,f2_err,A2_err,w2_err,B_err
29.743348946227208,-0.30185223225734653,-2.8846956998509308,29.158812767202154,-2.0044719221076144,-3.1472048749774193,1.0265004221940672,0.012111382608581871,0.16217461100179262,0.44538144818543857,0.057972092478161756,1.5492283603587522,0.9957696694337186,0.10141729737767438
33.68489524388285,0.09953248419123531,-1.9395827958333698,33.05339280144038,-2.240258408330763,-2.6415282868971977,1.2311625261360426,0.020239218087171433,0.11378159643633201,0.3513773514901853,0.06950689630023044,1.5580524149891695,0.9912016700141637,0.14270311437184333
38.04022970770148,0.07508833283843284,-1.8372119040698642,37.501817362882534,-0.19433976155071508,-1.4174733840275446,1.406204158885685,0.02408735669568692,0.12974047756306384,0.4143212972175977,0.04498698967110987,0.2602909412347433,0.3708529504446795,0.10440172497120226
42.25947325546153,0.17378199835484034,-1.6120898493956988,41.53744968518277,-0.3154289960113564,-1.4189581230995942,1.3766444134788158,0.031386427982767306,0.11986292046606588,0.3302322286597099,0.06650546994597294,1.0444843191694393,0.5639579768360834,0.1317224382526952
46.606103941711446,-0.17187146394033626,-1.5505133281540033,45.93162643821134,-0.9067354612133225,-2.062707198105807,1.4033926061899127,0.03479055502489816,0.15923008792317048,0.4072760465778285,0.07285755018550742,0.9615585888319775,0.9391466108967166,0.08852255541490757
51.14919851706549,-0.5153434468451195,-1.844645886537994,50.37114990192786,-2.1875359017733293,-2.471440686599471,1.2459430421781414,0.035894088407055186,0.26523810959562677,0.7273703049359386,0.10733612597370602,1.857377704299019,1.0068676807879182,0.12905162319298902
25.573431155345677,-0.8436488063743726,-2.1618564243010305,25.134573068310793,-1.973258621515885,-2.7794826516925335,0.9044690423100057,0.03555969442843375,0.7261009194424601,0.6815791096252363,0.05067042842518156,1.3457864414430027,0.9466336077108393,0.12822243043601347
