f0,A0,w0,f2,A2,w2,B,f0_err,A0_err,w0_err,f2_err,A2_err,w2_err,B_err
38.37239894170266,0.6089748082772113,-1.3800194903750638,37.68356112302669,0.07184271162438105,-3.0252061528844743,1.4297326229164888,0.031050457318745915,0.09036553876081475,0.1646967354108539,0.0141445231925717,0.19772331150564268,0.6767390381541469,0.08509491194020292
42.656505067207306,0.31025155355142275,-1.3306879102771247,41.86721200853298,-0.017992115303425905,-2.50326684707966,1.3653461275803958,0.039092065888211375,0.11122967668063488,0.14539579876661735,0.015646826401698028,0.15897431906712384,0.4808153049624603,0.1217024025466934
33.97375125087504,0.3297234030649415,-2.2362873486166848,33.301957171641234,-0.17578216511405137,-2.0805370549108657,1.4507606992240967,0.015964030851618884,0.13645143532529777,0.3929976506461038,0.02748424876137348,0.19881713404040138,0.6636938151964309,0.06332856928782579
29.881361149401346,-0.21211417093667165,-1.686171568666799,29.30676467299883,-0.17734349430472834,-1.7994779232839875,1.2819019739400894,0.035170034005683457,0.3076617143453415,0.43783198325521155,0.03279084882912573,0.2572191451934203,0.50957333315219,0.1838310093570952
47.03682888514242,-0.6157880443178485,-1.9108805846749302,46.38031613169234,-0.3780509987559592,-1.8973642859927167,1.412684747379239,0.05770109573757904,0.596586820072927,0.7470197158356816,0.04280358369660643,0.473947284065091,0.4546001078768065,0.09007390643496412
