f0,A0,w0,f2,A2,w2,B,f0_err,A0_err,w0_err,f2_err,A2_err,w2_err,B_err
62.18182076736093,0.3538682110853306,-2.114383072260636,61.34658508093263,0.17742649326763077,-1.3346414711783534,1.0209997801420556,0.013773427841983963,0.09810610659902089,0.29390557997712896,0.03408403160219822,0.3749141463068638,0.17014613238120715,0.13371701870820304
68.44072450761949,0.4648220832628865,-1.8597235826811813,67.5751512576467,0.1995289392794643,-1.3585769002409225,1.0358226498930134,0.016001067190393927,0.0881690787829155,0.24265285869382444,0.052821516746566585,0.47260194276780404,0.17368851848588956,0.1287410893223266
74.62668100339721,0.6831879681395815,-1.392535609296147,73.72653756979678,0.156570073467047,-1.4381015509458628,1.4352066529593968,0.05157727008245797,0.14086392919471635,0.2053264415322476,0.13838018826489057,0.9572292281567898,1.0070147064668151,0.06323209050319277
80.86448729719702,0.3030343839452643,-1.411510104516469,79.98763465712616,-0.01518318622355196,-1.4992099641314476,1.3978888854832667,0.031280304658708985,0.09444068117845549,0.1994280071088165,0.030068371581829623,0.19768841311713947,0.33836249561054693,0.07608378164284077
87.29108846384095,-0.2650640475891839,-1.40063538496812,86.23152259313537,-0.5747638504138379,-1.9362622797282996,1.3248873465204452,0.10265119063701694,0.2617423927620255,0.4528709095959708,0.08937503032620606,0.6022114850061399,0.7028076397179491,0.09860613576193945
56.27586459440262,-0.07943142374423615,-1.5796576330464824,55.35134567832654,-1.1906049161663135,-2.2840991648356876,1.3441387809796472,0.030139239966068158,0.13709562278921225,0.3197014536022316,0.08132141630478615,1.1024477901348069,0.9455284734708704,0.11244031246939404
50.34144379117047,-0.4684643211385262,-2.0347373573792398,49.52079203446429,-2.9364702151494946,-2.753457787125547,1.0508268322604972,0.029281957367577518,0.1910163022405641,0.4959131315433986,0.09747568153015217,1.5134636243974955,0.9948908727331528,0.08698493973553453
93.51979961221151,-2.141175564796873,-2.836079773250038,92.22650289971722,-2.830670545378624,-2.655185493742837,1.3411454503686862,0.1406528440065912,1.4358555392826202,0.9925771768169459,0.16394369177026477,1.7467738542253832,0.9318429900982621,0.07439862481159862
