f0,A0,w0,f2,A2,w2,B,f0_err,A0_err,w0_err,f2_err,A2_err,w2_err,B_err
34.52982830298315,0.1494554527066832,-2.258433543774932,33.993902049146776,-0.09488889433990919,-1.9729004765768234,1.3861243665349656,0.01990464247102037,0.14243423157461793,0.45599416574837326,0.01880772755696373,0.16111370581085252,0.46386473902216097,0.11006628859623797
31.054634832446855,0.2724916985524095,-1.981108838826098,30.50652347178837,0.3987262653942987,-1.9958207906486618,1.4314064922227807,0.020439546671418018,0.14570022734431404,0.5786233348717614,0.019904088687531823,0.12178514841956653,0.3497299153663298,0.10242000256688778
27.49256695718168,0.2702805609194513,-2.210123830673975,26.915187821995826,-0.23786236111860543,-1.5344338608000236,1.3276806844979578,0.017410351596457416,0.12800885910817453,0.4590368612439746,0.046291874816617236,0.2912300792469388,0.4082223599593811,0.18453906306388382
24.096933555589214,-0.09832611184050506,-1.8658622619907466,23.562590184804744,-0.3406876225544303,-1.760055917107811,1.1420002001847878,0.029458063608732016,0.16638592542255703,0.4289982975037245,0.032955944622162565,0.27156984257159994,0.5706738525679098,0.24113255449105173
37.84038883917125,-0.10926945572372368,-1.6341535128346296,37.24452255752843,-1.6657098363247145,-3.193922980316599,1.3304580970432658,0.039033789676305886,0.17195436279902526,0.3303534822377242,0.07956092709231355,1.1562922595608385,0.99555789590119,0.1136401804032638
20.66779783965277,-0.3723539547377502,-2.110449226185481,20.263966862276995,-1.4075977243389917,-2.1307757233935343,1.2801408156752163,0.03288301896564945,0.2242201641770911,0.6131510813062152,0.04981738337290139,1.4335892677236413,0.9358471308689432,0.17794781864893272
41.740341789140025,-0.3614261865424725,-1.5873995242278047,41.03063906312819,-1.5453046931855217,-2.297017084957524,1.0056198838634383,0.04790553946602787,0.28729422509614944,0.5007198712440541,0.08295053378435083,1.3700600001497905,0.9604621517841858,0.1713926422108968
