f0,A0,w0,f2,A2,w2,B,f0_err,A0_err,w0_err,f2_err,A2_err,w2_err,B_err
39.86635748428656,0.7198836187635109,-1.9376398656559595,39.181889143615486,-0.14036056258170437,-2.282772650747246,1.361234049619426,0.017682290171182606,0.10250429370199692,0.3035859236115675,0.024562736206013767,0.7639671721672414,0.5998954911065104,0.13055250873932844
44.40515329649195,0.6296799302243881,-1.425194190296796,43.73997977197648,0.26307644524952767,-1.4864615903732306,1.4270669740651427,0.027551304765014727,0.09903701528199366,0.2298642288428654,0.037494481640170566,0.1377558213279621,0.26642988367013526,0.08607402381591645
48.858900064550525,0.31902540991532985,-1.9196278793729151,48.24586302671482,0.21529039265205469,-1.4075086377954107,1.4461597304883846,0.023866179871171084,0.13682000050058526,0.45673963513994587,0.04316707613995394,0.27041881469661766,0.3208248428139693,0.0630398286066161
35.44274589034361,0.21318982480827237,-2.192539997287642,34.82135739216109,-0.14115628745710523,-2.5716454537014406,1.4178646026295587,0.018894870026389433,0.13737151140490522,0.4077783874792576,0.021311887512820257,0.1822994323385307,0.6523150897353637,0.08365331438193127
31.27055370421566,-0.33095889988369775,-3.42881167019401,30.700249589280173,-1.72105494680492,-2.457783722064828,1.30843982053901,0.01037575258662832,0.2311727849857005,0.5587878650752459,0.06727688969311099,1.54120058358505,0.9477469463044559,0.12673493768384964
53.372587174162376,0.31453891929231204,-1.3644154287940955,52.69325767392772,-1.4695582766714586,-2.653934542561565,1.2701091321292264,0.038471385523429553,0.11592385290194962,0.21110463123440806,0.10497326348073363,1.6093764760481328,0.961374761008605,0.13224978338005505
