f0,A0,w0,f2,A2,w2,B,f0_err,A0_err,w0_err,f2_err,A2_err,w2_err,B_err
36.5466701873681,0.7440935757998828,-3.2780667294900687,36.00801134940571,0.767202249045148,-2.7047808150244492,1.3705205530722557,0.007655764099252665,0.18261460385350134,0.46074073043057284,0.0097698095683788,0.13068949638108107,0.3367435407513059,0.12105226701719607
32.54005483684411,0.29677136542782867,-2.6107210384941437,31.944700403008365,0.5703444913202527,-2.3809909754550693,1.1961324062150862,0.012616567117733837,0.15090573187605272,0.5055359751799996,0.013130400349543287,0.12341184790288637,0.3706780009700337,0.19890542714337883
28.50043595896626,-0.1822644473682562,-2.642049260393289,27.91652749954008,-0.15534005404095927,-2.2461242229568468,1.174645475695242,0.014924906242282964,0.1737203702378308,0.599979733108009,0.017807247014680866,0.16816841920843031,0.5555160941524219,0.19742488082939771
40.67335081013391,0.2568231414344154,-1.608703891531122,40.09502449778737,0.3328103657396437,-1.4921982713465387,1.0354183196930549,0.027091686065892812,0.11219442783499269,0.2724291485870232,0.029058768513428517,0.11792081771502887,0.3090660570672009,0.21434244084009596
44.922713732374454,-0.09723248719410954,-1.5000050969245278,44.34130948694498,-0.07535568199304712,-1.4742376932341796,0.9967498362268316,0.04082572705003682,0.15735090126255238,0.27858865309612546,0.029144425929309638,0.1467020548836815,0.24198376804533836,0.15628214155947942
24.72259714517749,-0.9137588482901717,-2.199567154409429,24.202374903887172,-1.4183617328498928,-2.5587362625398296,1.2159767268073125,0.04486835003792353,0.6512623694591072,0.9251303812842984,0.05180672921360491,1.4853865675494473,0.8960009467248875,0.19346635701897383
