f0,A0,w0,f2,A2,w2,B,f0_err,A0_err,w0_err,f2_err,A2_err,w2_err,B_err
45.68984994832041,0.8951568435555182,-2.857168720845337,45.0831282193714,0.4519125621173084,-1.8562412408479871,0.9103834766801338,0.008788833139036438,0.14807060134819064,0.37617793158667345,0.0054916340907437055,0.10091271038058897,0.3296825736771811,0.16762342945823533
50.22272520387274,0.4136927922131739,-2.427481901320633,49.611343176989294,0.4817266802101433,-1.4071105140894384,0.8002446355655294,0.012715352143092601,0.1349150929513201,0.3604138434807539,0.006516665513095259,0.08664833753097577,0.18111350166072612,0.1389551689220488
41.11250202864918,0.47546417393128354,-2.94770755935783,40.5357905034641,0.25530327216814913,-2.4902658313492796,0.9487080398660009,0.009160264425983302,0.16212589481441855,0.41243726449644896,0.013188524233028649,0.14714087336299342,0.5440661021409803,0.17406839175106448
36.727707107522235,-0.03564963531793518,-2.3394821576517133,36.08334953654729,-0.9907936108296849,-2.0260359705216024,1.2588725242585856,0.018833108928738705,0.14460247177685967,0.4770694050787302,0.06455193205475523,1.2242723831134072,0.9102220612816695,0.159658298534
54.916943091885294,0.13969624080072915,-1.4842162108536705,54.25914908298021,0.32032925005725477,-1.601901494595573,0.7727876142461294,0.030696158502603346,0.11653857571703531,0.23187678943456316,0.0077946086562891625,0.09535217203767091,0.25019479044516646,0.119879522032645
59.45167007500154,0.03032386417121511,-1.3109352707573871,58.71686451623037,-1.0843633201852223,-2.4497635277934426,1.2020311268176591,0.05555969647483266,0.22317053041623902,0.3756372133043238,0.11212315878032181,0.7603552503855524,1.0142537899447783,0.14716432853640093
32.29610172874457,-0.8936067529660245,-2.167252488094367,31.69563634117584,-1.792593813821396,-2.4392219428884054,1.220665138961863,0.058293589661086435,0.7569016982492136,0.7482648501856071,0.07286935143827042,1.1115107776203763,0.9536662753013724,0.1355727145206594
64.0391140814663,-1.6790527078906043,-2.520106350164018,63.14237732387633,-3.4560245452308127,-2.833169157562363,1.243399072451616,0.08859155285182554,1.2838172705911925,0.9478593742961413,0.11496944893072848,1.5017328582564624,0.9664134878003574,0.0892895142233833
