f0,A0,w0,f2,A2,w2,B,f0_err,A0_err,w0_err,f2_err,A2_err,w2_err,B_err
30.408331458575315,0.35494156830668855,-1.6317722385470415,29.832913246579725,-0.00545099981254973,-1.733117040666361,1.3741378957499568,0.025326260885922693,0.11259403873428418,0.3011790861752308,0.03248405137073739,0.16004290221774714,0.4502780746116487,0.15507595131127547
26.9586101218169,0.3188602571831721,-1.8948136046333248,26.443444532600648,-0.17542003995477806,-1.7000742206945505,1.1669824124930455,0.021117886598738873,0.11208691618092566,0.3480596924931265,0.030672373671162653,0.20261498528550614,0.41641192435158386,0.22492834609553267
23.537028101482246,0.1748631584959796,-1.8994757515346623,23.069668472251283,-1.001670546182881,-2.3236141671270083,1.2269869877696462,0.023547978166106043,0.11949171179080223,0.3426535957553051,0.04016093174822922,0.9774257203820753,0.9361385391274056,0.21049870877456725
20.389714717177622,-0.3980991680765822,-2.397264599095693,19.922796578413863,-1.8575158359338118,-2.164377176630134,1.18128268733537,0.019618227006675114,0.22111580788005528,0.569644836894814,0.05033701499692506,1.4343443678132313,0.8496735881181223,0.17366390259520464
33.8950805928862,0.06973425442186434,-1.639261489121242,33.35289736849214,-0.44983997789014224,-1.6550840136236127,1.374884960257565,0.025654122837321516,0.1438473642332921,0.41019316262222183,0.062143596896292064,0.3701503266118675,0.7165399639611374,0.12879243694061138
