f0,A0,w0,f2,A2,w2,B,f0_err,A0_err,w0_err,f2_err,A2_err,w2_err,B_err
23.11910890494953,0.2585165535244908,-2.756586515123156,22.763685249082165,0.19104308128230318,-2.7379460737309107,1.379401375852602,0.010368951890739221,0.13445291232063628,0.4003537035189525,0.008305973587233624,0.1360279922153079,0.38617151147073997,0.1144863003557172
20.545714633661497,0.45407673048826463,-3.039868821908276,20.176530661743314,0.23931397001696889,-3.694869500312336,1.0821026263321158,0.00798240313801353,0.14926725878659003,0.4353228601950864,0.0056044038412277715,0.1723350206092301,0.4232408909037975,0.20209209549924761
17.901742071379775,-0.01973702809863126,-2.7306041100283083,17.53256529813952,-0.23075771787686467,-3.0877902922068774,1.053769986399858,0.011379882166235354,0.14272600858066659,0.43334526446216637,0.009970062693304551,0.17274287415720477,0.5469304090442125,0.1988042968721112
15.521809408375141,-0.6656324734734533,-3.3582190767309896,15.152689116395308,-1.445915178195546,-3.003069265680719,1.3005797705407118,0.013053235232603589,0.24874642778028158,0.7421611104184431,0.03769429420342309,1.2281593081837885,0.9916298332069526,0.14739766115804115
25.84575392572833,-0.2779630182762572,-2.1597849913067053,25.462669879620183,-0.4374336235574968,-2.3675210850787907,1.2460929707946613,0.02394304681146914,0.15388438610934702,0.43194334513104976,0.017659396191427233,0.20827460008305937,0.695116190170963,0.1491606235651031
28.589607905245884,-0.47391734330866764,-2.0141661090151803,28.14879423123855,-0.6978818771497476,-1.6854129947906693,1.1094463294902424,0.037076209917602534,0.2651255710982876,0.6801854754941804,0.049905333959885785,0.866800439445115,0.8396250669261998,0.1926980146998756
