f0,A0,w0,f2,A2,w2,B,f0_err,A0_err,w0_err,f2_err,A2_err,w2_err,B_err
71.54747490403663,0.6389565621914348,-1.9371837027521526,70.6277812210055,0.485915635521699,-1.2789498858074522,1.2684252916324523,0.015540180560238754,0.08518605754210833,0.24469571404436033,0.005542603410714845,0.08665919464553659,0.09559054479632718,0.12683889684841676
65.52580483196601,0.5628626554645939,-2.1896629676668202,64.74363840990563,0.13217211882149443,-1.74248381824026,1.023462366788583,0.012480718292417295,0.09539867650056476,0.25850972716116555,0.014395628083966161,0.10203130697199123,0.2828892961300437,0.10378314634418728
59.513290765865854,0.40131272557227526,-1.792891522522901,58.68869596046459,-0.25740612526589507,-1.494290323782872,1.083799121548839,0.01754597732004695,0.08521799226991968,0.28066424206120966,0.04117532487334614,0.16628184408365287,0.3366921496021817,0.1324616079987921
77.45482797619721,0.4350217372293937,-1.662114076397474,76.64269664190813,-0.019209711108257276,-1.4147114222667567,1.4164968157915694,0.021319662108203706,0.08543699895738266,0.2616611979964391,0.03196595637597268,0.13680505059800924,0.23359755474861524,0.07302274284951828
83.45778283430147,0.3988214555495878,-1.3124865788215903,82.52665176596568,-0.45694676399689926,-1.4707085515317473,1.4171722186808817,0.0336025177911756,0.09472653781595167,0.11966377126523288,0.11046566432398869,1.1829052713075954,0.8524936176131728,0.07489656175130041
53.875650314332596,-0.05373779508954714,-1.8020749511359466,53.116756796579715,-0.15219154442002553,-1.5765982261106226,1.1446984488392042,0.02396269787031767,0.12827624841939256,0.4064449798176838,0.03461253806455783,0.1355478857608709,0.30979951118177146,0.13101544426566974
48.164719136608895,-0.4283571236742827,-1.6507305382855724,47.3821604669121,-0.9788656900139423,-1.9810563798488172,0.9791340508669507,0.03594164899782998,0.1929501145058093,0.4094968300504244,0.07153113756846499,1.620390093554275,0.913473415845061,0.136636323090377
89.48419619817413,-0.10148433984641203,-1.3048685812664287,88.39800353203168,-3.593749765541108,-2.540025269218157,1.4111410754344327,0.06973408344530116,0.46394092846920587,0.18345855052948057,0.15557987115471156,1.8344711930112452,0.9998347990462284,0.07554728523771671
