f0,A0,w0,f2,A2,w2,B,f0_err,A0_err,w0_err,f2_err,A2_err,w2_err,B_err
28.522432568996933,0.31405886296268515,-2.088784422374021,27.995951172419545,0.2312053769760725,-1.8780718213071386,1.1568743030277315,0.016289652255571708,0.10301195549384218,0.30496001619395324,0.01913665869487746,0.10422773583952538,0.3235394487812005,0.20540517432990832
32.272529144731095,0.357607388888873,-2.8479894772013,31.769748276084457,0.28790909385689706,-1.7635268729835896,1.3740161089716616,0.009733333057744067,0.1376407863574613,0.43834114637641,0.011961045996823561,0.09996401579881706,0.2830054089780976,0.12681992455469493
35.885496975744,0.3250770065794479,-1.8443394692739616,35.36229523440663,0.3283476785879483,-1.812265989973983,1.4459187797462152,0.019910464478139055,0.10547120691273414,0.3094706803352055,0.01779846115864177,0.10782491341658677,0.41376812512126876,0.06350850250275546
39.55240448493238,0.03480155899115544,-2.0770791720891815,38.99002964492811,-0.26751338392085533,-1.6849718543878245,1.4430154613660038,0.019537556241085982,0.12638488136798323,0.40905524341402577,0.019878896556740907,0.180923398134912,0.4343048909575218,0.0632487343459984
25.104761795596545,-0.013856614750350757,-1.9839168713892996,24.619375069565937,-1.0754111060546625,-2.4614944860961008,1.2143382579252404,0.02105330199227481,0.1430381964078743,0.46687009017712816,0.04407328595195328,0.9030079072903241,0.8974729243820003,0.20784564027307542
43.25807220810653,-0.48714339811631746,-1.597159736188626,42.645991397797715,-1.8298672624610253,-2.1374383544022537,1.3492617449274675,0.05405279799145208,0.4372758330707302,0.7072231734058388,0.08150207377895093,1.3526838966120491,0.9140262731462061,0.12455381330702987
