f0,A0,w0,f2,A2,w2,B,f0_err,A0_err,w0_err,f2_err,A2_err,w2_err,B_err
28.15348942980727,0.36800594027788897,-2.388193465198425,27.52523608315697,0.08431212775451487,-1.3696482595500905,1.2756830187688635,0.011619705821051983,0.11279846821080444,0.34781853835599175,0.01877729390446618,0.12159754829599832,0.16779682766636322,0.1904417717225474
32.41822175035564,0.25628701064838755,-1.5983991359664644,31.744987636904533,0.22597525318487477,-1.3531154524867786,1.3993316105904463,0.027335110843698933,0.10686960454151358,0.2799310794525159,0.03226185520584955,0.394556038674714,0.27047709954681537,0.13244974742580956
36.526697923726346,0.16043313554692254,-1.5590386400501324,35.85607892391371,0.13241149206030695,-1.325509365131322,1.3942274715904075,0.030847806905543958,0.1130557421456871,0.25358952318491207,0.03822442931461899,0.7104902172039318,0.32025125115115616,0.1162017659137912
24.249422330800325,0.08586369035539881,-1.4258932041756611,23.70359958776522,-0.6446307676565326,-1.8109643819826398,1.4187259170752073,0.03250472546105155,0.11567512444814448,0.24267623326741306,0.038926858946073714,0.7973754259829836,0.7671699513078146,0.11486122152140316