f0,A0,w0,f2,A2,w2,B,f0_err,A0_err,w0_err,f2_err,A2_err,w2_err,B_err
30.616323527798322,0.4901133195899388,-2.387624304735316,30.018910552689164,0.2556389101675443,-2.0308256497636936,1.3534318987962437,0.012918717923940606,0.12789008489841813,0.3525257733197494,0.020633604490743043,0.11743651915454906,0.38840760779300393,0.15755476910379348
34.53718390748037,0.5242804576131203,-1.7058813983582,33.94220716733334,0.5324729565235682,-1.488338184787196,1.3260365418947448,0.0235300168760606,0.10488303102770442,0.3289213974851452,0.02756303738673338,0.10193495761349215,0.23370451618410576,0.18183701522139034
26.79755522309441,0.29734946435484966,-2.0142425598425873,26.249361590314273,-0.18444661160715353,-1.8138112132974973,1.2686253121086715,0.018650091497581588,0.10878987072529266,0.3425886121036881,0.015980394153164327,0.17135556586332812,0.41916199804267806,0.19107672436234857
38.45635585269092,0.25560004736197617,-1.3369189324501405,37.832430635787546,-0.14780073844004132,-2.1550413793505836,1.435223300432264,0.038095823863176094,0.11681183314484449,0.1704650319899658,0.02398963602198608,0.19052137235675307,0.6419022886323329,0.08143672131856974
23.26537886094022,-0.6202114543643731,-2.812510574994522,22.8435319760735,-3.2169724773340977,-2.677358574219257,1.3787200136586328,0.021231466026729356,0.3629663129859702,0.74458903818658,0.05066167953342206,1.666068502803728,0.9955389333358675,0.09610000763475424
42.36931239791275,-0.04135369246123328,-1.5979517265467105,41.704362418257446,-1.981737004891475,-2.524383482830709,1.3094389418774464,0.03637032122513063,0.1488208200461263,0.3409564545482922,0.07625863562042193,1.5950622841750859,0.9611495862276733,0.126605702608321
46.50481876061299,-2.928110974024724,-2.82131553002692,45.859920599228296,-0.8269812036980968,-2.8751278145998094,1.2443929945802605,0.07796353942649759,1.649476972278731,0.9980749469344744,0.041017650425339364,0.571436223256554,0.7933760992740646,0.10349470059654219
