f0,A0,w0,f2,A2,w2,B,f0_err,A0_err,w0_err,f2_err,A2_err,w2_err,B_err
107.54689781067431,1.0019462720877486,-2.2269009010372414,106.31954419158095,0.8338367190472649,-1.7979340061782487,1.4311718084912464,0.011368714396254274,0.08969513897877189,0.2367447639927183,0.016000844068089323,0.07924116118487799,0.23715755781768896,0.06377982261511494
98.03047302227196,0.6993509018270105,-2.440230192717538,96.73859542971857,0.3891039809552105,-1.6832090235426436,1.008196892508877,0.009955353616742284,0.09832388939004107,0.25202859105952674,0.018360742849985973,0.08368576711613153,0.2308854947589519,0.08491341789883916
88.43962184049352,0.22082089233510718,-1.9244785237312252,87.13141139262687,-0.16576871118547615,-1.378253231042607,0.990613323697986,0.016859449147983777,0.09901281818852274,0.303511339640408,0.03601234527898663,0.13404401568320082,0.24403894815519234,0.09630063261418007
79.27796524082864,-0.5303945614196195,-2.977408709377095,77.92165489101336,-1.0500025457248408,-2.450240082804579,1.1042418241197711,0.013127967093019437,0.19515969098549277,0.596319581924051,0.07604468897917614,0.6535657952481232,0.8395563488221002,0.07140300197502208
79.27744486181902,-0.5312615924469124,-3.0038799570877943,77.92320093445913,-1.0589130788212606,-2.3806535531014035,1.1030566007802807,0.012707873224379836,0.192449190112163,0.5774734294105986,0.07175029234472899,0.9021412847493061,0.8715385284749275,0.07405046432136497
117.18881811037453,0.7726201388982377,-2.2889974769700023,115.94688412265945,0.8369767334444743,-1.4363685791721066,0.9873988871853565,0.010982589498587056,0.092995970259736,0.25991657809285473,0.017769196779551123,0.06437276546302005,0.15910271917959007,0.08854003585703345
127.08845944234446,0.1366292303836944,-1.4369726107131227,125.81708143813731,0.2967084651360149,-1.4119880426463207,1.0308941120587738,0.028291184281091293,0.09650747144225207,0.20473228077872893,0.023024477640859835,0.0860782872146215,0.18410123520359742,0.07388336702744422
136.70219160841654,-0.6264770519023085,-1.838620733751105,135.30090932949764,-1.773177992620309,-2.823745110660631,1.140145861964763,0.07761547574768453,0.3420352762100611,0.6737343277712923,0.21506314165839568,1.5358478508320124,0.962349511338587,0.06006240266037277
