f0,A0,w0,f2,A2,w2,B,f0_err,A0_err,w0_err,f2_err,A2_err,w2_err,B_err
30.41210363259208,0.3089150434760971,-2.0568332915716367,29.793902895486394,0.24814336239831875,-1.462281770155599,1.4151184891670785,0.01731107470783183,0.10029592886634427,0.3648776696644926,0.024915961684361027,0.1049051312502842,0.22785168760618765,0.10470128338787288
34.356944835443656,0.414729161604962,-1.8940578981860985,33.75239298449005,0.39820128904161306,-1.4877131655644082,1.3437305206682533,0.017416841048537652,0.10161858308627117,0.33181521321301627,0.025512171032750663,0.09283116757852927,0.2438973937341259,0.1686154113939103
26.59761181212329,0.12505747530383374,-1.7647386848169346,26.080577040878374,-0.08851850626999958,-1.78460815574602,1.3211080173180367,0.022456468472830875,0.11974244818613594,0.3465482260068169,0.028417358080919934,0.14310996987799135,0.3872942049503467,0.16714847992891954
23.02514633410113,-0.42408008438639216,-2.3538852104790005,22.5450197827324,-2.5617364961310884,-2.608165400117826,1.3053573403532799,0.025077977105110182,0.2126228783482396,0.6892614396127267,0.05162909502014557,1.4220493367583116,0.9985307471754353,0.13389988199831146
38.229750404592686,0.12855396546589148,-1.5210946745186793,37.626683550342456,0.22938204829395378,-1.5375824520334833,1.3835114413554066,0.03142029015389922,0.11973522828788234,0.2609360353758208,0.02365205380611096,0.1348976632469042,0.28536798926639995,0.11800408899417866
42.27041568872339,-0.23975705822106602,-1.4853633623316294,41.611161187072426,-0.1350317784286394,-1.7270164949658773,1.4597656814065383,0.04581198123611858,0.1808290851228206,0.43439501753769805,0.027545849654507217,0.16076879223347804,0.5260080365116462,0.05812184250924393
