f0,A0,w0,f2,A2,w2,B,f0_err,A0_err,w0_err,f2_err,A2_err,w2_err,B_err
32.34084601663658,0.4691805803967657,-2.544415558951208,31.910194863419544,0.3210190483921203,-2.1488978401384045,1.3190644529998985,0.010808695753236446,0.11981536461893638,0.3700454303253631,0.005054141903531751,0.10460690162524218,0.30575415425690916,0.13759221499777638
29.099886372181455,0.36791453672159663,-2.538014942929735,28.665207971862937,0.2837981629671257,-2.5205880316250067,1.1774379014328553,0.011105278454242085,0.11996253885718529,0.3833715198455493,0.011389658271450479,0.11787640778977525,0.3605312304753572,0.1673157477997638
25.806410043976513,-0.10252649817830078,-2.376121550650641,25.38044321828805,-0.11051403212387766,-2.5063758848051934,1.037135155587905,0.01627124153815042,0.13557009019033212,0.3982499325851372,0.01146068578155517,0.1457073226310265,0.458066369313094,0.16214944608634874
22.799170129295817,-0.37436161906072607,-1.8758137444234255,22.381093367314172,-0.7510062876303816,-2.193724221284892,1.2618056899260617,0.03917299887257094,0.24246281849313917,0.7192967509880405,0.02992702132530094,0.5050019363706161,0.8397625550367149,0.18549490976621877
35.602274890195645,0.36202029178983597,-1.6275685152085362,35.117129612790706,-0.14318324123655507,-1.7452385758400646,0.9266549839714455,0.024793346341676802,0.10101887179795442,0.30286742683024664,0.018928321313165422,0.19767648201971147,0.43205545903040177,0.15660300073113748
38.959584911265985,-0.07873808025948387,-1.4085186653000727,38.501965597445455,-0.4315983689665556,-1.8341349769470252,1.056437901622976,0.03416165067348318,0.13652164612261322,0.21639741507077137,0.028503990253169856,0.34739694356748707,0.44936991790355524,0.14557240197391721
42.151834862280396,-0.971228650898806,-1.9104990028733593,41.543711939104256,-1.7995451775130007,-2.2118832575401894,1.3847440835656015,0.08125446170111182,1.0405502152652157,0.6861168539664809,0.0925981522212072,1.2374214618287263,0.919214696087317,0.0958383246050259
19.6152487327299,-0.6027059331724466,-3.4573061847841906,19.224805447971537,-2.0929384013983183,-2.8753769283922574,1.3001671942893405,0.011745591387672562,0.24390711012617508,0.810411109363817,0.04498399827296165,1.639452813348917,0.9747032515480004,0.1435147706634788
