f0,A0,w0,f2,A2,w2,B,f0_err,A0_err,w0_err,f2_err,A2_err,w2_err,B_err
45.66155837981085,0.47267003994221535,-1.8877028675847793,45.06912357926301,0.3479517625128693,-2.612716345292045,1.265648145302917,0.016329705269573565,0.0858912981036143,0.27565714607812114,0.004268355638455184,0.11932997582599171,0.3534078705786474,0.13599375030602726
41.148804845323724,0.607407107602728,-3.1133391817688842,40.49311511659927,0.2963344265555234,-2.5179509071654316,1.2291578694317544,0.006996119176602856,0.14285854512428153,0.37019120625931135,0.010858704680719356,0.11854914298992097,0.3765792843564028,0.14084888914772262
36.560254038913094,0.07497633213896701,-1.7287747729027636,35.95146845723284,-0.01721911700516117,-2.3583924024674947,0.7836054520142086,0.020368392752169815,0.10444525871884722,0.2878190936106726,0.014107105441674787,0.11173650890050621,0.3196289560276486,0.12380120481050284
50.291969978461196,0.32565532957590015,-1.927413000908925,49.67653600425959,0.2879247429193784,-1.5701300525615338,0.833553259238752,0.0180381505986306,0.09061104804010453,0.2945315367278052,0.010634633338120734,0.08981640481767554,0.24020801530002706,0.1286910607609578
32.311217133598596,-0.7533302321917523,-2.9358802532962116,31.68943300019496,-1.3672330661205196,-2.542078731460238,1.3142120539987983,0.023650084753152768,0.31454566317392224,0.9637230852553742,0.055436916661235736,1.2151355710349927,0.8383729552136111,0.1265200358807082
27.82948208391494,-0.9267154656792018,-3.628516261723864,27.184765207161064,-0.7101693034939794,-1.9294634748905022,1.1045273876252875,0.01203566048903607,0.2627489178695039,0.6084954359168379,0.04447156821359999,0.7890330353868458,0.7827202681685702,0.16269792319324183
54.95900196432058,-0.15684187682858608,-1.5740939996809769,54.25448540280805,-0.39401161844076305,-1.9123955131455974,1.0271210588967055,0.03069921417115407,0.14428617501595,0.345992140765099,0.015071787992542355,0.1691802904193799,0.454586732434728,0.11764501558865473
59.82588300540222,-1.774165127263575,-2.569383655908103,59.028063962992206,-0.4138388626361398,-1.5775723730193596,1.0338715601249566,0.09489347560513453,1.249310999761493,0.9305302368860575,0.048681775615507315,0.8881690196180089,0.4938074907544224,0.09857256230570359
