f0,A0,w0,f2,A2,w2,B,f0_err,A0_err,w0_err,f2_err,A2_err,w2_err,B_err
64.87697445740685,0.5116551601516197,-2.2016525825427538,64.02774452365462,0.546644739385989,-1.265094625667826,1.0762363367946854,0.012704158292313156,0.09845173591855913,0.2853838022981566,0.02197345085990347,0.0847575058604851,0.07401137575154948,0.14195816421599036
58.90809511870046,0.171476377274651,-2.100038567924981,58.10704934699924,-0.10602204968076692,-1.6892365661771485,1.3786690022799428,0.015638810288520443,0.11181411947011158,0.3612936010304822,0.019430920582436822,0.13159836305087494,0.34282649085127764,0.09431206772741874
70.7230516096408,0.3619557651944787,-1.376536714613181,69.90705826862015,0.4695809210146724,-1.3253353851467229,1.4745908266129335,0.038389644481141266,0.1050900657278367,0.19359160340711098,0.01383941540142484,0.10663871395635971,0.18797221089617838,0.037194422819620716
76.70006415689713,0.3773229231484396,-1.3554942212650625,75.84594575502004,0.22598190978949118,-1.2659800214076196,1.2014874591774756,0.03679155627944086,0.10456237962612364,0.15016738617855452,0.08176433211248671,0.7982756960201235,0.29290189627887064,0.13710258071030698
53.24036447401396,0.042300096467530024,-2.1973784272839594,52.48930815101378,-0.2750753196562294,-2.3351390957466087,1.4000060637451686,0.017145711478389516,0.11257673110549352,0.342321145308474,0.024281670808425523,0.1789466195099881,0.7923031430787486,0.09129732644263623
47.67912094626085,-0.20746387852306775,-1.928993810763393,46.955779948938485,-1.8312867235394232,-2.5613538781970604,1.1006385468674207,0.026019343942818893,0.13824696132188896,0.3882499614806762,0.07576974061878254,1.4527768121453155,0.9258373018118741,0.1059828209714457
82.67226101823316,-0.3540562066510222,-1.5393442356412685,81.68735006153057,-0.8227345140551876,-2.112904847391354,1.4320232372214643,0.07827459213183631,0.2319601273852267,0.48249340888922976,0.1351957226432816,0.9549498906616284,0.8454141498732596,0.06563813094825945
89.03230230033998,-0.9739422254939883,-2.3976770830191265,87.92479822143261,-0.94739358768135,-2.179015382856323,1.1223146622648663,0.05907989920368955,0.684520095213428,0.7893847143726567,0.1056608123914082,0.9913357488986609,0.9092386771184365,0.08700925734632842
