f0,A0,w0,f2,A2,w2,B,f0_err,A0_err,w0_err,f2_err,A2_err,w2_err,B_err
27.64588275338481,0.2552159747680109,-2.583847777442104,27.11376198996016,0.07998000062140809,-1.463391763224534,1.2918513112941234,0.012495287010459207,0.14753546445512675,0.4522303963074982,0.03295417316483416,0.12975315005906035,0.25459353437403826,0.16701413086364478
31.63508082100905,0.30155469617338904,-1.4519882399102806,30.965750002672394,-0.01997370930201653,-1.745979759323351,1.4078397162433387,0.028899331735547276,0.10592685531554084,0.22545319273217074,0.019169156125311955,0.14186146186098578,0.4100754967049805,0.11245600086842326
35.66543412163842,0.33714491204116764,-1.4043663949598315,35.03037904822139,0.32467239119326397,-1.3419390020813866,1.320070087147262,0.037498746630841844,0.10766893589057325,0.1927519226731692,0.03732153964042692,0.14178332449677084,0.24770249070832676,0.2111708528812492
23.8541031111088,-0.7755721797746473,-3.114745579890212,23.428694305336098,-3.084283103639054,-3.143752666625388,1.315603583048771,0.020997265261522586,0.39129698700745197,0.8202898738841612,0.052831355970671075,1.5564980593813085,0.9922406438778225,0.10739432545507831
39.69720115469237,0.04422525947696011,-1.587323827835068,38.94736369881063,-0.17380675423899214,-1.5640982205147864,1.3585332956014846,0.03092133258382101,0.1222527754607476,0.30268289452772235,0.03794381667012089,0.1897683613299251,0.43957253211461744,0.14192209622571741
43.79045014492776,-0.8372405592142864,-2.3825037931584636,43.04802534330302,-2.6546972055567686,-2.7778468174192987,1.387102272338114,0.04353270483911533,0.6470780248901443,0.8931736604459921,0.0870161177396777,1.5316534187988542,0.9778862616994319,0.0851365559173475
