f0,A0,w0,f2,A2,w2,B,f0_err,A0_err,w0_err,f2_err,A2_err,w2_err,B_err
32.09308765678955,0.42823014134871884,-1.8507557000209787,31.47252705236979,0.30961976754851317,-1.3307752521199772,1.3271731367855644,0.020963499518142328,0.11404930440218074,0.349459656176335,0.028058870065451505,0.2703744200916445,0.23120241605922592,0.17091321444519772
36.2394111659422,0.23496524555049064,-1.3906216455766032,35.5420136953915,0.45644894162722793,-1.3171264386777497,1.4013941248634534,0.041294270498072,0.1357627591537687,0.22454743985292902,0.03660742997056297,0.1034145830789833,0.1484349489482791,0.12224763132696477
40.17480860232006,0.24681483648359104,-1.3800355717810318,39.53452008211709,-0.2054565191588273,-1.6010592895102764,1.3876716028335754,0.04011019735341913,0.11666489548393928,0.20151918693373877,0.042245548849085685,0.9815780548691132,0.6624795570808139,0.11585002375523844
28.070938084072754,0.3555185835073055,-2.6393779139697005,27.55380056187588,-0.48458306969234255,-1.7585450741474558,1.4227601865886534,0.01153549901393124,0.15500481359477525,0.4478511177044112,0.054585812181131774,0.43206324505722826,0.8850032658468615,0.10621704726702126
24.184968261753905,-0.3670184260502609,-2.3328385784585155,23.717655781582437,-2.039214125631634,-2.44580396863945,1.2030941084266127,0.023770497737040132,0.20232171666222995,0.5757728416528349,0.05766038106764648,1.306193867237374,0.9780869215731965,0.1540977662585815
44.291740022177386,-0.9339626522772313,-2.6688236645577903,43.69293852395902,-1.2683553396596332,-2.3431394094115783,1.3291276838798058,0.05479507382962407,0.9585788974203967,0.8848579620709943,0.07998814878305711,1.2739425069114318,0.9135912217409387,0.1092987760055859
