f0,A0,w0,f2,A2,w2,B,f0_err,A0_err,w0_err,f2_err,A2_err,w2_err,B_err
32.898012395874396,0.38776778281310803,-2.0570939198970803,32.24033334262549,0.17146023042115116,-1.408119347106601,1.304797855021355,0.018564496390876584,0.12093468342191431,0.34763308716293123,0.02190402068944567,0.12528555281804238,0.23173649032038895,0.17090666899467638
37.200868139479425,0.35490842915347715,-1.5986208761974487,36.50661534642568,0.4710683140736106,-1.5257114436733739,1.4085115861489264,0.026812112214743312,0.11492772775536862,0.3214990315319414,0.025629332475155562,0.10560313530511833,0.2820496236387001,0.10897836321561392
41.2701518364978,0.2789470270458509,-1.6658864333180956,40.63208256576778,0.14516834973125253,-1.3067813843666993,1.2797428318502635,0.035271463751731624,0.1445693681986161,0.46040040069941995,0.08539407539844934,0.22080213052372646,0.5370728374172178,0.213029254015376
28.80854357844124,0.03450851640135545,-1.492874608105844,28.16473470438248,-0.16954904005534258,-2.1354886947028273,1.3918106418465168,0.03346956412638791,0.13545378277011766,0.3677017208357971,0.012676763099237003,0.17704019033283877,0.5931794608222895,0.13416151638638488
24.89194397345439,-0.6064419684574737,-2.5930001391355697,24.42426035426406,-2.728320742642944,-2.709697355605474,1.3363196913801112,0.02558677579354799,0.29217109011620346,0.6908372665596471,0.05243458037286799,1.5935920767917724,0.9659649764522111,0.11269431177893995
45.32080160294468,-0.8827946408585622,-2.094334866029652,44.656938664191784,-1.6707395722777814,-2.0592303070899027,1.3454216047719292,0.09977639173855954,0.6998692425937353,0.8503411612088054,0.09438918270085626,1.0546403900444896,0.7954011168882834,0.10421934217287877
