f0,A0,w0,f2,A2,w2,B,f0_err,A0_err,w0_err,f2_err,A2_err,w2_err,B_err
31.10976186930844,0.25126105861561815,-2.5581083008227106,30.402217170545786,0.20627324929511268,-1.3424746839226631,1.3645485721179298,0.01397561434616148,0.13664196391495315,0.3987333490579889,0.021544120859946628,0.11880296730964404,0.15633280614078968,0.14276324107468596
35.05201070370671,0.5201687537294333,-1.7928917597479574,34.33873452476735,0.16518378111846393,-1.4990010457036769,1.2604939458413367,0.020017183785946593,0.10223986486477858,0.2873937137347838,0.02649680136983245,0.13297785896797296,0.29079435837313444,0.1976307920044644
27.136182583259362,0.20539295881581016,-1.9179976387193496,26.61459804089523,-0.17858073102099997,-1.6875012294777436,1.3622680417299435,0.02000504265983014,0.1319093121193131,0.4061213305575083,0.025653389808714414,0.23265097138768642,0.6587722293589928,0.1635492440382891
23.497156430517357,-0.21403420743336687,-2.6842633248196486,23.002391961662028,-1.31801761272021,-2.8505533733184483,1.3949494441615489,0.017257051006597808,0.17845744144300507,0.504569236410253,0.050341845673052596,1.0893339042818646,1.0084059428932355,0.10948791029805902
39.12313473775488,-0.6486265656004326,-3.257573932279576,38.564122352893975,-0.0903045196499464,-1.442927083338427,1.4197542779623102,0.023915840096713627,0.29183459484578994,0.8656118486664472,0.030207601004843498,0.16895965761240814,0.34377231133070024,0.08826994584570139
43.11454588862121,-0.7705186234981943,-3.487987600345429,42.40011483814199,-2.552067231550799,-2.7402498004982014,1.3467714347682895,0.02632090486696392,0.6814440590660394,0.8712455498981238,0.07719280960485116,1.5778160807264507,0.9770306852294772,0.09550806183664565
