f0,A0,w0,f2,A2,w2,B,f0_err,A0_err,w0_err,f2_err,A2_err,w2_err,B_err
25.177817152798806,0.4353654386291971,-2.3678266621599118,24.706301658175658,0.27862857086463344,-2.7531030432913184,1.1331394153300043,0.016219433207110827,0.17162246070101095,0.5375770328405647,0.014409185213611767,0.19058577250426598,0.5271026470352707,0.24721209850321207
28.305947422788584,0.39931756020224213,-2.2881463181538204,27.88177564559101,0.14889006478275252,-2.7114234687651537,1.1704596782614864,0.018188044046689052,0.1605102611106798,0.46588512226118545,0.015635664730177405,0.19660775722775253,0.5361373456964825,0.19042455044740492
21.99157200219148,-0.16288669643528728,-2.5013292946305583,21.487460703633467,-0.12970204735850094,-2.056804554455131,1.312352696457616,0.023008024798334824,0.2301529428816816,0.7434736923116918,0.022220132075903346,0.21471537127417148,0.6330976228467434,0.18402878033027906
19.040967522715995,-0.33976721097509316,-3.0333675620777054,18.640765737602116,-0.9158502012701237,-2.151909537763907,1.312519662442112,0.017313325766586646,0.24712184787423042,0.6820169356254171,0.04328897367745162,1.2150136978458121,0.9605431552325784,0.18196139351725082
31.770275233537447,-0.2139169553756427,-1.6479135410737324,31.22223468284509,0.22953692308840004,-1.7052203914514932,0.9932586163354901,0.05125537845527066,0.33253692133590673,0.7133993132914661,0.027933324294724605,0.15577718961032666,0.41398835292297365,0.2767284877093247
34.908040869185115,-0.867529445346646,-3.071273364265248,34.28730679429921,-2.5120590403689933,-2.6019259595579873,1.2027977864378845,0.03554581745870695,0.8053780845742872,0.8731448018367317,0.06877624027803494,1.6152803165312948,1.0073633499201442,0.1357329361236566
15.991020975226988,-0.746870087519242,-2.2970483407453592,15.656749271654933,-1.487339596537185,-2.3454568875494393,1.1556225446281592,0.031294479241429335,0.406196874160464,0.4848841851197119,0.047610168279705656,0.824153415762272,0.6724946523835689,0.17776615140303387
