f0,A0,w0,f2,A2,w2,B,f0_err,A0_err,w0_err,f2_err,A2_err,w2_err,B_err
158.0671157003081,1.0644124243830841,-2.8183649470255046,156.45837768422345,0.6423797408204246,-1.5326132095607305,1.1938634806624242,0.007700689811636498,0.11351624265332363,0.2563337826049289,0.029140805208082456,0.11021737033387205,0.20530502665997746,0.06971815602891712
145.18781194532372,0.6169679013291589,-2.1325719810095647,143.51474168127936,0.35182551993894484,-1.8487770876861105,0.894429094869828,0.012113882537008682,0.08490818227981647,0.23785108902700225,0.015736796547178637,0.07733511719261948,0.23388963407061067,0.05776127337412798
132.41766849172055,0.14704970300442657,-2.121916007370878,130.78552902742211,-0.295176120977907,-1.4165027662317466,0.9265992271057971,0.014352852100422538,0.09547878647773475,0.2846473073984058,0.03965614152670787,0.13109320605427438,0.21550580828522065,0.055520215801766484
170.8283767563689,0.927778484669215,-2.344804164979265,169.22098919251573,0.9212521105310755,-1.3547789101742174,0.8943753230473137,0.009456359837548294,0.09779258188063344,0.2203917986921714,0.06349955770025623,0.2616367069847562,0.2600752391674315,0.08251968070997057
183.84904883818217,0.5067777524967292,-1.6386089189178041,182.16421216971426,0.48147455561858754,-1.520059643326113,0.9465856959751053,0.023507429427059773,0.09800933443332319,0.2154866467619126,0.3703599857214264,2.263683134827323,1.1186812492154026,0.284240013901927
197.0473712667988,-0.14121368373741047,-1.4582213909706596,194.97265546194572,-0.8521226251607279,-1.6224030859574645,1.2158963844232813,0.04059066476192017,0.1328204849519531,0.22427078676304105,0.23693337082547694,1.2962068312298036,0.9144515386019878,0.06338848294879422
120.12137813292513,-0.42448654143506526,-2.129645568969007,118.36212684171615,-1.6519440916359949,-2.3748824369708093,0.9348986866841493,0.02216733050157044,0.15149046115012055,0.520208412587167,0.13242258698145276,1.565499549033688,0.9475740030316206,0.04967075042712597
210.54917374932396,-0.8438708112357001,-1.8414113886261416,208.37077392204833,-1.5021267323017662,-2.51499335119624,1.0363397113136674,0.18205560214453395,0.6216915317183023,0.7810666121676434,0.34321510307392084,1.031209485002591,0.7988473832919183,0.04482471796495073
