f0,A0,w0,f2,A2,w2,B,f0_err,A0_err,w0_err,f2_err,A2_err,w2_err,B_err
61.25246906796792,0.9780252165105534,-2.859003436748984,60.29242184062694,0.600827440400416,-2.945581694626757,1.0227291687026308,0.00746623424526542,0.12916754707027941,0.3087412042110091,0.007961562997568984,0.13690631112095528,0.3440880117369407,0.1132741578674878
67.8695395404939,0.9510608555083351,-2.4912051394334047,66.99378591476719,0.7819526251181208,-2.576050912136947,1.1108964459793995,0.009568668032510096,0.1076411502386575,0.26395273893899124,0.00803266302522106,0.1111984560927881,0.2954830297219564,0.11791842767113382
54.52823292777124,0.3048461488852467,-2.827175783543293,53.57940597925039,-0.093134030058126,-2.094942317814962,1.0074516167906329,0.008921458594586887,0.13376589290599245,0.3474509368450751,0.01948265151857673,0.117071063590228,0.3210067009594672,0.09794851232650886
48.218602182263595,-0.3829545087551036,-2.9559353674704987,47.27782029088639,-0.9707948539275595,-2.978443797089252,1.0551661519408442,0.011169497396421939,0.18233767654365335,0.6259065833452109,0.036623878166216116,0.5659915934177951,0.791966792218101,0.09138842446778073
74.67396156923327,0.49735956973670414,-1.7061335023100483,73.72252495180095,0.2303970297133947,-1.7377806245296212,1.0605513549021046,0.017559353172124325,0.08028335765225643,0.21481514711420488,0.008565514512283266,0.09483022068140977,0.27009404841996726,0.10218812208952244
81.5952748881248,-0.4177740865425592,-2.0547521760648277,80.59344166955731,-0.044028499279848206,-1.3335761047109078,1.2095544034582184,0.02983732092916964,0.16869961041626386,0.49238919941158066,0.061563581115204144,0.2663578366960657,0.39392902085932086,0.0993727029258706
88.48091942210965,-1.1953549056556487,-2.563654415265489,87.31615643275762,-3.0057955569119628,-2.5547118792610064,1.0822183663704708,0.08457317987833751,0.9248192855233549,0.9481603551003229,0.15690854568195303,1.608312514858866,0.9609922416650137,0.06570464992385244
