f0,A0,w0,f2,A2,w2,B,f0_err,A0_err,w0_err,f2_err,A2_err,w2_err,B_err
22.66349946306795,0.4110325610442404,-2.077134418036606,22.261152458337286,-0.05687907578625841,-2.8794199687771167,0.6836262706929355,0.015275732307629452,0.09979961226835256,0.3036777789824605,0.012026911996020363,0.1670769597380641,0.48853996673298655,0.14846846175758305
25.53937208639743,0.5095106475532302,-2.3474853767573065,25.163882119323528,0.463203626751421,-2.44455000708578,0.7933626636088325,0.014099882766339607,0.1184057185107407,0.316681428779762,0.0034804710588107165,0.12078141678609872,0.3321946955433082,0.18395437383446522
19.813066475415155,-0.15049126174212898,-1.841576192083476,19.436851751339077,-0.23720678396281825,-2.4125527828295077,0.8177203967916137,0.02589733282230267,0.1504427303445644,0.39124846732343804,0.017823482917742897,0.178079176268079,0.5183723400391032,0.20694862697277636
28.497998817666787,-0.045277954787023296,-2.1190801722931463,28.070219430072804,0.14117541452731547,-1.9231724023831505,1.1738423298841796,0.024903386571773458,0.15039300930441488,0.49004528405975484,0.01768329703273026,0.13940693220620204,0.4976824374402467,0.2038290228177315
31.36235141138521,-0.4094556653434017,-1.5573134095428987,30.9688419460502,-0.7000027970542181,-2.288553689058265,1.1433146724593513,0.04353432595079242,0.3561151789094247,0.48277694569049806,0.04091153383459226,0.9927910187932432,0.8073766695000016,0.16885931998600268
17.148771185095814,-0.5184880055441865,-2.3304800625352264,16.7657962292979,-1.005901424803701,-2.341261207898447,1.0407795745529156,0.024937909385105286,0.2207870318756229,0.5505234877209247,0.045984355323640404,0.6005829797764268,0.7742470167727695,0.17242197919517638
