f0,A0,w0,f2,A2,w2,B,f0_err,A0_err,w0_err,f2_err,A2_err,w2_err,B_err
33.42431783718738,0.4778026543089848,-2.02167630151199,32.73540047280173,0.2827571021604666,-1.7218975927017581,1.3936695652697608,0.015886128703743705,0.09966922697736928,0.34221262178526957,0.014684193775123124,0.10884751585680492,0.36317114592636385,0.12211092663639353
37.73281079345628,0.5149816273372197,-1.4551187721237442,37.00784104516649,0.46831875513085053,-1.329696205728388,1.1288330180773112,0.023835454580429273,0.09017664608331676,0.1910819370317558,0.031089006503727878,0.09465939271232646,0.12868827149722906,0.24518286716736462
41.832465430427035,0.20491018299493946,-1.3434818427731887,41.25825521999182,-0.21039934576711405,-3.239148038344877,1.4678952035210004,0.03574114571259037,0.11878871152045967,0.20782924140164769,0.0112938924283942,0.20189546959625554,0.7481792756688614,0.043454487044233596
29.27672551532187,0.10177279045020746,-1.6614455243089465,28.673300386485902,-0.3783405131558275,-1.983125358943575,1.3978492447525834,0.02571072041579862,0.11718816223320264,0.325831000397238,0.026842793270037177,0.2562586997177758,0.7760048589937537,0.12435552091661613
25.248059985923682,-0.9241392070695915,-2.4944945223829027,24.807162774982658,-2.6327282901928584,-2.5444807801267393,1.4311476941172039,0.040128413222226184,1.0216869476148884,0.8339149708485425,0.05827337325208452,1.4870268271544214,0.966939107968347,0.07042126773038035
