f0,A0,w0,f2,A2,w2,B,f0_err,A0_err,w0_err,f2_err,A2_err,w2_err,B_err
23.773627458828567,-0.17052474173980697,-3.046246320543218,23.269134671916294,-1.0644150647859294,-1.9239087127437933,1.448252093978691,0.010526182367246872,0.1730217505467454,0.5103759518349299,0.052564501578344504,1.1818731123540198,0.9263092043714616,0.07496287657920572
27.5069778434524,0.37449659039605754,-2.040218032117599,26.91396965998962,-0.12461007308571208,-1.4727468631332359,1.1792511880887706,0.015207143989269917,0.10241994054062459,0.29933854577243546,0.011772564381050335,0.15404509441427627,0.30593766377244025,0.22919431006509344
31.684463023558443,0.4357925765582843,-2.3104116348850003,31.020268286319578,0.18219304555976032,-1.3341305878803698,1.3724981418178073,0.012823518091934593,0.10834484477358931,0.3415339412975419,0.036295329268870004,0.11243721931832297,0.1614380685570599,0.13818579841099696
35.5889355188332,0.2747402396556965,-1.789827887861577,34.996607343277844,0.07056209331438616,-1.288954913124836,1.4283981459687012,0.021649333556832923,0.10260709059014116,0.30154428584643045,0.05982974802676929,0.13701386852923272,0.13646482525424183,0.08960180738926181
19.802602045005454,-0.7815445176314723,-2.103412867108009,19.392527658472382,-2.736021322947203,-2.7036229290030747,0.999232734820483,0.029677787991854027,0.5522300930221102,0.9132034939116958,0.04422818608966752,1.5508739193618504,0.9781561259055568,0.16622017048878474
39.745239914038706,-0.5171946440713286,-2.102615069869555,39.0202479011872,-0.4704878336907574,-1.6021634842924073,1.4149046667350653,0.03589509863984017,0.26509911537843467,0.7890889285046223,0.05139816477004036,0.5966972984136275,0.56999187326982,0.09476031645883569
