f0,A0,w0,f2,A2,w2,B,f0_err,A0_err,w0_err,f2_err,A2_err,w2_err,B_err
41.23799036518787,0.34940363135350305,-2.478989516488139,40.479284288672886,0.07817773014204055,-1.62668546466646,1.3834896212981396,0.011743092721697258,0.11054580244374829,0.3381930327625544,0.027083667136574698,0.11138057954675798,0.30880677759059627,0.10477461969223607
45.882065647199504,0.5352809685400552,-1.9843451265976646,45.2096948037559,0.31888789350428415,-1.744510332091696,1.3717760223196147,0.015195575965966546,0.09042639975657024,0.26807308596918067,0.020890408020945588,0.09633683682495338,0.2720204328311136,0.10660062273782618
50.43985397965697,0.06109502129900855,-1.81726969653588,49.779605526799656,0.3055443862929016,-1.3672794118586014,1.4292106515064045,0.028378979096388732,0.14996254853747146,0.45723917002959075,0.04473708259459741,0.6477340033575185,0.18039005256706772,0.08416504601401849
36.652295233508745,0.08936185429209603,-2.1206596438477336,36.03115093783486,-0.0643232857972729,-1.58593486562564,1.1567978980151645,0.01680590034725005,0.11434085048090821,0.33259261569876564,0.026546328846846177,0.1431949425600376,0.33380694847897285,0.17335842397170734
55.13377526633861,-0.2699401004511304,-2.0664256900052154,54.37831885003136,-0.12833659240892942,-1.5055958385436317,1.439786104499758,0.02677220374218375,0.15855157054801933,0.49886353352375346,0.03516685542130773,0.14114834879772076,0.28964954560185907,0.05938860468122088
32.380370839559795,-0.5640617991027236,-2.251254271331227,31.814539607892165,-0.9426304736066617,-2.2937289685772972,1.0698582467709399,0.048120224009459034,0.1409099431853589,0.2116642679035366,0.09766300590461878,0.17322648486366646,0.21610533777755908,0.0940845250489687
60.01632462897395,-1.155139486610401,-2.1000719550256934,59.1544714629145,-2.2394715428793965,-2.58023705547798,1.2536754493528786,0.09051530182416763,0.9180324308091614,0.94061212558673,0.10327113949134523,1.494831439397643,1.0081758943838108,0.09549586875406278
