f0,A0,w0,f2,A2,w2,B,f0_err,A0_err,w0_err,f2_err,A2_err,w2_err,B_err
41.507350695403545,0.5818659163609943,-2.654738822202734,40.87071269255391,0.7132324048309691,-3.0053304217407093,1.3732181573408948,0.010150777148554417,0.12923939481579547,0.3481706183814982,0.008572922270549762,0.1614446973230481,0.4023169913337341,0.10349415277637541
36.892213464209625,0.37702530664154665,-2.6793243794633006,36.204455787518,0.007749858324458875,-2.5435550206533666,1.1580817510906236,0.010953349671020256,0.14238321870919263,0.4148448167664303,0.014188430678604973,0.14626222519898976,0.48437658157936464,0.1749556840984711
32.43548581486444,-0.08683750471182845,-2.6284034444108446,31.846927039777675,-0.41142928228570563,-1.8920638849200788,1.1293696618386355,0.014326592303520954,0.16092938601001092,0.5184559209663769,0.03516825129187781,0.2422939022970186,0.7287438508947718,0.17520932538573075
46.066718076831634,0.2292957062848804,-1.7361519218959036,45.43099676414077,0.517978537553635,-1.7351516767712196,0.9125701995660545,0.02349154205400971,0.10522661692041281,0.3207540616540995,0.01793766343396208,0.08965751507774493,0.242048037310752,0.17347708377174387
50.79915623477917,0.1503696734263799,-1.6124067051545725,50.154262929737804,0.048628992914647756,-1.40056087452333,0.8712280958565254,0.02644382352516752,0.10721286538699608,0.286531408231571,0.02579457643821699,0.12715867673732256,0.20977032803154294,0.14759204230106
55.509685070444064,-0.5875122944428987,-2.5764168018216766,54.638892202073386,-1.4178839328306432,-2.3934517929500636,1.2135354879094424,0.02835700424764153,0.30607513174288475,0.7945387632846395,0.08531400767130538,1.2221642715176941,1.0253806534091099,0.1156750190316354
28.070787756604794,-0.8768107050059976,-2.876588495944128,27.544827168449892,-2.7421039771776328,-2.4530133821779554,1.2667075277572146,0.03288092576848423,0.7113218315720505,0.8727511743557423,0.05931909514680218,1.4541220312344012,0.9207653423417738,0.1263515727619675
