f0,A0,w0,f2,A2,w2,B,f0_err,A0_err,w0_err,f2_err,A2_err,w2_err,B_err
80.9221128992042,0.23213219076845276,-1.4506056168047752,79.92961922665089,-0.17581417819453754,-1.3060125713872743,0.8364313017090413,0.02352211013540108,0.08486005609343245,0.18482836978073197,0.06287565063701821,0.8316878994996407,0.5270321352631312,0.11625783137499711
88.21744821377347,0.36793172568107185,-1.623326315511143,87.31447416682755,-0.48074544094990873,-1.400868415096748,0.9181848483510846,0.021050869293517398,0.08154549420068677,0.23957307177080578,0.06967781044944762,0.5691115908689168,0.5687031947025483,0.08560403451257054
95.6624441638921,0.06866914366127441,-1.6024063064960523,94.6304253918369,-0.6683915766821432,-1.5982508166837424,1.2143291048188631,0.02814123811973243,0.10441403124699225,0.25014843704377776,0.13956325514897858,1.3045781240224537,0.8362586913605503,0.10650042378071586
102.8785220202771,-0.04005615435621057,-1.3711735064973953,101.58182166019445,-3.0273763102659794,-3.02122930983519,1.4370192622482716,0.06984508605442227,0.14442061792253313,0.25201610588190915,0.15606934783307805,1.5507605674013802,0.9609026772983827,0.055196346262412405
73.90626607782998,-0.31929367114175244,-1.696533115371353,72.86191593328181,-1.3495305455216742,-3.0310400013845844,1.2168105105503986,0.04291862094551728,0.18453122635911506,0.4597604518195538,0.10632062409912171,1.1024467129857536,0.9212553246098693,0.08524130958978807
66.74641561854159,-0.8484953441824266,-2.2745528336804544,65.77726608306011,-1.50208909054539,-2.3532693103549636,0.9923986884735887,0.09000099906615577,0.28631121218277006,0.5752920890028947,0.12821470782063005,0.7348799197893597,0.6423219349993302,0.07181202483766191
110.29779870313509,-0.22709303859016564,-1.4103271689368644,108.83467339202423,-2.4730068163137537,-2.872023249544321,1.2514025915626654,0.0774117097054598,0.1879485946472078,0.3421746719254217,0.16859184923244563,1.6933849070787415,0.9212037887422564,0.07331286243769837
117.49133931700054,-1.2384570157728805,-3.075580026130041,115.97143971837792,-3.812228257280526,-2.6274004501165047,1.2381940088384173,0.10707874828537635,1.2039124223655397,0.9778412993487532,0.17907857929393825,1.414063989127615,0.9653067255593097,0.06044779054619975
