f0,A0,w0,f2,A2,w2,B,f0_err,A0_err,w0_err,f2_err,A2_err,w2_err,B_err
27.45588607844607,0.48368375618033865,-2.031294405608884,26.876466011069695,-0.05594038877432496,-1.588298422268203,1.2584052307864209,0.019075198542116985,0.12390964258782043,0.38091878189147793,0.03722386393497481,0.21135361476146305,0.46408754832562593,0.21673529351251816
30.94745637369221,0.5706429962501276,-1.7576488578874372,30.345086736964333,0.16474272895253206,-1.4157538310973952,1.3336117566708277,0.022185487583077854,0.11429925990491172,0.3121745419530107,0.049653099194188116,0.39676997101790074,0.4924498329569945,0.18855157853971785
34.49880022961918,0.12882051239268963,-1.8982291339217614,33.933477655176816,-0.07005419029581893,-1.4243439566374436,1.3743127410148768,0.03049778148701721,0.14802517768328669,0.4350895081851947,0.05493148599196478,0.24876386271720907,0.3858281120918286,0.12825588158056925
23.92906682260258,0.07095212998687861,-2.0358219302202594,23.43022274898216,0.07190280912404887,-1.436068993656947,1.2546075843112932,0.02323080424890487,0.16991141866070228,0.49556733585170415,0.036745790260096396,0.1605433600063484,0.2692429790301057,0.2221771476225197
20.654348669201617,-0.853119474356093,-2.7531525444547658,20.207882557703126,-0.5743558971724144,-2.0093461749694748,1.3344065397690186,0.03394993670979405,0.6224600715834959,0.8298859020786393,0.03934039858392028,0.5035455996389562,0.799492054583892,0.1652439362047557
38.102821489201276,-0.16252043238540687,-2.009083656798003,37.5654598928992,-0.34187238245602275,-1.5929647220848668,1.2297013207141085,0.02808324438114184,0.20115877790602585,0.5996430638067858,0.04801224853046095,0.7613362369401909,0.5950361522107809,0.1768228481880529
17.381220265671917,-0.8939251843127713,-2.2582319734349316,17.026505497721455,-1.4688441307209932,-2.4032664520232805,1.2719087205020396,0.03649830109106413,0.6259170612347206,0.6068535723530902,0.0455188340842923,0.9948404442163337,0.8430464641983808,0.19353856260452781
