f0,A0,w0,f2,A2,w2,B,f0_err,A0_err,w0_err,f2_err,A2_err,w2_err,B_err
36.535661437575186,0.29121714010908467,-2.5730780525617414,36.025337982368605,0.15624272844874468,-2.246138216340884,1.1713173418251142,0.01198975279738939,0.143453139128955,0.45053147757624235,0.005784596349387129,0.12052464458019087,0.35330427414741145,0.15600735110808947
40.21537645315997,0.3714017799429766,-1.9727851683503754,39.69975553509713,0.1579095939593334,-1.4676768186916436,1.036335490076984,0.038086637366447136,0.15122041798297645,0.4532726166271063,0.06288420120378471,1.2015129568237293,0.5081155704008512,0.16441486837846978
43.864316639912246,0.4020204468294061,-1.6028611223858937,43.279648183144026,-0.4905000889528218,-1.681055035831029,1.4181805510951846,0.0333561319688088,0.12088159707242478,0.4237005761626975,0.09506131346258616,0.6557414834054357,0.7157665137875178,0.09034966776912305
32.836082364386456,-0.08992843397110231,-2.1288303933905386,32.36358701225761,-0.3650670499319255,-1.6024743547601774,1.2008885201236845,0.021902149993144326,0.14343691359740587,0.4518784916612214,0.027207964499656043,0.4997047429472201,0.4458621825063325,0.1664393470780972
29.425012477904946,-0.609792600681274,-2.6752685745655365,28.939727099214753,-0.7545042104972812,-2.325323402925041,1.271480381902264,0.023338792188012294,0.2606861801357045,0.6794547411725079,0.03574519545569314,0.8908063947775734,0.7569617254508039,0.14467580701474067
47.53925088104378,0.24977703716283756,-1.2914104800178365,46.87317950539693,-2.254166668278394,-2.7924733796664527,1.0001592207301764,0.028506132792219682,0.10394356641616329,0.10153430171929186,0.0754121707599291,1.428757316106555,1.0117066821341942,0.1273621274474408
51.39994934025452,-0.08647604241309265,-1.6203343284766498,50.75148506474349,-0.5907624419206234,-1.7775388875381002,1.442828392804582,0.04030234496799874,0.1508324652461408,0.46249156745439884,0.0986150489146922,1.0377535657478938,0.9136856152748404,0.06715881135314038
55.45637871040193,-0.9031353948203706,-2.0139757541238197,54.66705735100632,-1.7862506873498738,-2.3582140907042914,1.1410347176088418,0.07243049759439533,0.9709134301900615,0.8998399677054195,0.11417613493167486,1.2316000516892498,0.9533266173183566,0.11948246676825448