f0,A0,w0,f2,A2,w2,B,f0_err,A0_err,w0_err,f2_err,A2_err,w2_err,B_err
29.924901382036214,0.33108767478969026,-2.207040492325705,29.3769376565455,0.18714222081127818,-2.77835461759656,1.0797085302557514,0.013345303619654214,0.10951709107517882,0.3278620972714239,0.010278943628610088,0.1292411785448947,0.3941594772835611,0.18912377273384992
33.68346360313954,0.6791687811926778,-3.6013384844123983,33.17482922764972,0.45913884674741456,-2.176861983379769,1.102645134345834,0.00549975221698626,0.16208265169455754,0.38487931304268297,0.012540463902778656,0.09904146383793869,0.30346777699218347,0.17680766129733222
37.44275814058166,-0.09168673574100994,-1.6148499654738857,36.9153772117027,0.18639764612165066,-1.7037027878365847,1.2063962479873216,0.03447047154420186,0.16958459392890887,0.451258740647113,0.009390347355635308,0.10544619525874663,0.2863954638890756,0.16333474692613753
26.237630960298908,-0.13599198645061028,-3.1012168212699898,25.71042259285885,-0.25772289974869245,-3.3708199607619247,1.0429594377251399,0.008756807889033128,0.16849914133750934,0.5092579051051602,0.008207123692365524,0.18169550066941123,0.5255234229836332,0.14550471264620332
22.710999950101424,-0.6463759914946524,-2.1881360466308353,22.202515765654127,-0.8824278863491899,-2.1021698469669885,1.3179096911227561,0.036104844554951256,0.5413363279317144,0.8007364010903845,0.04319667788151866,0.7737882499094342,0.8260266402663542,0.1842121578431091
41.34977577857285,-0.10326234665082237,-1.633232259883186,40.78067973197623,-0.18161762911070056,-1.5026768821952694,1.0660020179414762,0.031176916289640526,0.1451023654886772,0.43148868929068396,0.03330390931822445,0.36164484960691834,0.4236710083672154,0.16560557636922518
45.015345397171366,-0.9260798063279347,-1.9220023074324797,44.29849671073661,-3.2213419112511454,-2.8061139883825073,1.340694672777779,0.0710816451266233,0.5556418000198452,0.8263966499031979,0.08830712134667715,1.4807429786465467,1.0226209242203104,0.09449697070359554
