f0,A0,w0,f2,A2,w2,B,f0_err,A0_err,w0_err,f2_err,A2_err,w2_err,B_err
15.912930535004982,-0.03121926906640516,-2.7520290291527565,15.568682942077096,0.07247406429094794,-2.518210126476691,0.9634605655416332,0.013742689511803168,0.18232460944516468,0.5533132508804983,0.014838739431195663,0.1635052008130124,0.49115330032839477,0.25420122652196403
18.291173642667427,0.2892747852229605,-2.9364949311944653,17.94322783860901,0.19170547008385522,-2.4842385105657767,1.1518114919359812,0.010150973249047263,0.17895976361685004,0.44654307664405046,0.013146394700049014,0.1351788998159584,0.4215575553343116,0.21828283837420717
20.564822998218208,0.07493536964929362,-1.6596806759966332,20.240569542692917,-0.43515424708262385,-2.3273196430840297,1.381887881624812,0.031061254612706053,0.17494466733756614,0.4578579619522032,0.026453416471465842,0.8254626427461726,0.7743981249199489,0.13457280865957932
22.85232929686889,0.017900062012922303,-1.5023697537283305,22.510526061623086,-0.9290300682468756,-1.891613842735069,1.3403644640599857,0.028903420457792477,0.33232588282473735,0.5007069681568562,0.05810011385055705,1.1287109700163895,0.7358845581080677,0.15861362619611036
13.736786848541733,-1.2051663358751976,-2.5029719773047177,13.473707862034178,-0.8306241785925437,-2.5801401767665926,1.1800750959151256,0.029593724464620955,0.8752173960108957,0.9636202782042648,0.027393591158758068,1.019661097665197,0.9176054556088101,0.22703149572692133
25.10716734744391,-1.6802998763821626,-2.51746606748253,24.632094989258484,-2.797902173408117,-2.7981383453430198,1.4224891092857235,0.050137754991202856,1.0068769372240283,0.9342138983317203,0.0575871995710487,1.6021623813334183,1.051014441420263,0.10543413770882157
