f0,A0,w0,f2,A2,w2,B,f0_err,A0_err,w0_err,f2_err,A2_err,w2_err,B_err
36.648613919186865,0.500168319108608,-2.0664387342586688,36.02256507232057,0.4302076469602656,-2.3634932823480446,1.0278149877693101,0.015469842889629097,0.10296104935789703,0.3538536188540275,0.014343969759669424,0.1151798820026227,0.33852445397437775,0.1958619271502635
32.60549815328017,0.7259078062833452,-3.273240776040447,32.04567233404697,0.11793337336932665,-2.227203565181376,1.328138948735261,0.007622619811489285,0.17464563759581944,0.44066456733536585,0.017253365564227803,0.14069546313698678,0.5163317461670107,0.14879413893711557
28.44785816283762,0.03248243424602912,-2.295065799686814,27.85977830608261,-0.4826673355324678,-2.4197843464400703,1.0563062030643795,0.01670727124439661,0.12922096627610957,0.3608574057905047,0.015313182416928079,0.19023530446884404,0.5439521696832957,0.1662715183693264
24.70404922065402,-0.5944788964864056,-2.8087171432310027,24.171702287125193,-1.0374298423344763,-2.8544818398697402,1.091860315435561,0.018631685199263143,0.22582252794494448,0.6459545634374343,0.03123694838274752,1.0537370549236704,0.8245806162539239,0.1594807780720189
40.80174028195192,-0.6503689040751047,-2.134739998800842,40.21764267539457,-0.03782237600195671,-1.4366824150855029,1.1213819058838064,0.05050438571357379,0.6666020410397099,0.76686693481152,0.020635192049760238,0.150217890002046,0.2589156076803381,0.1549232281187654
44.973874368261015,-0.7524673423098137,-2.216009857765484,44.28179643571488,-2.117620941297795,-2.8526643048227682,1.092986434563017,0.0443918277122486,0.6175787514769571,0.7346257047748042,0.07616039110001929,1.5209284247196115,1.0446622034367088,0.10838722854469766