f0,A0,w0,f2,A2,w2,B,f0_err,A0_err,w0_err,f2_err,A2_err,w2_err,B_err
25.071731396172225,0.2333055838595235,-2.2654705136254796,24.57807138442028,0.2226056759716515,-1.339597879352202,1.2447021056600445,0.015335565464092234,0.12571156133660516,0.441982110773997,0.03752419622088342,0.11529701482496972,0.15056152995798902,0.21704408800347416
28.892688882291967,0.4556681969228148,-1.8946481554375634,28.29743145533386,0.2594562664909764,-1.335984491858856,1.3626332608769192,0.020838613275134792,0.1082686648115179,0.31134719365164165,0.0385555668947248,0.7036249031566881,0.545252009504931,0.1573423599719561
32.51492522041431,0.24462476602234187,-1.4900927629355654,31.907726054620326,0.25326665291320105,-1.311181033782794,1.289163292646767,0.032484535697696854,0.12652734981326297,0.2711362054210399,0.043528223818820995,0.12984664775589858,0.1498547364566209,0.18351763205808513
21.681536032361073,-0.5159971657094625,-2.2844407661065027,21.242590857905675,-2.6472860901918613,-2.5735133846505347,1.429271866202824,0.030916879810354868,0.2460807550457939,0.8252323564709093,0.04965596543645848,1.5959410465446175,1.0099953879180756,0.09193926682692055
18.099119094788655,-0.700024639592125,-2.9604697864906617,17.762933920206212,-2.048190062487279,-2.661991129632349,1.388553262460801,0.0190720255883936,0.2721713391818621,0.8655762578619429,0.04157837256139494,1.3520782103045215,1.0265817821717174,0.10658614270281871
36.48397043466076,-0.45492935905349113,-1.6929473147467964,35.821257553125214,-0.33821551335912353,-1.390727558335827,1.4290553461185986,0.06663808364891326,0.3053743315734528,0.7558517654910375,0.07565742232700685,0.8901353774993336,0.6541079825599204,0.09194486247852854
