f0,A0,w0,f2,A2,w2,B,f0_err,A0_err,w0_err,f2_err,A2_err,w2_err,B_err
140.01121087575422,0.22306266709754038,-1.9351022427822475,138.1751955318351,-0.21424996921131664,-1.5479061310693143,0.8725958510156184,0.016216300028953273,0.0894022453455045,0.2742023146538307,0.03133176018785024,0.1113823032107142,0.29159079362212,0.05602015224042528
153.4838181586393,0.518814399844773,-2.0297148295239484,151.70022260807914,0.29913978313033074,-1.6583095594391755,0.8501520121063507,0.013018563151258484,0.08711003588007458,0.23392140228809752,0.019312338094387014,0.0818298575567299,0.24551236349816366,0.05446444462669516
167.08547851764303,1.044500145506606,-2.7056721285922505,165.37985781747977,0.8331048974197068,-1.5301512539381499,1.4324100371827126,0.0083987859390843,0.1146648717690945,0.26870554139004743,0.011628997799051907,0.0744161251044263,0.17858506615154798,0.05490734365640256
180.59444363138746,1.13323436529761,-2.0377190289559843,178.79595510734694,0.9553842147396662,-1.3081766658684009,0.9642004228416711,0.03378846603227232,0.11310760482235747,0.36766797793743494,0.24434701630896433,1.544842783833767,0.4758524643500045,0.2082233825490505
194.31794049027633,0.46361166770785767,-1.366797502273483,192.49011129954843,0.6886777485982042,-1.2917299934916953,0.865886274748215,0.023077807214336044,0.09614080957220539,0.19648175227079842,0.2884998997722574,1.6004288246713518,0.7415972344538786,0.2482317959691535
208.18148519299794,-0.016351530532171726,-1.3058099357876287,205.7544500426916,-1.427343757297723,-2.6588317828806125,1.1844017841203374,0.051155656394999256,0.11976943443866016,0.1627042703576428,0.18956961666836425,1.5594197792479427,0.9737304672742866,0.05799672335365534
126.98318372823776,-0.3147602720691956,-1.9530607945540022,125.21536708322688,-1.9280503818973957,-2.6417810901973082,0.9628931540881127,0.02460651826840406,0.1346820222672333,0.4098801501393954,0.1919815094918941,1.6069009395856708,0.9653353170537111,0.052194197442165316
