f0,A0,w0,f2,A2,w2,B,f0_err,A0_err,w0_err,f2_err,A2_err,w2_err,B_err
30.820877659486783,0.3462485720466537,-2.3913038444866377,30.211692675662,0.17008786867989678,-1.8609344847292633,1.4162637584749604,0.012799246668795708,0.11651065853234292,0.38490146269673786,0.01416625851476128,0.11160279448500142,0.34160255317341026,0.10267631379572559
34.76702901730495,0.4313331688434997,-1.791446145461416,34.150660546754594,0.48793110719968813,-1.2944685596186227,1.3024250225995702,0.026408051893626407,0.12008461589311552,0.2734327042162872,0.03216376179202799,0.27422592047734734,0.18263201412711166,0.1787033036018938
38.70173749957864,0.24641071731201936,-1.663769642733744,38.10599224153827,0.030877946810489817,-1.395641187530971,1.4303124038252233,0.02353823165185289,0.09945118324961472,0.30289858988695056,0.039353823640227666,0.13886463913371005,0.2654767586109878,0.09233436239105838
26.984743065436902,0.11182893238540165,-1.8918255534506108,26.440861999484994,-0.4474606321678666,-1.64241550304465,1.3660092675072741,0.020240980213300123,0.11319896978438118,0.35275863966826276,0.04787285960459809,0.6767508573224653,0.5960926805634261,0.15009499909043855
42.651252682517026,-0.37955137522584825,-1.5477317748996957,41.96181726169729,-0.7412424432585786,-2.167153145708204,1.3514189795403824,0.04490260324550505,0.2975398316763504,0.4052618809175473,0.05324647496863901,0.6563923521094803,0.8832829223855195,0.12246679504015363
23.21091183075205,-0.9096745025628056,-2.001631690658769,22.75837987491412,-1.7015654388149763,-2.297932798743212,1.4109867002586098,0.04645052203560769,1.0370826752801021,0.8759892453226307,0.053229593922123744,1.7458762036700433,0.955383919914212,0.11530242738217168
19.645168039961423,-0.6164705049380603,-3.0922026358367876,19.21652248908987,-2.706360785882605,-2.499516704458024,0.9624970994732003,0.012119886295720621,0.20629345218463938,0.5743978668373739,0.04220585950695225,1.610924441194773,0.9652981717149426,0.12455971343488403
