f0,A0,w0,f2,A2,w2,B,f0_err,A0_err,w0_err,f2_err,A2_err,w2_err,B_err
32.38524376719944,0.5703602924253469,-1.5604085866010422,31.71458484476827,0.028085498019110647,-2.40503864697859,1.3513977230063077,0.021877844602048047,0.07735659289480003,0.2117959548922464,0.009850206670103534,0.1531249101308269,0.5706046762886542,0.1533573583878849
36.520129458207506,0.39498490208391546,-1.8985807474318757,35.85179601396928,0.4202054469444316,-1.3884852585327678,1.4423906807102795,0.01932917008942895,0.10473890563063637,0.3327601605024556,0.030265366406262203,0.10205104891202288,0.23061215648633462,0.07400501052384541
28.415513388826305,0.0010745303404649797,-1.5839640813329041,27.85776802624897,0.1867622817193168,-1.2741371264998036,1.3727553600471594,0.0389419113032987,0.18695949371413637,0.34006914056966525,0.06122363893376848,0.17452057765252207,0.15332212521757932,0.17717580469632496
40.64462532663885,-0.10689913016825517,-1.786064038921125,39.99326087168428,-0.811352663562724,-1.7217792178177032,1.4679574290924262,0.02627795078902993,0.1495690637463455,0.5268623065540847,0.08053305772145904,1.2947664203576057,1.0226722407982412,0.04984903378869757
24.449980628951234,-0.9105274424960252,-2.438273383947794,23.980385886720658,-2.2641837752786853,-2.421063248570838,1.4630671631245133,0.03436836180751371,0.6156070742127961,0.8782354415595388,0.05238395426549629,1.72355198654444,1.0747552314112767,0.055250260332170203