f0,A0,w0,f2,A2,w2,B,f0_err,A0_err,w0_err,f2_err,A2_err,w2_err,B_err
47.065377889823935,0.40250741233505954,-2.279376330136777,46.41302727895359,0.24111112685003105,-1.6668342177082855,1.4641796302377619,0.012679604914094015,0.10458967946060017,0.3240861692678291,0.02258949419521312,0.10195099153634733,0.2888706842270051,0.04749234663413159
51.808185065169134,0.5790267702548927,-2.0129507131027493,51.08618500841955,0.3203029218176382,-1.3204984307305185,1.3711618482525838,0.04458630684944439,0.13489101036185752,0.49005336104221936,0.052747142130989834,0.5037834785062122,1.0821297499655955,0.11661233704697145
56.54079817573517,0.44824967825608036,-1.3219588457932068,55.76910461384415,-0.3385916422921701,-1.5002938885507489,1.4434284701638482,0.030818828738529057,0.08325804309821148,0.1452142372813781,0.08168551753881387,0.9010945826166572,0.5685334706283769,0.06375735028452634
42.27376213709107,0.2943025223445528,-2.4760881639873906,41.58192090785248,-0.06905057886709956,-1.8505184226658227,1.1466460473244522,0.011560832466484294,0.11301132098309542,0.3266787003362285,0.023914057377395753,0.13155216866046857,0.3884191234676979,0.15381738406404372
37.78616376922373,0.10558289161564346,-1.4932236227658777,37.117403159551145,-0.2501866734765893,-2.9883193537972086,1.3180878097359463,0.027775569033355003,0.11340954682158032,0.2713960454183569,0.011338079489414989,0.1828203912343179,0.6262074136134931,0.13860767456938733
61.370733334876036,-0.10966700061255444,-1.387369041379661,60.45901775816585,-0.4954645537342736,-1.4587521111224384,1.3657105769148687,0.045248495627906844,0.18946397473440826,0.28610065287345693,0.13160964281559612,1.1199436869260162,0.8437269504227941,0.14175244209394988
66.1735511416876,-0.8975461204051471,-2.1544411617685784,65.2376337874168,-2.705236327399477,-2.7452514119681486,1.2737531490476408,0.06783577671823789,0.6586079325801852,0.9348329864625754,0.11823250113019805,1.5034579505931263,0.9838354039899171,0.08985790968780764
33.19563817511949,-0.9464376532088237,-2.4431524170224117,32.62979696144136,-2.3489815237551612,-2.5994673683072773,1.3094430638218966,0.042956631337551836,0.788530106971849,0.9774526550523075,0.06401105305180978,1.7589202758248297,0.9782518552843393,0.12739176438706215
