f0,A0,w0,f2,A2,w2,B,f0_err,A0_err,w0_err,f2_err,A2_err,w2_err,B_err
140.77380664234784,0.8220311144858656,-2.8229431209559053,139.1553156750409,0.5845101033888678,-1.5227063225444797,0.8439070026225179,0.008119731138399065,0.12177768256668038,0.29881689230661596,0.018481222492294103,0.06640734934975365,0.17741847388398269,0.06185967273270051
153.246659112801,1.261167345775117,-2.9561091398009496,151.50423336259954,1.0029656601876347,-1.270217269969908,1.3513638280475275,0.007118920665993757,0.1311578599975339,0.3210313796942374,0.003341303127197367,0.05701817966362058,0.08332564755592939,0.08263435843480285
165.66076020891552,0.8830490806949561,-2.1823120054414735,164.09067290328042,0.8274215551865021,-1.386127067547812,1.4860883498296162,0.011309565077025215,0.09292465808556287,0.22874458563013814,0.01103107810251843,0.06765561093899498,0.16947907798491074,0.017225441714987914
128.34729007448522,0.23340811813876275,-1.9805655985553188,126.81169366333569,-0.34481313097259125,-1.549882881339793,0.9845711926576539,0.015486259489637309,0.09214213514373248,0.28501673781310766,0.04883941810273418,0.15838855849994268,0.4439886699599723,0.06212798735961946
178.25128671654778,0.416765311992094,-1.3086526707887298,176.48159128981558,0.4772092278550592,-1.2765269800200745,1.0986577111675997,0.032292506567131,0.11096997710220391,0.15581672254223686,0.3057633393346988,1.140130031136496,0.8190144522291513,0.19089907758194927
191.1747291920402,-0.09385115254752038,-1.3929983244289161,189.2415430740189,-0.7840545770249483,-1.687946095481978,1.2382243819650904,0.04810287690621146,0.13765027905657412,0.24374217245862748,0.3146975460003104,2.083077440857984,0.9930544451413185,0.07933193496620512
116.45459608312237,-0.6747355978241832,-3.0146558888050636,114.73402756928932,-0.6482741605953863,-1.5704252007144048,0.9291932607059619,0.013343612888937999,0.19679306292311807,0.5450870082126201,0.06517229998008914,0.5407569471309404,0.5340814619930903,0.05353625459129863
