f0,A0,w0,f2,A2,w2,B,f0_err,A0_err,w0_err,f2_err,A2_err,w2_err,B_err
28.32378984934025,0.35098464948896524,-1.522442919380544,27.710075835086744,0.34099333841766355,-1.3834265687347087,1.2641200694834354,0.044684919174811405,0.17275434753053454,0.28064955061194297,0.04520876535512696,1.5252292034207822,0.4935146313097248,0.2628847610439478
32.65527044300499,0.15210941894719782,-1.6696215334266937,32.09523745962983,0.45589947192210734,-1.3357801879422233,1.3766722931771898,0.035686541826792664,0.15598781750629578,0.35763266651937825,0.0358615788024171,0.12011564640339925,0.15177481921605868,0.1323031745298828
36.834935806324516,-0.6888736254286711,-2.0181105775708983,36.293960833517666,-0.45114155370204767,-1.641576373580059,1.419855949493299,0.05968984765532507,0.640916561585987,0.7732259028957608,0.07713483414387448,0.8719471638724652,0.7272689290279345,0.11612928296936441
24.37234740785612,0.20121711781400395,-1.5917126994074167,23.86281755960713,-1.7904798034145433,-2.975541409375645,1.377470659356058,0.01813930860452664,0.12390251916138513,0.2991586345462906,0.05611434834192758,1.063620072170258,1.0262647834840872,0.10675977725105357
20.31464634903548,-1.0377191882386334,-2.044493897837664,19.943417574878602,-2.353928048619491,-3.000234942495936,1.2465975163081124,0.044928971004137855,0.9556192674030494,0.8313373583264714,0.04955580972660631,1.3852149523669817,0.9150885155326891,0.15090877442806158
