f0,A0,w0,f2,A2,w2,B,f0_err,A0_err,w0_err,f2_err,A2_err,w2_err,B_err
45.74741146744029,0.15091836029053232,-1.6309455470096113,45.108680857970214,0.0641502400571718,-1.5966849782421892,1.4100680021579406,0.024954971598965002,0.11004147254237764,0.29033412642241363,0.023375735911412714,0.11272929280695805,0.2931547661180121,0.08653462600412634
41.27851092039812,-0.16879055383334068,-1.8702007742638542,40.605682097121665,-0.5160136983094378,-1.7577458937359873,1.3510668144556321,0.026313944380225416,0.1389187741250792,0.37237267752152464,0.04363336003112375,0.5363414036358959,0.6227296107665062,0.11631614795525312
50.44746860799076,0.3652711366001241,-1.4503260891566485,49.76040721263243,0.18627918670063953,-1.2987993785209784,1.2411289135995145,0.027235485835590302,0.10096546826285678,0.23468630990140285,0.009171728299648577,0.14182615717606473,0.1154250473158263,0.16016754898320187
55.02148215937025,0.4580753052898484,-1.3119864957868494,54.3394394447475,0.010228490016214259,-1.6299663789639462,1.39020423851118,0.05181354054940652,0.12163897914616323,0.14965004547166874,0.04080045185891469,0.5847854907657806,0.791942936817812,0.09782198184334172
59.701235459043886,-0.0029861761215323585,-1.6050514366148783,59.01112436674883,0.13481845844237159,-1.3204954341843071,1.2056870033773808,0.04342928375170037,0.19877563293811287,0.47355214655445366,0.0951774286138988,0.5571331057074785,0.686196674908916,0.14387622055448757
64.22358970138562,-0.14258560189910569,-1.3634905847267902,63.390131757247666,-2.1097421753419665,-2.4182879901075194,1.4657970564575924,0.05684127698138213,0.23025996601511892,0.7041500483758719,0.09819234026584198,1.4270181436136744,0.9454416353039837,0.043973964743310445
36.96647503633438,-0.8841755275411881,-2.787351295720338,36.316299084022475,-1.5877433569956385,-3.291452764247081,1.2554424392268981,0.03504984709085564,0.7541239445433828,0.8372913542857682,0.05491026156639696,1.3494397815261616,1.0188732859611938,0.11037570436414343
68.94058898935558,-0.42051681395476864,-1.4233166682677774,67.96250787899334,-2.023818695963331,-2.735587539003632,1.2388021064314065,0.07611152614452432,0.921827420322909,0.6415115903503288,0.10803152106286505,1.4510904469574355,0.9391395982156219,0.10782547018211273
