f0,A0,w0,f2,A2,w2,B,f0_err,A0_err,w0_err,f2_err,A2_err,w2_err,B_err
24.660826650308184,0.6448944661130225,-3.4873540850344047,24.208233188025673,0.3775833032975975,-3.096032164671038,1.370513062484599,0.0061532094753669895,0.16538314871024676,0.3984616576080122,0.007723283342813006,0.15855883989359493,0.44487720335995407,0.11503152030933628
27.71441156378571,0.34201194121097434,-2.266827275561013,27.272904548472205,0.23528302362209383,-2.0662246541556417,1.1113212214383668,0.0140895580044527,0.10382888686822632,0.32242603904095224,0.009270727769062322,0.10812107177187416,0.3699467197555591,0.19926496741433697
21.528449019187658,0.18379713015183782,-2.835301482422539,21.059051076337813,-0.17284142273058953,-2.6811329516550577,1.1792965116552039,0.00921829627287619,0.13589188367347904,0.4037906460139845,0.013777794395870614,0.15506617933502465,0.43373794451925457,0.1825190555085125
18.62199754874977,-0.5208671069477305,-2.5804686791568754,18.177717357109586,-0.733697521681134,-3.1201080933805496,1.0507132568236308,0.01727573205459433,0.20249277120137338,0.5633552629521621,0.011609227170374832,0.2525348004999087,0.674832328366048,0.16981236820540466
30.91187541900863,-0.06916887290586356,-1.4208357420995767,30.485916380167307,-0.3206298388741674,-2.283571496680325,1.1522005055176447,0.04469948126118796,0.1587321117859597,0.26269789478416816,0.010542880511680447,0.1970795933021359,0.6648955494771593,0.17743302622663956
34.03037209354103,-1.408178301101877,-2.2879953109360383,33.522598262758514,-1.5350323973886177,-2.0522071841988283,1.1725253550747003,0.06835342289386107,1.1017426975536295,0.9880551424915492,0.06320425548700981,1.3989740951310392,0.894819662974665,0.14302888674814296
