f0,A0,w0,f2,A2,w2,B,f0_err,A0_err,w0_err,f2_err,A2_err,w2_err,B_err
39.7714039512481,0.5490472941718567,-2.2126420340276662,39.22817280775036,0.456662028521002,-1.5173694919937493,0.7089776605348317,0.03441863339104233,0.1678716572028491,0.4121668870019381,0.053870635416269665,0.7068613920147659,0.37143352646751354,0.15291677768580214
35.81673971344546,0.5156829654802606,-2.5757122223243343,35.25915145634838,-0.013275698242244255,-2.940749269462591,1.1692300573008514,0.011549934336712333,0.13501693585309638,0.3644816686351492,0.01147779537741595,0.1739179304052134,0.5416301765582902,0.15298915013840278
31.95691810649946,-0.30883598957952274,-2.0287901245588356,31.350504674339348,-0.06873537418266859,-2.8696565745181433,1.0890671267023309,0.029316315566213256,0.19734737658532303,0.5791739521951066,0.01206566573550109,0.17592782568769783,0.5891307590631186,0.18079431997379955
43.74063409859338,0.19301608346137156,-1.4274065891711802,43.175506170760784,0.028214967561468934,-1.4626932714082208,0.9878643237311753,0.0395710227304749,0.1375058778195633,0.2538954229013426,0.019496682869415295,0.5235382823182352,0.30006031424262675,0.16908984938279328
47.94059863370355,-0.21177821917827225,-2.0580119920000013,47.32320468998618,-0.032899877671846656,-1.3713394109606802,1.125043280923215,0.029954251206465055,0.1854496414375307,0.5636644670831472,0.08325161355362568,0.9634377523832602,0.8227420665622825,0.19385685368463682
47.943816111341285,-0.20474221998018927,-2.065616938581382,47.32383259034479,-0.01132441876125307,-1.3433930810127717,1.102860879516058,0.03261343005697911,0.18049085217081728,0.5571390855162588,0.07746781805155065,0.6355409347536034,0.6754174071030143,0.16997977364943334
28.132346973929288,-0.7213650378589956,-2.3306810918274676,27.586277429378185,-0.6642628945722354,-1.8953845231291084,0.8391937719637065,0.035430318889485224,0.3551623627379461,0.7941440611418309,0.04275667497880928,0.5447972741652535,0.7846996865662355,0.1773811820696431
24.244926198975215,-0.9303349700832029,-2.32968622028206,23.70362918395574,-0.8414504042522527,-3.306183205316078,1.076145498895681,0.036826031622669744,1.0598569807547995,0.9116748188247467,0.044810713895430225,0.6817029181922336,0.7486248476178721,0.19444828798064615
