f0,A0,w0,f2,A2,w2,B,f0_err,A0_err,w0_err,f2_err,A2_err,w2_err,B_err
33.48791328781508,0.4361277028378559,-1.5963211984368586,32.85826535512377,0.2729679745963286,-1.4063424616013451,1.4043729755704724,0.0207468140613442,0.09226738479051161,0.2548229283718313,0.01306559825544516,0.1079968741952535,0.20714412498052473,0.108666925165801
37.77778303124265,0.4535681296660584,-1.416066341445724,37.09339883933402,-0.0700312815348928,-2.5043193194957043,1.42194737685874,0.02439236449778001,0.08908431999298548,0.1954336350967499,0.012128693680230783,0.15844758797964437,0.6429305504403386,0.09636403489129844
29.34323821969212,0.039279167593460104,-1.53204216046082,28.771920776624984,-0.6559822562768068,-1.683634016506109,1.3970239133510762,0.03162582549988629,0.11626023339897404,0.295555537408658,0.04900546482364546,0.5510459987923978,0.7984453904844493,0.13492617234689758
25.72997013082048,-1.2358526227967928,-3.302981057194868,25.288528782757698,-0.5274405457024134,-2.282288664632074,1.0851006629542685,0.02644912656300911,1.1167693916977235,0.7963054754544364,0.02480460391676001,0.20295137129309312,0.6024809387745158,0.14101821671143344
42.10617288855418,-0.06408038604900038,-1.4779923714731997,41.35121866498896,0.2798471842169957,-1.3220474402443476,1.1330083762324663,0.03616846516899189,0.21749679500051436,0.3575943291367313,0.029920719180647263,0.11220891341661615,0.15365013249685247,0.19302325868662398
46.30385353371752,-0.7979839724493,-1.8521261315286814,45.589867639037294,-0.720917888096753,-1.7118325324397077,1.3092403289885723,0.07032328662949024,0.9411036860007529,0.895509366220217,0.07097406428419065,0.8329515188352928,0.8253337590080342,0.14439033820529978
