f0,A0,w0,f2,A2,w2,B,f0_err,A0_err,w0_err,f2_err,A2_err,w2_err,B_err
30.29396618433759,0.4745643259962589,-2.1032020819310975,29.633621318232464,0.5058216583181867,-1.244847750494733,1.447870412903665,0.015291955923969766,0.09868877113337446,0.34950186950865303,0.008278244590510677,0.10022198203618617,0.058549404447127584,0.07293245521078319
34.876395109765724,0.5295015014392002,-1.6230650265927014,34.18838799476701,0.45005173196430437,-1.289727244225888,1.1847086772446922,0.022699986911336477,0.09258479818183596,0.26581199675567296,0.024133467982435874,0.10669249785896488,0.11465651969460643,0.23805314188589277
26.123903604591533,0.15264859140102743,-1.514815726373972,25.677430116882142,-1.2627123909013296,-2.285665632384557,1.4361331257560095,0.02735563827171061,0.11831254661652697,0.2620671421513938,0.059021748373816935,1.1330142053402723,1.030013958722144,0.07869340389136012
39.262568854763465,0.3326790114009838,-1.3582479982160798,38.57533989240275,0.08411741557240898,-1.3208349499230279,1.4339341018323895,0.02692142523776058,0.09942392422836803,0.1534766066407444,0.024765563973756864,0.15502567817684224,0.25420973919778755,0.07795525511739793
21.72926334070937,-0.9699450540809322,-2.930053783347529,21.342812769050052,-2.9740000912464923,-2.7367388604123644,1.3032825530544234,0.028305259703031202,0.40869340976401025,0.8355996381153719,0.04665853372661798,1.4920057132606928,1.0080012894072063,0.11641246265450202
