f0,A0,w0,f2,A2,w2,B,f0_err,A0_err,w0_err,f2_err,A2_err,w2_err,B_err
33.25404993956551,-0.09931536230721966,-2.9625464030872273,32.65268628961409,0.08478070382511713,-1.3516329352964251,1.4309650468568655,0.011042169070438894,0.18309674645458401,0.6334749841081214,0.03877857723152677,0.10925034271140627,0.17853368617217605,0.09202379378356133
37.52413770799807,0.5618805451464444,-2.0834113894544766,36.959564784681625,0.06066582921386502,-1.846107006381261,1.3970402880816806,0.015723748948644214,0.09249266345159375,0.3235617550371067,0.023043958192325274,0.17023516601010186,0.6527547405953543,0.11300537398053186
41.81142604234567,0.5940775372504112,-1.8063042671726897,41.16555033084659,0.16459369018571468,-1.3990628271281214,1.4699155340573204,0.018136781782989688,0.09218185494497715,0.30860184496009324,0.034957814407141755,0.14093525442962204,0.3557257344937297,0.042295217498524676
46.022504548652144,0.17612872915995223,-1.60220919925653,45.40945160409019,0.030609265015195578,-1.5091323029028678,1.3807752344484494,0.027269994226381863,0.11090377096741902,0.2926548864288788,0.023381917240539785,0.130588795602818,0.2618632916711403,0.09948503645023421
29.389854387848047,-0.9015753421872211,-2.790560381248967,28.809178466253908,-0.6397621969172705,-1.8654860324125235,1.3603796890674977,0.028956695979007123,0.6279914418123755,0.9239833585445593,0.04600060097203431,0.667590380023906,0.6289070772730382,0.14246659252869337
25.231447649513157,-0.8043989761568764,-3.064330477835265,24.71070272117042,-3.0200412954818594,-2.638833165525815,1.2858188917617988,0.01953019718771498,0.31113522149188144,0.7314533703793242,0.055437180064422734,1.588616626692747,0.9457273818755402,0.11350559844712876
50.26354811062637,-0.500897938213843,-1.6101369566723038,49.663161117677305,-0.6635792112163785,-1.690254489348702,1.3900036209273081,0.06666850167264678,0.3912159462600163,0.6355145063494755,0.07526784410242819,0.8449124927350843,0.6017478320900305,0.090310134148192
