f0,A0,w0,f2,A2,w2,B,f0_err,A0_err,w0_err,f2_err,A2_err,w2_err,B_err
32.957214476112966,0.4946889569555322,-1.7509426861891566,32.32317936394564,0.11363749993468952,-1.3582187329497253,1.3779658149511054,0.017915298584518517,0.0894720867058778,0.24849681374019839,0.015360085635727523,0.13241330999848247,0.20396666524266377,0.14332867639465346
37.19732659869844,0.3872405707131488,-1.772133271773014,36.482030858885835,0.36518251705031585,-1.2856415157622223,1.4553346285358395,0.02129306404662891,0.1009738706120006,0.3108144789270747,0.021652400380424163,0.11181668754978438,0.12031470307790308,0.06613620821047006
28.733560227528795,0.30605545741665885,-1.9088039099594185,28.116367166400966,0.17819535846553664,-1.336779537770388,1.2717355205239564,0.01875249652536516,0.09938156845445292,0.30644446623024835,0.012833622773987426,0.11447156795872217,0.15874036872497996,0.2026246098558495
24.816574896668676,-0.38647699125689233,-2.3093112366936284,24.335406870264848,-1.3016351294440973,-1.9498150269839234,1.4233433026251148,0.022450284826974445,0.1837063327755369,0.5775674328909255,0.05532872860247126,1.4632285110635217,1.0140674817885154,0.10092847862979965
20.767490162342742,-0.9823283264605238,-2.27685123238395,20.403788464740774,-1.6439714078210037,-2.553414295379782,1.1856744747434946,0.04159197743660508,0.6193523756399624,0.7894333885225039,0.04904178796410001,1.2062706120057995,0.9558465750870008,0.15699018531907177
41.47390798168766,-0.3570840983463688,-1.99138125000797,40.86499704800043,-0.9607044674523072,-1.9400347934254096,1.462319868843918,0.029821407686310544,0.22974388684628305,0.8201860832923017,0.06820549802171108,1.1404132909867495,0.99399228012178,0.0488005993554876
