f0,A0,w0,f2,A2,w2,B,f0_err,A0_err,w0_err,f2_err,A2_err,w2_err,B_err
32.00402873402805,0.26815042941202605,-2.5971712036542494,31.396077625862056,0.06563033086395151,-1.5385348616280279,1.3924573987742828,0.012184331072502608,0.13247324957278797,0.38854281008118974,0.025583247234949116,0.11123026392554372,0.26358011250383234,0.10289023266836785
36.169582369869524,0.46201175250181004,-1.8081413286028913,35.527952275743715,0.3502811198294424,-1.3467492645156962,1.4354646399232849,0.019686990719512156,0.0913087247470738,0.2756348238588071,0.02843117550513234,0.1036975471874053,0.19548634678715304,0.08198519004941478
40.12851453971604,0.23332631910904142,-1.481124671001334,39.530094553218554,0.2100246291954086,-1.380128576066055,1.4331749297553573,0.02978418542704925,0.113806946048821,0.26885396438583997,0.02518282470144785,0.11070810217117713,0.20284734255600906,0.07399118575074816
28.16555292390155,-0.0019497434000593436,-1.7365725988723506,27.646521132096872,-0.9135463470074121,-1.7435148852894153,1.4507267974437021,0.023003044740263386,0.13245513489337407,0.43141300152932177,0.058492918862852954,1.2215097971572921,0.9587148688669179,0.07725464030305101
24.232289790030837,-1.0449183251416965,-2.510232134894809,23.667225643502587,-0.8808392744054836,-2.1387029718704955,1.3728422702043352,0.03560123223916528,1.1653617974528296,0.8386704627158323,0.03903055799249912,0.9969729824972485,0.735853019311693,0.1379130073472532
44.26875451969809,-0.024552080678933386,-1.3344322530346928,43.64695888293446,-0.8189338885581743,-1.7721980785716829,1.4139941018780777,0.07326347732087522,0.2557318464828779,0.2542756511880487,0.07701417526250562,0.7090354514848777,0.784547504815681,0.08072978611975838
