f0,A0,w0,f2,A2,w2,B,f0_err,A0_err,w0_err,f2_err,A2_err,w2_err,B_err
18.032904161158722,0.09839824958423235,-2.3855362293664175,17.626214742137122,0.05072475267956486,-2.8109042106533737,1.1678638617558204,0.017002854815710945,0.14415763519732722,0.42683396306008126,0.011776237110550817,0.17454234541578525,0.5402302339650303,0.21528279583318824
20.702859093740024,0.311227038394814,-2.725219638504847,20.291753115008433,0.40773246849264944,-2.351004717282622,1.086057403533077,0.011883984174551786,0.15887301409595142,0.49535450926994207,0.013807221182235542,0.12730205536909314,0.36484180922746506,0.23598110721669197
15.537736102627001,-0.07239451015475311,-3.3100542286348817,15.173535171005543,-0.4228002936304225,-3.2960620964292513,1.0141537685462383,0.009122453204177029,0.1896942275950768,0.546608777603837,0.010727204944062457,0.2080258464327522,0.5488617352319847,0.18873002170050993
23.329238062319842,-0.026788158883400706,-2.2828052132707883,22.919327689462254,-0.14001567720143804,-1.6833653079715483,1.3296894267201629,0.019693488445331947,0.182707471913145,0.7240030328941158,0.030947292674424583,0.1852906642786653,0.44579022729681367,0.18738552100150602
25.989077697160504,-0.44087114503870717,-2.153241787073121,25.574849905245493,-0.9304150462933571,-1.9739524456530222,1.2826172014000323,0.028907586061187325,0.2645650318113995,0.6705221086307505,0.0577951236405421,1.0385314789192464,0.8722407518282037,0.19368314039372328
12.993430351045864,-1.0051378046387975,-2.5070747303976253,12.686702585645769,-2.1516077399902196,-2.4245081916102516,1.2709813830236705,0.027178829044535075,0.6317427678314935,0.8637224587442851,0.0338239422597762,1.3130002961281644,0.9281797359877287,0.1738548343473557
