f0,A0,w0,f2,A2,w2,B,f0_err,A0_err,w0_err,f2_err,A2_err,w2_err,B_err
34.88005896429745,0.4654225001123959,-2.1827935682416753,34.314871996710956,0.441213790933185,-1.601705322355785,1.2114744474226784,0.01509221769673664,0.0985797912857084,0.34143835869420014,0.02127536275768548,0.10540905052573946,0.2874463542972658,0.20216339774425493
30.9004852394343,0.3178100658954327,-2.623402742812345,30.322703813513805,0.2877806040799785,-1.6011657189633275,1.3798066252690493,0.011428172108843287,0.13206700824737844,0.4544424380583589,0.025120443155928717,0.1076994537396957,0.28439693387522436,0.12375790877883519
27.091595018128814,0.11147083070283412,-2.5292765780791995,26.52395457529437,-0.1754538148955581,-1.5028761560479704,1.3735200512058168,0.012344805449508308,0.12163273075716881,0.37738608978372734,0.02464906067013988,0.17250445628231814,0.3566752521674975,0.12896004734597194
38.81525781900125,0.37661114717078054,-1.4328145473449883,38.15876242631304,0.17886848760988278,-1.517769950019804,1.4206809633253814,0.029213658325438457,0.0998936953875326,0.22915696014416603,0.028941997623076657,0.1399273747111117,0.4162558537952269,0.09608111291901117
42.832542896515704,0.02177638759582464,-1.4485096008045857,42.206298561751346,-0.1207342938657985,-1.5774107217425033,1.3066949185791383,0.03634096564275356,0.1287056619469302,0.2375104509454386,0.018722655071228587,0.1722947703226791,0.5301142224193619,0.13997991892464104
23.387566253309316,-0.6313646419565657,-2.4172327100794186,22.973178295949488,-2.5867176976654593,-2.677149869066797,1.3723018541781686,0.027341548146869617,0.2862610815830457,0.6434859240542272,0.04715668648808335,1.679005490952144,1.0095865354095659,0.10541429020881864
23.382359756896406,-0.5707980388690319,-2.2483689103839533,22.853477411612566,-1.4818752512233409,-1.9327793588863291,1.2775521825434497,0.025906140925913368,0.29359095763664805,0.5406352823591382,0.0602657121721084,1.6733248326720263,1.0376698159601196,0.23843317216334095
19.61807414264339,-1.3736843331537243,-3.0347171845686347,19.25130519571069,-1.9698159724043593,-2.5647501612305295,1.3690543145585516,0.04860235764549874,1.0376928105857965,0.9722822139795395,0.044807574473366314,0.959843992307115,1.0015226005900622,0.11071171844587294
