f0,A0,w0,f2,A2,w2,B,f0_err,A0_err,w0_err,f2_err,A2_err,w2_err,B_err
27.80234938901127,0.23009503688962296,-2.9541043557477176,27.36635242320826,0.3334544634114281,-2.5844794510328377,1.3515836315661063,0.009233690671224887,0.15882133923513977,0.4684719702153612,0.009294821360678033,0.12327039303517988,0.342099028913064,0.11795640068427322
24.696137666759554,0.5395766571509129,-3.083314491588766,24.237050329470343,0.28640212661174064,-3.140755129186937,0.8690584369349098,0.007336860918894984,0.15628014414262975,0.39089007937989506,0.007295831289108328,0.15904295519451736,0.43512671251448265,0.16799228079634101
21.623770963853737,0.0027731846937722425,-3.2759278829565917,21.190850477604947,-0.19143980694118282,-2.431313558054127,1.1158521854865024,0.007534755317850985,0.16793827703311276,0.4832600651675043,0.01605728348111603,0.14964388446263585,0.4600181290846841,0.1869934649829258
30.946544292341816,0.21721378152101162,-2.432102041828278,30.49802361261016,-0.1118836999118562,-1.7236103506848748,1.022333420352539,0.013112630739265364,0.12700844038781745,0.41361492711741255,0.017085385417628492,0.14371345333735608,0.3445171066470384,0.17678191783947425
34.10159328883373,-0.06735490988056406,-1.3523989208469283,33.630556356157335,-0.6534619732514173,-1.5967433996128417,1.0293603522543076,0.05092093221985817,0.1873198629050286,0.21919690160284763,0.06441683028145322,1.3908873654485199,0.9479488344989989,0.19669044883874442
18.695629981276152,-1.05078376507383,-2.4295229698792946,18.25767605806692,-1.3066265981419698,-2.8234684969642867,1.2005193015398277,0.03441508266493185,0.8631462080566256,0.8059039551204616,0.0422589414759978,1.0212542292718492,0.9412685430461442,0.18823595165156967
15.778804475300118,-1.120791244114328,-2.6213743835289365,15.456177944236845,-2.278689316995116,-2.5756157574080065,1.251106358725166,0.030888555096436197,0.6540637626906921,0.9202586426658967,0.04001684117223165,1.4745897430888013,0.981377550977567,0.14652541105321315
37.48517925962585,-1.305015900489337,-2.7598247622897474,36.903395054703395,-1.1497852619202704,-1.911975487104927,1.0854672509183048,0.0516384369374276,0.7921183526801748,0.94681184923937,0.08327733640061431,0.9613287168179265,0.7580951288686877,0.1154016862941475
