f0,A0,w0,f2,A2,w2,B,f0_err,A0_err,w0_err,f2_err,A2_err,w2_err,B_err
24.329825267060844,0.30443838282416524,-1.4234349037773373,23.814422331328046,-1.6653793831845363,-2.5837089542151195,1.4499348476844527,0.02749567141091313,0.09590182039848545,0.20356596906670577,0.05125949181929138,1.4766583574461225,1.0376616570630839,0.06695978149506904
28.31099107453217,0.40418478391163026,-1.8354000490314815,27.694231972372542,0.11154726824647518,-1.2952724307630088,1.3683922402569701,0.019437379506737282,0.10472190174468446,0.31426601631679374,0.035708662977023756,0.21356127944655834,0.18909495937414278,0.16021602239495122
32.68615082470477,0.2911618675413672,-1.5433070042534067,32.0293481695854,0.17999324680138806,-1.3337874287702733,1.3515423878934767,0.028145433225316634,0.09862914606051097,0.2291946878198483,0.023316888581078533,0.3636080090726998,0.39106493717694274,0.16692244369315912
36.65467698335386,-0.22207482854237987,-1.4788546048946192,36.1246519359886,-0.8316118813094063,-1.7575502720386262,1.4576885546704583,0.04277254273901931,0.17490427045128987,0.36634946026095044,0.08470419876165995,1.0524408502078,0.918543900762698,0.06344870140268223
20.280094599983798,-0.9758856880825633,-2.5129679545579986,19.915735140142218,-2.1353171657821997,-2.7118601993326314,1.2957860501593064,0.034164897298196314,0.7444749430513391,0.882861919591778,0.0425299255830886,1.410763775659074,1.0027258640868124,0.1330981542313528
