f0,A0,w0,f2,A2,w2,B,f0_err,A0_err,w0_err,f2_err,A2_err,w2_err,B_err
32.66620392379389,0.3456233492163302,-2.0185471928917433,31.97287062986497,0.27295895823859834,-1.515442142427202,1.3006849173687842,0.017294131909544652,0.10217812017854669,0.3128620917893844,0.012879427382521161,0.09561520528855746,0.23860564377818808,0.1579027670800312
28.603615790576242,-0.09221674566517507,-1.938576742339077,28.00180200880017,0.04417798455388801,-1.3845668568620617,1.3907679254206626,0.032973445173974214,0.1817769027176726,0.6145514509455454,0.031182697956727668,0.14248933207435943,0.24874760462417533,0.13647770056291705
36.91431131388631,0.35475506144083224,-1.7324937138034584,36.23318482988452,0.41121699426346353,-1.3208819436402897,1.2661841281378128,0.02111178876432334,0.10161832236689448,0.29362391689150336,0.029336995847028268,0.09904610256681895,0.133645044491319,0.17939853634500352
41.016055092129974,0.055141332697255914,-1.3865548346611174,40.25650689234422,-0.08082736036225488,-1.4165843462937715,1.459022284636126,0.04183588299032936,0.13521670585873877,0.19733003924806228,0.04257219778760433,0.20306252601144925,0.5912423922968186,0.046993113117944796
24.722557832674596,-0.8918661300051893,-3.0368671572147763,24.24766863814988,-1.8211750372907043,-2.515958514383564,1.4014104115709638,0.024187785424106073,0.44302993064683804,0.8130014047862977,0.058722214571129604,1.5145026876434746,1.0104283198225157,0.10122913240866227
45.32533270975332,-0.8367671133607192,-1.954067845909568,44.62572402675327,-0.8160700336140194,-1.6355308495819774,1.3950035268058918,0.059177525008145354,0.8310812216697552,0.9477297544379181,0.07244876476980136,1.148114762013221,0.8559968465841369,0.10900520820985304
