f0,A0,w0,f2,A2,w2,B,f0_err,A0_err,w0_err,f2_err,A2_err,w2_err,B_err
153.84298588192047,0.6302047824690268,-1.8712687219265192,152.2242010736272,0.7054474380066988,-1.39575996238741,0.9703561586753691,0.02029121202883914,0.10833349669118057,0.33039045237985054,0.3176118718351588,1.2340755568688848,1.0441276247163702,0.28429193275348774
142.30199678198088,1.2769955248835434,-2.9948151428891965,140.872288677185,0.7703476535926761,-1.9090227810540732,1.3632860932164999,0.00756737689504013,0.15906822619443758,0.37679853513307376,0.016880724527553456,0.08961672448234091,0.26147629314245474,0.07855224219216934
130.70995172330603,0.6396660747149127,-2.273163424954484,129.19257281384978,0.3349472035164815,-1.5154020653213178,0.945118197999414,0.013276365115351976,0.11201326547698615,0.30140006542583897,0.01241514539517864,0.09416007581422887,0.24213143621403754,0.07526585476755904
119.10650025536346,0.07684592703178304,-2.0687592893735465,117.66967209644136,-0.4754821286110771,-1.6074933124793456,1.0006384274453302,0.020054220487092086,0.12185202515595189,0.3533889515067843,0.05512318022653459,0.253702440513209,0.5422529493646963,0.07705392649951173
108.03449189665707,-0.6344067707128414,-2.463302144714069,106.70843018003879,-0.41635811919772214,-1.477406550944171,0.8928445641065564,0.024101153954958873,0.2262083268705361,0.8255181961332803,0.05932505846310608,0.17785585858816122,0.30333303122716354,0.06798206525172075
165.63062703160696,0.3824125057444925,-1.457377192812836,163.92994959562034,0.2073199359025522,-1.3268139393284093,1.037807636300963,0.030059367831094714,0.09618289137928225,0.2178031436659327,0.23762707296031899,1.5025520343396632,0.9867351661428597,0.18359972818572257
177.5112995356311,-0.15813721259417493,-1.800732507278799,175.69188773461366,-1.6359006705228338,-2.033467357890932,1.1464831209614221,0.05106795327468407,0.5155675394323196,0.5200154892124494,0.29661603478952564,2.0452566033498494,1.0519720516795306,0.0798443863270641
189.47560394055444,-0.7645749886637478,-1.7862483707629582,187.50203189254142,-2.2203896658579683,-3.030795339555883,1.0477215507673447,0.2351492768934749,1.2019450913754117,0.797546882269121,0.25145644880425827,1.3450044335558535,1.0211775286599294,0.05420668705565444
