f0,A0,w0,f2,A2,w2,B,f0_err,A0_err,w0_err,f2_err,A2_err,w2_err,B_err
21.12783681577625,0.40441904532578754,-3.119077193976622,20.7342242865071,0.2548943380872743,-3.038490829392563,1.393390223718395,0.00781193054720726,0.1569929864283884,0.429086075983104,0.00834394651727374,0.15541237435701416,0.4386582136623628,0.10662221055774213
23.77045630907548,0.16543508141819968,-2.0904438144265347,23.362841672878446,-0.1469424135955503,-2.139430766093876,1.0849630031086948,0.0172535624426952,0.11925180764417281,0.38818399937658143,0.01219690614859126,0.178614789092213,0.6018002899217493,0.23483065478517282
26.500494001737234,-0.16960254700187014,-3.158976795443541,26.116631488540122,-0.3574822358059353,-1.8167768789562124,1.1126129053649354,0.008647401144687981,0.16814058050233524,0.48908778954021703,0.013167848522826467,0.17867562709333806,0.3802177709002785,0.15316279848939468
18.395435898189277,0.053079337716597105,-3.594733430300228,18.008289304644357,-0.16786996457153522,-3.543452476634978,1.190696996881456,0.006167867309086158,0.17144193906687563,0.4455781132623566,0.007576812269763145,0.1793784465453696,0.44753225571134064,0.1444485612007832
15.945056343466415,-0.42843895378112323,-2.786299260717734,15.556564785653709,-1.1011327798058426,-2.073670243776334,1.331449657461471,0.015903588860819783,0.20591687216911136,0.6570289448277469,0.03691483026984661,1.2551399179259581,0.8506671817973603,0.2051681514174745
13.321023815682931,-1.060547231123016,-3.02052776858942,13.018857956647103,-1.685216099935698,-2.341029296360948,1.0041081255646276,0.020180831189285323,0.5102553247013266,0.9030584945095826,0.03738054860429218,1.191843081737654,0.9440768108535463,0.1843133899631974
29.3298473369803,-1.4054201341618535,-2.5782519708024165,28.873523699084043,-0.7371789006873278,-1.8659087295650822,1.0285299605609561,0.04850622825937473,1.1767348184587854,0.9011492568173629,0.04546174414309481,0.7952627369027343,0.7007765901854459,0.15562950346694593
