f0,A0,w0,f2,A2,w2,B,f0_err,A0_err,w0_err,f2_err,A2_err,w2_err,B_err
83.20989358455518,0.7301565643318364,-1.359113748801593,82.29388527829207,0.4367532813900485,-1.2929319554077874,1.4821699981049097,0.03240317084976521,0.09743903086104401,0.17627900557697265,0.042457476371817786,0.23196605498534556,0.19511158741286586,0.022921549289742677
89.87062222133369,1.0618158481264204,-1.2441086934933059,88.9108513492354,-1.4811892888583198,-2.24727347234071,1.48454497008278,0.08318961527905508,0.16207488505124967,0.14690405704474196,0.15739247662595693,1.2368911732972598,1.0635179645791184,0.02358759203199076
97.11730422969177,0.411591551043462,-1.3414876482556328,96.04729006167616,-0.6020901781718048,-1.6743203611996447,1.4640336492891526,0.03234513863855213,0.08513960389035546,0.13913473754829322,0.12326097908920133,1.1720391142688658,0.924869388411906,0.04273104945580294
69.27841330986813,0.21156589408800985,-1.38494753888559,68.42538819618986,-0.4977532240204702,-1.5719606631719063,1.333925125186815,0.0335989539829984,0.10108139369343433,0.18826623837919632,0.09613470561333129,1.2725480712616277,0.8182186515152857,0.1162815685758535
76.28440469873163,0.4937369098091755,-1.8688111405741723,75.42998704082683,0.3870296794435547,-1.8543518525429408,1.126429185329465,0.016216486978755714,0.08580927868475817,0.2600101544227674,0.017633718179039554,0.0857309585635258,0.2403008091357237,0.1043089683705442
62.788800851135264,-0.3127160534631718,-1.9152275261645797,61.88465029728448,-1.6398180834957792,-3.1063342132132767,1.131817403474212,0.02664378399730832,0.16076296363199702,0.4371695251949037,0.08484582086373321,1.3252936385729714,1.0214993113135762,0.0890960227344441
104.1653814000481,-0.2657747321649128,-1.388120554663042,102.80916967120532,-2.799753321892041,-2.503105630005073,1.4170345978875447,0.09312171273530184,0.2956331892060231,0.5498100793759104,0.18582783754577262,1.6950909440299275,1.07691965905016,0.06677077291297677
111.34680961661947,-1.952707680100084,-2.580680383207595,109.9148892924035,-2.840994952418126,-2.475841702943888,1.0823837792958466,0.14945065542942124,1.3280323902244415,0.9378865448420811,0.16790014677223486,1.7072227517252676,1.0171601419685539,0.05712630761107916
56.12092105212466,-1.4626643972934992,-2.868754769332244,55.2663662262516,-2.7272999206513253,-2.7102458981758972,1.268154072662016,0.05893797154006176,1.149632855784113,0.9692090779705642,0.10889922612849304,1.74898209599654,1.0404397740778,0.09014967673875796
