f0,A0,w0,f2,A2,w2,B,f0_err,A0_err,w0_err,f2_err,A2_err,w2_err,B_err
58.093933567584216,0.9259283897615267,-2.8666330976572207,57.355924419673684,0.576658314362313,-2.7862031927581143,1.2062792018309372,0.007850516885486094,0.12714501880893606,0.3353691870054212,0.006099048191698566,0.13561014895426454,0.3591853071128054,0.11822731787882981
63.83568721543327,0.7887656525680014,-2.5773647016534964,63.07610824700595,0.6606034332762287,-2.18620858315589,1.280895652305379,0.00977712639453114,0.11496669420124092,0.32326437048448997,0.0070381112710565,0.09834198117160335,0.2858089281753667,0.11918376223304757
52.33967619552939,0.5918008540402546,-2.4688085793029915,51.53463462272204,0.25978381686490204,-2.4071544035427666,0.9545960391703049,0.010562131450489034,0.11461949207002538,0.3085447148434381,0.012099063773715935,0.11751427315507301,0.35716236684532054,0.12971798203083248
46.65689301712677,-0.0116875138150292,-2.273608570013077,45.88291661140797,-0.31251152041381147,-2.3406651847370195,1.2324259292681483,0.01614027255930546,0.13213012923741624,0.4276935563110246,0.02143041499971403,0.18335465881634108,0.6352753495459194,0.13246048919313783
69.72530574667277,0.2815276131395382,-2.0575147384368395,68.94486050552962,0.3130615580379457,-1.388959005039282,1.4068233910420103,0.018040716996947672,0.10306807344246645,0.3161130322164015,0.010542208486167708,0.09891379854753861,0.18649334181469845,0.0815387658621572
41.25583094695274,-0.3127089683058245,-2.5450761306810663,40.60663359294761,-1.7954531539869474,-2.189422262981407,1.2525514129404272,0.02068396302655432,0.17308735210825432,0.5116630972103041,0.0914639955761596,1.4710648000099942,0.9780106784458757,0.12895334339090045
