f0,A0,w0,f2,A2,w2,B,f0_err,A0_err,w0_err,f2_err,A2_err,w2_err,B_err
37.75469940268256,0.5911748546492577,-2.5201008897858816,37.13742793502625,0.37400658221669447,-2.054653251689234,1.4334632726126493,0.010267636286760343,0.11426689388554097,0.30797052148719983,0.01619772514911131,0.10243943894361143,0.3266100211794537,0.07607527105549061
33.41581254804529,0.16566322690068064,-2.8105153181778313,32.83063399792371,0.04619857812903197,-1.4120151439072122,1.390336716336415,0.010444894837399023,0.14783845166999776,0.4126471019357935,0.03711550346328765,0.11875664076629358,0.2180192222305045,0.09861040174186508
29.445381471213082,-0.1682167838569448,-1.8942251838274655,28.80885040359949,-0.3796542532390464,-2.3450829507093593,1.1818316960778703,0.02216837054497286,0.17199504142984115,0.5093056706750395,0.019238825559346355,0.17721244022279195,0.5098297434784109,0.20558460243022914
41.90778316384855,0.44845204544497214,-1.552795304483169,41.288903909998695,0.23612624606875462,-1.3327814048483257,1.446183405104326,0.02458839799371206,0.09882483787399467,0.25783617307277645,0.04179675050815907,0.1623335569812699,0.23171284921784813,0.0719570821694835
46.266044397079376,0.08073251863103398,-1.40287437831882,45.612500422041734,-0.3992111519226982,-2.072457194271329,1.4369162412069882,0.035512676630246626,0.112044499368906,0.2267853881594928,0.03307894838370035,0.2099125664891595,0.6284963804707027,0.06926510006195709
25.393912625459482,-0.8797348044622622,-2.2321378713558966,24.89918999887682,-1.2607755418057232,-2.355226595264505,1.2972889548606716,0.03950552548091875,0.43440675191395983,0.5729528771771052,0.06451962876402248,0.7202502221920392,0.8243389971056116,0.13189554441840645
50.47111574693646,-0.8811006043688135,-2.1167160097131967,49.75943999702619,-1.707242854927645,-2.7436023212743077,1.4060633447347453,0.08454202200425032,1.134342147060364,0.9154432943867795,0.0745728320153826,1.483868408074652,1.0447037090068279,0.07998818975642787
