f0,A0,w0,f2,A2,w2,B,f0_err,A0_err,w0_err,f2_err,A2_err,w2_err,B_err
24.949683794898878,0.046816361523852046,-2.3076109492030104,24.362299662287473,0.10006558204363797,-1.4468506465992752,1.147448405875951,0.018575519462464517,0.14339456021365024,0.40051597007702255,0.011594926996447444,0.14144888145171905,0.24835729165005827,0.24444030928091642
21.603020455000085,-0.4195904017673875,-2.8912129955244836,21.11359676759844,-1.5159900201400247,-2.195074395057603,1.3877210654419985,0.016743764476151345,0.2097632793458985,0.6897203220920236,0.04867573480681016,1.3285580528338712,0.9756069838711697,0.17027243475828263
28.720462593031833,0.25120225056588275,-2.3820438014017746,28.146350735613144,0.28672239624282403,-1.3136089828191582,1.3923886151131948,0.014803689331047093,0.13610918023724694,0.5003853359326922,0.02086946510492062,0.11608472003417865,0.17125824341104612,0.1379051690867494
32.30775742143406,0.20777120658834702,-1.8079757828842176,31.664134645489078,0.3051692418600783,-1.305561776980011,1.3650633869638025,0.023025549772247043,0.12049271032946345,0.3321828739963061,0.043179962351409036,0.10782877137428529,0.1407383715854189,0.1470320821457437
35.97943934139453,-0.12728063592329025,-1.4843678131058833,35.37858999583471,-0.6863516670848425,-2.7128794524937474,1.3104664284521617,0.03980355424211002,0.15924758738059666,0.3132429838947568,0.03293969914234385,0.5289557244812187,0.913762183121193,0.13427282143429436
18.088252987814897,-1.2115289133635834,-2.5748356174693856,17.731407667687016,-2.2313911852914172,-2.7593507137357913,1.1985788772192305,0.04124084482051122,1.0189931029249946,0.9131918861113426,0.045018983144492514,1.3235506092939422,0.978669648796384,0.1624274474062023
