f0,A0,w0,f2,A2,w2,B,f0_err,A0_err,w0_err,f2_err,A2_err,w2_err,B_err
26.801325804061484,-0.14397958043239947,-1.8116544237600456,26.28022153112215,-0.29846887358915886,-1.4316223544977356,1.4398940594140806,0.030604458295316633,0.15758432841603853,0.46591110899209154,0.05628986553388856,0.29265453013271997,0.5102539706405254,0.07720358615634393
30.911683654626007,0.32531489197887464,-1.3504938152407138,30.40411032675376,-0.5969671734285804,-1.902703907509132,1.4214858051255672,0.03367474301391226,0.10262484230639617,0.18044631428481156,0.04302064909173622,0.8830268999857649,0.9021659169173957,0.08983241805963042
34.76056982567604,0.14041477976803463,-1.4422781332466128,34.15935181778249,-2.9898012381176886,-2.5639954678140233,1.4349019478609097,0.032286830851257144,0.10457534612280234,0.20853406765074142,0.06682567177264134,1.6338652818904094,0.9683620675432303,0.07374223631150548
38.8360918510187,-0.9797350901916881,-2.0637664878378716,38.1586405239466,-1.6791143162912807,-2.812520211632878,1.322164224058883,0.056239768830038804,0.7575944086956568,0.7194755157993952,0.09248185560835617,1.0756689163961914,0.9880543248026198,0.10253037019603113
23.106663066010157,-0.40225642103628956,-2.0350511459677336,22.719103012296817,-2.1794492596588504,-2.5725175618296516,1.2531024427956208,0.02667352790384146,0.2070167735458845,0.5446343397884441,0.0460842808896792,1.403384618795769,1.0000656031125632,0.14300909962429104
