f0,A0,w0,f2,A2,w2,B,f0_err,A0_err,w0_err,f2_err,A2_err,w2_err,B_err
29.61461008405267,0.2967099696747212,-2.527682648201183,29.03423027505121,0.11377603519588289,-1.8766509894619148,1.4175439033012935,0.012531808653549092,0.12059796915899626,0.3422126282691526,0.02116883641777636,0.10778957330821735,0.36023229515761035,0.087716145728277
33.45428720550869,0.3318496644074147,-2.0618151306159227,32.90220467002311,0.4298705730525496,-1.4765488606247819,1.3853448580785708,0.015879318454511716,0.10495049144251695,0.3285990002080688,0.020089310551180847,0.09349909425110903,0.2181112956173205,0.12733004144167398
37.165282925875076,0.03276363052073253,-1.507565102634288,36.6059888158703,0.03110660819398886,-1.4594841609046645,1.360329152077084,0.037396013395558786,0.1315728148635444,0.25859253007798744,0.03417128267324846,0.5670413255960801,0.31122912943021946,0.11832068243148469
25.926059463923842,0.0660883093978533,-1.709298440063603,25.420981956944185,-0.6265921800174286,-3.1608413062797522,1.3670121290468131,0.02697302287561375,0.11380919728712513,0.30858265360112186,0.019682735988479697,0.2717672146114588,0.7861747590891198,0.12255205508418089
22.427749545972002,-0.5746391177571385,-2.78116359176685,21.94096423439066,-1.3928997565267696,-2.2826079569268796,1.3584610985150474,0.02117454122787254,0.23263493007451383,0.6330350806173709,0.04668322719698264,1.5117209642032734,0.9768425233477793,0.16211101265313077
41.27130949367088,-0.6992763737315175,-2.0965263537152135,40.45862604823831,-0.3652243643310965,-1.6194959955904817,1.4072907675440391,0.04786931004171604,0.47414691574507273,0.8037702370124582,0.0522532066697481,0.4111949849621146,0.5905413432542637,0.10555255299492063
44.59055285136513,-1.45710188241191,-2.541801166787378,43.85976592531452,-1.898815896983781,-2.229463871409995,1.2149859632134323,0.07873673309597062,1.0789043396993458,0.9583899847317765,0.09348732295996681,1.1913841700758916,0.8880798251229826,0.10330827840222916
