f0,A0,w0,f2,A2,w2,B,f0_err,A0_err,w0_err,f2_err,A2_err,w2_err,B_err
34.932487452278934,0.689312384714424,-2.2584271643518976,34.41613477814373,0.5783092905224739,-2.8754602883140863,1.423202069043104,0.012231424797592658,0.08960928537337537,0.27356329544740365,0.008682008204911629,0.1394899640916825,0.3922498766848692,0.0834427624649364
31.069286252155766,0.4804092301698638,-2.5227084621416433,30.480953855570004,0.3417044163673656,-2.5059184634704668,0.9430626717012695,0.010999808655732466,0.11375397066842803,0.31967324815090886,0.011106078399184104,0.10819359088157539,0.3449075787697853,0.17294106038921
27.219110277766728,-0.3092539705484628,-2.7788463008209257,26.67934766348003,-0.3435021440292341,-2.106003301203838,1.2520925647780823,0.015944682657788693,0.19282061826764424,0.6642512064322115,0.024134801752888107,0.18052551119140567,0.5010480164790033,0.1756655574556824
38.8296181811526,0.2817684528552265,-2.2366413223931643,38.300960664949905,0.11406660190605736,-1.9712892450153392,0.9945895775456629,0.014271436873177574,0.10296483918090336,0.30679985549564565,0.01330408647089538,0.10837967030321549,0.326365665468188,0.13448481902309337
42.83161104273487,-0.16014011413970786,-1.600311190613168,42.25906310955227,-0.33620872930597523,-1.4507352525420354,1.206585675561655,0.03212657572117884,0.14895178215536173,0.372873703953055,0.049316068001491534,0.28039912627096875,0.4308982525240399,0.1559055639071778
23.625374448179045,-1.3210775753616664,-2.760312480214451,23.17838093153574,-3.1269172207073868,-2.810886414927131,1.308707636479543,0.0380572973699416,0.831832629635362,0.9069035960805762,0.055981831542208114,1.5423668190867272,0.9802221273381019,0.11122323017176286
46.75838998111229,-0.9102650380621091,-1.7823068258359243,46.09515152174212,-1.8424102420482535,-2.578074749258175,1.0732024399149491,0.07419101216785845,0.3750687385994716,0.6302073925626603,0.09151109313548168,1.0226296234932524,0.9579759191023358,0.09747319522018008
