f0,A0,w0,f2,A2,w2,B,f0_err,A0_err,w0_err,f2_err,A2_err,w2_err,B_err
23.319479961779326,-0.08368954573117286,-2.4517377900783464,22.83781825495106,-2.4318340283722684,-2.5437975954287686,1.429842211051346,0.01680031292227408,0.15303033908434502,0.49108081243909685,0.04915774578731488,1.7547501542328199,1.0031751000199844,0.07590280440041595
26.948293447402875,0.3760530731160128,-1.827010686381263,26.387185773587433,-1.046021770340406,-2.458376526417326,1.4374077414970579,0.020628047751159704,0.10211785317792309,0.3000885265771422,0.049413685830389985,1.0490254467564384,0.9462405902843883,0.08479486443369183
30.967970840544456,0.4539666271329913,-2.1130955747566595,30.36909597368423,0.38793803966043705,-1.3208043871704458,1.4193902046138005,0.016927924131129517,0.11080689165369566,0.378198785183514,0.022407620900875166,0.10928175586412978,0.13931984394987032,0.09720343794837359
34.86046232593564,0.29813958069481256,-1.5696594484734163,34.281551184744615,0.11299163767727224,-1.3739252646108409,1.431646163268825,0.029386759505171983,0.1260673065913097,0.3544766634764105,0.04826424540995574,0.14817018795002498,0.20270647820098386,0.0883984158513614
38.64703159104519,0.20382453663909172,-1.3048932889394589,38.08945252299245,-0.757558209865846,-1.5934280757524966,1.4604499357813758,0.07568334951708539,0.32341528662429025,0.37486729236521776,0.08372090735627029,1.6244396438882944,0.9775689563643796,0.05169733116094846
19.474166983933916,-0.6817717538206898,-2.2711956176805006,19.0639958779903,-2.701159492907874,-2.63147733383966,1.022583797203009,0.032128426076907815,0.5194921097730721,0.7029162711512779,0.04424400749597649,1.4619515661889741,1.0034453192131347,0.1616530065788448
42.69929191946612,-0.7361649673684394,-1.7510311192321542,42.04602310180074,-1.6656572922772406,-2.9242498879588648,1.3484870925854031,0.09128391609108696,0.4457584082312056,0.8485582070637682,0.07760359766444368,1.043648122452877,0.9513549963327763,0.10857445220883624
