f0,A0,w0,f2,A2,w2,B,f0_err,A0_err,w0_err,f2_err,A2_err,w2_err,B_err
40.94490443121866,0.8685310669043185,-3.195047324374726,40.32850446318285,0.6550402723041606,-3.0280490489062593,1.4141879156746626,0.006787185266204829,0.16245293049242843,0.3932773328761156,0.00741967117135044,0.143637904974581,0.35654386165377927,0.08529928242469242
36.41003178169585,0.35134545310166726,-2.416488362108688,35.74400712832774,0.32171858949812315,-2.8098534196792553,1.1044405230678818,0.011843782343480888,0.10915250246609876,0.3056097358659635,0.009512999627520837,0.13393225663932723,0.38594592679404094,0.1625928921688009
45.48624201742595,0.4218430929727381,-2.7243235329397977,44.84220478991261,0.29390443027649676,-2.403306133899427,1.3457158592850411,0.009576231429593738,0.1290205998579644,0.35359348321838363,0.012912478449362143,0.11825775995270627,0.43243636720460715,0.11727511958459177
32.01372298612713,-0.05452527761356505,-2.2045949585365405,31.41915186929979,-0.25997039758152274,-1.6541587276025607,1.0015158036561314,0.017645340775429865,0.12402719532344361,0.4418050318334202,0.03343765701270634,0.1674299242881553,0.4102136357556745,0.18562131846155577
50.17925291946136,-0.043408912300039515,-1.8267066663066478,49.54620233037505,-0.01729331252847245,-1.4156388889780622,1.2388428362412247,0.030465340923916246,0.13033730102458838,0.41518600115586696,0.014813562694879073,0.13918575369945843,0.2443409332809512,0.12886303339541016
27.704741788101305,-0.44999674486384356,-2.8288764627091156,27.17771827514201,-2.1223801394280737,-2.623998878785711,1.2849414548538025,0.015209333389333834,0.18692579055755254,0.5639168545806374,0.05780537454151245,1.7761303063780176,1.0353610659895043,0.1410979858053835
54.770289900872264,-1.2527338673921595,-2.461437183557886,53.81437638799621,-2.0361757690097577,-2.9633760139516196,1.3344669593993599,0.10611296512855037,0.9336613744183304,0.7956692256038428,0.1160568405932667,1.0897581211560827,0.8243609076446129,0.11739284999964886
