f0,A0,w0,f2,A2,w2,B,f0_err,A0_err,w0_err,f2_err,A2_err,w2_err,B_err
29.88142319664787,0.7082458100045663,-3.0232001706124407,29.293148843111563,0.13678067808435573,-1.6347738430725842,1.3223478757062026,0.00831407279619712,0.17798521592181557,0.43325958232058176,0.015259392823333507,0.13660669072152518,0.40859267829892293,0.16240180307843607
33.748842689929525,0.38547065454805185,-2.36010147289615,33.20101992467919,0.24837888232776512,-1.4762077453023932,1.2912309766076437,0.014757842825878368,0.12864189505964965,0.40234674271846776,0.027660673403714132,0.11275690829498498,0.23733603767903966,0.157493537513134
37.49046999628903,0.38641194027350223,-1.6072496348884624,36.90149645714705,0.14026266965529,-1.6388846082649111,1.4005815158189105,0.024926992250577814,0.10296107321175138,0.29365982673774516,0.024322676545449527,0.1442960983529112,0.38961201515220584,0.10272857804471326
26.208817184072398,0.0046149882382610545,-1.7094194132353457,25.69711805776958,-0.1461103098266505,-1.6419899198134056,1.2082432155399425,0.0330567633729614,0.13680431700695084,0.4158035832589134,0.03533873090412208,0.21128897062531427,0.5059197717269239,0.20175185683344218
22.623148816565376,-0.7670808517905482,-3.1865511121397962,22.13957811361257,-2.2294604287169806,-2.4631597346835834,1.3306445785778378,0.022585946639226823,0.3836819012142374,0.7978952612687261,0.05052778821762463,1.7060401190316665,0.9139364315677595,0.12993223459537132
41.29573025426012,-0.09990509909806125,-1.4026829388561382,40.66529604377524,-0.7944014987808217,-3.675228577633722,1.4548535723040157,0.04719916496560281,0.16018538129588197,0.34572322564763436,0.022935608553080404,0.31915968340765893,0.8755583567339791,0.05671779042168843
45.3925978247721,-0.7574443373872921,-2.0641600580143447,44.64154352313814,-2.2154452050808393,-2.360165126811698,1.2244753790889769,0.058486848508826766,0.7450001554491736,0.8114974736026473,0.08927274455876445,1.4585489843296846,1.0312424684343735,0.13051745458554248
18.780653840532096,-1.3082126326540449,-2.851368841022105,18.37422300670194,-1.6962510272018707,-2.4349997766737146,1.2724855361002305,0.03586883989198093,1.0084214368052364,0.9772709465501447,0.04501047224275628,1.027402983432374,1.0094893646755336,0.15173314484148367
