f0,A0,w0,f2,A2,w2,B,f0_err,A0_err,w0_err,f2_err,A2_err,w2_err,B_err
61.781198376142925,0.6385331333366421,-2.4246649765274584,60.96384447899675,0.717436992627625,-2.3352100739334394,1.0433349662283555,0.010656504176369305,0.10776561461620673,0.2806893450145919,0.010910600945404246,0.09276127941059178,0.2861116267129033,0.12803878911441666
55.67440852716003,0.7229310972011025,-2.9543063636136253,54.82882645123207,0.43951554047353225,-2.7729834356722542,1.2813775510915428,0.007826289658565593,0.1387461444909111,0.352429562772851,0.009429302388980007,0.124471316100033,0.3436445089921788,0.11210326986863761
49.61072340472444,0.11662433879255493,-1.8760721169269434,48.82831850617171,-0.08121766709817109,-2.1493556871553543,0.8946115228443918,0.01862945901468383,0.10372695314859094,0.31530164396785226,0.01688567314697562,0.12907862482245924,0.4079713509214647,0.1161185841662139
43.94371880344538,-0.545158865415495,-2.9725997185711583,43.06053787165679,-0.8426995747643737,-1.9447627415696789,1.1951190625146306,0.01361004157183775,0.2150416791230625,0.7040779884272836,0.07310268092099159,1.0607016923843664,0.7295486598854071,0.13947359179666832
67.89148220158569,0.45299681620024396,-1.987681651771654,67.1027562560783,0.4202859597634735,-1.6161037295688438,1.2987026785113895,0.016235287933303595,0.0948050800687886,0.2644165806408317,0.02095224051023893,0.08933917713951686,0.26229570148024023,0.11643026720205046
74.21674491659536,0.2243492863041316,-1.4054638509126882,73.41117905416733,0.29425348942637963,-1.579380463101764,1.030603193831935,0.02883730242714897,0.09234019038102345,0.1793613591120429,0.012588460161044417,0.0883654262271203,0.23819208394405028,0.10592604306820927
80.46275334697079,-0.9936902850308424,-1.8926470999359648,79.33352884304747,-3.0580310557941903,-2.785804648683902,1.335704652591498,0.1107735458497285,1.0609889791289357,0.9635458349217696,0.13706687985336025,1.4643801134661618,1.0034239056380185,0.0829802066662962
86.92744512595435,-1.4369609888744943,-2.357370563738291,85.76795485693215,-2.0058805120815397,-2.5212734343512913,1.0128767864529915,0.11820031264304387,0.9771073158245704,0.9723888175917902,0.13348042295678908,1.2191744882034403,1.02201586946067,0.06557458764410133
