f0,A0,w0,f2,A2,w2,B,f0_err,A0_err,w0_err,f2_err,A2_err,w2_err,B_err
40.82377153354589,0.44004107815391663,-2.2031571186150942,40.06301638801925,0.006143770960612832,-1.431130651969593,1.2882586318579938,0.015266187557713891,0.113125716385601,0.31758573851616795,0.04306123215661028,0.13963168441130747,0.22522984005886773,0.16053779064831256
45.47423084051289,0.49896176829749883,-2.3375941679144203,44.826913466047046,0.15299355079143578,-1.7141665928092622,1.3936149063337258,0.013678675935535302,0.11737064340171789,0.3449463605076372,0.028915404143008184,0.12760327643088049,0.36666958038222386,0.10061686632828189
49.972362397195596,0.36866467911810913,-1.4893436108848872,49.28744760941122,0.22510057688700733,-1.5895991077838434,1.333234497933258,0.02831272742984837,0.11011280273035257,0.24687824926357602,0.01072244181814531,0.12962242503465565,0.31686875773820106,0.1297976325383333
36.36691933695844,0.029287586380358895,-1.7573577066100758,35.66538717441049,-0.6059887916738501,-1.926802570061942,1.323818399065928,0.028210291299074,0.1360659214966557,0.35544972078332526,0.04309120979616872,0.4611405866214384,0.7221291696291581,0.14379455677669442
32.08275237787735,-0.42870941234154736,-2.515152213456774,31.40270345270329,-1.2864796969485828,-3.094445408785947,1.1149025313527623,0.021242694296619027,0.22344760683124124,0.6618023170493678,0.04806627671936218,1.1306170071826116,0.8605791149143619,0.13970655611319704
54.67703474565498,0.23914755694467377,-1.3940271766802215,53.93916678337782,-2.126365976106066,-2.8887088966393204,1.319439904733342,0.025762616167158442,0.11388701409785164,0.19719705797099102,0.10297030160044758,1.5838582228634375,0.9968059142789945,0.11896508415476385
