f0,A0,w0,f2,A2,w2,B,f0_err,A0_err,w0_err,f2_err,A2_err,w2_err,B_err
47.60190189174734,0.24653788501439156,-1.9467216003841552,46.84669111298324,-0.1366995229744294,-1.6446523165038474,1.3705382248586124,0.02076805774578516,0.11516818988608127,0.3278137923464831,0.04955000656431449,0.3869952297613663,0.6337355875438452,0.12409711702615435
52.33547706632863,0.1270331093583802,-1.381872341505766,51.764337852012495,-0.04734865121825188,-1.4797660049821555,1.4161144122312734,0.03365564395123202,0.1398851194476704,0.23800087874735207,0.027873104348557498,0.20437326651967003,0.3682826566621807,0.08750909538414313
42.70275944129802,0.054940081839052274,-1.9911026980347193,42.042350213117125,-0.29043926437533923,-2.218806458876422,1.3505892087976858,0.023116499964579294,0.12666964440157044,0.3686717235456546,0.02570441219537595,0.2015456996911022,0.6880172081333265,0.12417667521823082
38.10987574364731,-0.033338137211273426,-1.5799205009916992,37.446886234007096,-0.5982422110535892,-3.3660693016432592,0.9460701730643182,0.031546834706998504,0.13513669260381084,0.31708343678122924,0.02290749953524375,0.25112822703001425,0.8215396086396861,0.1490585822407718
57.14571940039774,0.057102261116067865,-1.4246068648784305,56.356592754842595,-0.43630134043612523,-1.7264928038342253,1.1963085089780467,0.03694421592852146,0.1495452587035216,0.345830365325039,0.05175783704598693,0.3199452943752043,0.6150466480890754,0.14907365471056747
33.56390370017793,-1.385995996474751,-3.1913278020152767,32.97571105158108,-2.487255883778155,-2.372422830657882,1.0734115172110799,0.043850086765468026,1.3886163753541205,0.8967055811896257,0.07369074630738914,1.8460674977962923,1.0319233527998113,0.13756419715101498
