f0,A0,w0,f2,A2,w2,B,f0_err,A0_err,w0_err,f2_err,A2_err,w2_err,B_err
27.19732477394004,0.27188933219240585,-1.5762317285681648,26.588115949124223,0.05574371318966763,-1.4018218784723884,1.3451709005197574,0.02278169975051117,0.10451742876668743,0.2758275135501429,0.03312403115389135,0.1392219595057648,0.2053572401444328,0.18176798431153265
31.333856593511527,0.3827894919001387,-2.2156369816039683,30.662914010546633,0.22069068669165182,-1.598243777733602,1.2804142172700521,0.014471414562777708,0.1067023906700403,0.3678648849842071,0.018006561822363695,0.11204511590977036,0.31454998930182787,0.1898844083792926
35.38451818306045,-0.0724919231814807,-1.7028528545970567,34.72168773408318,0.38169550056498763,-1.3095756478525002,1.3638578327082969,0.029098977834252474,0.15673164702769984,0.39506121192619337,0.023574546799125205,0.10154981210270957,0.1310849883581322,0.1431720691097996
39.33677166756825,-0.7320725871649094,-2.0715921177193075,38.783358309583306,-0.3213011241374664,-1.538175697810064,1.355951025331168,0.0471215010148883,0.7858212105404161,0.8520406113503362,0.03750682765390966,0.19750231676602845,0.3394982138949932,0.11573489589786075
23.57812210655503,-0.3675582559800614,-2.061360438476336,23.113010447288314,-2.175514407298463,-2.579366941414576,1.4029070357574929,0.02884608250105617,0.21770002610897776,0.6535801555814256,0.05429949128535218,1.4704229879281374,1.0410597795139451,0.1254997279593889
