f0,A0,w0,f2,A2,w2,B,f0_err,A0_err,w0_err,f2_err,A2_err,w2_err,B_err
31.40411565835902,0.5083469078707157,-2.778402962690827,30.92155714954437,0.1902139134831694,-2.334573278845804,1.0892469275321452,0.010393061343198945,0.14238971691099694,0.40620347260805834,0.015867330887101433,0.13757078782341048,0.5021737632022639,0.22261130380648758
34.88751722074959,0.39221548145396656,-1.869637525863068,34.398080333354905,0.33222691033148,-1.791819681526755,0.745782864452402,0.02233327291006668,0.10819083540371137,0.3168867649909393,0.021545778956887685,0.1234261460960046,0.2703666309150641,0.1644353969119022
38.35850545511981,0.3596093208552804,-1.5256117167079029,37.866867628448276,0.14228853128771896,-1.4124941036500895,0.925427126507429,0.038704667677217156,0.14346984686489617,0.2816727596744366,0.05407897851787128,0.42316488953126247,0.30153677785621374,0.20904320020360348
27.84056560183594,0.12871308563675782,-1.920801741927028,27.40128916108074,-0.08971836611758224,-1.708109963696454,0.8225998198899385,0.022847304740205226,0.118740699148343,0.34562342133579455,0.020031913691186464,0.1708406932949467,0.4737306380371895,0.1903086998821226
24.55207289992925,-0.7110472657870306,-1.9709236332898996,24.091573028674357,-0.9080027658962219,-2.3636666897215197,1.1379420752561087,0.046305077803559615,0.6376883706078873,0.8464812800998063,0.036655804420575866,0.6965258823741185,0.8541907673487424,0.21863217870255447
21.178275369478428,-0.9599496125285575,-2.5664458341837983,20.746796491774838,-1.4167053958425242,-2.17852744619952,0.9980996246776974,0.029419428883837133,0.5732775591902362,0.8888373367531679,0.050980803034007136,1.2508049988113097,0.9619961211207373,0.215467459650161
41.99074919423371,0.13874362083296132,-1.3638619838243669,41.388309464345205,-1.9272692488786598,-2.6814521266241966,1.3224452330199954,0.042742332571286845,0.1522352204998846,0.273163390104792,0.08165416203871355,1.4455548392581155,1.0845516786240903,0.1376458642882259
45.74750487327947,-2.021546906850216,-2.7639579958650065,45.058416186514734,-2.4738085322132446,-2.65796343052556,1.3089650757660456,0.07868568735595349,1.2466518340974615,1.0039415297855774,0.09154668743251207,1.611033415272059,1.003288128039663,0.09878506893621483
