f0,A0,w0,f2,A2,w2,B,f0_err,A0_err,w0_err,f2_err,A2_err,w2_err,B_err
69.52045565345449,0.11318099296032903,-2.0190757324154904,68.69908391751765,0.10801762147295081,-1.5495189778389507,0.9790275257929251,0.015400251919501649,0.1064464869631031,0.40351112744378975,0.032182691529973,0.15961216113697865,0.26139053680139,0.10871334737903635
63.322377094939256,0.45486153009422325,-2.8590072444668655,62.48703480984769,0.12568853555224832,-2.4227617000107005,1.0164527806556278,0.008435630728951734,0.12908470728136917,0.3212104658320878,0.005064114507616463,0.12113430705976132,0.38777110300947437,0.09365552380699525
57.007249690221585,0.02170683737430812,-2.7198075312470325,56.16470159397491,-0.08077377207802483,-2.507717882049307,0.8168222949411963,0.010200860767069882,0.13756072665426552,0.3980302884259608,0.012533962935342412,0.12393925123229044,0.3941380456293469,0.08362893998641326
50.97930342050377,-0.5965897384996393,-2.414110467160997,50.15542582706228,-1.7202047289888576,-2.597421278623708,1.0056288094588455,0.024355319064382045,0.2096765155349512,0.6334550417386338,0.07445506857949524,1.4515882170054448,0.9767774163033635,0.08773506303589909
75.85449400587154,0.022628072458037322,-1.3559539805777117,75.01962337373978,-0.6293082635015225,-1.6118955545367504,0.9949188951531328,0.038103787680952184,0.11621463754193172,0.18042072773663217,0.0767096171099738,0.9942794385306152,0.7229387172881994,0.11442031789425836
44.984185898522085,-0.8692821100036213,-2.0502050940756655,44.15828678408808,-1.8710209439695478,-2.778734525011899,1.0737682800922714,0.05870754966662277,0.589324338393227,0.81770755750548,0.09517205718435996,1.300430490115335,0.9084107542651471,0.10166576375415813
82.26585517421637,-1.3259904702039305,-2.224125129612784,81.13365978920504,-3.4163449253753546,-2.4950860912778277,1.075918174517946,0.11182018007842896,0.969812544067119,0.9477969048401635,0.1397724327442616,1.478028250202125,0.9886505461831806,0.06373435134855052
