f0,A0,w0,f2,A2,w2,B,f0_err,A0_err,w0_err,f2_err,A2_err,w2_err,B_err
59.85565435872126,0.07196009783049381,-1.4487174151057967,59.13985576563169,-0.32221108044452457,-1.7889001701929594,1.3644366694538217,0.03681238944173669,0.11205100373085358,0.23488350621490617,0.0624428519739204,0.8121509794671085,0.49050661743800217,0.09911680546338576
65.67238467018338,0.499288865840019,-1.781654288674214,64.85104398990809,-0.2638149213083105,-1.506583635349355,1.4172425748046238,0.018913591349340758,0.0876293674890013,0.3108793122513185,0.048032233341380626,0.41810939986448237,0.45188701631782346,0.07857137214599137
71.66332731775658,0.8726863643348958,-1.2455155784779193,70.7741612541915,-2.7866108728101433,-2.3029905892764906,1.4578723738151589,0.05258265170505777,0.10356315510432623,0.060072776138823114,0.14340950723376317,2.3506341926858902,0.9218465762305721,0.044577984358622945
77.77008932078425,0.480804631572024,-1.4001928952480753,76.8682662042343,0.15592393565954127,-1.3025489863774176,1.4547903924875496,0.04197023497061404,0.1204849593610405,0.1928232793605601,0.11687859208833111,0.5861160018901057,0.6700099017318766,0.05819163842626127
83.73208391285274,0.4609030974460303,-1.3040019393878086,82.34952934320307,-0.21555030112927037,-1.3882824137116796,1.4301595286523008,0.04561601980732377,0.09497637804833034,0.13113990735737235,0.1782229239936132,1.0777435552132169,0.8308142309980308,0.09187191860375583
54.18208434574766,-0.17127648747574198,-3.3425638245712266,53.34844255762533,-2.4440299104546055,-2.6473405192555735,1.2922378513821382,0.011621840506366294,0.1933294433002003,0.7071289494024896,0.0980823004711722,1.6680853277835825,0.9739183746136062,0.11481462288963565
48.20871243965597,-0.5737520475700918,-2.217700044146023,47.340634107675214,-1.240247578962345,-2.504085120806983,1.065732420084119,0.024842729108279345,0.25131519176923345,0.7802600212934241,0.06955932440653964,1.0856551504844438,0.9374989925498942,0.11990051687249662
89.97714379821042,-0.7091470846847157,-1.7439994521131519,88.53626803114557,-0.71551262265971,-2.731470822707411,1.4633523452443353,0.10607303320825581,0.5376882868150028,0.9055696092047666,0.16717821221555254,0.8024770303497234,0.7881709829123339,0.04654067091992051
