f0,A0,w0,f2,A2,w2,B,f0_err,A0_err,w0_err,f2_err,A2_err,w2_err,B_err
57.22050117263003,0.8174302889454585,-2.6675347123199695,56.48909029932168,0.6185078398041496,-1.8893968156233787,1.0304505252306462,0.008999791056951497,0.1287453988202806,0.32570435041266216,0.015811664343032352,0.09322951106767417,0.26332466499117835,0.14183827981756117
62.85941181785234,0.678998449326021,-2.2405313674089173,62.13388128040066,0.5845682794137743,-2.7122426129308046,1.2414921161122205,0.013101966659296166,0.09889443420711358,0.29002197179654343,0.010318657899009985,0.13546551171146867,0.37737972269925807,0.12161488319811363
51.51642218161402,0.42735170608945655,-2.1218054083285978,50.745377474684474,0.20726503730394305,-2.74137991482264,0.9786972103925701,0.01423715297948789,0.10102316646205876,0.2728200639550763,0.010934535296257734,0.1330639851669166,0.34656074892383737,0.1078918765610089
45.971415619609076,0.04527577633117609,-1.6157116228966095,45.25635991452526,-0.9451976567824323,-2.580126328243755,1.2307850898495998,0.03082187902089101,0.1238909800556775,0.3304704517784891,0.04413488153793152,0.7479691572965165,0.8825846172181103,0.13209861628535888
40.63190846400057,-0.4682858639405245,-2.921291120306622,39.86434021217015,-1.303471541665787,-2.7696767946552323,1.2156175778646632,0.01582153754425031,0.21021073796292095,0.6984901913116238,0.07585156450562885,1.455350772135051,0.9089624998327418,0.1282043804152845
34.97868948115956,-1.013263054497736,-2.4569301356658224,34.37471678596917,-2.728667539852025,-2.7479333914019115,1.1846326285053355,0.04412645457243701,0.8172655900623695,0.9311267148569169,0.07037654217856776,1.38469830220044,1.0011426112838824,0.1126843867868668
68.65400490025004,0.33918156189124354,-1.4262197555162754,67.80662344024148,0.08338058381206696,-1.3149046772633675,0.8742805102800082,0.030606757404919957,0.09516246947467608,0.22005590518310705,0.06695066602966064,0.3804267551653212,0.35570080541850246,0.1488200846156297
74.33508187585912,-0.2932119036895099,-1.6634204865627522,73.30228853425794,-3.5473310510021854,-2.7758526649615582,1.3595919858703849,0.03511596512214961,0.2268647692705643,0.6720916296832267,0.12806337900133963,1.4877113474836787,1.0028850092142638,0.08978668275542863
