f0,A0,w0,f2,A2,w2,B,f0_err,A0_err,w0_err,f2_err,A2_err,w2_err,B_err
41.22028737253727,0.606487463229137,-2.637411297426883,40.607151421663026,0.533486603998146,-2.3346256788072846,1.0649178162108068,0.009519766201989271,0.125081476722449,0.3337304014339969,0.01010165492266069,0.10524255927836695,0.3607395506842601,0.17070446990965638
36.64947461764085,0.34895814448178575,-2.6736022100797263,35.96131842015675,0.2907788204578502,-2.380295077957456,0.9455084876892661,0.010021231573647938,0.12098775144958264,0.3373262866822326,0.012004449014807666,0.10546185077978766,0.3154184864758685,0.1463986441788185
32.215467280025194,-0.05280464295509549,-2.2746837043393118,31.613736417137602,-0.4456650629787178,-2.432982546182265,0.8621400988656052,0.015056341722102866,0.1174978521230018,0.338585789663598,0.016735736283102088,0.17021704258817602,0.5498504575238571,0.13083659263638478
27.876263901330066,-1.2068244935617165,-2.1862030457182557,27.26031184567194,-0.8353731860711195,-1.8898512063865984,1.234872163575564,0.05412765114620426,0.912284058081744,0.9128499950628293,0.05851307964657197,1.141153837280233,0.8078537626277426,0.20216087914824418
45.78529291344116,0.20587309699777967,-2.1194267593675398,45.14267043846369,0.49245264426649604,-1.6047364308606686,0.8959138651609491,0.01587481900742067,0.11270697814822588,0.3379667960865151,0.009269080012053703,0.08220305592621793,0.22195875520589387,0.14450985360330387
50.480707862290416,-0.05277784849153187,-1.5023013838241304,49.82059996515723,-0.21995889828273119,-2.7289592178499236,1.2123463089172768,0.032954414520134215,0.1257949956386402,0.2738247889595675,0.012907176221215877,0.1675664558565849,0.6594553675903102,0.13047239451762183
55.392596039537594,-2.228423538621957,-2.825395214132342,54.55931441174364,-1.1697047855602052,-2.6572646657895636,1.2767242951215008,0.10816205575508354,1.4664344269725704,1.0031505369057974,0.06721821323532835,1.0108561019935118,1.0102561071072274,0.09866942652721708
