f0,A0,w0,f2,A2,w2,B,f0_err,A0_err,w0_err,f2_err,A2_err,w2_err,B_err
43.28368524112803,0.4541376691663037,-2.3291726031272835,42.51093510924417,-0.063629367727255,-1.6638914982442905,1.207434919651637,0.014767547277793776,0.12227516145610606,0.3301339954978128,0.030061153685522885,0.14509572913323127,0.35279221267141064,0.16152039156814849
48.21162605523772,0.6624726414697705,-2.4546964637649458,47.503252920505915,0.2986340839819953,-1.7827168476468849,1.2803668858138766,0.011436781658249346,0.12521354487327482,0.37736100701055997,0.020957307313647873,0.10955911316755595,0.35453396336427273,0.15717285253448185
53.00966809453381,0.23409474092065002,-1.9512830670030874,52.27679172737262,0.3142258852383731,-1.6125479281746684,1.2178917942810994,0.020501529884360443,0.11763059346669966,0.3380743924264096,0.010469781273239517,0.1081366263867088,0.32844576109580564,0.1525028039865364
38.639011553807805,-0.174866748783528,-2.0936771751164365,37.94600157498945,-0.8133902904702957,-2.4895977287323783,1.447289449885495,0.024239875604085373,0.16522117634765107,0.5375768723038975,0.046869905531160744,0.6804470390088924,0.9330344900679999,0.06625823253226913
58.048428551124864,-0.41241763039423573,-1.6991405511341726,57.20010118285447,-0.1534442229141629,-1.348904770993999,1.3445013594252901,0.048812736891419475,0.444464630296097,0.6623159870424163,0.08020337786118997,0.20501118447942102,0.30950401918991294,0.13414693732279934
62.96332198958264,-1.0928270160157711,-2.889368748684071,61.96395593774399,-2.9096578525470234,-2.993762505159312,1.3590530658548974,0.06330566120844057,0.7429643965897695,0.897370932426562,0.11921305974453054,1.5609320050373463,1.0227472067022503,0.073572741351861
