f0,A0,w0,f2,A2,w2,B,f0_err,A0_err,w0_err,f2_err,A2_err,w2_err,B_err
32.17068557702157,0.5731664461224645,-1.7029509694844398,31.51229291473471,0.08025529042382787,-1.814188277804052,1.054504884740925,0.019696010862083002,0.09375577537345924,0.28159888628152835,0.02159764081441073,0.15048969884696828,0.4290144953148072,0.26205301547806503
36.34218993184836,0.6279935024298544,-1.8966412376765454,35.67992662924815,0.4111071064484245,-1.9186058851721466,1.2966426208675124,0.017987838305602973,0.0930034947563785,0.30060648427427594,0.0209351288522644,0.11331852863831998,0.3467232239286465,0.17630517759810876
40.345606765188755,0.4796947979956217,-1.3547179423250628,39.780694365220064,-0.13316311203092807,-2.323662855020272,1.4581082278268471,0.030542825088836944,0.09885687935001726,0.1679794289404251,0.023483020110903818,0.20386599141585404,0.7047212374942382,0.05104367300132613
44.60774482131305,-0.049098013496617354,-1.520630592356833,43.93842715182443,-0.45183506267083295,-1.6090691417278653,1.345731332181065,0.0373181084348348,0.15434719875284256,0.3325436133526034,0.06707423191402496,0.47481835150681156,0.672806265536626,0.1233261151773179
28.244858691234903,-0.0017799040499048846,-2.063181253747527,27.65737673689677,-0.11335153155840783,-1.667016742346103,1.3837206336153884,0.02114985960585008,0.14586506869849067,0.4724949052654317,0.023684849126967677,0.17294901341547492,0.39229506301201983,0.13520234612887672
24.379210875441956,-0.46421781521241967,-2.9028125356213197,23.916626952800705,-1.5473628978039036,-2.5976567996713755,1.354038845383415,0.018615558408707145,0.24029194796674758,0.779077119394664,0.05544747970635306,1.3167409331325202,1.0047554254727087,0.14377446725313914
