f0,A0,w0,f2,A2,w2,B,f0_err,A0_err,w0_err,f2_err,A2_err,w2_err,B_err
27.494098729835255,0.1901030713264774,-2.1872472278827013,27.095879700910114,0.45140441081101157,-2.670071956042854,1.181155917673418,0.0253621039066785,0.19714570272481008,0.5762022255236844,0.007955639043675076,0.20165350235554994,0.6033455918054268,0.21528941970652576
30.69377500259962,0.17214460043449747,-1.621597305792497,30.26727491092684,-0.18061927966827185,-1.6680783256967477,1.3309151571206492,0.03278345273232266,0.22360169784252118,0.4480762507306001,0.05012795631312649,0.6928053269461655,0.7626834307157255,0.17640603869019184
24.291165345226002,0.22926249076548225,-1.6821585163763901,23.913114963157614,-0.6784188765166373,-2.231649648886139,1.3065871126055069,0.035568351687767764,0.1976727438790115,0.5528816393920697,0.046846344443396117,1.3440023101306806,0.9163559048357101,0.18470574194965383
21.4633080634731,-0.13289816263589294,-2.00074647115499,21.077436672566666,-0.9406691495445695,-3.0094161850714336,1.2125738089729363,0.03568854836225989,0.24763187781595253,0.6785431670254021,0.03421356038002773,1.0314782392128794,0.9692958988432961,0.21511853300193895
33.782518666481366,0.3411525881459516,-1.480360995730746,33.29733291831492,0.17748431984213753,-1.458447793167498,1.4115294232766389,0.053779924768178146,0.45536602769314943,0.5285948619373838,0.061157969213432826,0.9991992637477529,0.774750159089997,0.09963864671622667
36.98516896260274,-0.3499097953458117,-1.8698462046942013,36.403408977168944,-0.7359813241623225,-2.128502621153248,1.3789142384958386,0.053034872211786446,0.8733557285781761,0.7315333384313897,0.05652138436718303,1.2720511428900645,0.96754598779355,0.12849200781850176
