f0,A0,w0,f2,A2,w2,B,f0_err,A0_err,w0_err,f2_err,A2_err,w2_err,B_err
9.122955413564508,-0.22263763518901664,-3.3007454033170287,8.918561503819182,-0.051806118837021464,-3.4294698943322883,1.282607355052388,0.009470850199107433,0.1909780777608346,0.6198041479560134,0.007668093493383344,0.16805570707512188,0.479866113142439,0.1842900372279925
7.753049528728339,-0.23505479344281097,-2.723680131556547,7.548307153776526,-0.4323780509023607,-2.6589282050142478,1.1505522464973936,0.013856367646116493,0.19755463824005193,0.7233063842793274,0.014758745248649048,0.228803451155829,0.6425975167572326,0.26829599894259304
10.458880220045339,-0.22273189358784512,-3.134590702468495,10.264325020445774,-0.25812887394883377,-2.928932653688133,0.9146317540245491,0.010650963096338477,0.17959379323395294,0.5148255169620186,0.006368870043397626,0.17268841144213087,0.5173211257141935,0.21295395544912066
11.90262619514211,-0.7707800891791552,-1.9562432134350032,11.656676812080592,-0.5470940546280381,-2.3603612747436307,1.2284613817879237,0.025453112627130337,0.541868044908762,0.8706984308901408,0.02295570216661746,0.2923320269780629,0.7867469245851081,0.22865377747447876
6.458293057654525,-0.8667380877703996,-2.2175834327741164,6.275572851365492,-0.8590657063427869,-2.3521094351124843,1.078962231616293,0.019257455115367972,0.6272873004643464,0.800263430568817,0.017857142225779103,0.3749480042431744,0.53626432897774,0.2682976481140328
