f0,A0,w0,f2,A2,w2,B,f0_err,A0_err,w0_err,f2_err,A2_err,w2_err,B_err
34.28495879816876,0.5118741792211776,-2.214070587527835,33.5979401328969,0.24603393989134684,-1.8638284803166203,1.222398147547596,0.013616136614082461,0.11131031235562035,0.3283948918479083,0.012937908240098833,0.12346746587801001,0.40997261060251367,0.23566701938276294
38.753014606937995,0.7359721719558397,-1.8023373416491915,38.04592519992467,0.40787006216947963,-1.9722181034111008,1.3239837138623745,0.017839719929718938,0.09022356103076432,0.2586956395794069,0.018303858325596466,0.11235973509037027,0.35216073459567815,0.1602928582381714
30.082119062733373,-0.14295586817742,-1.6265193196410612,29.553263187402074,-0.1465271849066941,-1.5065445654381358,1.1203051305812903,0.037571449002963234,0.16219219733750617,0.34148015628928613,0.04028143105794122,0.19914149339086504,0.343832279932863,0.21133081268438098
43.02116883176822,0.4379728380756169,-1.3358879582861651,42.27983521182719,0.31826653430430707,-1.3237601407327424,1.3984812665448065,0.03821024699654511,0.11546510326090893,0.16301777863442368,0.04300643043994453,0.13609470068721968,0.1841077021597569,0.12745641621971265
47.37281249608321,0.027925785479501485,-1.5201818390373774,46.76947098527959,-0.5627770683444671,-1.741271766374438,1.3760258271551347,0.035873345395115414,0.15920632152998573,0.33001869166146236,0.09853275053327197,0.8506767173252703,0.7472024603661857,0.11356334820278684
26.020684453291075,-0.5440677811460101,-2.984583747321106,25.526624804951346,-2.20648679033149,-2.6062644533067627,1.1949029390950896,0.018204648829846102,0.23485715310284477,0.6203537327376148,0.059936797513463744,1.6660622380049048,0.9926471281611345,0.13299260124482612
51.981658413927065,-1.2943960346124892,-2.727140999853539,51.21008793051611,-1.3289146693720482,-2.17151930881553,1.3371984637716106,0.10224036629677816,0.9256364997481356,0.9467641683711557,0.10619847859190451,1.2472880926036276,0.6972780920397637,0.09920751558137994
