f0,A0,w0,f2,A2,w2,B,f0_err,A0_err,w0_err,f2_err,A2_err,w2_err,B_err
53.3609552627504,0.6174247648660232,-3.1721882884534542,52.69574208881809,0.33311090961653267,-1.8429388458382439,1.034662340578149,0.009869058154956109,0.20039927517977613,0.5080933915495028,0.01651079929005022,0.13355786534237465,0.40074614656198204,0.16916008060823856
58.631441700131276,0.5581876543414671,-1.9668205094274165,57.90763466985965,0.406252719353617,-1.4808618812966428,0.6855131750035303,0.020071796787467233,0.11569300069715459,0.32634406832402374,0.011409041484426308,0.10596096842554326,0.23761337068510527,0.11922896916862764
48.05800914665806,0.21072663632969094,-1.947744618027313,47.29836170974933,0.09446014765190025,-2.363183885814081,0.9957321707468696,0.023589073063983147,0.13531883118538052,0.3432059850612194,0.019410242425411086,0.17332577791386994,0.5041991926580225,0.15380067004934314
42.82599885819814,-0.6461495143098328,-2.1321567284069296,42.20921821813119,-0.2925283897671212,-1.6569133435728511,1.126546084886834,0.050099760183920865,1.0280137310522015,0.8503091305346829,0.051355048338095476,0.6786541832619372,0.5934611991177425,0.19281482246276704
64.11070584199258,0.05079875964323127,-2.164741017514728,63.2847809487309,-0.39308309936940466,-1.53783658365201,1.2490300235055827,0.02549387404158757,0.17763385609230983,0.6112918059597456,0.09265891156537426,1.4704836277059377,0.7727827550283141,0.16603579637010515
