f0,A0,w0,f2,A2,w2,B,f0_err,A0_err,w0_err,f2_err,A2_err,w2_err,B_err
42.20770954002262,0.7040223624301583,-2.6411516735300573,41.58065951136843,0.48282152742556506,-2.4835450530116048,1.026346227392304,0.010326191787958898,0.1310519776134838,0.3454602309771273,0.012418080845755452,0.13546418160484597,0.4212786491512263,0.17600061649762924
46.87179155253459,0.45158703370387543,-2.0892200236844736,46.21385603015075,0.4516230569156324,-2.5089747817654593,1.265180513646838,0.017328781803666187,0.1055988485067588,0.29526080722298026,0.01065595913507152,0.1326603293214033,0.3904723859010459,0.13311503419932616
37.522314770643234,0.33566235687410934,-2.2142088122252708,36.83460697919584,-0.04653088520992388,-2.8585777422946226,0.9416406494611189,0.014361110478547257,0.113887385503868,0.3266621843219641,0.011870356165423116,0.16855966539042816,0.4993606222057677,0.16047947452592376
33.08557593198775,-0.4341810178093505,-2.8329595608387717,32.43537788710721,-0.515161358087509,-2.8068623264312977,1.2440034963047946,0.019267353482539072,0.23590966882416045,0.7205311948325601,0.018441762659767817,0.5711926742152214,0.7776965897338488,0.14686749979007657
51.62079677938926,0.22223141023681597,-1.3502001803978008,50.93303630049912,0.035219034265409954,-1.3457094706347372,0.9321293331661562,0.03599227730577347,0.11410007737412187,0.1788821476161029,0.024384840513740756,0.15741193467143358,0.21005081780681004,0.17132238547795547
28.577956614926492,-1.5883719619230652,-2.8887441666213927,28.06562715861764,-2.404772614032588,-2.630363311187259,1.2596389558376075,0.05594511908579289,1.1398287181448221,0.9781541247225958,0.06271157917670869,1.4884780934927015,1.021242679314133,0.1348785937753063
56.56352460702779,-0.7875988599936383,-1.9404453651452238,55.745054929783834,-0.5038717962368308,-1.5100939603096535,1.2515356967144826,0.07543724719319872,0.8738432071270744,0.8016079794441021,0.08265896257951211,1.2625729303607165,0.7982756078108179,0.16618175858947465
