f0,A0,w0,f2,A2,w2,B,f0_err,A0_err,w0_err,f2_err,A2_err,w2_err,B_err
95.11579282645319,0.004238258757386645,-2.8411177729483073,94.03666880350559,0.05064621039556148,-3.496368294106171,1.3438904898670416,0.011619878105930419,0.14586992715099265,0.3955201461595058,0.007241759488927923,0.17396403354390544,0.5598291811637782,0.07523954837891302
86.60275618128301,0.1364083034786327,-2.633898880408955,85.46283023317027,-0.06368675191771644,-2.2128516803933285,0.938867953396272,0.010485772612961118,0.1274858237938172,0.35282584658259986,0.05478367165327397,0.1616247728670281,0.44781113265824374,0.08369992742811759
103.57311245075263,-0.4316297015518363,-2.236133814714125,102.3446445348364,-0.545148312681868,-1.554079591938336,1.3152796069021253,0.033159443707250824,0.21061450847975896,0.6074694364401375,0.18903809786478804,1.774848968971445,0.8696547532236732,0.10293765331478126
112.25555614369442,-0.8445231353567042,-2.033591206173093,110.77299677257976,-2.1658084516546685,-2.2852827671559717,1.1307188613217893,0.09638939574403874,0.4222198834385483,0.6639165787626308,0.20881860487921905,1.41230936388281,0.7271891341152571,0.06229221668759073
78.17374304030416,-0.689799751516691,-2.1547517392863025,76.97265727504006,-1.5502226430201225,-2.5910160881835287,0.9833364587973228,0.04412946836010592,0.24916671134627458,0.6399474259992743,0.1468683655678486,1.0535983967522806,0.8799612121718037,0.06626038761387691
70.29167818267003,-1.0038244681565638,-2.273745328299174,69.25297662399205,-2.696861195132291,-2.6003008074780385,1.0143045264856427,0.05733412494118127,0.7109638889187205,0.828200833870534,0.12871297029432213,1.478055999278572,0.9688060458881012,0.06872544194436772
62.88183659964572,-1.8297829940537271,-2.858911183827198,61.69927573097956,-0.8395859629682635,-1.9891900949599077,0.934762886997988,0.09254397106109348,1.298073574331121,0.9414428400316053,0.06344681178155528,0.9694534271385233,0.821205810134953,0.08509603977561753
121.21265686879406,-2.326915228131414,-2.7411235218960353,119.66903709468453,-2.8765446725684276,-2.7835222773126924,1.069822150448605,0.20104196063769822,1.6316819741687187,0.9734389701874345,0.17967538805204705,1.3492164209673823,0.9676029878461799,0.05265156119149197
