f0,A0,w0,f2,A2,w2,B,f0_err,A0_err,w0_err,f2_err,A2_err,w2_err,B_err
176.99397051216874,0.7949288141410842,-1.5145148290540988,175.15285234390518,0.91616115086004,-1.2459110330623182,1.0070805632257165,0.020026483568965334,0.07720119517264555,0.17546638138052364,0.003922794437893145,0.06503839437409545,0.05584770581027179,0.07817164616439998
163.59760547204138,0.29879308806842225,-1.4037579614351101,161.99650984803876,0.10588466499107907,-1.5946958776169426,0.9630613638284795,0.028539717605304098,0.08549805772109471,0.1841444243812208,0.025937663499919664,0.10793087760063658,0.2852449682378455,0.06547941680137173
190.18721534643504,0.6673790618426798,-1.4312040477233592,188.1874633548422,0.7491254555592244,-1.2668212053421462,1.1490081276782846,0.02622472586348488,0.08872495115177653,0.19319453828571037,0.3277237974485528,1.3419548589122956,0.9211557163247716,0.19893689368117565
203.71801626889342,0.290645831125384,-1.3792285294655886,201.1985654955765,-2.7575142247130895,-2.8124717529192456,1.297151921834512,0.031565484060248124,0.10536803567410785,0.1984897510664082,0.30462885260035866,1.695969532273969,0.9865819013734626,0.06599448111907787
150.32645672105528,0.23225019141161174,-1.7573818294413663,148.61793651369305,-0.06253346414392519,-1.3261397611034962,0.898487045560314,0.02223408862685591,0.09543872171527744,0.30035335373159694,0.03118450906272223,0.12867974098280133,0.16828389600985735,0.06852547869451318
137.42772415143793,-0.10731999052379962,-1.4674470473782244,135.77027230960826,-0.7708951583732795,-2.2777453697349386,0.9463027251252332,0.038908661481916615,0.12683894129790024,0.2465928194487486,0.1350528629774946,0.4766318125489257,0.734775141760399,0.0627449106257727
124.54968159112701,-0.5098178261914261,-1.892104164892476,122.71386850153408,-0.9995232764506111,-3.388291048142002,0.9046381162514545,0.04211113723743502,0.18857319953671428,0.5449333039032019,0.07059318961026628,0.4818317286717332,1.0148630846804316,0.05339899583206232
217.44772737400316,-0.5450169355388779,-2.6328007892751653,215.01558036913642,-2.371054437924834,-2.8200747576409078,1.15029770011696,0.022045882490456227,0.2066980766011132,0.7253297812828428,0.31417124004297897,1.5914888466077672,0.9970771936648372,0.04904002750260944
