f0,A0,w0,f2,A2,w2,B,f0_err,A0_err,w0_err,f2_err,A2_err,w2_err,B_err
94.43301467786665,0.8711223231261189,-2.4917021436889524,93.36408935811531,0.4905119209824105,-1.4317839243098314,1.0626690520804707,0.009811384839371383,0.1056632543992055,0.2600872304107362,0.013324313509194656,0.07836560183817194,0.17866198342352999,0.09818620484878236
102.80038283303286,0.9022734074560255,-2.5777188268620996,101.64570401710095,0.9419039298373253,-1.4633473033781936,1.3417988220543002,0.033498493432258906,0.19769405747806804,0.4784796917955922,0.09158484470656396,0.48310459389586646,0.21954023386822924,0.09246384668908057
111.3085796866145,0.6133160662274652,-1.6070441502881223,110.17272573473556,0.5230769643071199,-1.265280435163473,0.9580115634222749,0.019148979174425033,0.07286532045194971,0.2369924521540773,0.009189569291127332,0.07970947375150295,0.0730811387943572,0.08920318148528653
85.94126590492021,0.38776222770741287,-2.19134524739322,84.79117947866459,0.1646234265044816,-2.0637700563008172,1.0336732097398835,0.013238857707749697,0.09408229576588342,0.30042870762170115,0.01606500248983597,0.10161205804624106,0.2862664942428696,0.08895611766369767
77.74604914357462,0.03559844102611691,-1.7787988705154947,76.6172478102811,-0.168677369192924,-2.102297481013695,1.0468018338435965,0.021219528140916075,0.09910533465475865,0.2903614220657394,0.021018355383082592,0.13111883078407785,0.40749727420016946,0.0854882912754076
69.67719064745509,-0.4729201441984101,-2.2819007259469393,68.47328237115718,-0.9125593174403561,-2.4677747298519,1.1315020595443162,0.02441238838911052,0.1909544560238931,0.6440700722697075,0.058541253451852085,0.5774015395211451,0.8916658057692427,0.0891011528465947
120.00670505990782,0.21532104083303216,-1.3712734545079583,118.83019659784303,0.07398901433772051,-1.2876695039220845,1.1191888020252365,0.03210630576634973,0.09023209356127232,0.2003493347175584,0.11499571633792734,0.41752593417215683,0.2718948580608969,0.09807220514141446
128.52399672849438,-0.886213692070732,-3.4074302859429624,126.97460591256052,-1.6108976844363596,-2.040735111590524,1.2976831325705287,0.09364807548902647,0.41659014458228166,1.1375866784957016,0.20705995149973278,1.1160124189167737,1.0074411116560926,0.07949990091651524
