f0,A0,w0,f2,A2,w2,B,f0_err,A0_err,w0_err,f2_err,A2_err,w2_err,B_err
52.57480186244857,0.7936136863215111,-2.4682607245178394,51.89827128048199,0.577659934679074,-1.901118980457667,1.0606790397172814,0.012061025802022106,0.1364481409115727,0.3527929760219919,0.013603376866611828,0.1062343191031768,0.3649591595468155,0.20896367150218065
57.8120841838149,0.5742209447435006,-1.7295750708744986,57.11039863907473,0.5545558508921454,-1.4476968749740107,0.7819481156248363,0.022001650334972887,0.0968997511589803,0.2797586202668334,0.011772943360048268,0.09477060508221405,0.19809072078593454,0.1485049792400224
47.39012094705008,0.3690405223713919,-2.599247087651489,46.638798145001886,0.21331385269723876,-2.9560924444885464,1.1490434159844714,0.013000915482000656,0.14006154075063854,0.3882018584679426,0.010877569485868174,0.17432913691398125,0.4990874964080817,0.13970971730912585
42.181894677688575,0.009596553361361601,-2.689946038807952,41.49017381137189,-0.5775483739077716,-2.3414882436890863,1.3165306600988753,0.013458428051126342,0.1657377738785397,0.5707853946809793,0.03903409560130009,0.70133828077987,0.7635200910728023,0.13710774519217925
37.31421084514392,-0.4633693524719842,-2.1089674769517495,36.549938376524246,-0.43956951096112346,-2.366669742667078,0.9603054026385673,0.03337700939513389,0.24478323193355897,0.6085689880165771,0.016829483375649837,0.2308557626946372,0.6582105549295364,0.1617942735573573
63.11097397136457,-0.08062772453611007,-1.5315275089832148,62.411290886140264,-0.016974976684874885,-1.430659249217857,1.1499285970282342,0.044577036419456824,0.1959722124498986,0.4496874540753779,0.1045373671320257,0.7712426118982625,0.5675168282318223,0.16152711351247923
68.33177519246902,-0.029686570130434718,-1.4065437727672039,67.4308536700316,-2.7026865004366045,-2.925165168330902,1.042040203898833,0.031170659943714422,0.14557240712788927,0.22493248213367228,0.11522031333202051,1.3047465050629807,0.9961541205564448,0.09792951445108602
32.12134118061322,-1.3883211508231885,-2.831643354247483,31.541276423751974,-2.0577958522044284,-2.61581472015203,1.2423294803698148,0.053735850965135855,0.7064016341664591,0.9709954420761124,0.06796934050027313,1.2948896930924667,0.9993749325244246,0.12556782482918644
