f0,A0,w0,f2,A2,w2,B,f0_err,A0_err,w0_err,f2_err,A2_err,w2_err,B_err
42.69349625937614,0.3560461547579996,-2.6291501336768306,42.13121419547554,0.11297448122610769,-1.623338408240092,0.9770318374424924,0.012193865822316153,0.13741133393675423,0.38172688976881586,0.006308306935978781,0.114432612602619,0.27998773366086255,0.1386232348260141
38.8382276993831,0.40014956970958065,-2.8992001352028063,38.326799204696975,0.25558059688055934,-2.3748334019508395,1.2976020434401263,0.01011755981531776,0.15823570590989355,0.4561788480711251,0.012814584416277692,0.1293010787706955,0.3798085170866586,0.13460467962183936
34.89250984313816,0.016503939405771786,-2.2696526989281467,34.356858511372124,0.0902323141129723,-1.89329341610467,0.887772776601768,0.017382198839629277,0.13658429343723344,0.41481519631984465,0.007085633076881906,0.1239011827268913,0.38976857805871246,0.16239624501988575
31.084405923784683,-0.26447266349318554,-2.1266163299079763,30.571546360159058,-0.32088527443228076,-2.4179639666756425,1.0273724895713414,0.027542818919058444,0.18677079568338498,0.612961379102494,0.02042311780554773,0.2156644098180244,0.8002057283572472,0.1941702126973661
46.650932831556254,-0.1732782870914772,-1.7170892105104434,46.06942506911504,-0.8554498955984678,-2.62805772051292,1.0188310261727842,0.029942176432858042,0.1530603527480449,0.38887545263149526,0.057381282450820505,1.1691756336734374,0.8595549693750792,0.13588255641293207
50.76939598390236,-0.8181240145043949,-2.529693916885928,50.00957770209733,-2.896478161372234,-2.581146510061223,1.248660056340032,0.04369317433377634,0.7298348601610525,0.902665514651085,0.10033663811620075,1.7559078391764185,1.0262026027623792,0.10874851515376635
27.404518047332758,-0.5997702467381613,-2.5390363403439573,26.918552204485714,-0.4457549860178638,-1.560738233382874,0.7589127338446013,0.025401657398848407,0.2640393519183157,0.8626406784976921,0.04013197068360164,0.33742660966558374,0.5238882582954308,0.1800365334720362
54.72532570415799,-2.0101148696639104,-2.9320119716422575,53.870132401911825,-3.789873808771827,-2.851617168086867,1.1048552488077024,0.081732121381067,1.7512407231878295,1.00700831428511,0.09819343723414144,1.598219261835348,1.00412370181613,0.07961017774621292
