f0,A0,w0,f2,A2,w2,B,f0_err,A0_err,w0_err,f2_err,A2_err,w2_err,B_err
29.905543215397,0.005304117029624522,-2.658636945317183,29.377573592791634,0.06915595966762214,-1.42782317010452,1.3668850161559178,0.012624588184796958,0.14330292990540566,0.44721108896303374,0.034750209812810615,0.12522556538025564,0.27439469737708355,0.1382065546428729
33.8139878966956,0.2643705987670859,-1.7740788738911968,33.184577853936304,0.029847556751422366,-1.3846086399672815,1.385970906036999,0.021480841576511766,0.10828346242962603,0.33253636201622155,0.03662113139330983,0.13188493318685005,0.21361016824532392,0.1173875033475241
37.569334126724215,-0.06962928969011101,-1.7700541033352994,36.9901892412109,-0.1617192285761352,-1.6318109379926626,1.3982240887553121,0.029901804940283636,0.13108443973252232,0.3415915937520151,0.0327029177323523,0.1530038745382201,0.3963941125189611,0.10517504534956848
41.55373682303241,-0.5105391462414807,-1.6592253826565664,40.826691451312406,-1.8655312942333242,-2.5020950272447218,1.3430241154205258,0.05393933377318032,0.4832505492077787,0.6128315065626115,0.08560123789174234,1.6165178118891232,1.0350294726479263,0.1258308358050315
26.158288028014123,-0.06433528957159895,-1.9837459519899012,25.721664971703277,-0.31869954798684985,-1.5906053333094547,1.2172982648819106,0.02186857533924057,0.14489305523413587,0.47454661787540925,0.04402866621785367,0.22532424386475242,0.46689197172498714,0.19177785191301927
22.629090756579686,-0.6520924001324188,-2.6386908159421862,22.207682719367565,-3.0714515321952165,-2.4173173724281427,1.13455795366281,0.02063857540022081,0.22613219275594665,0.6488130923206632,0.05249220475640368,1.4141093419518378,0.973567160934383,0.12050901635153972
