f0,A0,w0,f2,A2,w2,B,f0_err,A0_err,w0_err,f2_err,A2_err,w2_err,B_err
115.83434075337765,1.084514370339206,-2.7255477495553153,114.51898697720439,0.5959518781899691,-2.004305188914994,1.2411320873557181,0.008000750939372959,0.12289737556658324,0.32693975668857816,0.014823857229363744,0.08534063729961304,0.2294039758613347,0.09412113065454332
126.0835133281314,0.9904073778243675,-2.6737943956667127,124.7575202209871,0.7923509048841302,-1.6395442331007328,1.3124709139560105,0.008432560266880254,0.11758142030979474,0.29295325744064166,0.016899979010172962,0.07189470222999313,0.20357617357390037,0.08979593024148277
105.53918250587509,0.5123759578958884,-1.91401845455389,104.08491079652886,0.2771718395493903,-1.6296911012470972,0.8312228027088234,0.014294955955780762,0.08114357607268805,0.24608818628968773,0.020374706897308033,0.07908636524673769,0.22095817964646436,0.07327817275822607
95.36777680416188,0.004433366041149821,-2.1463873995022613,94.08410059188954,-0.6659547345274215,-3.2015516102873764,1.0742618811880869,0.016778456316421,0.11037486706872741,0.34546374007802705,0.022462204318009434,0.2529004615812248,0.9054280254365052,0.07374451333374225
136.6381723432928,0.34421374176780234,-1.3905682158643957,135.21013838770384,0.23814054286983388,-1.316206139535288,1.0432550809712173,0.025422683872154034,0.07881770376853678,0.16537598416665092,0.01012773765445983,0.08242415715520157,0.11863534199664261,0.06841415389492264
147.29313536882873,-0.114962089578142,-1.3163815972464608,145.76965611099874,-0.3256460124512826,-1.367237013450937,1.001119164084333,0.05173965833655744,0.1269178037584253,0.1692356302073307,0.12562236713452182,0.6257135938586491,0.4185708494605999,0.07096180598879746
85.59655548891715,-0.8122586666897869,-2.4279256551114177,84.34823300280387,-2.770000213509266,-2.51741733564843,1.0021706260993684,0.03641222005888263,0.5306722386589886,0.6550666616626205,0.1541320264881875,1.8206855674915914,1.0250872509205895,0.06662862357595999
75.27454394242865,-0.799033109862376,-2.2195116346862123,74.3083843498626,-3.421003284936134,-2.8929014782972597,0.9352597812456731,0.03352381441466714,0.35485764561029465,0.6945091915977467,0.14105352048714617,1.7368939400518246,0.9866853134101817,0.05698160520565406
