f0,A0,w0,f2,A2,w2,B,f0_err,A0_err,w0_err,f2_err,A2_err,w2_err,B_err
34.36991494088391,0.4069957801470688,-1.980839832737151,33.677688303523034,-0.036920270870618596,-1.4116107058640557,1.2715334800544438,0.016929606179153976,0.09774847118525785,0.3151188943848088,0.03427930591952767,0.3978968948308425,0.2223441876256352,0.2071140637233751
38.78336799997579,0.5065468377813291,-2.06089877347124,38.1174587104448,0.21474804443269144,-1.5182299161442885,1.452246619768766,0.014735828215551963,0.09829898258517367,0.33963373660412977,0.023558537125364452,0.12764641886935138,0.369034908737356,0.05936386989795376
43.07384638635949,0.5070276168489003,-1.6894305252512876,42.488713926243285,0.4344292915022485,-1.8483117782732168,1.3504120160399515,0.019298325639397814,0.08421249942669201,0.2581065584660481,0.014097589301913464,0.10094528635540141,0.33188250137296055,0.1321317863673421
30.228810364307844,0.030184831653748974,-2.141393088914804,29.642023777734902,-0.47730518921544735,-2.0185204902728087,1.0997694355649346,0.017236865505665108,0.12580809119022549,0.43271050338283956,0.03644321677713642,0.23436020545833597,0.6163107790109696,0.19213777702143767
47.62275082781242,0.061564930908284146,-1.3468148616037798,46.80327561446144,-0.3985917824405957,-2.192983299322124,1.4241309051429945,0.0449009976212914,0.11405208775122397,0.1648825907766098,0.025304026480901878,0.2089198404340185,0.6262548436649862,0.08103145994582898
26.02426187576058,-1.0996675179637023,-2.371585033806515,25.49135523488275,-2.6344173158521054,-2.702336688376663,1.2780314895271592,0.046842716373728305,0.7684258950758418,0.920858658241261,0.05634953787109645,1.492742667644011,1.0108364601675472,0.12609490090315828
52.083983789000904,-1.533450377382908,-2.8497874987717795,51.41211059118521,-1.0539139297735678,-3.2099999079785073,1.42698553419094,0.07110675447443304,1.2027212952629696,0.9566855190355547,0.07476550061151761,0.9992143746979527,0.8993238532719343,0.06981020134445809
