f0,A0,w0,f2,A2,w2,B,f0_err,A0_err,w0_err,f2_err,A2_err,w2_err,B_err
78.9831058133091,0.8463094556438864,-2.2559047673238535,78.07444501073455,1.0808428393524763,-2.860381865557756,1.124176156259639,0.011663951410640803,0.09372183856483049,0.24282875981203259,0.002181984980954072,0.13909369680722558,0.34125369313028336,0.11738211950745238
71.99725412672166,0.7861689161976523,-2.4601071268294534,71.03629308223648,0.5532101872700623,-3.358602771595665,1.0684763522465355,0.009965931094042592,0.10277208266131847,0.280818985527172,0.006144504745978271,0.1701464060553195,0.407295812403013,0.09512914515924066
64.83924847554884,0.2464704377370598,-2.1726900209923734,63.88871016416347,-0.13984047394744809,-1.5819607748934916,1.1134719565784215,0.014759712601009027,0.09686090973070198,0.2992695023731105,0.03359277423462065,0.13005518769460658,0.32436014562485443,0.11354669722629107
86.16108909228583,0.42689625510968165,-1.7949337663562543,85.20545286939512,0.4321352715978416,-1.636613406939425,0.9293498724631426,0.017940081328345556,0.08839254382176469,0.2828243182079435,0.007927507134411935,0.07901924994757936,0.22739229383849682,0.09697746340466507
93.46467872436375,0.09129805894092677,-1.3935199233692068,92.41008907295185,0.07786124164126326,-1.304554346528099,1.0401669003212495,0.030118478217029933,0.11256375000888892,0.2297112308921027,0.007364476836640916,0.10114172220423909,0.1280133155277563,0.09359384196890522
58.037924719205236,-0.08163015832815303,-2.0611781705306282,57.14599122733231,-0.47960136474865633,-1.448805231873779,0.9699560022246477,0.019307400670113637,0.11444867937270775,0.3244635886082244,0.07489415136708015,0.3578445741406357,0.6121860417488851,0.12219503117269961
100.88017446015894,-0.7292737455841738,-1.6562635217230395,99.7958243526476,-0.2831581765117496,-1.4156944895922083,0.9739363438646006,0.09281935507762505,0.5832391340458946,0.7813643246226367,0.08868612706719517,0.7409893601108323,0.5093247273296793,0.09491954111275187
