f0,A0,w0,f2,A2,w2,B,f0_err,A0_err,w0_err,f2_err,A2_err,w2_err,B_err
41.187620158842805,0.6894425265868663,-1.9645214482303737,40.44467102317811,0.22805051808545182,-1.865873336508522,0.9913733364362832,0.014368042792980904,0.08919175626603665,0.27345122576966274,0.009359054339694734,0.11451269766123615,0.37869618029283536,0.22600411358039152
36.57950171844341,0.1908952180128642,-1.812849894145409,35.9323837488175,-0.09568449179043194,-1.7033541413143194,1.116952359142394,0.02031802903795436,0.10093211308809973,0.2900746497357712,0.02769068450958014,0.15238908077733876,0.43973209575201716,0.17794537032855287
45.81933631231812,0.5183983233543741,-1.6166051480082233,45.08451755785882,0.5751770675403769,-1.2738931743940318,1.4560408003972796,0.02095134057429649,0.09344160816080281,0.27210100551987965,0.036330363866769876,0.09266894731294173,0.09669625017717064,0.05692288794434087
50.458594980991336,0.11599185093337819,-1.833071132774456,49.72582617680349,0.34313534263383816,-1.672732803532033,1.4541203294275677,0.02525605926521883,0.11785029610427443,0.3541077212084228,0.02112926712203804,0.0975643063902129,0.33030125162252405,0.05553685295099531
32.30752495057673,-0.29750346824251467,-3.174372901115793,31.658043208415577,-0.806715642115704,-2.1173201114602724,1.373328121667471,0.01072356659528784,0.17290769543561627,0.6071997954827353,0.07525268375785571,0.7133413314421774,0.8824369689809074,0.11494463644096958
55.054908265139034,-0.05268918653784193,-1.4112017916373278,54.334827182169334,-0.8161402572715267,-1.7217627983819364,1.401811264392748,0.049113682942133925,0.1725290242731605,0.40013568554904705,0.1069694117134273,1.1852330720982867,0.7043661591871505,0.09474117854803639
