f0,A0,w0,f2,A2,w2,B,f0_err,A0_err,w0_err,f2_err,A2_err,w2_err,B_err
93.52885729236968,-0.011681064813032976,-1.386813955973873,92.56265728977168,-0.4312010390843274,-1.3987649109476192,0.892295727874466,0.03558681868729936,0.09725336670071398,0.16397754979314183,0.05743850093247627,0.28027347184459145,0.44116394671227044,0.07756276937982975
101.96764398972904,0.22738780643222162,-1.397339703143213,100.8859200285498,-0.16579542791460739,-1.3954942014561926,0.8126113392256037,0.025062034326447973,0.08361601216790567,0.1492004699721155,0.013811741167461797,0.12335977793690148,0.22429956451606312,0.06376793444116449
110.43612578540375,0.3543914175043025,-1.3236295039358048,109.34799578991526,-0.13063839266463273,-1.3376605254124105,0.8522142305350137,0.029623517045637763,0.07770823390121596,0.12931452013594863,0.05309808519898016,0.2994992008133049,0.39553907646570996,0.07187467445904817
118.7503266887928,0.3123910559863725,-1.278633570661386,117.45023737311246,-2.1950697241991324,-2.7913893127581604,1.3334425535008827,0.058710074840530306,0.11453723280302003,0.09528617727509318,0.19753892776777532,1.694787365443754,1.0494907159007,0.08655379755727662
127.22206133109565,-0.049503715734019196,-1.2869079167927961,126.01033097252254,-0.4364040523066022,-1.3724728507633026,1.1294969211073889,0.08432493740182707,0.16694544640850892,0.24679527829157955,0.14428007365815892,1.1430746055317367,0.7861450302605496,0.10567970740543778
136.22737199228538,-0.5768138891165715,-1.5736140370052896,134.41436516819144,-2.9894876373194297,-2.5563547782322162,1.1417794544477518,0.07299900951401024,0.5673697725395701,0.49460485604565674,0.2224652687207156,1.634722099274591,1.0249482053147212,0.0575260411903888
85.43829963855158,-0.23821845474736209,-1.8765921571270856,84.22215533845214,-0.9076466163945159,-1.9879175379671385,0.9104940546692227,0.028164984986239098,0.13388639259991467,0.38253434213227666,0.1764353606284786,0.34595687933567426,0.7132297798482056,0.0722794239176763
