f0,A0,w0,f2,A2,w2,B,f0_err,A0_err,w0_err,f2_err,A2_err,w2_err,B_err
27.810253538640165,0.47627903567569485,-2.0241476499836466,27.28632537739571,0.31682955200961443,-1.2947894680265608,1.3334141231779006,0.014465332080037436,0.09916722940991869,0.30476786572123876,0.02129405586637947,0.2229418353448491,0.2794734792749251,0.17440277719530006
32.02026689376139,0.6121797257744486,-1.5126248400926028,31.393253793292878,0.22936498641017242,-1.3408916952893497,1.3459866147248745,0.024732453781741052,0.08913849486102988,0.23863365295408706,0.031016283452388157,0.281697536314384,0.255722858056462,0.18666028701161358
36.0606783015408,0.28555996789193716,-1.6696790010226976,35.39946081317346,0.23566125822103298,-1.3108459575321472,1.4254984202922798,0.021762243156390016,0.10231702812890858,0.300353220738789,0.026887541509512978,0.1214835129325826,0.1699749576894449,0.0988318538133895
23.995957998366162,-0.07715555949243164,-1.9753813453877163,23.485033235605403,-0.6440950610855897,-1.5090157047166277,1.425645596600009,0.024358529624985865,0.12937255357512845,0.3987109898288646,0.04765101481963795,0.6479210568525884,0.7536803409292706,0.11011855124635482
19.89416730987972,-0.5911348300867472,-2.055438687260641,19.49817894894237,-3.226799985567599,-2.887074299091967,1.2842084316748488,0.03273934251650598,0.2785631786900283,0.59294093581277,0.04389897952081899,1.544819640120607,0.9908770146982254,0.1345951112276438
40.11792066527369,-1.1292229280955093,-2.8615558241153165,39.40974142801819,-2.0896981251714233,-2.363985742673768,1.3622034553844358,0.0460433285947693,0.7191496449147636,0.9656874371172818,0.09609318390619308,1.5158223437144944,0.9836971861082899,0.09718812997978318
