f0,A0,w0,f2,A2,w2,B,f0_err,A0_err,w0_err,f2_err,A2_err,w2_err,B_err
33.1070344231091,0.30175242550311226,-2.023694573465966,32.37801191987817,0.02822883412917375,-1.5470488015856456,1.411875713362532,0.019186167228298207,0.11478015575308352,0.39297292157606883,0.022445840422903384,0.1454228912039845,0.30994309552856736,0.10995068745029288
37.406894246481784,0.575309207554082,-1.6852330976665,36.663352747550775,0.5245082688007596,-1.3263080577655577,1.345781416340236,0.0227445357929905,0.094629488452766,0.2804092691711644,0.017767534819397926,0.10400752084424135,0.1534936931417183,0.1443619272172498
28.983898282930145,0.14291603104941436,-1.6215101339468294,28.443005579095093,-0.558427419328422,-2.2808122630885337,1.343231453300988,0.027051513170118734,0.1233817449348918,0.3096246352729841,0.03750363795065928,0.5252356392824685,0.741220548592529,0.13921661461289428
25.090759582486527,-0.6063585428432404,-2.108267125667226,24.629730610234695,-1.1386360651061511,-2.3143100457176997,1.21842871701901,0.03948299156985535,0.31133807232217586,0.6680905325290913,0.06725195971472481,0.6388115024781255,0.7411952310726119,0.18062234026985804
41.581227812914605,0.0232090656487437,-1.5850121534247568,40.84867478424544,-0.004226408597919836,-1.4303220300663715,1.402953190304355,0.034522774840836414,0.1440435135676603,0.3122570506068794,0.043370737401978283,0.17196333924353216,0.39853700941691517,0.11044195175070214
46.04485658997076,-0.3870287881337489,-1.591379173316338,45.181623078400406,-0.4873771106941613,-1.8610242717672583,1.4145092119564313,0.05654159459069718,0.3216582660271069,0.6338446753821873,0.06072280014483206,0.9135693485754056,0.6219586442702906,0.10066603185009909
