f0,A0,w0,f2,A2,w2,B,f0_err,A0_err,w0_err,f2_err,A2_err,w2_err,B_err
32.63116946777966,0.6426314566111634,-2.3492150577972266,31.91841978236146,0.06521263361482682,-1.566212894692378,1.3870047823089595,0.011361586940378698,0.09935484783735199,0.28153900557322803,0.016349838685870657,0.12151439299081848,0.3009263160046545,0.12485893410342191
36.81391102884549,0.5490846813565953,-2.0181302731083037,36.11331162289892,0.4280748611860543,-1.2914584858758678,1.4218631632503946,0.014777690659658579,0.09674197257218124,0.31617887695080943,0.036554284645692436,0.08952240915022568,0.1105673164171958,0.10474657044855876
28.513073346610177,-0.041934939403813105,-1.829178805585369,27.91716908709971,-0.13283439853331025,-1.8226847945328728,1.2949797248502617,0.02426978019467073,0.13534818605992463,0.4002950203343042,0.017180980315260965,0.1472305458826438,0.3825369989319054,0.1668783260106967
24.68492255581463,-0.4873889696343385,-2.855471657296405,24.219726611723686,-3.4816658485104477,-2.7394031777644594,1.3412413766066005,0.015862585919422714,0.19176841872093164,0.5805475710093214,0.053622402670281226,1.5475955266539956,0.9772318778418693,0.09965961994619993
40.90267367330746,0.2863145594954247,-1.391905538241697,40.35135471092216,-0.5626673564312372,-2.024774152827648,1.4501633570121004,0.030059421999956197,0.13313154342171787,0.23694277117393042,0.10297688455384595,0.44836174848316146,0.9058117366223147,0.05762832339718027
45.10768114947987,-0.8546883997431551,-2.2067610924998604,44.54082217952937,-0.8806825803517837,-2.381570239004824,1.3712882547625247,0.08081599080532643,0.5274500238875929,0.6970293289370114,0.08255334338295492,0.8220091022929376,0.7974302930541428,0.1064217361230172