f0,A0,w0,f2,A2,w2,B,f0_err,A0_err,w0_err,f2_err,A2_err,w2_err,B_err
56.49398592945238,0.8296802977901302,-2.5059833229471016,55.75502707276787,0.5010787241774934,-2.0827112425096317,1.0417077237846275,0.010784676897005204,0.12497628834788732,0.3183467819540261,0.009953114683072854,0.10320239880182827,0.3058189380219905,0.14943378316531677
62.09213272175505,0.4336073931888928,-1.8630662808245992,61.33080293915636,0.41565751547829827,-1.7306631776745423,1.0595088490065208,0.018949917604898805,0.1003422084769397,0.30779443122600847,0.0199542833247999,0.09483151717652054,0.28655892947017125,0.14034357951726956
50.91673627728239,0.42949927707182534,-2.151721505329926,50.1153799751203,0.1578541642656624,-2.933896541893081,1.2752216519318402,0.015290382369931764,0.108017563773629,0.2866452956671212,0.011289686948614172,0.17083400515638206,0.47758639460267577,0.1299022743212515
45.380950261029255,-0.27543997496792083,-2.4390075243017986,44.682245232912926,-0.34562400614769173,-1.8542149344530992,1.2087070158162345,0.021038448874592528,0.1935760604003935,0.6198475187754209,0.035328219511816146,0.186857688066951,0.47943574162660857,0.13428129389293664
67.86052354153288,-0.08537008242521707,-1.856015332574572,67.07571351102516,0.10293256767981049,-1.4435137722974218,1.1378494691242262,0.028787811789551164,0.1438729290863186,0.36547166849687446,0.012075032755535548,0.1289863441209338,0.28472188972909623,0.12646876803435955
73.5212307273868,-0.9334876432980918,-2.2891626590141936,72.65479695494173,-1.5075998870893477,-2.2741623178136194,1.2464830432158958,0.09262887439992173,0.7269321366402953,0.8997411481992139,0.11292791486168868,1.4283208546314394,1.0309100451880646,0.108438939457698
40.09968734264394,-0.9599432980214143,-2.3482990378059547,39.333975969259356,-1.8774694940254404,-2.8147585580336623,1.1509135265864776,0.05610133948666664,0.9408360277716147,0.9452079571181975,0.07601273439026913,1.3633221470005235,0.9501241613714696,0.13848926058510552
