f0,A0,w0,f2,A2,w2,B,f0_err,A0_err,w0_err,f2_err,A2_err,w2_err,B_err
27.185868742197734,0.27875080536139285,-1.8525937413392752,26.593407094892864,0.12602665530110668,-1.3332450020882014,1.3572171773488557,0.02229189956889477,0.09929995799223026,0.30587386804844763,0.01908919191135431,0.13649477488215894,0.1646206043004056,0.1402773321837302
31.249670835761275,0.5008601189605372,-1.8169187116657384,30.583911734297306,0.27142182942517523,-1.3990951799831621,1.3519373269869162,0.019738250724246984,0.086315342481075,0.2695012752165771,0.014682441999184974,0.12018227153818868,0.21453238576351086,0.17213511088458477
35.174807588051145,0.1933950612933822,-1.7137826799896048,34.520126026038696,0.2782573322270519,-1.328525788874848,1.4124566606193973,0.02397484619693558,0.10022621248476042,0.30748562327136575,0.026526185747257968,0.10340983006573563,0.15297494542597903,0.10165632102796134
23.48547429837791,-0.1884802253908916,-2.3342803693497913,22.973318394968818,-1.2814520217216603,-2.477771048445273,1.405941998053541,0.01793921724817053,0.14167717743397196,0.42966493137754197,0.04579042981578546,1.2333407333110504,0.9368342009839533,0.10284035757070364
39.32298359176602,-0.8404778211417687,-2.2421342250713447,38.68111365038038,-0.45948134039281624,-1.435214297342394,1.4345958222753268,0.056590440774487584,0.6382773024180678,0.823804321668097,0.065321767956397,1.3581119216370536,0.5858534482325103,0.08214078624729662
19.56672326848303,-1.229061572741966,-3.29390582991685,19.152851957782772,-2.806975681071911,-2.975648624880793,1.3771195348654088,0.031258975047725276,1.2272727595715307,0.8861439366282431,0.045096332464753,1.4450606975154707,1.0036280432407387,0.09209088857527646
