f0,A0,w0,f2,A2,w2,B,f0_err,A0_err,w0_err,f2_err,A2_err,w2_err,B_err
74.4266115124754,1.089579214780694,-3.202159906554803,73.45839719477125,0.9214628791681905,-2.9616020660058835,1.267405011735292,0.006368318565346491,0.14612819406492103,0.342943600707039,0.0075941981147207085,0.13977439016229692,0.33712931852772793,0.1019904476333246
81.701319857084,0.8540636857877242,-2.198557117451286,80.75434302139591,0.7649296703264186,-2.4462761055945794,1.4157277064744038,0.011710530180920303,0.08892021066365151,0.25098851467460853,0.011121763510947453,0.10401749140460359,0.30811094762494246,0.0739788214093676
67.09716185519048,0.457204553704255,-2.48118184356328,66.0710236135654,0.2516097692873913,-2.430744026658271,1.0998547456529129,0.01061027688279063,0.11235525983440889,0.33088639315436524,0.011921049945229488,0.11107488403081993,0.3046489150978308,0.10588263699578161
89.23841714815511,0.4215990649825886,-1.5763703515082716,88.233602539555,0.395485919484132,-1.3411191638555369,0.9063705059785314,0.021180936868287942,0.07721954796748837,0.19998670452417627,0.01796612662267129,0.07853012044636702,0.141355302811097,0.08495347922568747
59.957142955710985,-0.061410765472622905,-3.0670702345272742,58.99361130784498,-0.34012229736483063,-2.580743032661746,1.231114475697494,0.009427836281519216,0.17448984288867847,0.5062705777063667,0.015739718759495473,0.1682398729753804,0.5167512688218111,0.0958237584596221
53.01254620806482,-0.38861214000040845,-3.754353092006046,52.255236819868166,-4.355396523228549,-2.766054702011991,1.3238781922701428,0.007752204378850782,0.21518874943647914,0.5741578090706804,0.09860713426545485,1.5322789938473664,0.9841634790630471,0.07995793530607835
96.69773929685456,-0.11588061783635425,-1.3386871616107565,95.64653253148413,-0.004119220316509617,-1.2959031160559182,1.1260512270078387,0.04928884446099672,0.1298394616699028,0.17169233739761472,0.01908005706367032,0.11809672434605059,0.12483867450469043,0.09649576793724296
