f0,A0,w0,f2,A2,w2,B,f0_err,A0_err,w0_err,f2_err,A2_err,w2_err,B_err
23.869918054913523,0.14229725969545887,-1.9328833344581102,23.326942309041105,-0.16100566074442754,-2.1950884787188585,0.912629951559343,0.019311282927549307,0.12249236018306005,0.38392768115210474,0.008618235357473102,0.14407753622894667,0.41625684369157123,0.24625379608273298
27.410818412071045,0.5879897965219059,-2.3582885166040892,26.886532279301512,-0.2289640104062709,-1.5593663309160446,1.4043307223938948,0.012847251762368504,0.11074526588401191,0.343364619778828,0.043451008062322126,0.21811663719939198,0.40456871330978467,0.11679564900898032
30.91770597993607,-0.24056671117955206,-2.701678397720977,30.383997771167536,-0.09858021342710258,-2.0413353423299814,1.361271773370882,0.019343627652819495,0.18690296542185691,0.648344367817331,0.023628519537690844,0.15814120454584107,0.5424235394588087,0.12965406698727366
20.65173800228331,-0.39638523208309406,-1.9547044832287863,20.22498191543515,-0.7341002464028392,-1.8247818058477958,1.0172672618599619,0.029567562916956693,0.24148148881405782,0.5115203490869072,0.05162631292250016,0.48891981349181357,0.7146053817014683,0.24754445789863147
34.372731856455346,-0.9667862647648133,-2.4735411085671815,33.875250739789024,-0.12005518147320876,-2.8984730216689987,1.1727310767469339,0.051507732694734826,1.168719054282278,0.8474113484368712,0.011777887517569629,0.17738701515030955,0.46243391547588764,0.13495837216648093
