f0,A0,w0,f2,A2,w2,B,f0_err,A0_err,w0_err,f2_err,A2_err,w2_err,B_err
20.264478404516208,0.4889090751408537,-2.884107292215617,19.879494518519092,0.2513447016707685,-3.3830474365986607,1.2784874103081556,0.00938995738267459,0.13986780154347425,0.4025265241934307,0.006983076086963864,0.17151409464196912,0.47160204963770425,0.17028851707810808
17.63454476371731,0.0015349169915065135,-2.706800570855848,17.28263197673086,-0.2275617476811781,-2.8130302354637604,1.0995369958565924,0.012411223676304026,0.15100898324777792,0.4496470391801757,0.012794765358073125,0.17725929323291834,0.5489611452684939,0.20223586054629356
15.289825992782394,-0.3408889823461494,-2.853158770564076,14.909541785900837,-0.7618774688363547,-2.800524643492329,1.3351385056493745,0.013921778934615898,0.19094892278835662,0.6163187864635695,0.019177118488813042,0.3519792684530518,0.9137771667420405,0.16573985487978155
22.799342377901006,0.12888869423197646,-1.936525222960972,22.42381590408657,0.2536324891265846,-2.7959342154466738,1.1145036168993194,0.021734428996002864,0.12275929934445173,0.3785175810144215,0.004697945606706469,0.14563208626735075,0.4424749435618495,0.20040356441417162
25.448370855451905,-0.30634914856842255,-1.728088714392202,25.053477821847835,-0.3696063973890924,-1.7800272437467655,1.2054029203112804,0.03883359653380658,0.22437320231076607,0.5100943507044997,0.024337037100160833,0.3694208084750741,0.6250012278920947,0.1941269270013611
12.787108901261014,-0.7846857442618077,-2.591353159593508,12.452155635452497,-1.1280314640852391,-2.505807446210411,1.1644680540456545,0.024027967866811027,0.3965684263789552,0.7013103962536552,0.02706537620901938,0.8342062624424861,0.8990918200466459,0.2349387437007399
