f0,A0,w0,f2,A2,w2,B,f0_err,A0_err,w0_err,f2_err,A2_err,w2_err,B_err
26.674956152558867,0.3724999440388586,-2.5516020626346023,26.178084957010796,-0.10861144769072505,-1.4263827172170904,1.3668377096816715,0.012714623322879735,0.1344810963685705,0.4136121689445968,0.04197370456399847,0.45896719460625174,0.4462868431413952,0.15103011581829612
30.666116865903025,0.18908925463790216,-1.9830522268541004,30.117977258535912,0.09302830678388782,-1.3189480975051842,1.3800353466548805,0.021191920344803866,0.12290680708567175,0.3798143609888416,0.04911918527249204,0.15327267886667256,0.20742866096120732,0.13774805278859545
34.46818300319944,0.14536883107008972,-1.509635167178389,33.939541531116106,0.03324440687674925,-1.4178519343222464,1.4218350017605532,0.0360067267951586,0.12077879462667085,0.250207369395073,0.04343537474580933,0.16824106843141745,0.40613514581752735,0.10251467976007111
38.45596493117192,-0.4771216676914557,-2.134141190653759,37.83150541893146,-0.48506717512344866,-2.146577893793207,1.1858799560436921,0.02890548796496901,0.28506478056229484,0.9128815216726901,0.03126239825292375,0.25137971528209424,0.7492511903062503,0.16921829957514367
23.019802081436644,-0.184555879991792,-2.133616552372676,22.57597179329044,-2.3583920750035157,-2.804569684449781,1.3717142558188198,0.023610565112742746,0.16796409999065226,0.5995167949866064,0.052149781251581435,1.577781470666441,0.9789221138461485,0.11858849547589852
19.193182886058437,-0.855988261943552,-2.6634160268996183,18.83295215802059,-1.4007812918819993,-2.1898669150402506,1.222434143786976,0.03262870434591539,0.5938109344162539,0.8341082860956541,0.046167136014948006,1.0983706463960077,1.0127204024755436,0.19435188830621866
