f0,A0,w0,f2,A2,w2,B,f0_err,A0_err,w0_err,f2_err,A2_err,w2_err,B_err
32.94796159421554,-0.03492120375135488,-2.0066644510037657,32.2783808741018,-0.5520752350655301,-1.8262880106489543,1.2490423847430703,0.021634200834282906,0.12626897424414937,0.371001624815207,0.03895589249449406,0.4610902761405274,0.6331344927221219,0.16875131656878567
29.2579144798047,-0.05583239447411949,-2.1714882867593808,28.749652487538825,-0.30888818254704387,-1.5888581454532646,1.089720167018648,0.017973281613541475,0.13390289861371424,0.4232548611981587,0.03232071453688311,0.22130215247593457,0.35648493162821826,0.19684308909742018
25.585496542568713,-0.8595325363203221,-2.4372867062023365,25.138650891540774,-1.7094100783357424,-2.495529637798484,1.2442669327593978,0.04138027073279074,0.5721984285576653,0.8149849957007468,0.06165047821562348,1.3215972665237932,1.0233516999693606,0.1692199058144259
36.84312656758884,-0.6119159360882755,-2.495514889960914,36.289093698076755,-0.8688868142049493,-1.702770746133031,1.3731895881969487,0.0379071781029049,0.26236059486897495,0.8153723224369274,0.08018830560847173,0.788073010138363,0.9596672388956581,0.12292658334702389
22.139471884626587,-1.461088817160343,-3.283946221257316,21.680588865143214,-2.2234134202662017,-2.764354135718923,1.1573313522130437,0.03533124139272278,0.911341126215355,0.939588711022006,0.04769634893544333,1.3354225448111476,0.9643420146004883,0.12288244803226091
40.84087905491289,-1.757672891875864,-2.4197178209383763,40.14563894470676,-2.95717743942238,-3.048883177652,1.256976477256293,0.08798598226081081,1.3416043534040494,0.9408797230314555,0.08571607819818704,1.5425221663596937,0.9455379387369521,0.10166510457162253
44.225861174260366,-1.3141232488069394,-2.3543193825287134,43.53631247222045,-3.354949082370595,-2.3085227722857544,1.2558499735983852,0.0835539059049964,1.0574664365182105,1.010708396874256,0.09068978915932153,1.6720986656838037,0.968445649276504,0.10099192539237163
