f0,A0,w0,f2,A2,w2,B,f0_err,A0_err,w0_err,f2_err,A2_err,w2_err,B_err
41.604563551402876,0.5539894317964333,-2.898714993152591,40.96264177039801,0.35608444530638345,-2.8248410504585606,1.3460939843899822,0.008375559556570671,0.1341286327072515,0.3455593355587571,0.00909561123368744,0.13154523071108012,0.3830096048791193,0.11400948609499034
46.18018096597446,0.6445465115235477,-2.27913600217547,45.60483780456535,0.4547771463179104,-2.1790270865299597,1.2083918328294776,0.011852783152284989,0.09506995114795991,0.28788561171548377,0.010235346009421912,0.10127732231487306,0.311780214284368,0.15194884988944965
50.81233876347089,0.484206612041887,-1.5622119908611807,50.17776571668408,0.4479333911578753,-1.6575390962355436,0.9365179266156619,0.02217687953332468,0.0851645763898229,0.21688161177697401,0.005681614491042809,0.08774332587256325,0.23029463453391624,0.136128271674915
36.98002889943172,0.12861557943819013,-2.4119408084263325,36.407410485674816,-0.22155789467443873,-2.7560495437362964,1.2007130201363383,0.013399397448682505,0.11439939057494392,0.3528352250510796,0.013337566826414075,0.158354685893922,0.4886012731547337,0.13457108146913585
32.75998692977434,-0.9342745739935152,-2.706314092708216,32.068398370918075,-0.3508414546623939,-2.9145679529209145,1.2971224574113798,0.04160098815000646,0.7509488621298347,0.850377439766295,0.010036714138299704,0.18260919866032965,0.5070210758221154,0.11377533733262395
55.561138752381574,-0.0716980798167941,-1.3913162527029366,54.908262197122944,-0.25164607569403075,-1.6540425476275376,1.2367673249202782,0.049301237492169636,0.5739227763566142,0.26829705384175295,0.02790451565208554,0.25289544420022586,0.5529304729337426,0.1316197267556003
