f0,A0,w0,f2,A2,w2,B,f0_err,A0_err,w0_err,f2_err,A2_err,w2_err,B_err
41.741983358959104,0.36511621795614235,-2.7724975963515655,41.03678771938003,0.24027863275681055,-1.4288524626687533,1.351338509931233,0.011725098154997286,0.1545386562373931,0.44011131116678687,0.035697936923547585,0.11872265439629467,0.2328133524968785,0.12793072589366253
46.471075071122314,0.5638685549112329,-2.2493437707706354,45.7565626142789,0.3801263260919914,-1.3084334084005496,1.420881817769784,0.015861947558017918,0.11625447021448616,0.3303649852368826,0.045070781937033476,0.11320028566390694,0.12232277448373206,0.08909526461153475
37.10759408536046,0.15458036347441875,-1.5749926359786117,36.49729123422489,-0.38474728960576965,-2.8214427363485295,1.0375578386839535,0.02963361423501651,0.12101115962887854,0.30508550561266234,0.020373420049161834,0.2305563419047116,0.6922504536514326,0.16234204783273617
32.77105304603123,-0.06162147649901534,-2.0098765135691767,32.17175580132908,-1.4250946871321437,-2.1890128558715074,1.0088245062078782,0.023964431032851844,0.14422597302675844,0.40354727639446686,0.06921492944300014,1.515850359002885,0.9519143855738855,0.1829897674763483
51.09189251544106,0.04727192424121265,-1.566107531584783,50.42230138013987,0.5275745397488595,-1.403566063105035,1.2383328390467332,0.040533932718600216,0.17369901113317882,0.53948736546761,0.02869169985916037,0.09438498285490476,0.19316041764765138,0.17705002579939455
55.882804230876104,-0.2987297801070953,-1.831801741363248,55.10433988355126,-0.41129069265788853,-1.5211987575434232,1.3406601499007462,0.03961228886396065,0.2059735397784365,0.5661160033870045,0.06571407719145847,1.0492569138139658,0.681504115448596,0.12590341521479895
60.70557634274151,-1.193490552369771,-2.535806518768817,59.78900447358699,-3.0502733801418476,-2.8314167250759885,1.1606539676376046,0.07872292119960683,1.4606998517180734,0.9760005873765023,0.10647589868998228,1.3674921417679295,1.0020640175800313,0.0968211646610222
