f0,A0,w0,f2,A2,w2,B,f0_err,A0_err,w0_err,f2_err,A2_err,w2_err,B_err
9.741915065382555,-0.3339008717549995,-2.5279191286136706,9.53474591880865,-0.5143339424816056,-2.6083589609974274,1.2387475262480026,0.017103997150620488,0.2087491509934999,0.6364414740078476,0.017164694352294774,0.3199439789514981,0.7914013729958694,0.22843242014789325
11.43465307616782,-0.03531043280866601,-2.948707415782259,11.147328608524175,-0.15851830326930205,-2.397006431128775,1.3398996818069924,0.010555040088908226,0.16168529722259475,0.5536668869444009,0.012791200739344413,0.15292720664115114,0.5131246706801511,0.17012095203715744
13.093116116883827,-0.10959819710527674,-2.401609734441273,12.85651989299523,-0.09509763225375013,-1.9538690257826827,1.1100465252076703,0.01956047127269688,0.1744110057034207,0.5253440498175883,0.015515631672235148,0.21969190968460578,0.521558389166644,0.26604991234491265
8.15900748456303,-0.7759545824305565,-2.4154038551760486,7.95331555972463,-2.190475974259498,-2.5787666074329265,0.9629750910721302,0.01828192856781017,0.5776679548467601,0.6572505668227808,0.02484372850135732,1.3636292466005615,0.9510887386508617,0.24468940016337623
14.832176577372255,-0.15308036188845073,-2.2723201497416814,14.488957029104277,-1.3944999282981696,-2.3089946758576048,1.4124008175676235,0.019558908203959335,0.1466160179515952,0.47721045864464046,0.03666235857262576,1.2900399639221114,1.0176694393091266,0.11062235992161751
