f0,A0,w0,f2,A2,w2,B,f0_err,A0_err,w0_err,f2_err,A2_err,w2_err,B_err
27.29807269778997,0.038203323358111815,-2.368996389827601,26.74121517590608,0.015210019492416536,-1.451063730569898,1.3149093725892538,0.01614181694112932,0.14087649394368335,0.45655145756668725,0.033142915831656655,0.14190425423791184,0.32243010622135226,0.1780079773942181
30.797308434378557,0.3455298464324629,-1.8164937689574479,30.25953272585715,0.4113274726471637,-1.325463777208549,1.3532758875462232,0.021868745112493333,0.11461829190124538,0.33165709154552964,0.0347770524675306,0.10120459178091273,0.1482262676041491,0.1745436345873972
23.788775828560368,0.15071077546657327,-1.7046122711104255,23.42287996142196,-0.7810773632211865,-2.010198225249187,1.4030866952563419,0.0225764953480624,0.13063000619065593,0.35387883657552605,0.05618732340536643,1.0869308413481835,0.91472171704066,0.1068430819711249
20.645732188681578,-0.41745123484507163,-2.6646967921017044,20.172988700610816,-0.9430617070928542,-2.0761314411130813,1.3781890339000746,0.017202616530393726,0.1997253106435982,0.6282761176647971,0.045682175164339055,1.14203164272624,0.8521775172104809,0.15012684535277893
34.36641142247687,-0.2557649319675247,-1.7710164423913999,33.82942624391765,0.14578375708754926,-1.3428912542420846,1.3179749597451489,0.044144603092408655,0.4045091041315172,0.519111577520691,0.03743112885567309,0.154859157020877,0.22590612304997965,0.15058609002425835
37.94335631449017,-0.7054739790125084,-1.9454648080257089,37.37186937061374,-0.40090997203898826,-1.5405503179831077,1.417171377137172,0.05646232888912046,0.6309822232540361,0.7652868921512146,0.045105456355753554,0.546536507564425,0.5182327340090138,0.09346937901603215
