f0,A0,w0,f2,A2,w2,B,f0_err,A0_err,w0_err,f2_err,A2_err,w2_err,B_err
25.2277813482639,0.4433255072435336,-2.8069660099303433,24.737151057131037,0.12523616482821676,-2.4294931051931536,0.997166305806954,0.009706491206363521,0.138968722147214,0.37515087746507,0.01409858231614606,0.1282551813463604,0.39395347527265817,0.20149243437863631
21.990009462466595,-0.040240778275559996,-1.7155825585534799,21.539441704953074,-0.07470855300850887,-2.7682427959793166,1.1059665386393567,0.025630287187601086,0.14108651856085755,0.3424060031374037,0.012549300473667813,0.161278179145984,0.5357747050785217,0.2147965255016922
28.349959444856545,0.3053860382801852,-2.4424154787213905,27.903878326132098,0.1738387093839972,-1.813321896333481,0.9627796965265427,0.013725899828947745,0.12630534270392266,0.39344275891428276,0.013376263680962916,0.12173197862703701,0.354381195695081,0.21313640653065746
31.580346113661697,-0.0748623711938784,-2.126491348586577,31.122620122747893,-0.2241564778633603,-2.068099510300301,1.126703353719831,0.020176702578736903,0.12851433103751966,0.40505253903852395,0.012682440428363714,0.15475674004884762,0.4217490262701077,0.16217034278450776
19.042513634798993,-0.908588198125596,-2.304015509965039,18.58613356159029,-0.6443301021125584,-2.3128329656535582,1.2582800703637596,0.03388632801877578,0.5216206325160951,0.7505770379961769,0.027435034086412815,0.2725914374457253,0.7530343527639135,0.17221748786495225
34.94871144872573,-2.1232719449692876,-2.3606321459512545,34.32424702786221,-1.8870210379807992,-2.5980935760893096,1.3340598383244395,0.06945751326805504,1.2488668056200234,1.0220774332245202,0.07232019580285665,1.6084342473774014,1.0441013693285608,0.12905345591067116
