f0,A0,w0,f2,A2,w2,B,f0_err,A0_err,w0_err,f2_err,A2_err,w2_err,B_err
32.82608239817453,0.5080566259474383,-2.9658470991191037,32.22222907896244,-0.029928998001048517,-3.712755000797348,1.2260481503502976,0.00809571413099387,0.147056011377139,0.4039741793172553,0.005914536020610145,0.17904529583903267,0.46953783193817306,0.13335456824466257
36.91364401350859,0.6538309782570264,-2.5542065433437013,36.356898379533966,0.2600066679072635,-2.3390465594512153,1.2132129503492444,0.009935612376477094,0.11340968590110961,0.30092703265519677,0.01328860140020905,0.11269723624884606,0.37455315414397833,0.1572742190135474
41.026576662791534,0.40352566938738554,-1.7359297738224824,40.460812086914196,0.10148242089242737,-2.1333563953400745,0.9673373371093583,0.018506712397662134,0.08722115189818519,0.23853654102791674,0.013110648803489142,0.1217294934802562,0.4101830895836573,0.15562137035265697
28.823217066257865,-0.05619957469546796,-2.674961430627283,28.2816491022757,-0.3349104535971779,-2.7439726563605364,1.2935219264072115,0.012794622685008493,0.15207713027785819,0.5346453294238371,0.014961487205586174,0.1622210455736638,0.4817891830031553,0.13585770431515
45.291329140347784,-0.23112717080415227,-1.7678190019442432,44.69506325743774,-0.048300830517130154,-1.3290267662199988,1.1583123822383234,0.030557111727876073,0.1793078392689457,0.5546280090196749,0.020832526357757376,0.13129110927338533,0.15724963044396353,0.15108029179685906
24.68490619933497,-1.4359441814851097,-3.0424879948916503,24.28078688996654,-1.4300014489253943,-2.5533563638845123,1.3054991167183814,0.039984744899813005,0.9916311833180325,0.9646366520846075,0.050884630074321785,1.5324417073673822,0.9788249063805382,0.13454798604525203
49.50947477717329,-0.9474422772471969,-2.0413033759646795,48.88339585283982,-0.5071550791410004,-1.4617812306454216,1.0670725179817,0.08005169332907448,1.0575859740820108,0.9274056683733951,0.05914956166003839,0.8210815365013022,0.7337896598924626,0.15763048263514562
