f0,A0,w0,f2,A2,w2,B,f0_err,A0_err,w0_err,f2_err,A2_err,w2_err,B_err
67.39409545088216,0.8350596300095435,-2.5193757937136754,66.52959699760606,0.581529887498971,-2.3617968340843536,1.3206149564230056,0.011381871881235942,0.12327210399590556,0.31233911637208706,0.012635522937110705,0.11954933250249286,0.3347936719147115,0.11284796373738552
60.732810624218736,0.5072585752181185,-2.3959327552121388,59.81068803731334,0.3776606941414836,-1.8926678981653027,1.0564441146795405,0.013035403259056395,0.12096712539120973,0.3425489345901506,0.018122228144316174,0.10488182059682459,0.32127802693084645,0.14562334626344836
54.22344938760723,0.11655157550751583,-2.2264429286481016,53.36905532781662,-0.39555036710852925,-1.995944482381262,0.8929745997308252,0.015169410699705932,0.13031164812596702,0.37853758087911066,0.0315767728979108,0.173779917811699,0.5099480675695904,0.1118581598610739
47.951041447786984,-0.541231925796199,-2.8749712610762215,46.99700504813723,-1.7303904072306873,-2.477197796745771,1.2525803535176023,0.022151479656389274,0.25407190521222545,0.7338097429935606,0.10435947271810649,1.4604281942685797,0.9010288700952526,0.11464969072597414
73.94926222054653,0.6515914387078163,-1.938699029962409,73.07804239454133,0.5406494767662899,-1.6720386678643848,1.1735063688477312,0.02289096824011653,0.097916209062395,0.2791250570760545,0.06383429481263993,0.3720388891131893,0.3718662338359084,0.13859474627219728
80.87819370711081,0.1669946661495104,-1.5158343840013835,79.85319340202857,0.22630451651590688,-1.5730175220429612,1.229022228648307,0.030451093871780504,0.12576349974876813,0.2943738750814131,0.02529808523119053,0.11652773828318702,0.31087096065955283,0.12712242544201652
87.61759793011885,-0.16530339656912607,-1.7160433895752085,86.68253906768442,-0.2477403797382573,-1.5407990641939553,1.188701055863475,0.03572398213034239,0.1828395712937576,0.3925788756264363,0.16987214709600967,1.435523379255711,0.8439872647515924,0.1530158240567424
94.36784365168117,-0.7100080324399028,-2.2640901435558938,93.00900645280127,-3.223938566412415,-2.836499690727414,1.0498298222709308,0.042406502105275634,0.6394605931294178,0.7931344233860412,0.16740704448705201,1.6811409739333614,0.964424163217611,0.06738078243847241
