f0,A0,w0,f2,A2,w2,B,f0_err,A0_err,w0_err,f2_err,A2_err,w2_err,B_err
103.12270110252305,0.9179484997785967,-2.052635869781378,101.97957086773552,0.4666603316979888,-1.4030550187194364,0.917298827162178,0.01443242356795651,0.09349507917360891,0.2579956599156183,0.023663909049104766,0.09271221967776176,0.21606492219256315,0.10736196002626423
112.23979050645123,0.677797054751017,-1.8423337525477073,111.1155383809168,0.6884856140849581,-1.9467619466507569,1.3069092757597227,0.018204945512251974,0.08940940382938518,0.25444583002187476,0.0164988397725154,0.09578988434612974,0.27286110481321957,0.0978466168838911
93.84950755263009,0.45513932837279036,-1.8084385480485388,92.68197720343908,0.05586938312058769,-1.9902353882269903,0.9891871164602022,0.019355824702944942,0.08919412887965804,0.24762919603440214,0.04817199842145267,0.5458324945144486,0.47140965217885067,0.10684346602870758
84.81943907561481,-0.339061505397239,-1.8732403840455043,83.6622823103384,-0.3211579936509781,-1.8581906169891822,1.0495915969694838,0.03151298019188984,0.18459026082459776,0.5489758750256216,0.03239067059421673,0.1923013452689853,0.5725191676038739,0.10751882348672252
121.60212790922728,0.29612950729992954,-1.5360733566581086,120.30563247450809,0.37163229953704247,-1.273212032553989,1.1182021438299892,0.03243402977630151,0.10277729080903181,0.24564508178717023,0.011345187464567771,0.09759082793585643,0.0853985447354389,0.09407384880941444
131.0446866027271,-0.4270755760664708,-2.470451208365682,129.81479692740703,0.038638749907274464,-1.3419922768652017,1.111494332390806,0.07337945278980136,0.22754750483017014,0.60427618101716,0.13372256754915754,1.0431854944034216,0.4699115255867359,0.11857089757100749
76.0212547875163,-0.8469587989467691,-2.3755017379014056,74.86816850574922,-1.3889813897123413,-3.7760825634040183,0.9017077714539421,0.05584229897876855,0.436038605861336,0.7802428820130808,0.06883184775383792,1.0838375990145641,0.9293002243644142,0.06356303698146623
