f0,A0,w0,f2,A2,w2,B,f0_err,A0_err,w0_err,f2_err,A2_err,w2_err,B_err
24.450231083663617,0.08855214680921891,-2.2254385785576427,23.91880785084107,-0.002930854594568294,-1.6669029957157553,1.2471713109236398,0.015884039836824078,0.11875054861812256,0.40714571964959523,0.008822942565816595,0.13385825746768354,0.32312392149143127,0.21541093211760573
28.03740713575286,0.5311446261105894,-1.9884904220311876,27.472641405374112,0.14921593002073757,-1.5025127823542983,1.3044525103899722,0.014836872152789124,0.09293441644070088,0.2990925039309129,0.02781352737970667,0.1153377337071635,0.2656363919832273,0.2080214835049356
31.62485677062764,0.3659315137671582,-1.4556254048413722,31.024441076940004,0.41662965405626184,-1.3075481695504811,1.3218534021827477,0.02832528995631096,0.1074307643535738,0.21418219643275604,0.02732415364214698,0.10087239594974826,0.13223332534861565,0.17964514478953633
35.23337789273329,-0.45423733495612756,-1.8714508305753397,34.67318408140151,-0.10698987034885521,-1.3642259211877632,1.2884107500059598,0.04329538838671622,0.6006256562456009,0.6693198561458319,0.050020380523992075,0.27570485218165436,0.4382586204219755,0.1628697961002221
21.142991384412436,-0.6293141055365169,-2.619345864544065,20.745394437589418,-3.049312405438971,-2.692809921950208,1.3631469607479918,0.0232713356197878,0.268501043236375,0.7188526061668181,0.04860185792299081,1.5837054150204,0.9824047649262382,0.11251419643153658
