f0,A0,w0,f2,A2,w2,B,f0_err,A0_err,w0_err,f2_err,A2_err,w2_err,B_err
22.917094336302277,0.1692773568101032,-3.02662161309537,22.415361976226144,0.004873194315248235,-1.6561957617057048,1.2895870485767884,0.00906772696070303,0.15195078493121103,0.42396096694308033,0.010820265302634158,0.14415458609316323,0.41748776222826856,0.17354446698052448
26.342169856322368,0.20326938573304765,-2.161747145552824,25.83553420106204,0.23930694506063327,-1.3212535893648414,1.408388147608763,0.017325998297550008,0.1262266122332016,0.4079970935128725,0.0378771141922668,0.11618903697939999,0.16052855051247877,0.1237680492788676
29.735750247366425,0.057884587898657164,-1.748230064925856,29.15517402203237,0.07948509889720172,-1.615758363316666,1.2470043089242682,0.025561041632449235,0.13339405454162487,0.35118218355234077,0.02439698707286908,0.1314731773379825,0.313981695968567,0.20768208632046195
19.816990608259793,-0.0568095740070369,-2.0125729118269033,19.38335538399187,-1.525919084244383,-2.459768943472337,1.423488281732456,0.02155743134850317,0.1607955166097072,0.607089680174084,0.04396891378803715,1.2978904371559064,1.0244890567551108,0.11997562290295334
33.235990774208375,-1.5119089059575872,-2.123897854630707,32.7262440773242,-0.5657722479510146,-2.5173759697195512,1.307609707829008,0.06972914535126687,0.839343542237696,0.8347201008760853,0.023219502521794864,0.27335706159709416,0.769114313225999,0.13023895946203082
