f0,A0,w0,f2,A2,w2,B,f0_err,A0_err,w0_err,f2_err,A2_err,w2_err,B_err
27.615848697866447,0.19272832568796017,-2.408429344219819,27.04518693605081,0.25573522181735525,-1.3426005687644111,0.97481290234756,0.01397266314235303,0.13307895538893155,0.41037222815941055,0.011816147062976158,0.11118250259736993,0.16286967405986524,0.23201834607118627
31.72822123262339,0.41059312728337716,-1.7991873316225127,31.0454478078316,0.09720053839268927,-1.795895481965386,1.3170320197997232,0.01932831749670559,0.09757246398033895,0.3038061173673594,0.01219424713045039,0.11975396802965936,0.36664169993844237,0.1839420291708513
35.71831832955161,0.40000297775527455,-1.4048953746022148,34.986930621199875,0.24377405744921488,-1.3775097583072506,1.1882101614043357,0.02814428495638261,0.10060088168550098,0.18359661079227116,0.024926362488867107,0.11011163084178822,0.17324354860882366,0.2258764857238723
39.91752710362609,-0.10418654161431029,-1.537890656181701,39.19069399145455,-0.294967579949203,-1.3947403198041304,1.355651988182213,0.0404733792127869,0.18578504475740118,0.4299535240048219,0.06384644869576102,0.3825771092131753,0.4709554468238547,0.149886705012535
23.78050639026317,-0.3982218718016825,-1.8257010190148715,23.341895597012126,-0.8758918469536382,-2.0352161322549116,1.4040238277008146,0.03437852494757949,0.2378581134340187,0.6388381377984003,0.05409109043193288,0.881308353006798,0.8374344279961663,0.12260173681585329
