f0,A0,w0,f2,A2,w2,B,f0_err,A0_err,w0_err,f2_err,A2_err,w2_err,B_err
61.15866106993908,0.8316443736208525,-2.1266422469848094,60.388340982282784,0.8753946349233799,-2.469075232457874,0.9147219983416239,0.013331762934578044,0.09638436481508449,0.25124501895881124,0.011298947578125756,0.11912330185286751,0.31809058966417164,0.13849262628138256
67.18093102960377,0.7693534197506227,-2.272186500586181,66.41268906093185,0.5215080630765379,-1.9821074444977413,1.2688616720728343,0.01243964178839212,0.11090296147759582,0.3080167698079213,0.016684120250981805,0.10055586819764104,0.3203690007008654,0.123179032861219
55.11389139073805,0.47244543389265026,-2.5570437847322696,54.26327280510577,0.29043310052615534,-1.8799819657064445,0.9926132031877187,0.011872621707190934,0.13900656695102195,0.373483214157389,0.019160303812209192,0.10815408927574693,0.3548978446367766,0.14868578835881668
49.18935414108306,0.12922179651253812,-2.2591631138081087,48.403962492561675,-0.3829523787294222,-2.4425761465137428,1.3199646940654608,0.018137265824251007,0.12980720971671295,0.38456212857883626,0.02751996201908342,0.20550095951961525,0.6457393199289408,0.11417820482905176
73.35332974519848,0.251049925871447,-1.3846434378824273,72.47697759804667,0.24425702330920937,-1.3185449515791317,1.0616350651450617,0.035118504674369236,0.1254265100649628,0.22852924807251412,0.02916426015500188,0.15747322379654113,0.24134260115825804,0.14555664123062675
79.59168388487782,-0.2466117959570901,-1.5833489209616607,78.46728541823558,-3.072634148371961,-2.824750066605329,1.416903681662168,0.05488242270036223,0.5515059031516202,0.5000720782178001,0.1344325697317692,1.4975196946684117,0.9774663889060752,0.0710688577164361
43.43512636212676,-0.8068402376188486,-3.089070942723517,42.70862159585059,-1.6645502575370013,-2.279097215805702,1.2277861686708482,0.02643950546829817,0.5176491044289034,0.7660582538213305,0.09154893268913081,1.4248533183106014,0.9728785643953808,0.12028489964742653
