f0,A0,w0,f2,A2,w2,B,f0_err,A0_err,w0_err,f2_err,A2_err,w2_err,B_err
44.88024070579882,0.35722381610252874,-2.2772606650072924,44.076832271951346,0.007336822600942497,-1.596631257819105,1.1872910698348216,0.013777185897147388,0.10744457527737768,0.32711815463125654,0.028302617322261615,0.12762402250887595,0.28579555926779665,0.1497850434979415
49.961091975625564,0.5360161547785729,-1.6383343214614876,49.24746776964015,0.23805734628238384,-1.718819301223543,1.4503504640332578,0.019958383024944914,0.08355234070560917,0.2529828520370166,0.023789355852727737,0.10842646225815158,0.29929077017421707,0.06125236688259281
54.904420380779115,0.3743357055920304,-1.8941354006806996,54.158705045185904,0.3529769001513898,-1.3547012345499279,1.4547061764555158,0.02026732042554389,0.10467972394600703,0.3630096997756626,0.031649362962712695,0.09657531017218093,0.1624602947957752,0.055676377577757785
59.926382384976094,0.3560130036779697,-1.319592301694479,59.1696426447944,-0.5767988106727077,-1.7994470526515995,1.2931647750949744,0.04078600947616456,0.10322011999384438,0.1516168949183405,0.12807903747812938,0.3982314681160921,0.7517356806517997,0.13438250535115312
40.10334472221545,-0.09338705708928978,-1.7065333923118429,39.47995155393829,-2.864338101310541,-2.7882261617355653,1.3016138821071246,0.03149653527037725,0.1387868084022806,0.3145243035812654,0.0872746097435167,1.6503291729821183,0.9747618037203891,0.10774395086834025
35.2510534052026,-0.37084938826587044,-2.0620995436807554,34.50856695324701,-1.1827232693289491,-2.557983112065794,1.2340199536344483,0.02537881639589879,0.19771812829625188,0.5791401632373309,0.062466033436949675,1.3341840854807743,0.8495273266391481,0.1511876516329381
65.1986537953076,-0.45959364927992064,-1.6096580901792015,64.29574726573485,-0.9698774993684119,-1.9783550445212197,1.370883237954439,0.09138971034465264,0.6594593723396993,0.7571384799402636,0.12187235088468368,0.7766773086201053,0.7712444655030265,0.10531362005083296
70.18209001675308,-0.6731613941248344,-1.5629350071935504,69.2209237954846,-0.7741284148730175,-2.1557064726252886,0.9871151857801307,0.0897172434975047,1.020561335901537,0.6598453496637914,0.04545875536867434,0.6970169231239611,0.800209508177311,0.10694268183853793
