f0,A0,w0,f2,A2,w2,B,f0_err,A0_err,w0_err,f2_err,A2_err,w2_err,B_err
115.34459485834819,0.7589017096627491,-2.563071608948668,113.99754379776297,0.33287162537613324,-1.9561409544642898,1.314605787366111,0.01092994901946826,0.1264971121039545,0.35341040782353583,0.02036768393890126,0.10527252319654438,0.29896886091488284,0.08567509560648483
125.51086952687254,1.0191909411391205,-2.74353704518158,124.25555640495107,0.8527178968163354,-1.9008589156755105,1.268713395469099,0.009135381792626563,0.1432795152659491,0.34429404158128546,0.013275402722877534,0.08975032868216684,0.2647453871465233,0.09656283127434298
135.90435130067306,0.5239411920417965,-1.436423724863495,134.42699194464475,0.5076148354052603,-1.263992012463829,1.0889068259911883,0.02503326467819436,0.09287177147523595,0.2065536089039947,0.09921224973147226,0.16320101446343718,0.17436963231175018,0.11251679856380939
104.99960354871837,0.5588361334930554,-2.5356512100967405,103.67109182095362,-0.0947409158122112,-1.3250401627652497,0.9789245176472905,0.010956636170686925,0.12942441148027056,0.346463277111656,0.05645927187847508,0.15402007769076764,0.16187803590254737,0.08992802905243774
95.01321636351436,-0.0849883211526111,-1.8441965135790352,93.71146587731215,-0.23547537954276943,-1.9158152337125829,0.9463368164572539,0.02449707423435194,0.12347629919427858,0.3296055064266447,0.027381466981519508,0.13958028934721164,0.40722358277540216,0.0759743531470689
85.15088774815503,-0.7638315310462218,-2.26645393466351,83.77647075833112,-0.9636449639528228,-2.0325146375190775,0.9894112155448381,0.05563419780970302,0.6866894494531972,0.7682935498792004,0.09721725491387744,1.1184744052922813,0.8692572300667267,0.08454893006099648
146.38198620131385,-0.16141652484309732,-1.4476386564920798,144.96283893154308,-0.20097118964544514,-1.4088388140344055,1.0228343037297398,0.04747534540890699,0.19215393673524228,0.33474660674204637,0.25114695983795526,1.228446831861221,0.6671175280395673,0.1175707446021875
156.85908319088446,-0.6143623969821348,-1.917933659151729,155.23312647135407,-0.8493412003575236,-1.75037055672847,1.0434747983016166,0.05208250163398528,0.3827690184089601,0.8413316067641456,0.1499814480907874,1.1410311900191583,0.9222557993294531,0.07265751980220228
