f0,A0,w0,f2,A2,w2,B,f0_err,A0_err,w0_err,f2_err,A2_err,w2_err,B_err
26.271817172997668,0.23339084303359378,-2.136137648369335,25.707852059720917,0.17593097367995375,-1.3788983658816543,1.396861493591168,0.016064807256052784,0.11510878852988354,0.39539051539041575,0.032068559749232284,0.12319191872970732,0.20219921390984558,0.12848188499535718
30.241010565272806,0.5268825846908958,-1.4587996567478871,29.645099887962687,0.15574415797693963,-1.3071158941814822,1.301363850665426,0.02379457175802291,0.09256507745311653,0.21047869948442735,0.0314415937502509,0.5894249118000183,0.32959065869550613,0.16890322507205083
34.140136146620776,-0.005418330349836138,-1.7869122089961966,33.45121949796737,-0.05839035332779374,-1.3561442136904085,1.4135115256171988,0.02928938024872187,0.14525197924286504,0.5148546636952661,0.03992524497367993,0.19620927132589558,0.2976039903392847,0.10589045023804286
22.67337322188765,-0.03589517886021447,-1.8630912390130634,22.250182428621958,-1.833194698398073,-2.8091535083813044,1.4490700356075803,0.02094972862679349,0.12277669988097747,0.34985937036266546,0.04616868203885117,1.7203082831358614,0.9816245760803323,0.06656035188871812
38.12153900479956,-1.3433947993473923,-2.4844522370832594,37.44074427965789,-1.6937847698079227,-2.2920795613868155,1.2355627449126616,0.05322561060589623,0.9384782360084064,0.8591101932808906,0.08689358871472545,1.2032782321037556,0.9783029458012974,0.12423915271943592
18.710985954366475,-1.279979417984246,-2.280183654380397,18.319658981924253,-1.345203814416562,-2.5849062335769504,1.3671727290563744,0.04447804786079709,0.8226281911410669,0.8657765654892717,0.03601593881119548,1.0915473268552656,0.9624510961909191,0.13501057291028493
