f0,A0,w0,f2,A2,w2,B,f0_err,A0_err,w0_err,f2_err,A2_err,w2_err,B_err
95.75621979208297,1.1802179612129629,-2.9552340825293326,94.47899634450448,0.9561681735369985,-1.837087925769056,1.1982899432024539,0.006928537898683963,0.1330419442775791,0.31632706923566734,0.014015170701754218,0.07293053741094534,0.21122077823335605,0.1179377800793918
105.11831061176596,0.902314754006197,-2.608900399451832,103.86462196314886,0.7455765501646174,-1.8015908316319926,1.3937526598139187,0.009188361489977913,0.11362925777127894,0.28295659429043196,0.015299701754364662,0.08092509220443456,0.23211593092475283,0.07550639681735462
114.63377638635669,0.4063171515676753,-1.3058415484311579,113.3921242295058,0.3063233644279657,-1.3939992283330733,1.0356126126995187,0.03034500354431214,0.07394760895994529,0.1120451283237341,0.0259588059060732,0.0858604016757757,0.1632439221990217,0.08354738583079517
86.37346667803072,0.3178290785896964,-1.8054352155652558,85.0372643015452,0.20803075508800262,-1.623678406414403,0.8825994160735154,0.017453883146218634,0.08657852581401942,0.23495759478254485,0.021621623473021333,0.08551113983372292,0.2271861600818384,0.08117148756815938
77.21484618047373,-0.06675206554208021,-1.7226340059838112,75.88190647511136,-0.31338945934006035,-1.8507996050767375,0.953881380442769,0.023231084090979282,0.11161632674073,0.30302042707752613,0.012868930822860688,0.13723993550692756,0.3631855970599647,0.08262379906722729
124.48247367799581,-0.33410683489367643,-1.581214370682273,123.08934635975925,-0.5926136298577755,-1.4966311188197614,1.2274576317646786,0.04251421924994032,0.187380555235037,0.47334029887772366,0.15322479305354217,0.8378140600909217,0.8427742805661219,0.09181214370264495
