f0,A0,w0,f2,A2,w2,B,f0_err,A0_err,w0_err,f2_err,A2_err,w2_err,B_err
6.056690197685142,-0.14757457939801488,-2.96522406291054,5.903537077322462,-0.5551438702782798,-3.962796026649637,0.9671151445673117,0.011071463278843986,0.18417222412084217,0.5967937302473809,0.007619561784660778,0.26469269710307686,0.6709341670092528,0.2729176555165866
5.132505558153122,-0.326921602560222,-3.229034959748568,4.9818752774294826,-0.6339463376749802,-2.3836571109555975,0.7415517870278323,0.01091381226067008,0.21836245461886508,0.6613325328212157,0.015441288497329496,0.3323225431179216,0.6768144995420462,0.26137342978426786
4.266123565976872,-0.7203806913961677,-2.8439678632263954,4.137011611990012,-0.6614083682947057,-1.9234914523923783,1.0113448828653935,0.013924758538998584,0.4322391144714901,0.8936179463689528,0.01299900226171352,0.44987480952769676,0.6201428333676566,0.25045980386998756
6.924667781712649,-0.707220927237557,-2.8779932086689737,6.7588240562207,-0.46977291864671,-2.048519061686941,1.1490505124404662,0.016723549435569154,0.4976828431467397,0.9232098947234645,0.018200125584473374,0.3791648534761493,0.6664585051464433,0.25834531469643396
