f0,A0,w0,f2,A2,w2,B,f0_err,A0_err,w0_err,f2_err,A2_err,w2_err,B_err
30.280224334970647,0.42364443423223497,-3.2586543530548755,29.793272371928897,0.21023223902857496,-2.1805326107462633,1.1638388214654176,0.006665589217042195,0.16070209849440242,0.4087285726453679,0.014921953450573046,0.11891167287679946,0.3741754762125076,0.1709064527227064
26.87356442244571,0.3924718044781157,-3.167855332973027,26.368038562886294,0.2568919782582991,-2.9848240505138137,0.8497026878274545,0.007114661004636443,0.15859659975655988,0.40036207058160894,0.00799834104582888,0.13957078824281033,0.44923054223150105,0.16603442574087499
33.63056969268651,0.16712229195493558,-1.7973055544165655,33.148215107375776,-0.07072171260952066,-2.553514987559891,1.2777374043251495,0.022876635814905774,0.1039763931343017,0.31117520880731947,0.00928949073056816,0.1427426226539331,0.43753728837744904,0.1397604750043478
23.576086576904853,-0.3820417662416148,-2.7278078043210026,23.106543676689096,-0.3925509043611888,-1.9288388739360576,1.333431560051202,0.015463575486024074,0.18668987340579013,0.5974600517756153,0.02743780838719485,0.2087801402051252,0.5946377583980752,0.1406395584162218
37.174024782934644,-0.28873985094134325,-1.5664090973031266,36.66302427452334,-0.2057783514934719,-1.9026313229794272,0.922659764627794,0.03798207755637247,0.18555276458531958,0.4365733344127174,0.01227928680731428,0.14289744509740926,0.43946595916569176,0.15569146185721766
20.42634980882307,-1.0685876380621835,-3.083093467405619,20.03912852088944,-2.2183317684353705,-3.0959309594485216,1.2613324169207825,0.02599151078714267,0.47948030177550444,0.8975384047084617,0.051675731980425736,1.580536583096741,1.0371297711404701,0.12399087120022198
17.18297600666166,-0.8835745707521236,-2.815655292201602,16.809408720793847,-2.804793845807135,-2.902812682377336,1.0776626393259745,0.021647698269224528,0.3425403549739248,0.797818284599165,0.03988487901065417,1.729661962480237,1.000507643967684,0.1520950833893546
40.5685542165254,-1.4953592740879809,-2.4556757657355406,39.89373507549821,-2.646159605016859,-2.920696463369352,1.314685831379011,0.07009994000051448,1.0883796332880096,0.9891499615502729,0.07349760036444934,1.5037599530956842,0.9823229067914081,0.09354201035601475
