f0,A0,w0,f2,A2,w2,B,f0_err,A0_err,w0_err,f2_err,A2_err,w2_err,B_err
39.08152465993213,0.43074987000611076,-1.9634018607760515,38.342358782870114,0.10364309152007745,-1.8034145906936425,1.4258353881756043,0.019253592978473132,0.10748785468739702,0.32591568035475305,0.021031774780832416,0.12093992379789636,0.33614228585701356,0.09018991929883045
43.45848014131856,0.577758074804706,-2.0836748672499588,42.83819586363569,0.28625500898916667,-1.5714548209887054,1.406649936524044,0.016090025049619736,0.10898256653641729,0.35842735372761125,0.02693025076753586,0.12380787063590214,0.35888309005038443,0.09918058499169807
47.84315621038715,0.010287364111863422,-1.9717543188042925,47.21950692755338,0.14241767097427996,-1.6252086877107357,1.3507088203399638,0.024790054870609434,0.1326953454073253,0.3611668510127125,0.026895366232690704,0.12036563906325141,0.3137113923410967,0.11463664787693728
34.67621900439703,-0.03904640129068104,-1.9882072711581584,33.97670011580979,0.014874665849793911,-1.6850269858946485,1.3758865119255177,0.02542056212237708,0.16168631415739285,0.5301663291367962,0.029696906750274286,0.1291383213062417,0.3386348992572376,0.1294639585689022
30.61830354311733,-0.4592463186276048,-2.388425695069292,29.979806199678734,-0.7205314270387391,-2.0581280321579714,1.2432061851569263,0.023016823867818302,0.22129714585368762,0.6378820343018748,0.04866773449499482,1.0784853068756295,0.7062052713056627,0.1659219015592492
26.27861366106978,-0.7106050800519808,-2.260400020668362,25.76757083418185,-1.9159103993665763,-2.544392158456558,0.9243704915878476,0.03228957356658844,0.5511244549000542,0.7150120318165705,0.05888029119648169,1.177259421972096,0.9609591240959616,0.14111717044770694
52.48736291619139,-0.6165668320879095,-2.1686777558995267,51.69848691983756,-1.2184356119545632,-2.142835266784466,1.34361924594208,0.05065855930800897,0.7990185958158941,0.6868963931208384,0.12817147364974427,1.2877436362579375,0.963618723534163,0.11987862792628813
