f0,A0,w0,f2,A2,w2,B,f0_err,A0_err,w0_err,f2_err,A2_err,w2_err,B_err
58.475925663273756,0.8142860081804573,-2.5284636976883523,57.69394348177015,0.6445850046354795,-1.6223364126665927,0.8084831586905366,0.00942395468525588,0.11197522405149632,0.2792753430974727,0.017359758170190368,0.07773579581159332,0.2313400508117868,0.1312211813331339
52.71839335462852,0.6745597547870779,-2.595102923121495,51.90866437119358,0.3048634082346852,-2.509088602885398,1.112677345488383,0.009344954199953981,0.11504830524872979,0.2993580543774083,0.011562003686262413,0.12100303016547752,0.35576580934472657,0.13379654380247097
46.899308801332765,0.11570946771005283,-1.7504081740772488,46.13504474879808,0.04660504402510926,-1.5633540219488564,1.0333925453896475,0.022242032308238967,0.10308550993127238,0.2873145156796892,0.02628050010236025,0.11416555636508434,0.29349233228934507,0.15931569298513956
64.28246489064827,0.48616272010588124,-1.7146252976839385,63.506834082164964,0.4810828161271263,-1.7301300954635028,0.8961326212083026,0.017817016710911567,0.07730607562381174,0.22948417165978502,0.009007017173942424,0.0788915262960794,0.2517549882627213,0.12429650571097701
70.36411824234332,-0.01782018990621262,-1.390275329333609,69.57052643698742,0.13269061884767921,-1.5411481186204927,0.8884211250532582,0.03860646109568692,0.11869773187011672,0.16343670374406052,0.07726017587471977,0.6091792090291271,0.5498198607005759,0.14174376702938685
41.46904388504868,-0.5107906322347946,-1.8888793497913856,40.66826207881185,-1.0394395852028375,-2.4904340959129097,1.0772610905399167,0.033824144002890785,0.2566989651538849,0.5814162493284559,0.07259696920673729,0.8228502309967101,0.8243835755804731,0.13841896578394422
