f0,A0,w0,f2,A2,w2,B,f0_err,A0_err,w0_err,f2_err,A2_err,w2_err,B_err
33.945586627322356,0.2752211039672072,-1.8720113690172742,33.28793582569952,-0.011308741558799261,-1.65511980643851,1.3574753606986563,0.021267536560929386,0.10742998337478647,0.36699648720937006,0.03024465881321043,0.15152858714154277,0.4699868631028391,0.15343615560020588
38.35052711075024,0.5523968900539169,-1.70101339403209,37.68541806973235,0.15156310214695368,-1.5213820197520396,1.366473899374181,0.020547612055961256,0.09322743542723262,0.26315689701440587,0.039542023124113694,0.1337558824592855,0.372114871151786,0.13770703365885203
42.63611741287309,0.32192109258761914,-1.3468403824500181,41.94562270958504,0.32365193855354246,-1.3396376860382508,1.4443176681418688,0.04277566149336315,0.11949483481777794,0.19624397007192806,0.044227946927944295,0.1165366554663088,0.16982672534332222,0.08140593646795546
29.926147221856905,0.11097515821394781,-1.5908614533985255,29.353171264497412,-0.5707438610046798,-1.8152878952203655,0.9582348255062894,0.025177405885760906,0.13254945605391097,0.3271240724086376,0.04121667233551528,0.6358300400741543,0.7927211509238946,0.23986556864936795
25.789925561037357,-0.8436991217339422,-2.582070338022957,25.288006813547774,-2.1260516641791964,-3.2855754092149274,1.390518537131898,0.050960561304940644,0.4941051325300321,0.9444986938283801,0.05476407731226342,1.2548519186518368,0.9675679966646283,0.09962158075439323
46.97119194479006,-0.023186168260445325,-1.468145452701159,46.24432893517376,0.03701708667684953,-1.3837597630778458,1.2342842312176507,0.03966139441560869,0.15750039302976795,0.2936492205777211,0.04742546024287943,0.13955773889698106,0.21638218918481003,0.15438826886796023
51.30156689648963,-0.44712656443487747,-2.3536871004064723,50.53637521683296,-0.9730360052424338,-3.1514492182437133,1.351776530189558,0.03342116075359822,0.23653465236325127,0.7591986507599096,0.04607261372328958,0.7541565655581393,0.8190259555822522,0.10139505147902605
