f0,A0,w0,f2,A2,w2,B,f0_err,A0_err,w0_err,f2_err,A2_err,w2_err,B_err
38.68528657888369,0.4526713920693666,-2.239412574109988,38.00870682326732,0.5165272684144526,-1.3985996881810634,1.3732922788977024,0.01836115247345121,0.12463224389176886,0.3796581222441968,0.029971659877760747,0.1547430786070598,0.1669631958149997,0.13405957139782027
43.01545371886552,0.24259333964419932,-2.140159511312681,42.39451526785117,0.17921670852976967,-1.6403983035190923,1.3415784061606582,0.01905745309390707,0.1307518449048834,0.40280807332699364,0.028634710010562378,0.12820892469757564,0.3882696453515121,0.1233403824611844
34.23945037916036,0.5088486539489963,-2.0854658752403252,33.61322716075739,0.14236394547266853,-1.6355401739678739,1.071907854207813,0.016025760502234667,0.10653195897900405,0.35994303096546537,0.027233887610571193,0.12118499166424072,0.27254288694215884,0.2281983333469716
30.215552682260828,0.06543761608435898,-3.43442332814946,29.64502497715523,-0.6587005236479864,-2.2875833555681115,1.2947792059484406,0.007983489581023172,0.1857776074703557,0.4667901169688516,0.03586208304130922,0.3492536118837144,0.7246138770612008,0.1303954678775061
25.939784183867705,-0.8756372161596391,-2.8914497664439045,25.464478081061493,-1.8921180749489435,-2.8570283505575453,1.3358344515436449,0.028723965469743123,0.49359424879108754,0.8054715416116474,0.05357722173397533,1.1949045943490726,1.0683504080738386,0.122244664690984
47.36914939206436,0.10669562886803849,-1.4322491213458388,46.71454995981918,0.11839044864254124,-1.3715910244983478,1.2361627345050998,0.04338292797632821,0.14899956319461874,0.2874518901319884,0.03832158978236823,0.15210160031242195,0.23125098240858896,0.16990581097502042
51.80570385734168,-0.6281783170626642,-2.968106729978073,51.0155206312472,-2.3436612966164567,-2.8458746637062595,1.373750528981249,0.025834606914556364,0.508623324577846,0.7651055373698192,0.09790855440004355,1.5699152675074541,0.9989723530384593,0.08278155484367394
