f0,A0,w0,f2,A2,w2,B,f0_err,A0_err,w0_err,f2_err,A2_err,w2_err,B_err
75.06206623823452,0.4162594484930402,-2.8136385767286747,74.10544247639885,0.20414827942810818,-1.5089957970559642,0.7682237881236503,0.00886745804733817,0.12748713257703997,0.3353186708417333,0.0049265190077695965,0.08311924269021713,0.21573956872767305,0.0755360916699894
68.34206377497102,0.4422977876478713,-2.7379376896149608,67.46453662377492,0.14700377805913845,-2.385327518541682,0.9601277216082315,0.008963921970219505,0.12541064136003974,0.33530052845333486,0.012018533896586385,0.11694351588203088,0.35875049288525457,0.08719957277760314
61.519405969669485,-0.2277961921727181,-2.4010945302291233,60.64763150534311,-0.696548683206761,-2.4034063903233807,0.8510882564545251,0.015185144670137549,0.12676480722071412,0.38437265686639294,0.02297513024213661,0.18524890237062447,0.5699681527504402,0.0717041128943866
55.160936254903724,-0.572294615286945,-1.694437516976426,54.23611757391968,-0.8122560365204835,-2.1222164176041143,0.7412405381470831,0.034935648988543885,0.17129873452623162,0.4122058599474808,0.03342358262846426,0.40204803265310873,0.6876859595671344,0.08394084717231054
81.83433835400922,-0.029211711658622498,-1.8251819688705333,80.91330765637522,-0.23367782551309776,-1.3829565248037856,1.025554899175224,0.023504819727850304,0.10765340852446323,0.30528825840184887,0.028359401561950947,0.14315603219756853,0.18745589121350614,0.08207748734243454
88.85271859307592,-1.8376584240115534,-2.540409055710098,87.7051060081868,-2.30230136741853,-2.454732650393214,1.0972183184299218,0.12932848608577466,1.4013598047929237,1.0178435182921093,0.16743911316847304,1.6190705504316734,1.0010608630276958,0.07348474741103787
