f0,A0,w0,f2,A2,w2,B,f0_err,A0_err,w0_err,f2_err,A2_err,w2_err,B_err
40.676603472007784,0.4416855631395463,-2.433725636433611,40.10806454203591,0.32681038884482755,-1.724115267008483,0.9070343306672561,0.011463634702556331,0.1091799521420377,0.31081276982387884,0.008320585352859773,0.0928465635789624,0.2976649361677502,0.16141479556497948
36.55277993633312,0.11257537758928557,-2.871917856350491,36.00427515223549,-0.019482617016797408,-2.1627077104708947,1.2233858566643727,0.010086480024391876,0.15606837130261408,0.446136850294313,0.01753702754289268,0.13838923333119432,0.4959866686612429,0.147253126556168
32.65234133140816,-0.16212454215188282,-2.0697434962645977,32.16147169438024,-0.48203340089292857,-2.5323390251154576,1.0594546451153113,0.02018708197978766,0.13360882294354165,0.4372904398259886,0.021273270406041656,0.20384114001822806,0.7015086601056248,0.16075928315334284
44.702660870019436,0.3489915925611302,-1.9795371797323849,44.1055314510043,0.39627774932926224,-1.398267233431088,1.0350757381187874,0.05312552524792316,0.246195149409864,0.39514341901542666,0.04477935839224142,0.7261630094557353,0.7604544300605254,0.15942965892240052
48.77808845341079,0.16854053936987817,-1.4024049701073933,48.202027381402004,-0.35365415628835906,-1.6399999375424894,1.2527387615455696,0.03716596796568651,0.14410295569850493,0.31776003225578137,0.10913890491029173,1.380998212326074,0.9112288986319949,0.15451952494872356
52.84568668913357,0.16236250141183878,-1.3274245605769754,52.08083719351197,-3.0017764150662947,-2.4956679483628275,1.3341853006839917,0.04186462794754467,0.11505599762586048,0.1360239136506338,0.09662045741606862,1.3881293335327558,0.9784322367635586,0.1021141986107882
56.999573436813506,-0.7131992433738943,-1.8143152195541246,56.14101710316025,-3.1691407646981538,-3.1069582644015115,1.1332976947788589,0.05736789094460671,0.6860639148935465,0.7284497881979325,0.1000208343751881,1.4894476746006173,1.0326173426254017,0.09433755084236428
28.774073000828636,-1.476634367305262,-3.3334833911025537,28.170244322874822,-1.15695125102408,-3.3804763423950184,1.1919051720486808,0.048514823838737745,1.238876004116224,0.9778896723953939,0.031262085987366774,0.8278344350304082,0.8827445403597678,0.1134164945030299
