f0,A0,w0,f2,A2,w2,B,f0_err,A0_err,w0_err,f2_err,A2_err,w2_err,B_err
28.90264893731811,0.08690842176401256,-2.105698401577405,28.39865189302386,-0.30776015329381556,-1.505755986701878,1.290724043587139,0.01877577953816953,0.12022341042279089,0.3551533878106763,0.05136519703024042,0.5705111367093294,0.41036301443746914,0.17494795489910936
25.305899534181204,-0.11970613183332188,-2.4702625922512818,24.815236733238873,-0.9270633981827401,-2.4482052267533807,1.293981490215096,0.01528117446140067,0.13751958084903693,0.43342994960691683,0.037185138416170015,0.7924208259629993,0.8981883254935372,0.15797868858868336
21.873037657622056,-0.7612913342034732,-3.379865944384001,21.42952153681048,-2.4280817317176338,-2.6711189826853747,1.313422842190469,0.013786742083747272,0.2589450780643879,0.7804905574911202,0.05156970722969648,1.5255285440650341,0.9909578539327453,0.13076682419483565
32.685498449747556,-0.0290997139001741,-2.4557514951932573,32.12487434699699,0.018245471560341522,-1.346033028507205,1.3430902792861323,0.01565861524532239,0.14550778378604332,0.5117188520579337,0.04563037045764846,0.13259974492280524,0.16076335225783703,0.13268458189725452
36.34599821489446,0.07925429820583166,-1.9079599463231975,35.74014726795932,-0.49013839319724584,-1.5032142160484312,1.3918309823605257,0.02502884202801295,0.12010369878600259,0.3524789233677664,0.07051254019653133,1.0354250261592113,0.7064079914805471,0.1151833224482607
40.23512092897381,-0.7627330319256891,-3.410710959847571,39.60242526810052,-0.603352927767145,-1.6927754651154039,1.3901577253577653,0.017883457970782106,0.3416727966472767,0.8173685141764063,0.059433326065702306,0.40758646176579116,0.7202262656845518,0.0953822136282978
43.8320597644544,-1.2689757110153792,-2.5594894500604575,43.20127012915021,-1.6896367710612719,-3.1833169509862764,1.384099065391182,0.061906283585289025,1.4217801006257287,0.909400395707483,0.07053054632368697,1.1807443987013488,0.9438814652208743,0.08164568950470168
18.343064072236483,-1.3331540144576972,-2.683103381350669,17.96753707546119,-2.4405806174078077,-2.644917596585847,0.9589244865519563,0.033131480720112995,0.9593872270235768,0.8839717260568566,0.04113206828534059,1.4153452385209393,0.9946482877284561,0.12296257592990346
