f0,A0,w0,f2,A2,w2,B,f0_err,A0_err,w0_err,f2_err,A2_err,w2_err,B_err
32.64465499644622,0.5621762806276576,-2.4775159850702493,31.988263172447084,0.21084453501119801,-1.9742612722207586,1.0275609581054532,0.011464594813493949,0.12599604595565503,0.36883250747145674,0.018284320196774197,0.10995016206368585,0.3495685801048707,0.21909165437341555
36.81543084227586,0.46510421044646366,-1.716511056605997,36.23060398819295,0.2971398767222511,-1.5789900442427252,1.3272349317492145,0.02280560020732557,0.10617932390230347,0.3224796097303103,0.02713297656046227,0.10799189239975943,0.2728519687001067,0.1607986138805489
40.95711065034519,0.1101605141371659,-2.3027471254424836,40.31846542442409,0.36968108295908036,-1.3099453451323662,1.3539394975446941,0.019246361078700334,0.17408238640101475,0.5985703888956668,0.038551655978519846,0.10316052591793867,0.12244990205936708,0.13128423767842554
28.616921874697642,0.010040548364450112,-1.8377406015374451,28.029582952552232,-0.29011369591997294,-1.5806264204698188,1.2707904446806262,0.0260127229448472,0.1270967590957824,0.33129561445026945,0.031468922564141084,0.2266339842475098,0.41069367565299386,0.18494431694583624
24.775503976923474,-0.6012168398942876,-2.097758546273747,24.30414965841171,-2.2383476133458444,-2.2124047462528083,1.1432995661406613,0.03526043158906634,0.27662072847134145,0.7379774902288059,0.05971856796841203,1.3273346027570143,0.9457747601237535,0.15490447911332264
45.252318436673626,-0.36781886176484374,-2.187102788141442,44.513079504686594,-0.8564614454918119,-1.8029104274827634,1.4255109334165152,0.027196332918545733,0.20646387038221026,0.7940697206717011,0.07067407580922713,1.2195077806422978,0.9666632459228893,0.09169366370418766