f0,A0,w0,f2,A2,w2,B,f0_err,A0_err,w0_err,f2_err,A2_err,w2_err,B_err
27.02443998367164,0.2712339752392591,-2.1385314801309914,26.45655913788745,-0.11274242998988346,-2.190300595179735,1.320085670243214,0.018364800514815725,0.1199561437983295,0.36281341719882554,0.019975396983501544,0.15713989638644832,0.4602529731540174,0.1559237077587696
31.15766302844895,0.5318493822828261,-1.8302371662130432,30.52150669459536,0.46619027852322664,-1.3092366515766254,1.3637378970864382,0.029442830963351662,0.1718545521110446,0.33410093051878964,0.040310886928145294,1.1303896703688692,0.8739430555191742,0.17433744804115858
23.317937094689405,-0.21882186227827802,-2.0382263613421805,22.812004817122634,-0.9888288372928487,-3.77217293398249,1.3012882225608449,0.027481958367205638,0.16507461580640048,0.47931120269834104,0.02790406291602325,0.5321311151886006,0.8485004829493829,0.1537452446336565
19.483517054774474,-0.5666054923658688,-2.0311142541891463,19.038588649998907,-1.7330459363775248,-2.412275001515231,1.2347688761810685,0.04296058441759802,0.4141561991250958,0.7550515827136821,0.043052648091658784,1.333226404232171,0.9289325567759384,0.19287570544180316
35.05143046757087,0.13340136937001157,-1.4161733817595898,34.40140021266869,0.30023696188261717,-1.3552892595179926,1.325004351769151,0.050355261576115765,0.18470609522292475,0.2804641706611922,0.04719387070582625,0.18449464176271618,0.26684471567403195,0.1772589880991221
39.094390386667925,-0.2935571337325075,-1.7217275951127993,38.38078512805714,-0.18728929820342666,-1.4354508504962464,1.25735171134581,0.04166010935552645,0.5335939216459208,0.5820413835485374,0.050849771055729354,0.4885970320830008,0.3995226207187935,0.20544566558170493
