f0,A0,w0,f2,A2,w2,B,f0_err,A0_err,w0_err,f2_err,A2_err,w2_err,B_err
46.37208293491091,0.45012873374556933,-2.2153075530643296,45.698775793371645,0.34492942994704445,-1.8939090554933369,1.3265116317930032,0.014059202236778605,0.10081260020226389,0.3068071040456389,0.017555692035776612,0.09613457901808717,0.30761369198876926,0.12401298711658264
41.64880525490478,0.3296900662042397,-1.6072317063973127,40.95597753714495,0.03899151021367702,-2.628714839512658,1.3817626701451733,0.02167357053236803,0.0927044253054226,0.27687279519096786,0.013115898618952541,0.14274420059112095,0.477427088309305,0.11355029368658985
37.02337898483097,0.02168626606593871,-1.9193536733230265,36.45312670637366,-0.1642443258811822,-1.910371929268917,1.0877966571778765,0.023811598057479646,0.1095036061936833,0.31321418703595655,0.023765894436618293,0.17652450870387376,0.6036570675920129,0.17712299617471486
50.99385339393023,0.28403074183630667,-1.8917784236170743,50.221866089187,0.10512922570800362,-1.6003290679010251,1.4516244582746478,0.018951501968088154,0.09884073879984866,0.3091143804945685,0.027531601037809553,0.10286032172877595,0.27053495480414375,0.05497989933627587
32.648388981752255,-1.2646607288470615,-2.520950859387382,32.02601041460606,-1.2332505386260597,-3.391700590782237,1.213658329308757,0.05357420158602124,1.2193974248864952,0.9417638173735906,0.05041280529414142,1.2491328128232968,0.8405888985529442,0.11928293194974883
28.180350342316324,-0.9002589234931219,-2.077997785944801,27.624031865359136,-1.9492826740041105,-2.6570809927506764,0.9815599346872064,0.04668652645721327,0.4922617191568089,0.6714969671162909,0.06442103893682098,1.1644682598259113,0.9617024496771224,0.11857898044737812
55.96125577662799,-0.6070187973868889,-2.2322145883420745,55.12762324990151,-0.6080093423172394,-1.9744710988852354,1.46165649798442,0.034186197818562226,0.2743168987034731,0.7273975736608084,0.046184151668442634,0.31928194496542245,0.8123494676137772,0.05044676055092163
