f0,A0,w0,f2,A2,w2,B,f0_err,A0_err,w0_err,f2_err,A2_err,w2_err,B_err
12.60514807845146,-0.1890331712392052,-3.9521074978516966,12.290594303351691,-0.45878004911452536,-3.3481908337409734,1.401109188406167,0.005479510881458526,0.19176936780625037,0.4767592057329597,0.010250343263814257,0.21666732522629964,0.614845603896327,0.1018708097385286
14.726626210017475,0.22366595434206027,-2.4266820860321046,14.374009508476162,0.021678972251666644,-3.3544129564252025,0.7559670200485694,0.01132493412479297,0.12126273786612574,0.4641658815444666,0.007416974557636345,0.16855950384265883,0.44585436622391844,0.26483012884660606
16.858940135179857,0.46905342218290774,-2.6354162492685163,16.5344502520189,0.23504762907728072,-2.9294529021091713,1.0843371033486422,0.010187015571610768,0.11834619757625804,0.4057382239102383,0.009332424210570426,0.1462270514338955,0.4009440072018694,0.24617220187230957
19.0774335130549,-0.21115748793962255,-3.1572559312084807,18.777801417782978,-0.06191135178278695,-2.0427556377383196,0.8874338343586281,0.010927117306502497,0.1734851259247128,0.5411343847246968,0.012358736721286236,0.12679808178614807,0.3914439611467291,0.18143594136547092
10.576807583515166,-0.6648616751673295,-2.7819629422732333,10.334702360184739,-2.1830550148948427,-2.571243530466186,1.301505015719353,0.018200138918988407,0.2856200259285025,0.7474125265602092,0.03049355226458528,1.4322930073661284,1.0114485730798304,0.15496880661216292
