f0,A0,w0,f2,A2,w2,B,f0_err,A0_err,w0_err,f2_err,A2_err,w2_err,B_err
28.200087588911657,0.09090818209031158,-2.431474732560451,27.78182307617159,-0.2165746379341134,-1.8548631496150656,1.351841188213293,0.015485279487373676,0.1387840546938482,0.46531516999753014,0.016773373498505325,0.18461928401475056,0.5598413607727253,0.12764169133608835
31.815068412284198,0.48716607146133006,-1.984387294042521,31.298030366195242,0.35105176711060326,-1.8551046776723266,1.1918466485539037,0.041085954199947726,0.1694924387716451,0.35414868383632236,0.04385965970907251,0.6980759103229723,0.6607813264904453,0.20938736337551353
35.36145720366328,0.25906990145051434,-1.5443142047586915,34.84328324231982,0.2758189007229744,-1.3344411758830472,1.2245803979053027,0.03440114962206081,0.11150876558691866,0.2546825384932102,0.035289594363349525,0.15314344351876535,0.19585257785758622,0.17885921683030442
39.00391637985267,0.04445519998040247,-1.755185148546226,38.46719166323522,-0.13490371617790844,-1.4603790671916619,1.3911635186448785,0.02980803943117562,0.150614666492888,0.500832875664835,0.0354292992868332,0.25857424800209866,0.5175596155302161,0.10037734777446636
24.889346150403348,-0.5557196947421585,-3.4080557606800914,24.354605518668844,-0.8776486180820317,-1.7564414840473508,1.420309189401084,0.0161742506601811,0.2259776486452678,0.7150555316915315,0.04698072185075236,1.150630839642942,0.8393916765305154,0.10247809476754453
42.69905924042805,-0.2605646355225829,-1.7011476229717994,42.077116440737875,-0.3119277161064062,-1.500325256657618,1.337935072934181,0.036136380743644655,0.1756662291149325,0.4256750289510623,0.04547878273688897,0.18714749409067005,0.35778301146327446,0.12012892112319298
