f0,A0,w0,f2,A2,w2,B,f0_err,A0_err,w0_err,f2_err,A2_err,w2_err,B_err
32.537790553281255,0.46385540295867644,-2.363019342136152,31.869568101716652,0.4029647818081994,-1.2960631573045658,1.364064393800938,0.013384245864644763,0.11479264770703769,0.3727555308990276,0.01845072700314697,0.08932893583230081,0.10902902313553782,0.14219413172275372
32.53571264118267,0.45412702219520446,-2.377792633339288,31.867730541262873,0.3833917237458807,-1.2927852248844318,1.3666897373700475,0.012807277982078723,0.10849310668119094,0.361033440696179,0.018712032975939707,0.09590283677996811,0.10505271443290384,0.13584363583417056
36.65539052158452,0.5506320051341007,-1.4285058357292337,35.9630355571232,0.506875623541351,-1.3293556809205227,1.344948956721577,0.023937410702733093,0.08599892583628989,0.20747113025605612,0.031257631762188896,0.09149442303112428,0.1377487206103174,0.1552599339278071
28.330692385635313,0.14700920469241818,-2.1032954804489266,27.712900138786367,-0.0669358710850094,-1.3712708354598273,1.396027245272304,0.018177275296161824,0.11260131489157542,0.34311858880662793,0.031541115760804726,0.1428195347694517,0.1936449752706501,0.1154560720154457
24.464962723741063,-0.3488560282840667,-2.5812332530007285,23.977822858777813,-2.9331913907120413,-3.1089811457718195,1.4495175799915114,0.019080490059452466,0.18216437569553412,0.7013786070266441,0.05474589938386945,1.533688703360866,0.9921074982084671,0.06468411815524791
40.77862118750819,-0.07191512414161702,-1.5733030468999336,40.2191235827534,-0.1471121680524804,-1.4960461242307637,1.4035960478886687,0.03639816522594068,0.13550757738422398,0.29158328899093905,0.03531370784451171,0.3680741591430628,0.4016291915768894,0.1066081322968659
