f0,A0,w0,f2,A2,w2,B,f0_err,A0_err,w0_err,f2_err,A2_err,w2_err,B_err
27.778371192604844,0.4315325752217467,-1.771887680333375,27.195506353556254,0.26320846687668825,-1.8055992166760637,1.2856565074495443,0.019193604795115043,0.09849811226972703,0.2895265259175173,0.01852438376829629,0.10111231275518498,0.2885911547676714,0.19730719872182467
31.34499537878689,0.24587586736252112,-1.8288541099694327,30.744178379497225,0.39561001910614546,-1.3427753782474299,1.2919668496777827,0.022085455511779997,0.11590396984438926,0.3344651204162889,0.019072475832995896,0.10115304996367798,0.17768934294389463,0.19265617380965175
24.229761576947862,-0.038100790080770046,-3.1902233635438906,23.719573693061804,0.025137005495773086,-1.5756522753870925,1.3555370466390577,0.008463999263506522,0.1732920693440986,0.4767498807496452,0.01792383813594121,0.11641293573058693,0.2837365586636881,0.12058593273761857
20.981686643120582,-0.20569573445484648,-2.036746719396489,20.482573614898776,-0.9615520728701218,-2.701697803140692,1.1582927046016391,0.02190983057194688,0.1503698499675161,0.42928157796448074,0.02550180087017232,0.5739908149279455,0.8670562051356973,0.20376461674211224
34.88451518677397,-0.11806581982320946,-2.1100276805380305,34.393810295149784,-0.11085217264211392,-2.017242657096143,1.43640764651252,0.022973165390126296,0.13340947268164743,0.4439249599982892,0.018772872397382817,0.14066715751799133,0.5049184016616678,0.07121696693784685
38.62574758525341,-1.0014429763837618,-2.6887485838972536,37.953345876214385,-0.9034435925120767,-2.622433554232259,1.368889653082925,0.04661812668208053,0.9011424211058668,0.8900952747097116,0.04366580878937108,1.0335404702292548,0.8878942982062868,0.10040908141938922
