f0,A0,w0,f2,A2,w2,B,f0_err,A0_err,w0_err,f2_err,A2_err,w2_err,B_err
50.53155096679103,0.3898392553329213,-2.059047058875578,49.75059358527393,0.09128503974284902,-1.8143359716739758,1.3693733870149905,0.01658606560497728,0.10314487822134609,0.3274804682741843,0.026011895219906503,0.14022165696202832,0.5149826076438937,0.1210991535921465
55.63342079385734,0.3415912266823813,-1.7450431699448892,54.828777533861995,0.4509843640739729,-1.4676576275911009,1.2859257471092043,0.022721546391211874,0.1030961141197187,0.29738680078104934,0.028453296783505055,0.08351413853284474,0.18788327578318162,0.13374629965179505
45.35742699778045,-0.021138583911408555,-1.5442174571279765,44.65182270574148,-0.016265623303333195,-2.5025063399876486,1.4378097417150109,0.03754861797578617,0.12243261595926672,0.26044799730681994,0.015743756767173225,0.1522916335394904,0.4730041917176748,0.0671298976109059
60.71589433242235,0.03464848576532843,-1.3841245504161361,59.88702412645749,0.1541251271799709,-1.6727356989428985,1.3111456410913616,0.03897099380202658,0.14984315588790215,0.3833740922507882,0.026241664252807762,0.1143995251393778,0.3233598108797132,0.12392415367051732
40.63409726625794,-0.17661480586013337,-1.7044575183671467,39.90446122199353,-0.5653830841991194,-2.4760462850403,1.0204286735344894,0.03173498535083156,0.14835969012187727,0.37449261117982685,0.028043055753944775,0.22617453708680327,0.7130748978098256,0.13964841579133938
65.7092364525062,-0.3966313020618519,-1.5864514033733337,64.70341595583028,-0.6778575585163219,-2.316428430713022,1.3998665361573333,0.05701095703641367,0.36162186735406854,0.6605501797063499,0.11755475230624457,0.6740440356184069,0.9421924694095353,0.08371140602370858
35.67325217029277,-1.5968586126960798,-2.623143898429513,35.097751925367064,-2.550251187703477,-2.8112854184788865,1.150112779844785,0.07329517237181297,1.133709058668061,0.9530750054737225,0.07143463793725699,1.3613388183084156,0.9817867275229355,0.10488334091797148
71.03139769015456,-1.3809917492856465,-2.4371067401027147,69.9478140388221,-3.6049799005363887,-2.6628062740529614,1.4228007284207984,0.09734168537348407,0.933843891315207,0.9840717406623096,0.12452890736020254,1.5160658389533024,0.9896357222933193,0.061916699620018625
