f0,A0,w0,f2,A2,w2,B,f0_err,A0_err,w0_err,f2_err,A2_err,w2_err,B_err
65.94449489756823,0.32765088568366785,-2.6854244686025632,65.10368010334717,-0.10199542310762205,-2.142531649483968,0.7351045993885229,0.009404260439201829,0.1264058440563582,0.34939605121865264,0.01646464933986578,0.11107667508454457,0.32050780081359087,0.07410861244326362
72.41365901999148,0.14066932621530842,-2.6721315271439336,71.53364168121499,0.09564116701632569,-2.0602944215679644,0.7136856353695826,0.010205931246051354,0.11997006768164076,0.32254983945039867,0.06330045016124833,0.23159975829843948,0.3173419560624914,0.11350120636052516
59.40608314443824,-0.20482481438080546,-2.6380017941756115,58.49637381475936,-0.57813376603601,-1.8912453929155024,0.7717729908798768,0.011591757825389395,0.13923810909178497,0.4486209949793107,0.030925038900543343,0.18110932508823327,0.49571773882935294,0.07777120333802368
53.162346487909566,-0.7118157281795752,-2.570966410101571,52.308764942604654,-0.9621509553150662,-3.4770906304343696,0.6717655714726445,0.01836330157085247,0.18089172231966774,0.5335396843571332,0.010861913661657955,0.22257434426243974,0.5935595166452409,0.04995415482540772
78.9685317671674,-0.3418879618312504,-2.106942364647476,77.84258898881941,-1.4661324524246548,-2.067387987427221,0.9796394013555283,0.022890521024607237,0.14778885859698532,0.45216490484352734,0.16919436443679634,1.5975542403866618,0.9676785959872053,0.08279289890663206
85.8090860097758,-0.838698428644745,-1.797591524353157,84.82801209910497,-0.7923917850292459,-1.7133000903231044,0.9053292538785451,0.07513565976020632,0.6436907898475747,0.7729655533092235,0.1353947841744496,1.15377855065402,0.7884771532593055,0.08514615600927883
92.2880810190961,-1.6339960729425926,-2.8208047441986173,91.00793958616673,-3.275610824930566,-2.5886014723436905,0.8845435516122958,0.10430389113818792,1.3848183833529604,0.9956744625545686,0.15935137905950922,1.475486056392852,0.9285931394913346,0.052937867618491945
