f0,A0,w0,f2,A2,w2,B,f0_err,A0_err,w0_err,f2_err,A2_err,w2_err,B_err
94.354612629253,0.4301489258542533,-2.3232625030720135,93.29482175546116,-0.03407761378164882,-1.71958649931973,0.8581303388901205,0.010672509282267852,0.10478453260358184,0.28831512543650734,0.023178030343065294,0.0957803212986071,0.28581387552176013,0.06735684725461859
102.79309033326486,0.6981104388808087,-1.9037099688898145,101.58673648516873,0.23954526028822756,-1.2978883735189903,0.7008107572690288,0.013456431456298,0.07688280605607963,0.2138322687732276,0.07381587444773471,0.22176366503596143,0.17197900887451065,0.1163299950347828
111.19299816878143,0.575675788729637,-1.6459648129947055,109.98015331033655,0.38823480723442766,-1.3066302092789115,0.9264958997294367,0.018802800009088252,0.08367552446033948,0.23565200422165491,0.1986869628525038,0.9390052621645515,0.9291425714661237,0.23830986271332585
119.79463444154595,0.23517489295548816,-1.5288737756181296,118.46267977677492,-0.1443315093039464,-1.299963022959062,1.121139240028594,0.029138992253562732,0.10373891325412733,0.2919023003180148,0.18494599335022813,1.3938183255278525,0.9123885626574062,0.14403564531903115
85.9037881928266,-0.025143679049713014,-1.8810257453647075,84.74093260075533,-0.2967262291812293,-1.5617609694047707,0.9610356509977067,0.020639712372839486,0.10708369045240894,0.3090997251550251,0.03304394952795952,0.13635326187715607,0.31006289518577157,0.07927408889075721
77.87814476826345,-0.394219656839381,-2.0267000880299006,76.81223067809594,-0.717105787642375,-1.6050496145360673,0.9073624448074818,0.026045206567527353,0.1516788333214374,0.46626504051772033,0.07976743193275282,0.580177513553949,0.6755788934039009,0.08090283781876349
128.45045144856556,0.01373333970078447,-1.2881147350329802,127.10720666067617,-0.7406912393447372,-1.6072048067967988,1.033763263607855,0.0507117514983602,0.12123810086760436,0.10991609431401118,0.16831897764983605,1.6829364094452646,0.9303876790676663,0.08514485838597775
137.12122039615338,-0.6038043595394721,-1.511010086669383,135.38678919865936,-2.7908852360670133,-2.5817323726299524,1.0146291209132754,0.1017265099109071,0.3942879574893125,0.7183499894791938,0.21158635106477802,1.453557365402867,0.9710796067694603,0.05695778737108055
