f0,A0,w0,f2,A2,w2,B,f0_err,A0_err,w0_err,f2_err,A2_err,w2_err,B_err
24.470316656624536,0.2867011488200179,-1.8797416888800595,23.962052452894117,-0.14049124271203212,-1.8455777137146523,1.329889142594987,0.01971687316995465,0.10148882192415763,0.30906288476730664,0.025009119348856627,0.18533815173241172,0.5714566091949633,0.190339885214061
28.158419721056106,0.44044868703086243,-2.0720797265269515,27.65543002061535,0.18400531453471375,-1.3415413498303081,1.3821922320343631,0.01711301896221318,0.10279857232878098,0.3174904188713932,0.039151391623940664,0.18160568617050332,0.18727269820702647,0.14204036686060195
31.741194196711554,0.11392256501301201,-1.6693912032864482,31.14088424740929,-0.015747996642087606,-1.3481530870403677,1.3441972979898238,0.024533149697684373,0.11253286960937854,0.30413601869510687,0.034977582500254414,0.47066713010759514,0.16774589677625185,0.14948933194252859
21.106613162096806,0.04572878320163695,-1.663146451911746,20.76797257180905,-0.5697198493797949,-1.8680887736247982,1.3906868351815131,0.025644441859415716,0.15240304597245888,0.40375234507237373,0.04396531218290235,0.7515178643246481,1.020700389471145,0.12790028906688067
17.53261902797972,-0.7499162772529426,-2.4214147919703954,17.1479439320032,-1.5279972140936646,-2.0575448621376644,1.419243386861937,0.03418204448511165,0.5236812953255714,0.8240871556444878,0.04404035121237879,1.3755045688434329,0.9335891952871395,0.13031987764154473
35.50397507427547,-1.035633843584622,-2.488524145173279,34.84600313188286,-2.689576174536739,-2.8887278600461475,1.3824617456758517,0.046096154822778956,0.9772728829423974,0.8500031039237932,0.07225620365734098,1.587066895873199,0.9837062521294825,0.08601351367804666
