f0,A0,w0,f2,A2,w2,B,f0_err,A0_err,w0_err,f2_err,A2_err,w2_err,B_err
42.78095117126903,0.4648438616731929,-2.1863841364236043,42.11868741626301,-0.29440080829804427,-1.6455392137472598,0.9067709747667565,0.01509438940950031,0.11000319025811593,0.31634567787521267,0.03467035141022097,0.21769290071355682,0.6322390719994316,0.16235001062183127
47.64521924957993,0.4971227356171882,-2.1641658349101727,46.95562662026709,0.09553197122197887,-2.014267803782521,1.0778867506016876,0.014553635216209724,0.11097524205894448,0.323064645284019,0.01596300104790944,0.14520329291081163,0.5307446215783634,0.17656446381644192
52.34052169795831,0.16020664244795205,-1.8808415217381593,51.705502131328394,0.3995480684874414,-1.411491438384483,0.8559713584265884,0.021892607285733678,0.1144922997720805,0.33332150429867613,0.012329449685929172,0.08846323194765779,0.1827431952580097,0.1430330206202469
57.1845244630283,0.2697461648959717,-1.5555459746284046,56.53965026443344,0.04049120959709794,-1.470530034218547,1.1074497878038692,0.02897864304612999,0.09498597993877413,0.2436546549877678,0.014752549105866626,0.13522042916309535,0.26435995989878286,0.13601867558570363
38.224431255336505,-0.7009869605548684,-2.1418179695794874,37.58399695357145,-0.36097511094103746,-1.58576509512543,1.299436091731194,0.05249954834607844,0.6586789642967561,0.8590588010184209,0.05239520001416593,0.6377517753347862,0.6399281685570427,0.16397720544156896
62.13700386291938,-0.41012490165823295,-1.9581533861789666,61.17575463987978,-1.6322520244748921,-2.5924296928802857,1.2158492484296446,0.03622898674109997,0.23034451752965826,0.5908172877463046,0.10964249852089342,1.4850621202872307,0.9838102386241987,0.11208320176220402
33.74951204840074,-0.896756534843722,-2.542920467973553,33.11835470584279,-1.4181240469137704,-2.2870776756931117,1.1894507961395688,0.07783927562361982,0.4485845276895877,0.809972732042432,0.08102247743484792,0.9692399174097632,0.5999594792171805,0.12880674176078408
