f0,A0,w0,f2,A2,w2,B,f0_err,A0_err,w0_err,f2_err,A2_err,w2_err,B_err
27.716998690273655,0.30419572363032893,-2.7948274873506427,27.14373012521645,0.21509291027966893,-1.3109057525415724,1.3883657556508116,0.010640814971969465,0.14520189288724936,0.4313751580346362,0.01796492804537711,0.11181400521246172,0.1289432636490293,0.12199419472790198
31.798181696935146,0.38389542668088406,-2.0991209371113886,31.18885724044824,0.4222254147404923,-1.2773010179167987,1.3344422612059796,0.01733666095953885,0.11157160139033433,0.33226052611046647,0.016432297427873534,0.10434502765455472,0.08577895979173877,0.1685777682172993
35.80957038588151,0.43376615593002865,-1.8902357577325122,35.30146192358006,0.40691181522216135,-1.3204390191871858,1.3968322084680425,0.023300415148915447,0.1348272527554151,0.40000288171880666,0.03595417942533768,0.535608474790005,0.17952644006349286,0.11649746397665378
23.98364437918376,-0.31460463877436523,-2.000500366461769,23.411423294166458,-0.6629582283566389,-1.5293946918068355,1.3516217955528895,0.027451939736377797,0.18472989534560538,0.46486313116346506,0.047472704897262824,1.1720263970355398,0.8026618800209149,0.20422851760840613
39.9592424595822,-0.05179057468990363,-1.4922468113884322,39.18932743420244,-0.041607823911225916,-1.3175509878976581,1.4343700412697058,0.0400287698813594,0.15888850121788786,0.3508458693018064,0.06390452666280397,0.8444183331849018,0.5392476443511387,0.08308331897616794
44.22920543293684,-0.9882149711723076,-2.389394288374823,43.51567113701174,-1.644997574463047,-2.877524351533376,1.4069505169292995,0.06008913991834551,0.767123515740149,0.9137791119856767,0.07624985989849996,1.342000518971459,1.005427118780035,0.0813566784743876
