f0,A0,w0,f2,A2,w2,B,f0_err,A0_err,w0_err,f2_err,A2_err,w2_err,B_err
53.53860574080239,0.9297459057491242,-2.947498993715855,52.831714851510625,0.7057442378747116,-2.20589279437643,1.038714659236446,0.008452033317373781,0.15821884831981822,0.38860226877397375,0.01385480334461045,0.10774488527208254,0.3334859817299388,0.16082452781933146
58.820244879793954,0.4666573622596679,-1.9636639307913626,58.05002327765044,0.5401139084222466,-1.6770970478707137,0.8918105936371676,0.017853681142639927,0.09857600151671217,0.3009071979633991,0.005424179381795462,0.09262784049404559,0.26565165868115065,0.14228258447872955
48.17877357589129,0.3255525886400692,-1.9663105594310701,47.45398559057553,0.15086401396971758,-2.7086071154409934,1.052775761380125,0.018417759513667475,0.10174219456809493,0.27268380937183545,0.012293822007607947,0.16231113248206444,0.4873817335189908,0.13740168686435697
42.97821925599167,-0.09963039668752854,-1.5404219835075417,42.33908894031365,-0.20398931325540787,-1.7995245810106726,0.9931174636239296,0.036777154017736,0.15023488560520645,0.28463359756392625,0.02887296893467538,0.16479938163595598,0.46868591210527055,0.17021420467092996
64.24637974911889,0.27920451342974095,-1.5332654451320564,63.42204157342741,0.0023918931531033694,-1.411894289890773,1.252468648227719,0.0261773508842722,0.10831865093759468,0.3010299856712627,0.010354292851296831,0.14600322744247568,0.22514428773510523,0.1376653959715771
69.84713984248059,-0.3001826857854113,-2.0517501531718416,69.03390016466491,-0.15935594322083738,-1.5843487981506494,1.0223880422221,0.026064113520692187,0.19044691458293758,0.7092240394896523,0.01801386148303969,0.14581863174311138,0.305970282083798,0.1096683333507151
