f0,A0,w0,f2,A2,w2,B,f0_err,A0_err,w0_err,f2_err,A2_err,w2_err,B_err
33.31663849228682,0.4033204235007745,-2.043758054248153,32.67989502167684,0.34038187863273817,-1.386457982453338,1.0670665456993143,0.01628915124173627,0.09938378342049622,0.3040504638219679,0.025848753283984463,0.09702899716052014,0.1907814285293562,0.21994995705411655
37.62412198771977,0.40583504661669645,-2.2198914968332693,36.98772721363245,0.44421689860889074,-1.3334589650641284,1.4472745120768935,0.01461533008616196,0.11233403242531388,0.4279589051660075,0.031045589598337624,0.09426025897564175,0.16660629340540647,0.07688282281535766
41.821197081347535,0.4342538840173995,-1.6388067927362264,41.16386454668435,0.20825486074111804,-2.365469558196238,1.4075698947283606,0.02072351000234435,0.07771508282833055,0.24841680826576226,0.014333990260545725,0.12413497271372825,0.3922934432891006,0.10134571552781946
29.35694052028311,-0.22769789712082672,-2.5200449304644863,28.798182640692293,-0.6293854295918132,-1.4573097870722331,1.403457866586383,0.0157534951739195,0.1584339376340634,0.4895541776264302,0.06010184500504449,0.6655968500614382,0.5998105567153089,0.12630251003732385
25.23434227630062,-0.5656732166418214,-2.9807469423202417,24.726079563036592,-1.6966305289751866,-2.9001546823999993,1.3683203771981376,0.015528919088238315,0.22889021580724464,0.648756742026019,0.045342382716913356,1.3276705504147719,1.0799154583940387,0.12341487320108757
46.08453127594342,0.024604559993635144,-1.3453236474605954,45.335815684037144,-0.3662707111455783,-1.475402346779527,1.4578632262338862,0.07439483022814931,0.192945315109254,0.3685529313826292,0.09872746526960031,0.5167764053640194,1.027860872615306,0.0649859817273964
