f0,A0,w0,f2,A2,w2,B,f0_err,A0_err,w0_err,f2_err,A2_err,w2_err,B_err
19.12361557679581,0.18733883621912886,-2.456406242615593,18.71815012043719,-0.19262846217831156,-1.9484317320848774,0.8383602496729664,0.01271029164305685,0.11826332027931374,0.3350823830387765,0.02196290179392359,0.1536628933059302,0.4247503432460928,0.21829916308080988
21.952425369504713,0.16541857750385575,-2.1792918974410567,21.529286872051443,0.21365504270505076,-2.7636892042127643,0.9190876356084159,0.015488818351475642,0.1170791783816308,0.3649555980236866,0.010026024433281659,0.13550672074310108,0.36663240472773717,0.21225673422410887
24.65597152034985,0.10798097971608128,-2.0238991970424616,24.28633701890974,0.2245159922424954,-2.1196607023960667,0.8401241363708393,0.02072543531205909,0.1231152707124801,0.3909276187733707,0.011344346224588815,0.11593361882828827,0.36163970010183416,0.18795426581830255
16.581392618982527,-0.5420880111377229,-3.353636038584497,16.18742293515061,-0.8954533987680972,-2.573327827059707,0.9647716665064577,0.0106861104195306,0.2191957660884507,0.6568877205335999,0.024279868155781224,0.7090207674471276,0.7269990831477133,0.20102108459494855
27.38806173278717,-0.21798209724644754,-1.42744935605612,26.929009758910276,-1.5655569551802935,-2.0484186234530206,1.4179255980019403,0.0467749256544588,0.23331689189768962,0.5109452706326888,0.06130092895447616,1.3840987783901693,0.9456442375269598,0.10638172715510347
30.23764595016488,-1.5243065820637778,-2.6438688842529983,29.712321717038193,-2.389528377814173,-2.55224324743992,1.3749241556224914,0.051298863322764496,1.1296064059618602,1.003849697664219,0.06591375380367266,1.4541687520379085,0.9672535684174706,0.08958400150292863
