f0,A0,w0,f2,A2,w2,B,f0_err,A0_err,w0_err,f2_err,A2_err,w2_err,B_err
39.48153489218689,0.3614022153820594,-2.150436152039367,38.80392056116152,0.2436033895484948,-1.83741983724475,1.3269430385885874,0.01443824026659646,0.0992116078406322,0.3096143232455637,0.019591244689601807,0.1014084371450953,0.30542906949634374,0.14040305626965466
43.91252011332619,0.5289179536491483,-2.0151471262688965,43.232599008395496,0.4606828075848064,-1.4080730115463245,1.3882660053301463,0.01633038279664086,0.09570861246825699,0.2906150285197221,0.025820493331992805,0.08959186431298885,0.20085191960120646,0.10572011362226633
35.01207757121189,0.12827500161413646,-2.3272246428427206,34.391168086147026,-0.3599846208564395,-1.7357876674960608,1.4188097546683887,0.014408416799239312,0.11814340620958401,0.3918513042442618,0.03763151761484158,0.19898528588826966,0.5153504399891825,0.08609848006465047
48.330617549256594,0.025852157040125598,-2.459279344785749,47.668264241165254,-0.0938192710571698,-1.5219189552058825,1.4515687835034845,0.01451740297467209,0.13566574865253986,0.39875185925648554,0.023207194238617997,0.1507219400445217,0.4267217182360058,0.06011401961819894
30.94858173152552,-0.5432607936883936,-1.9090631414439152,30.37804869260052,-0.5393805062955342,-1.4995447308857177,1.181701839798225,0.03501767303514743,0.2944985233434584,0.608775019826626,0.05940224698712559,0.9007256830733988,0.6537499717919203,0.20754466257512424
52.89935988251548,-0.5539267496533783,-1.6581962336837957,52.223435810800865,-0.28250127043149387,-1.448005255360823,1.4586374639275204,0.06724458968053303,0.3285408245811294,0.613507978645227,0.07335127691322456,0.3021521250189942,0.44515376622450026,0.050713518733980716
26.549509659008855,-0.8017692483299824,-1.9067393095715715,26.039206561535018,-1.4372679176355196,-2.5985167890748286,1.1304533321694805,0.04762953264480567,0.5963694275053658,0.864029517286357,0.049458406960853504,1.410752991055116,0.9251452217533582,0.18505099263945607
57.337676613111704,-1.5876593816420943,-2.6739116564582286,56.470561210961776,-2.3313184887340936,-2.5379911513864046,1.2366198893166185,0.08138691479396323,1.5518577749752451,1.0604986025112508,0.10078945704180506,1.4891400753934068,0.997604491015275,0.09456359043731437
