f0,A0,w0,f2,A2,w2,B,f0_err,A0_err,w0_err,f2_err,A2_err,w2_err,B_err
24.51227968806924,0.48492544214047373,-2.2806806906152923,24.012224334255208,0.20018352349808705,-1.715643264804482,1.3798181020898124,0.013560867908507707,0.1089084705053062,0.33384935433675733,0.021961285599661564,0.1162893937822837,0.34348671471656206,0.1289765991935467
21.310710011307062,0.029560550082382304,-2.8118484691158794,20.82520713056214,0.17677680827991504,-1.818662252779732,1.3544358971531991,0.012118685266045173,0.1570186590668869,0.51740447353195,0.01151976354964305,0.11667824966918908,0.4226433255286804,0.14485473240238864
18.428738458028867,-0.383233594302746,-2.635821605951526,18.04717356002173,-0.9010268198820861,-1.5973132133498562,1.4257681991356388,0.017852074664600745,0.21217725664569673,0.7363616657503006,0.041535604926445806,1.1121671767708994,0.8569852790795873,0.1067631414749003
27.487663827158755,0.43197602112791694,-1.3439900072449673,27.049461775011462,0.08481984528528397,-1.4915504670141813,1.4397832043251402,0.0455206717921174,0.1952945419296304,0.2725737850221177,0.04675951004168568,2.1202356727574774,0.5883011668638451,0.08696593868322086
15.422841850114342,-1.0909308950027805,-2.4743239814456515,15.113946307859665,-2.2016329106454773,-2.6541057085557784,1.2283209633996133,0.03134370889077126,0.6729012476173721,0.9669379058933453,0.04109288942170395,1.217606704739757,0.9958811617142374,0.15028893086614042
30.54437532595807,0.0021921791386750253,-1.3073667496160457,30.075851284594094,-1.2815847132515366,-2.147882042548436,1.4590380745494231,0.040675371009857464,0.18859381832099492,0.24126518443844874,0.0679963151601833,1.1730957681058023,0.9589721821065209,0.05737754018207813
33.67347192159706,-1.0865315922515153,-2.2329860401863186,33.101287219209844,-2.50471563856941,-2.823270358824221,1.4651012702051185,0.051670343363849,0.8377247582949059,0.9417491369891628,0.06404294542417323,1.7175858636992094,1.004686838452985,0.043225162271428745
