f0,A0,w0,f2,A2,w2,B,f0_err,A0_err,w0_err,f2_err,A2_err,w2_err,B_err
31.988917431846204,0.3226647767753149,-1.9449309411960025,31.38566065486062,0.43688483053402116,-1.308846471893125,1.2198641935420682,0.01901074642233942,0.11434998575743147,0.35048524825695077,0.026126302622996995,0.08954530966257841,0.11188291332056949,0.20996277659435847
36.060369273516535,0.5049339044339439,-1.7819094700232887,35.44219689613972,0.45078836528219063,-1.3465697969335648,1.297303066514501,0.018715123947431415,0.09039018640437231,0.3018346381862762,0.03148956534396602,0.09550429603450378,0.1597050939431698,0.18620294762274853
27.923684399618242,0.10390740008176846,-2.2566714412883746,27.367318480533584,-0.1366373347339445,-1.471594994345854,1.2287942168063757,0.016283425015210864,0.12645559259582076,0.40584305334522297,0.03420802274151395,0.161207028446898,0.30451775399027325,0.18697636732293205
24.13788288534576,-0.4184653415325148,-2.2683090873753633,23.63074657883111,-0.9082512190426094,-2.00479304974339,1.3066877105335237,0.023334135472823026,0.20268070249031023,0.5941102347752168,0.05044412121998162,0.7142014721111115,0.8652107968403184,0.17353255080009386
20.309048170096062,-0.886464915932136,-2.970846511445151,19.868851242852855,-1.4737924366049127,-1.9933987914040285,1.1457389368188038,0.01917266271024192,0.3053492871332078,0.8173720263693164,0.05238744812940771,1.2008888289700042,0.8031144694111008,0.1550884891578029
40.20788653978547,0.021466281199077147,-1.679164817945739,39.53797091396337,0.13627368229902898,-1.3388204442980234,1.4631118399907,0.037447344410127925,0.17026593160150805,0.488611166028999,0.04122146736735016,0.13336707005536408,0.21270904703329638,0.049808783156133137
44.43087928818527,-0.7148320662375407,-2.573037144329019,43.749790309144245,-0.7285919515972085,-1.7708818812874267,1.4109624372394456,0.030818721546173065,0.4442927743328697,0.7390111286819305,0.06611357195275705,1.0951044147982836,0.8408480410578304,0.09577478507772809
