f0,A0,w0,f2,A2,w2,B,f0_err,A0_err,w0_err,f2_err,A2_err,w2_err,B_err
38.10097366939986,0.535037388460554,-1.7280054256665025,37.37506140795359,0.25732274597665783,-1.334652454160856,1.1759714653556905,0.022043410372481007,0.10308513011057956,0.3180873725503705,0.044550059998340524,0.14091892942332293,0.19674101742578745,0.22817081980612045
42.278685905741156,0.499990239121405,-1.3849814536407419,41.5840870567411,-0.20457577435544333,-1.4996579113605952,1.3173719565264674,0.028083641087916663,0.10128906778755262,0.18290976238513038,0.05936243804568962,0.31035327995140727,0.5584718548963656,0.1633219729254759
33.59814247921656,0.22693565072470887,-1.3658851365180347,33.03253518320954,-1.2247328488570715,-2.260596383346801,1.388924041941968,0.04800513998460347,0.1584756782833327,0.21915123113921428,0.06425673119640779,1.3096819140718197,1.0912201866292812,0.13825514384712909
29.608024462571798,-0.009187928271966274,-1.9124564860061481,29.0049609473603,-0.6205806025420013,-1.7178402515886242,1.3939439524623152,0.029300843709683718,0.15359932580944272,0.43174856839792525,0.05833985897482693,1.1070050042021948,0.8579519412511222,0.1510385515366727
25.52313451436334,-0.8512972159032745,-2.370910233087123,24.915548040334617,-0.625683207506738,-1.9612318446997552,1.1528592246813514,0.04257834130051479,0.6291777350396066,0.8393388066956289,0.042538716016232374,0.8508461939941395,0.8770481103848204,0.243366575928845
46.784639932898436,-0.2630643473744503,-2.3154146952957286,46.111409470388836,-0.0986261509204881,-1.3572492296442653,1.3666871779821144,0.03530070075545221,0.21613435748076,0.6725054268065181,0.09175839100231607,0.8864314603355566,0.7327786462638832,0.12471015312384764
51.10686721925093,-0.9305299593485069,-2.031911449050093,50.30993706422571,-2.243569523568518,-2.6290205132362834,1.2516011948561028,0.08231190332613696,1.2932742360811154,0.9569453211877496,0.09803015472336021,1.569099539106069,1.0106302233095277,0.13826800131349332
