f0,A0,w0,f2,A2,w2,B,f0_err,A0_err,w0_err,f2_err,A2_err,w2_err,B_err
31.87170161836029,0.42656308748890276,-1.4573258977174262,31.242853290793597,0.18400900406129198,-1.3344825147907,1.341917015108073,0.02484049819100741,0.08753212353477886,0.2270065654800564,0.03512272568140743,0.12202065119002307,0.15734069919420204,0.16615706001658972
27.825294301111043,0.14779935322052085,-2.323496840567504,27.281293299443384,-0.16579722991700407,-1.386322603958099,1.3807331929611673,0.014536223523445902,0.12303883464919946,0.3594567333800291,0.0526759902733683,0.16563326254728528,0.27764647569183953,0.11670767964027283
35.960024734064085,0.5234956674018513,-1.7194801028706017,35.28259710346278,0.41216826871783685,-1.2888263507841144,1.3558733486954357,0.023943061194317525,0.11316842068326048,0.36126609916642555,0.04384347553449218,0.5956916809700129,0.13769271327536486,0.16572380248438903
40.15879408970452,-0.08973269628692035,-1.4668715634826883,39.443487189141585,-0.09540992593479383,-1.3634672052951948,1.2420895824766265,0.04034204430444367,0.15518792051958805,0.2545650851266539,0.03654878729172037,0.17208491471975196,0.20512566779970492,0.1731340425342074
24.060323418535074,-1.030823488821302,-2.5041903802335845,23.547097956407537,-0.8169939248553391,-1.6325940909174823,1.3957543413643954,0.04770499007521847,0.46362492976340774,0.8420736175624437,0.047834734861630604,1.0484284966915751,0.8764464143453784,0.14625195936066343
44.24502045150911,-1.766214640032005,-1.9861516860184931,43.54939774508256,-2.3893389061875614,-2.3632966280736887,1.2980646384862602,0.09107744265246062,1.3843741282312276,0.8604015659559002,0.08744423178712694,1.560052894435639,0.8862711491220062,0.10303075972930616
