f0,A0,w0,f2,A2,w2,B,f0_err,A0_err,w0_err,f2_err,A2_err,w2_err,B_err
32.953652181270954,0.43459279883298346,-2.7505077597045817,32.25177150677686,0.15343787858516583,-1.683983814808593,1.3942084419072502,0.009528889789434293,0.13463796390711041,0.3800786938648639,0.00996308994520134,0.11235089943682536,0.3047188995810415,0.1099048783790173
37.21228205246976,0.4573816169134198,-1.8931197109303348,36.55732748569968,0.4462881523889522,-1.5049507760684442,1.291155728617937,0.017834100393852876,0.09622811365044659,0.3058205224925918,0.023446967223945937,0.0879983344240083,0.21592457656849315,0.17519585300075105
28.8534370184708,0.2159936338749635,-1.7246731639469137,28.263928922105325,-0.26609397017736014,-1.687831722714068,1.3184971436785347,0.02177278265829186,0.0987602019260862,0.2975783374509799,0.03187923138726176,0.1964951147926652,0.4662183088417914,0.17500113907253925
41.28623612728532,0.23352963322475184,-1.46720027694088,40.60621614715021,0.2691988887484903,-1.29942236401096,1.3577086165173782,0.030203497604794297,0.11487361952155134,0.23452818408023038,0.053501244773931096,0.11769448534029414,0.12478162769067039,0.14587816264779707
24.928314977784346,-0.2711674336006937,-2.047243252310203,24.468484811145576,-3.9886089938531892,-2.61677192717155,1.1429810101971671,0.023217668318661483,0.1569439978827625,0.46090280140339357,0.055242774374552966,1.4354253482345332,0.9946053071194629,0.13138469668011057
20.956242522721343,-2.031293848788619,-2.976932985076511,20.54579182319517,-2.968011768029303,-2.5997644212720505,1.1375030042854375,0.04002762022474582,1.4955515968476403,0.9803852898365754,0.048531309206917804,1.5161428419492002,0.9632789214798706,0.12014415148610301
45.678876850238275,-1.6753861099492848,-3.108450929629998,44.96659704625854,-1.07601023564442,-2.1147191479127465,1.425345006018482,0.06341000462873898,1.4157849310450525,0.9260073879956223,0.07121892819442459,1.4220484219874057,0.8554592310829937,0.07610803126662599
49.77126187987476,-1.6899356461369415,-2.351918733211412,49.036589638800166,-1.88023724820412,-2.1081214587683443,1.0611645959005296,0.07646314200992749,1.0013041473704536,0.9527277326744654,0.09729058431325394,1.6502382043700792,0.969777276585399,0.0995551766989469
