f0,A0,w0,f2,A2,w2,B,f0_err,A0_err,w0_err,f2_err,A2_err,w2_err,B_err
34.69447270194528,0.5130329829084155,-2.186220813228868,34.053436977903026,0.389291060217862,-2.2463643125234833,1.4445059827960312,0.01517898339748687,0.12152818613475982,0.4625540196320173,0.016510191737179686,0.12307649069361878,0.37508993683457303,0.07766306745824353
30.73107466290454,0.21690337180395536,-2.6329781524146574,30.110745529283783,0.4724646391069223,-1.9110156701144154,1.3008683824460847,0.013484346953904925,0.1528649384091993,0.4868957210884093,0.016166199603521374,0.10146820853263118,0.3225945097485406,0.17157551388223363
38.53194893371866,0.1827574436712303,-1.6527894268983927,37.93838555505732,-0.10707546901391032,-1.5176297203819078,1.4108862826253221,0.029330389203084162,0.12078646565433,0.3143795813623853,0.033776532041494695,0.19498564916416866,0.3697999766306873,0.08736987141376416
26.891999390433153,0.15914657375529812,-1.5016723156089473,26.40005375481647,-0.2522426543729982,-1.4769464873599707,1.3478908334947888,0.03486718800647596,0.12630193159882927,0.2887595427629742,0.047942791684743184,0.39823529343825503,0.48313515715078337,0.15027924026738396
23.27307535898647,-0.7129253671641773,-2.3051043238336835,22.777885120687593,-1.0466822431438092,-2.2959433538152263,1.0361512492435787,0.041942474471773586,0.1206101374097094,0.09237332116987458,0.0742754537668044,0.08998595025956159,0.10508728804067696,0.06998162084729892
42.56881532853766,-0.5787371993220354,-2.0012029281771837,42.02290932792291,-0.6975204377799162,-2.2804118416825814,1.3667926958427103,0.046568884799001994,0.3390167630903148,0.8262720658379299,0.057642763074096263,0.7455010499068462,0.8422419568437566,0.10767710461685301
