f0,A0,w0,f2,A2,w2,B,f0_err,A0_err,w0_err,f2_err,A2_err,w2_err,B_err
40.6322022832804,0.3736365734646624,-1.4643979760569967,40.01495828494564,0.226855533021305,-1.5259489419255785,1.3082464567478544,0.027268578673484915,0.09890629354109548,0.21334813236841915,0.025026511333908236,0.12225570230818505,0.2599583978390404,0.1570616818122478
36.51949976039868,0.13479657910509385,-1.9951167867682935,35.897240855066045,0.03639045536192878,-2.97765802398876,1.467021267419363,0.020237491801411604,0.11484004402183519,0.33205082715301404,0.01008153152407977,0.16376932961781712,0.5286081418544878,0.042862656278712025
32.410268731151376,0.0672960430405083,-2.9573840724976987,31.859345762865292,-0.18743466475503548,-2.1983763256803566,1.4154434110504002,0.010037639070568188,0.1545796846005572,0.4269940244013477,0.02115494005331189,0.1626501820733871,0.5337909436848407,0.08811240286339692
44.7153022212794,0.19125434446448453,-1.3620665193416615,44.14053771242639,-0.27029879401541274,-2.0708171372592563,1.4567945550224637,0.034203302006238105,0.11093152035701374,0.16660510768013198,0.029794046275562088,0.20342143577338442,0.6198437496955586,0.054225615641189835
48.95873900798373,-0.6567748842315116,-3.1580464195282527,48.33774940916895,-0.1479614878874902,-1.6042464257892257,1.3288425884456805,0.019507841269213958,0.26003105888014943,0.7676364470603523,0.022824146109701127,0.1527575423683881,0.3598664718249171,0.11302101028739643
