f0,A0,w0,f2,A2,w2,B,f0_err,A0_err,w0_err,f2_err,A2_err,w2_err,B_err
43.281823731284334,0.8070311117752681,-1.8413328329393837,42.65664669376083,0.1678235763575881,-3.2670513839893576,1.3277496940690237,0.02281960191348365,0.10979022747892848,0.31252040402446957,0.014116889486947733,0.2540235156620214,0.7748325931531932,0.14974705334642366
38.49252345681455,0.4609656745092453,-2.202772010107043,37.77508357761124,0.21244948705996342,-3.314382556051565,0.9086804903916428,0.018242254806036147,0.1520816840963666,0.4139543414730671,0.010873592596926482,0.22319318135291832,0.5308218791334756,0.17592546491780153
33.852543119859455,0.11652467026899435,-2.2889268905403073,33.182266476753185,-0.37719073904306377,-2.9850569577324233,0.947859243776549,0.021222444490081947,0.17123665487564088,0.550484578874183,0.01403327910458226,0.2816072876801307,0.7465136110292387,0.20265479110906157
48.05137923347169,0.5545205519296943,-1.7131085670798234,47.39960148799183,0.3741620274629588,-1.6460802287772849,0.8389135480959349,0.025870091193798295,0.12296613739857501,0.3422877736615971,0.02359250553998663,0.2419325646873384,0.344598466476181,0.19083617293466995
52.99812896977424,-0.16433610282614186,-1.7471251486179684,52.34233006882512,-0.1012119435831696,-1.5124933667138294,1.347209985946968,0.05137689102758897,0.23386137935672927,0.5460756642006347,0.05090717907991043,0.2472795565337142,0.3841955527029276,0.13777086173013253
29.264004755044276,-0.9143727236197229,-2.3313782276938846,28.66306931524771,-1.211557699803604,-2.347374279085819,0.9843576469171157,0.051678514329309755,0.10979507695968418,0.1084032693402067,0.08730651139209882,0.1230328085890986,0.17964608854830733,0.10577809195977166
58.01246622344355,-0.8168537326998269,-2.270166447419422,57.142001558192575,-1.263178604019223,-2.4123944088247518,1.0254983834995066,0.05986878085141254,0.5193444168784709,0.7821405207195258,0.12175927024498592,0.9120122799247823,0.7135198855646749,0.1314685680860306
