f0,A0,w0,f2,A2,w2,B,f0_err,A0_err,w0_err,f2_err,A2_err,w2_err,B_err
46.526038331051005,0.43556100415579235,-1.8626342378055003,45.8791364748862,0.453903494899319,-2.077396263702072,1.1185631614202718,0.021692547055272668,0.10904685956368947,0.36136454322768163,0.01750879927628768,0.11923871292120047,0.38402621757535976,0.18821695393458987
51.08073616095173,0.45854892153485055,-1.3196938361125947,50.4418252544656,0.07131857334387146,-1.8925189915630156,1.4336459076012056,0.05226310796456177,0.12573104512937402,0.15352305599586633,0.04603679730698996,0.48861458651333733,0.5812175464589094,0.08130747049872342
41.76476811604727,0.18059060352683048,-1.8673864892134957,41.07248607590837,0.15624563812984688,-1.5357407770242042,1.352964694984083,0.024912197635478445,0.1257835765715222,0.3539122694163507,0.03164692659087504,0.13833193107380018,0.3379952382109063,0.13697159846907236
37.24965896344041,-0.22469604339017635,-2.3436167952691083,36.556974974105714,-0.10633696271544109,-1.9992814890049015,1.3669955289241709,0.022572699157878233,0.19282040589761149,0.6328507608418751,0.02842206407282013,0.15759828990366384,0.4721745111518741,0.11703051520598665
56.032072538722716,-0.2493985290670272,-1.7412646195559802,55.26855992577037,-0.10027150205593881,-1.4071396987113554,1.340331243532508,0.05267009436540249,0.23873235578323734,0.726009790281762,0.08185165535871387,0.35885308023807316,0.641618006870319,0.12482048482136719
60.689066419980996,-0.16713342635792683,-1.524249780895067,59.81629316707326,-2.681329676075947,-2.6594585516883136,1.4293491528635673,0.05127138524666783,0.19217017457287297,0.43975734563523516,0.10554547687482622,1.6328425164394487,0.9786882443997224,0.06808782798907696
32.86055653394248,-0.9853462022586157,-2.8025885122124534,32.23008905060817,-0.8569157097511857,-2.1500071751800878,1.234529827234319,0.03914105811150119,0.6123862009449808,0.9113607490914818,0.05897941481016493,1.2067477394808754,0.8914401530466336,0.17129395176109044
