f0,A0,w0,f2,A2,w2,B,f0_err,A0_err,w0_err,f2_err,A2_err,w2_err,B_err
61.34954372461552,0.6952227778032067,-2.3681763255050194,60.568734614845944,0.9492057917472989,-2.6992370969355273,1.1578020559920845,0.01171618509097578,0.10930455378812136,0.3023925931351276,0.007358074933672507,0.12224712591577835,0.3086892798743004,0.13226614130190317
67.37982372714166,0.641260661121684,-2.0847538002138855,66.49407637905276,0.6428466140652858,-1.4705493825197125,0.9802619690304744,0.07585961938720176,0.19847944377866558,0.4309217148852665,0.11357471634209133,0.73736905300846,0.27078117789926126,0.164109348916304
55.28248316781501,0.5125784232857575,-2.435287250788993,54.39895477536524,0.06624830208699418,-1.954865860372709,1.1493871472110202,0.011433850361753553,0.11626309199107171,0.3399173528177486,0.02092993008154124,0.1128633845198558,0.35168717683248196,0.13752757826026418
49.31768753188352,0.06791447864688319,-2.6142590647929813,48.53018761067846,-0.20634854945332914,-2.2660545330578623,1.00030972599966,0.01199222247706419,0.13307617808751424,0.38504653013817147,0.018871830383138544,0.1408850504520602,0.42514715483948884,0.10691674573731261
43.61672057932697,-0.7715658214759084,-2.8903589850639877,42.83249280942394,-2.1280486390708275,-2.5977836233162903,1.3804226868465617,0.03140771157616159,0.42666394826689436,0.7738984313568323,0.08876095249239814,1.6823174375912462,1.0051793738744352,0.10214521241537132
73.6351507492554,0.33256902662595683,-1.665841427483117,72.80470347550848,0.2989319740010066,-1.3481803602701845,0.8349642918720716,0.02262593156500308,0.10117312632725403,0.2665154213156323,0.07321520774043862,1.1306551786744674,0.5882539644841999,0.20759406811456368
79.7983326714097,-0.16586699035920285,-1.3642252389449625,78.92082777677118,-0.22658611702271841,-1.4240361514372502,0.9175345814726383,0.04785000354646828,0.1541710433772171,0.24460073502262675,0.050328622328594405,0.2686896749104939,0.32476216736154306,0.09791697631902863
