f0,A0,w0,f2,A2,w2,B,f0_err,A0_err,w0_err,f2_err,A2_err,w2_err,B_err
36.815041305574304,0.6132202113398852,-1.9732062960726604,36.171059789080324,0.41556177496655156,-1.4207949068807977,1.3523587287862366,0.015682318350325547,0.09717642817280588,0.3042448647002458,0.028798579598638508,0.09591595030697576,0.18961510815724714,0.15070216176500273
40.93772711548409,0.23856790362118926,-1.6439527138489578,40.28347437396447,0.17348001788138975,-1.5584762060486121,1.4144179075329362,0.023798529543074758,0.10899835885117751,0.31881462322370274,0.028737057961308626,0.12036458603431201,0.31610996389555074,0.09601616279853369
32.57944772431858,0.15546933558525483,-1.8739097951812949,31.990972910483407,0.10853870759710396,-1.5238564352731316,1.3934694182043048,0.02075332626478804,0.1184140664595662,0.33308063757901674,0.024199354528611126,0.12176509236422305,0.2903921572322401,0.1194872388190499
28.659298694549623,-0.16003648246094015,-2.0987847680650633,28.048859982796714,-0.4694743846102292,-1.965520535015043,1.3736283579366264,0.02517469296757428,0.14534817205396255,0.45055006776323603,0.022024024573104112,0.3384780500383818,0.5126450474137221,0.11392313525847507
24.597005889881014,-0.8250708864269576,-2.0815462197588013,24.144536425324432,-2.6366285123284605,-2.535274745651538,1.3266386006769273,0.03984361671146733,0.486204306191709,0.7412682697830277,0.061884137754127634,1.4727370172717285,0.973482230544352,0.12142199947369307
45.18773343875863,-0.30154208056897186,-1.858985412293454,44.627250977557935,-0.2749333282508489,-1.6266137834993386,1.4089753266270857,0.038189530724304144,0.2089349126908078,0.5700144588568749,0.053037076926093385,0.47060789176946033,0.821044398716148,0.09376503709490866
49.39689107935867,-2.0336472866579336,-2.4021160547104197,48.68549867075195,-2.779176073285703,-2.1686988095630784,1.29626409275967,0.08933379595799285,1.6015473664071807,0.9601380115609698,0.0961555076311213,1.958825021714977,0.9167119376847657,0.11203165380100866
