f0,A0,w0,f2,A2,w2,B,f0_err,A0_err,w0_err,f2_err,A2_err,w2_err,B_err
31.431223663182298,0.3583925917066283,-1.8738942537302283,30.776335564482633,0.09585814600130037,-1.6210075035017644,1.2885452854170052,0.01754907942035921,0.09332807730095252,0.30755918389489834,0.022348979684895666,0.11960996357006787,0.3088873811128779,0.18412586841861467
35.36478058874552,0.32277131586044505,-1.700853913302239,34.77164161487982,0.1889000179379521,-1.406272566679298,1.3572866207917411,0.022296773067310965,0.10636113509982155,0.31397794979475796,0.03726502244399525,0.1306067485314443,0.2155985426089606,0.1413705469896948
27.293512175205667,0.03508985730854172,-1.6344757630372921,26.736304140290578,-0.2717996169271357,-1.5468366700654967,1.253634710436555,0.02711152359948465,0.1208544555143839,0.29812206216159615,0.025436943277698677,0.25297521612439783,0.4800171386719369,0.18418696322343622
23.623052217963703,-0.12264052897807823,-1.974177019692331,23.026559897188363,-0.4783679789502773,-1.6754894495964816,1.2507267988779949,0.018282414414664046,0.14028818425026654,0.39863130037147143,0.019597826778132196,0.4021961360201436,0.44818736640752727,0.2086516722918674
19.733385466225165,-0.9344433670470029,-2.1563168716129884,19.31307178230574,-3.1579429313510343,-2.4019814130292794,0.975383030057682,0.03648969708080899,0.5742756716242938,0.8068674641471998,0.04554707439500961,1.5698961618456424,0.9230496929739367,0.14332676077425072
39.48734435934788,-0.32212210727033797,-1.969527347197422,38.75283402587222,-0.19637878439463052,-1.5016979551883587,1.439844844465655,0.02990670666219494,0.1769163070926199,0.5637460189524669,0.030534306997932494,0.19316877728298185,0.4942142673848839,0.07835070968271547
43.69912407488505,-1.17104486384647,-2.1186597309237074,42.899300623489616,-1.9097909699425082,-2.3063380609384097,1.4217657399375536,0.08108689587132274,1.3069062414018673,0.9808910760806769,0.07629826044283093,1.64899150726869,0.922728734028164,0.08519705325263731
