f0,A0,w0,f2,A2,w2,B,f0_err,A0_err,w0_err,f2_err,A2_err,w2_err,B_err
33.53383634083157,0.4160272110974761,-2.1687599089435072,32.8533971016725,0.05688904076692154,-1.5429761481604216,1.3434466766474653,0.015494523149698786,0.10974163323121172,0.3235028443539247,0.0319225921874621,0.13699994019246245,0.2901907496797144,0.1619452065422617
37.878888947422176,0.5413683211331687,-1.4901543161335924,37.204327397827,0.22010561015391272,-1.5073778664922808,1.3959151052076515,0.024280230851330145,0.09170659546348585,0.24072164484910366,0.03234119489021902,0.12262344753941579,0.28715040018440824,0.13663819996101628
29.42501107767545,0.2223751988541518,-1.5179408417965568,28.875083925743173,-0.027386318144155167,-1.6057316475990007,0.9123257836874141,0.027989286735449537,0.12503653872751538,0.30075527015009024,0.035639309853940024,0.15295444582843964,0.3180008383446126,0.2443076436199138
42.07600826820563,0.32205510253193753,-1.3250030258069763,41.3568862698438,0.3751791906305169,-1.4249072068248334,1.2914672167940207,0.042899312867414066,0.1104788596030668,0.13726397154694897,0.03079812462177094,0.10317071004480266,0.21124634269499873,0.18260402891361444
46.36809273065839,-0.24636416473527878,-1.5978660596892562,45.69678339315244,0.0986875236444602,-1.3208277453556125,1.4562015904078154,0.05498397793614402,0.21697785271995093,0.45481413257034653,0.030452254488303267,0.15132602142665846,0.21210626229189214,0.05097564466155333
25.395433121225775,-0.5132716157948622,-1.998994899268254,24.862756501221625,-2.486428253366692,-2.216737141130096,1.3904410423962312,0.035305881738389056,0.2734224154194909,0.581794119163667,0.05911711322728289,1.7857821261254534,1.0199292485106093,0.15633755023478202
