f0,A0,w0,f2,A2,w2,B,f0_err,A0_err,w0_err,f2_err,A2_err,w2_err,B_err
34.652026754356385,0.2841914132889322,-2.19990739235275,33.92787064190672,0.2173122431829046,-1.3971449991530045,1.4079112941607428,0.014299109123033326,0.11258355853097271,0.3492177691626269,0.029952121408876528,0.1080665716023284,0.19995911199188285,0.1036651585436822
39.16542156139009,0.6045529612230711,-2.0213442413907132,38.45437513458777,0.11854549968426924,-1.571036928707016,1.440007462380899,0.014116947504527085,0.09103728433773053,0.2749805746133185,0.014658751222387337,0.114853977785418,0.29310872598059784,0.07415027072130251
43.47230781004433,0.3423950870000722,-1.4205143129993125,42.77804202421817,0.31261634388703097,-1.3209336391709365,1.4002753541619983,0.028143170162382214,0.09834807485635595,0.20578487656115907,0.035146277063528665,0.1116388714363132,0.14834808337715563,0.1068644153447236
30.46732932685273,-0.4523521000956523,-2.839720189889535,29.85956934430901,-0.5088531481948146,-1.7919369711178201,1.4131998461812856,0.017355522762274138,0.2092807743706357,0.7578161200705078,0.03627682594545992,0.24458903726875966,0.5941099212733998,0.08493771326287479
26.159610012310768,-0.8966300640928901,-2.438841831101137,25.552132075745057,-0.9202373796938594,-2.3471675797168734,1.0517768389855993,0.03156010050068329,0.5127781086903439,0.764994087402443,0.035333593800177115,0.9105093037125845,0.8122118860342983,0.18427592089421022
47.94951826602449,-0.05554140125895546,-1.4673620368825842,47.33803695953166,-0.14436965544374059,-1.3777398923325126,1.3128652027700622,0.04344936553013797,0.14497680993708703,0.2656298630152842,0.042277602014161086,0.23053221495466522,0.3163159940246775,0.13033005232023534
