f0,A0,w0,f2,A2,w2,B,f0_err,A0_err,w0_err,f2_err,A2_err,w2_err,B_err
22.670065827077924,-0.5274928996929985,-2.101770883529296,22.274260658971382,-2.3344393956339617,-2.5711325518527257,1.2234452910856717,0.03232790287845058,0.4550426440637872,0.6251271660423849,0.04787526001890952,1.5207918858565481,0.9962351976609596,0.15841909334275442
26.13903732982845,0.016405028792665394,-2.2242035179319504,25.706325602033473,-0.09803182413711975,-1.4352094477369808,1.2961120787058094,0.01918466931954082,0.15307886195679163,0.4618775128413707,0.04175192611872516,0.1849982378981551,0.35779515133985756,0.1858072708189652
29.910594167655255,0.3506979841986545,-2.2800203003937303,29.38619145996483,0.08692579999735525,-1.3328900979342875,1.3164259097548372,0.015389985663712333,0.12037097171709889,0.39657972421592147,0.05558049663435283,0.29595202002454224,0.31866524505134436,0.19734899587875968
33.76723476420498,0.2476542827239407,-1.9337834618899474,33.15593477621107,-0.026416903840044914,-1.4545227629325441,1.3837515047398046,0.024691132897484397,0.12422413696521473,0.4706613802555674,0.04572208249666398,0.19370247466381932,0.40166453382740164,0.12808398450598998
37.63745050495358,0.1462802820041876,-1.8736025527851532,36.95624977795595,-0.048093902162939434,-1.3754110287131476,1.3656892892094261,0.02187625376286277,0.11578158643053771,0.3472702365250352,0.05023840257613095,0.14803836646816687,0.2133988524191094,0.1317387746575153
41.456984598706505,-0.10323690397894028,-1.4235856010215497,40.90479059421508,-0.9571973019774229,-2.047376322147467,1.2666242081559234,0.04357685242334748,0.17435766175871656,0.3619489645407281,0.0738360497106239,1.115111395904554,0.9544525009941384,0.13492880934567653
