f0,A0,w0,f2,A2,w2,B,f0_err,A0_err,w0_err,f2_err,A2_err,w2_err,B_err
19.65935999338154,0.3004419067802236,-2.968877508951138,19.225111920895756,0.3111837382445253,-3.1111573440358065,1.2617366652522215,0.009942257164221254,0.16516886797194003,0.47457546693844627,0.00879537511016538,0.1808039421359488,0.46717285571735345,0.18842887117589466
22.56387284880947,0.4903330661090171,-3.080639778137881,22.142236396716882,0.42606714640952337,-2.8466455054632362,1.391685416746725,0.008967385916277638,0.17766176760087565,0.4642504659674466,0.010333407710757131,0.15591100543065267,0.42713816212246114,0.11077201869503407
25.361496627855782,-0.09442832661597764,-2.6547495234054304,24.97833148730484,0.27365573151471667,-2.417022652411373,1.4269276010878489,0.015603372658745913,0.16919559198231068,0.6004561858431109,0.014518403551631672,0.13888637551044725,0.4491651627992045,0.08607565891514553
16.993935283685595,-0.1173401674428727,-2.823476254317411,16.566472768443642,-1.1540480890524434,-3.03253792504099,1.112182716353322,0.01316355054616145,0.17607990907070464,0.6478537857434673,0.03474480972668757,0.9174880935306614,0.9866739931901567,0.2145652860734687
28.29994242771312,-0.44814402576806317,-2.073116972781017,27.931236962016172,-0.1531222160445102,-1.8705589645300074,1.153133376388876,0.032891126205385014,0.2665465886765623,0.7252594795266011,0.011802464602759043,0.15627646786067131,0.3816389339379635,0.17530332521722344
