f0,A0,w0,f2,A2,w2,B,f0_err,A0_err,w0_err,f2_err,A2_err,w2_err,B_err
53.08805551180687,0.12023741242162947,-1.754331213485598,52.36636846322064,-0.08242693540461576,-1.4482436620926586,0.9656281163635354,0.023477156154133812,0.1004827568860157,0.3333947014965143,0.030833072998039234,0.3502722564155416,0.31828364570130635,0.13119560506567235
48.25280704093581,0.3212245703309372,-2.3038857338060996,47.61118131148881,0.17784277790221423,-2.4462944105030733,1.1327222361903022,0.012738016530645027,0.11413287016639852,0.34329970783913843,0.003869272806190762,0.11861648144988558,0.36400998354745767,0.13446809909471566
43.46271182716252,0.22592982652571972,-3.037460522144837,42.7936651330334,0.004104311310701089,-2.2772209788230287,1.0181146232585219,0.008137977254056445,0.15846647109346632,0.4192844346166767,0.015601260099595851,0.11936164050970023,0.3948853741178954,0.11960780933517132
38.62113186685343,0.03178887998178323,-2.5044282612663036,38.02187556105567,-0.501240261005873,-1.853616884657117,0.9466249600266261,0.012618335457008857,0.12510931871595268,0.38446797768373775,0.02974701313755089,0.2078267661979313,0.4969128105795023,0.1308370579385092
34.20791237115065,-0.7848924387460978,-2.60913873182514,33.50628087761589,-0.8338851459525897,-2.9396246039145533,1.0494590604943266,0.021810019873521564,0.44516388108181754,0.7244696591886924,0.019514329721134194,0.37379184200712673,0.7556474462932166,0.11501666576579536
58.075284607727475,-0.24424213009524132,-1.4901185288969152,57.33656065767136,-0.48913842060296986,-1.4491387937195033,0.9048539757386491,0.0380265247027379,0.156240084821976,0.303428628364087,0.05668413136741947,0.7118289845103772,0.5769412491459579,0.11905073724496866
63.16914221441803,-1.1256459286756006,-2.208888098854308,62.39089023331799,-1.2386420219474912,-2.2826908010299585,1.0125067451203815,0.10056605885400115,0.540347530912244,0.5406577171337427,0.13527105921402552,0.5672988010528756,0.7147767142943281,0.07096938989739103
