f0,A0,w0,f2,A2,w2,B,f0_err,A0_err,w0_err,f2_err,A2_err,w2_err,B_err
48.2540326035663,0.2882662295189404,-1.934745248149022,47.452899405772854,-0.15673632115436137,-2.4668337311484185,1.2345012548932892,0.016641168783078693,0.09330395761026437,0.32607250786018555,0.016205393059516977,0.14475807218594533,0.44880984568926624,0.1347769755369646
53.687837187850995,0.5839544333574551,-2.088644021607384,52.874293324609226,0.3075110348839196,-1.844153442426797,1.1901353284446525,0.013705163965898196,0.08902744819445947,0.24836817800374433,0.017843742955586456,0.09762589435483357,0.29572067244429634,0.14208495807908997
59.069362989704956,0.5792828739710351,-1.7815748449701103,58.27578241662894,0.31914505514039204,-1.3117742048421506,1.3965030389644082,0.01905510786802838,0.08390851402703438,0.2603567865355537,0.01896012794378942,0.09351710416641618,0.12511011871271135,0.09261580092515982
64.35486774344513,0.24140865264673306,-1.3839704189384148,63.621492022854895,0.20283157726664644,-1.3866521573419177,1.3255053149693685,0.03520102016139609,0.10577567387728645,0.18475155207198646,0.02711392010125389,0.10739426104559327,0.2042917814102615,0.11540359363566897
69.73776553250981,-0.12022499674484644,-1.4721324978584507,68.837438634972,-0.7345707332501192,-1.8004279656046496,1.462204742696389,0.03542248080720478,0.14126787862991858,0.31288557884596574,0.09433006317676235,1.2234078673846147,0.6820604206820807,0.04161888545960987
43.214310609226416,-0.10912649280650448,-1.75917970465447,42.4353678357726,-0.9222137987034872,-2.1005178956377115,1.2561611952118665,0.02612472624411655,0.1418684486271209,0.45220710680501625,0.0797814418579114,0.8370848626346004,0.984566638077259,0.1594094000709524
37.879613486338265,-1.2285204837710002,-2.911861591912331,37.18627038090304,-2.800951766893399,-2.9662905274980327,1.2515480963409154,0.04664476343831066,1.1316860264331583,0.8985410327225892,0.07289012370358615,1.7123655864886844,1.0046591321654796,0.09861661519222606
75.45117027139668,-0.9046847202346664,-1.74606734617343,74.464079351986,-1.6844301116041198,-2.633576937492162,1.1714037408587146,0.11646142945985326,0.6957127977202899,0.852036084482193,0.1470541159959992,1.1158164410882354,0.9873414157088736,0.09149262276924476
