f0,A0,w0,f2,A2,w2,B,f0_err,A0_err,w0_err,f2_err,A2_err,w2_err,B_err
110.47194426326702,0.8154941309156538,-2.5245809381751663,109.21486918359157,0.7569723300008305,-1.7709827838943535,1.1088420057885975,0.00877389847802747,0.1040235237539226,0.25271150712033585,0.014325858221646767,0.07290172352092152,0.2232546235487045,0.09237261005772288
120.23140972224932,1.0021813837065008,-2.2113537985037253,118.86947224398726,1.0437502753852743,-1.3201835409951594,1.3177660034752792,0.010540489466329222,0.07800822545971603,0.22121539585421235,0.004017028071116651,0.055464475827827556,0.09955501673833828,0.08913858950241094
130.15976317486917,0.6601817139512216,-1.6046697916686945,128.83934635120957,0.5395076444598947,-1.3281771220915353,0.920298186909674,0.016774952747680143,0.06616642907727932,0.1861016681064432,0.005659293552366773,0.06463430116332147,0.11641080926937872,0.07026307033982308
100.60015490411848,0.5265336179430431,-2.56364275480631,99.27050861917247,0.18757641880037082,-2.2758991704811518,1.065178723796436,0.009460280147010353,0.10540536126886585,0.27120068906181616,0.012952832202436006,0.10022823678640788,0.3008160201207221,0.06831311541772209
90.97057939529594,-0.03862475744734804,-2.3064081432405033,89.65132680712493,-0.1948000406069504,-1.611585452930898,0.8877530514167497,0.01398668187464192,0.10744924681608316,0.29757166271434227,0.027386520888779593,0.11712600258897725,0.3313404426576184,0.061985148487363535
140.2915595292357,0.068244853848268,-1.3915111688013473,138.80004932500927,-0.12984355041525497,-1.3404742561550966,1.2168237366674437,0.03413239777773509,0.11326133929146005,0.20391035486503328,0.19979679017627955,0.9473262396898777,0.8489219313419598,0.1318593682048363
81.56580276653865,-0.8618720856935432,-2.094619314740629,80.17240067829785,-0.92518202248062,-2.4406372892500254,1.043200462835503,0.05117800378158718,0.6593526928401289,0.7874495258310223,0.09547207307104054,0.7290758628771103,0.8421188438966833,0.07753328242653747
150.38219693548794,-0.43222196799127666,-1.4104461204690883,148.67488434112823,-2.2415260589949084,-2.5053722648993597,1.1559794194005892,0.06846777306093016,0.21641632558435447,0.3074307017791947,0.23559132398989985,1.767464861060059,1.0744900174515286,0.06051084918096758
