f0,A0,w0,f2,A2,w2,B,f0_err,A0_err,w0_err,f2_err,A2_err,w2_err,B_err
40.897786770111765,0.28252688338162424,-2.2275556755931087,40.272270946429266,0.28906683667118555,-1.5216372010244585,1.3935378544253705,0.015102898937409034,0.10738469050443535,0.3283092162762379,0.024637039913226626,0.10410270846725113,0.2821640624134782,0.10997444288907746
45.627727528188984,0.40031042109643605,-1.9459135009360018,44.91582215271166,0.44953606024802234,-1.315608098184855,1.2133146465964084,0.017650508962846,0.09718769554423405,0.31177170195618553,0.026673730050310245,0.09067964450626627,0.12415159762587621,0.17647053169053878
50.133319280493524,0.39176749782456105,-1.8971592454109798,49.50530005504643,0.4683102447375217,-1.3230178841574094,1.4245386368543398,0.022362364365304175,0.10891538377265643,0.30977295389143555,0.023945203908144187,0.19465749212578756,0.24013068629823245,0.08052300867217024
54.75558448194332,0.11592414366794535,-1.4179637781694931,54.08142431039194,-0.27831496052276455,-1.4726867034876618,1.4747365309265368,0.032913194673450934,0.1087534191414241,0.21179226804185566,0.03674076791527218,0.24129463916464372,0.3963429480455155,0.02821059574213989
36.49363148564014,-0.15580845763904333,-1.8374634144474387,35.924720539669636,-0.08364365921135232,-1.4722673529463792,1.067118194973514,0.025778582227412184,0.14701247091695213,0.40037213998040394,0.03518617370460172,0.1396019501821411,0.2572977169220297,0.1689064851797325
59.333000369102365,-0.27201216453098426,-1.3586581047065596,58.44133335203695,-0.7540451470142709,-3.057028029166911,1.340447591926233,0.0713944298128171,0.23518346789017067,0.3752488038188571,0.02295706723042816,0.3198440050700823,0.7346236409426822,0.10220250127301443
32.139732086186186,-0.5098057599311241,-2.534793790525308,31.56558784759367,-2.6543170160413334,-2.593128996130333,1.3298716432383177,0.019920306801094356,0.21169854947057642,0.6809634022024438,0.07386574853298687,1.7879015165054684,1.0099042191854977,0.13818686782424391
