f0,A0,w0,f2,A2,w2,B,f0_err,A0_err,w0_err,f2_err,A2_err,w2_err,B_err
24.358176784872718,0.37757700518376647,-2.722281071467608,23.917669344836604,-0.12474576250353475,-2.7435870673653695,1.1181085691570067,0.010450961689405371,0.13415381997022813,0.3818115261574948,0.013274679540656658,0.1759491746795707,0.6169589736018216,0.18756381322052973
27.452664929292222,0.16407340277763408,-2.106015410137462,27.034202296469942,0.36317341541772225,-2.395627692687003,1.0645167485382565,0.018410095895871413,0.11977545514411138,0.37690802924055866,0.0041730967403512615,0.11537908423088611,0.3247988039583269,0.19936112629479918
30.52279520086489,0.3371356142407749,-1.5838815660694245,30.072824763840774,0.0157223934012924,-1.779887423393062,1.0053837632278642,0.025352420405506716,0.11306692957073573,0.29532259558172413,0.007437785802793549,0.14109199468980557,0.3162355942411356,0.20664533461980328
33.60300341177726,-0.07019020700536976,-1.5908030920451774,33.12242611002782,-0.5343922374110026,-1.6942531715586397,1.2966336503537,0.04404746937352378,0.17369707536399637,0.3847394616906814,0.0854916975084673,0.9557395541357294,0.83524374860955,0.16002717528997656
21.458790832038176,-0.4360970457326735,-2.427175447638236,21.001616219672318,-0.4038719778761078,-1.8651022580204872,0.8840247376885297,0.0201064750841823,0.20402692205083342,0.6351691027164168,0.029170534514490327,0.23852209046466172,0.6044965115498577,0.21914084052300947
18.516613173331884,-0.7342222229150426,-2.1449517379984364,18.151773418965085,-1.7327455174827824,-2.1467808181641383,1.2614826043718073,0.037675414806340984,0.4122461921554338,0.7410896120688814,0.04632486423895099,1.2031526788528026,0.8973875681178851,0.17750609340917745
37.03612272194719,-0.8353063633958857,-2.033739191300854,36.474309195310234,-0.4626794238647295,-1.4987204803231395,0.8673851507492203,0.047432606587037886,0.8741701394336208,0.7464846350826558,0.040081803729442846,0.7101278636545938,0.6501839561005373,0.1699439015684158