f0,A0,w0,f2,A2,w2,B,f0_err,A0_err,w0_err,f2_err,A2_err,w2_err,B_err
62.34816765732615,1.0436976738498447,-2.3765738173649518,61.505453135285215,0.761433026477618,-2.167622903787449,1.192607368162556,0.07327725851994692,0.20767220474423095,0.4323981927968261,0.10024470326731585,0.5952111550458448,0.45406200049012163,0.1625786433018605
68.58202642051617,0.41373503548107204,-2.291031741815406,67.68484215200489,0.5703781219985802,-1.343134354929017,1.0404382561511742,0.01381997058558662,0.11800901685916272,0.340660068061781,0.006566276684158771,0.07974017464586686,0.13399265294847426,0.14803738548285528
56.214590249604385,0.5282666394018444,-2.3602173289090573,55.35910615916528,0.3748075742342304,-2.820617653009969,0.9664679842876411,0.011828347757004774,0.1164635995529887,0.3384205978969146,0.010259144451396801,0.15505381552218978,0.42003882624698685,0.1286300230818505
50.069112455543426,-0.07217214603791262,-2.5566939193836307,49.229577741951516,-0.43278301087439186,-2.8044078341704015,1.2809997332872332,0.015246011257458862,0.1589034468054308,0.49625210633111644,0.021330448894086106,0.2569158002710095,0.8699564759206018,0.12498931002733694
74.80024244296764,0.03212233064081952,-2.0088647639169235,73.96741943352765,0.14906314906488832,-1.3423526412285527,1.258050965809164,0.022482680500487445,0.1434363085700647,0.5117922463582186,0.05532473087916489,0.3860431246815744,0.3565338618338687,0.11778917860528332
44.29828385267185,-0.5293490621957829,-3.1026968748404498,43.47021228858678,-0.8210349496968501,-1.7665105055090473,1.2750316885624797,0.016892818971002435,0.2577008032634039,0.7839572947633425,0.07204184184136912,1.2150284644262392,0.8896719938065764,0.14637463909877121
38.251474688263215,-0.7332665525382163,-2.7085650975083007,37.519177129621625,-1.3422994202943814,-2.2149809844291046,1.2338466688913043,0.03127958798692517,0.3707424574432229,0.6690670777470603,0.09390347118530742,1.520031036941045,0.9818485082062585,0.17210234216531
