f0,A0,w0,f2,A2,w2,B,f0_err,A0_err,w0_err,f2_err,A2_err,w2_err,B_err
28.200384451229667,0.14651007558849738,-2.0239870900513526,27.64234118500974,-0.32758925955358126,-2.331698110973422,1.2955467391619957,0.023851066602878637,0.14061200259802173,0.44024921468965755,0.02487675875048406,0.2688630273355905,0.8237357856964258,0.1913299239673917
32.16968438871898,0.2918021398425127,-2.0726895546833717,31.53599041498677,0.37138330080960713,-1.3568360049832613,1.4004692494155564,0.021862905834591922,0.14450944000311602,0.48135913875476055,0.02265843686194221,0.12825088269303506,0.24805648684444206,0.10684844201712797
36.3112938900901,0.6236947612160546,-2.2018739124077826,35.678025174886045,0.5370407923513341,-1.4980433200320873,1.1115088983131758,0.016554863485715905,0.1264714334987247,0.3735878320322954,0.028434925066564073,0.10393790675598814,0.22276869658922485,0.23995232936489483
40.38168268590239,0.406939979181916,-2.0868548579733353,39.67831759652719,0.3782612816168607,-1.4929764202162676,1.274172344938623,0.020468729742415915,0.12824649385884657,0.3682025816408568,0.03175151619949115,0.1173157673306178,0.24888257631643948,0.16990893553117892
24.36068386838592,-0.6083227215792504,-2.2542704669372204,23.84672320661351,-2.458418861468396,-2.6440469088535306,1.3459444784052275,0.036508412112681035,0.8858590446062385,0.7860396139077158,0.05712137821622721,1.6256061668971884,0.976383420679424,0.14699458094006013
44.470663296776316,-0.5760148698849973,-3.4033745398876656,43.86135696504744,-0.1828017643827317,-1.5273908481142233,1.3791893953615948,0.015016983888759728,0.27846303719367693,0.7675555955445168,0.03403420407711071,0.20578180072099478,0.4209337579202338,0.10290486936973633
48.69253711983185,-1.4194983254663813,-2.144186066843241,47.91967177353503,-2.2785439158540415,-2.7294222898341745,1.181997814083593,0.08182933743952368,0.9810550532517853,0.8971918364775694,0.10179012304612006,1.3163524981282544,0.9929410400831576,0.10037735809747377
