f0,A0,w0,f2,A2,w2,B,f0_err,A0_err,w0_err,f2_err,A2_err,w2_err,B_err
38.84824593978949,0.39788783302268493,-2.652041539895584,38.126295298564784,0.14931372160021442,-1.416454171414617,1.4339648391559243,0.011490093896354067,0.14231362786841423,0.3994303636027422,0.03661093282881443,0.11671994818130539,0.20834047920978907,0.07889271101935018
34.44328271881193,0.22579693211502358,-1.6308611778411934,33.80715956639672,0.0701510020594733,-2.099325057841567,1.3063359152490883,0.026510259385468582,0.11466994410442571,0.2949769791576761,0.02054059514152226,0.13707098554377264,0.39937538255969957,0.1646895354464407
43.25212009818764,0.3714556816326744,-1.9338608846593857,42.5324046768203,0.6526227156361456,-1.2780263402986218,1.4573266076511004,0.02239236522089557,0.1405347812173999,0.3707826230704745,0.037001115483491616,0.4275731752666755,0.29725321743637845,0.05870580841968926
47.50547004801411,0.11102573141613004,-1.5317528304655759,46.86788516794542,0.1870449445042714,-1.3173896477913773,1.40898192935942,0.04407441358038799,0.15806290671764553,0.3328274008936889,0.035575406875103695,0.2838220160630622,0.2245120674317538,0.09418737822887754
51.9718025706759,-0.013458963973040604,-1.4115126165318936,51.26670752531641,-0.28135503117518035,-1.6239815840530507,1.3727745521842343,0.06676085367665588,0.17121556620369507,0.3272216597345415,0.0927319640226883,1.41967896399579,0.7558202357918062,0.11123257847044378
30.41648726430779,-0.11702888149680225,-1.6777320147428374,29.84933261159274,-0.3911763226709569,-1.7196454837198942,0.8438770987788501,0.028969943787035723,0.15234516051124056,0.3775955749287787,0.03645637113656494,0.23599731410213107,0.4641642437087191,0.20836050941436224
26.144691394106932,-0.7447850463612575,-3.261901694141062,25.49949436291408,-0.8621393062472086,-3.094322626462867,1.1079883772497858,0.01921396229568167,0.30842507994504065,0.7025207378906219,0.038360184937319707,0.4592317410656208,0.8658321407133752,0.15405926273726595
