f0,A0,w0,f2,A2,w2,B,f0_err,A0_err,w0_err,f2_err,A2_err,w2_err,B_err
19.391347467070748,0.08377909186132718,-2.797660101005095,19.08367291780707,-0.04655716812218033,-1.8681415660297918,0.9655031429435539,0.015007267324045136,0.17864334286869674,0.5810668429808671,0.01209715535414312,0.1573902891173228,0.40422633184393625,0.20492509880676416
17.305034136873946,-0.010710872042779762,-2.5608031495821364,16.973424189821753,-0.4842707837571512,-1.771262728468777,1.3637145587865258,0.02090075927844801,0.17236439614218518,0.7049511976282336,0.03286835297848673,0.7352574028730321,0.6991417438212927,0.1499340469123687
15.369144358574719,-0.19446364115761877,-2.5926671011487796,15.0267611642845,-1.3827169313145182,-2.3770032924292996,1.3006587791948818,0.01785842960367969,0.17312479376773804,0.5203318109948976,0.03494561919166793,1.4472962043330706,1.0083175122240335,0.19673313119718502
21.37371513886488,0.050986086609832226,-1.5103964187659678,21.080169863536472,-0.5565472371927537,-2.1572265626208127,0.8428463625831994,0.02638016442642719,0.15565373478323416,0.3385053846508175,0.03034472016413662,0.580952626956145,0.624885131488291,0.2121380549298929
23.39934349643,-0.4414045449044076,-2.4318479379354443,23.064230184543405,-1.0779898733049662,-2.241090004118586,1.3533581047853755,0.0213458981008679,0.21415623582165766,0.6961902091148822,0.044709279453701706,1.3225850000258998,0.8941995290636817,0.12262554556590087
13.414599024263463,-0.34763974513417095,-1.5712012159085962,13.137138321432998,-2.493170841255224,-2.418174739092294,1.1602249123564963,0.03144636826078523,0.41244047335356315,0.3995845679803163,0.03352787612297655,1.5703546004126654,0.9619318853088367,0.22179468109492198
