f0,A0,w0,f2,A2,w2,B,f0_err,A0_err,w0_err,f2_err,A2_err,w2_err,B_err
37.57660601850297,0.17316258869862627,-1.5933439151861926,36.94531010476319,-0.2743709856875131,-2.402273543861334,0.885059602710052,0.023571522790222316,0.1216745712101344,0.3472821707066269,0.019930772275893755,0.172670477991991,0.5656763439173494,0.1886476839538414
42.10993356464662,0.4117597951102088,-1.576918359055225,41.428894524671286,-0.538460471128735,-2.884673465744852,1.3123116038762415,0.02717067290164417,0.10158069059581895,0.3272737372103637,0.03445725893035832,0.42901732005583754,1.0506717082814896,0.15943342637766605
46.86089200559209,0.06329650746200129,-1.7838923878638036,46.24441070704345,0.46997973980130076,-1.2848839215907706,1.4619942112460016,0.03144386842101937,0.15383752606179846,0.4229220511421707,0.032388902681406664,0.10747360238495442,0.10875105044783666,0.04859753672590023
51.6071399052519,0.2286120953637601,-2.342134883209757,50.935319297606284,-0.05346600856506527,-1.534840181693384,1.435225861483099,0.015948970516650642,0.1342900781782262,0.45325266714651397,0.020322246245053292,0.17774033134050304,0.4478001434695307,0.07234603912327313
56.399287189801996,0.15049584990614678,-1.5345907803866878,55.735106238290605,-0.4962042694777755,-3.341242794315651,1.4531921593504755,0.031995917714261635,0.11056101090454869,0.2491166183332703,0.028788978073090454,0.2757570331090118,0.8154706844705486,0.050912402258104776
33.14341799045865,-1.5049901447547651,-2.3918387823418437,32.52666013684825,-1.4422465972599983,-2.3825595355924634,1.0731643494796126,0.05936552297187152,1.391493994198029,0.8708015774772876,0.08193439417114418,1.5849189464385718,0.9133135901007373,0.1336272521238193
