f0,A0,w0,f2,A2,w2,B,f0_err,A0_err,w0_err,f2_err,A2_err,w2_err,B_err
39.337497855437924,0.5369009695867557,-2.0547651669574885,38.64333788783773,0.3201898864762703,-1.3903551393255023,1.1689844285993458,0.016171522032046203,0.10381089969911161,0.3122686539728235,0.033158255911693385,0.11476184147307784,0.20983412032832768,0.21124404803984043
34.83083994661688,0.2984156911078101,-2.044875738150402,34.18976301964824,-0.049154463500548404,-1.488819256463136,1.1191019819587624,0.017013213264046707,0.12307394129562027,0.38653598034444425,0.02303372254074947,0.16026563171027838,0.28954475116541634,0.22936967195239827
30.696135737397746,-0.26039740385044846,-2.263670622522996,29.97564418788672,-0.4064993282239,-2.252504359611595,1.264588871736836,0.02193127484180731,0.18532406743557475,0.5586717198648001,0.020043547023535262,0.3104822826569459,0.5709342223574358,0.1662978470258504
43.80077127630455,-0.07519001758061733,-1.8277139328965224,43.06625198419054,0.28548444968369074,-1.3025216279637468,1.4361306614339022,0.03263202852459143,0.2020140547569987,0.7307716459571391,0.05207453309009711,0.12142362869736002,0.11883636997096231,0.0779667711194416
48.136580916607784,0.046117866780396005,-1.5216514853305911,47.55158990109875,-0.8906735143176437,-2.249130025569038,1.3866331127492588,0.037779337493874014,0.13673708251301991,0.27755407119529946,0.08564939047113418,0.8252676912963729,0.944263640905553,0.10001924010822576
52.76493206999589,-0.7003793130648333,-1.9032850501624186,52.02722385583181,-0.9970555636166338,-2.0223453083357943,1.397490361544052,0.06937866639756533,0.8150748450596608,0.9596434488205094,0.10757202125204801,1.3030965742981986,1.035752774858568,0.10763021504262046
26.338457920360735,-0.9770425360616741,-2.781566048785818,25.857247442893318,-3.066946937635934,-2.7928203100438256,1.2003985049245562,0.03463728400960685,0.5952737148227806,0.9544261012084577,0.05856913477629003,1.4947803081490691,1.000592626221426,0.12071703807262332
