f0,A0,w0,f2,A2,w2,B,f0_err,A0_err,w0_err,f2_err,A2_err,w2_err,B_err
107.92954314133786,1.050236862431329,-2.562699814953154,106.69687283858623,0.8242338910289123,-1.570714828054422,1.2804235015674916,0.010114219554749502,0.12014167813630545,0.30719741669252826,0.02029601154573764,0.08021756383300747,0.22986462008899902,0.1176788985212531
98.37308789857335,0.402246476920696,-1.63591833071366,97.07394798337415,0.44590574651045845,-2.133908979364741,1.117799716311767,0.023095898164849592,0.09287928679339082,0.23286060502745576,0.015742233213000407,0.10650094473112384,0.2991109564012335,0.09882443852831374
88.74131860936592,0.24500972594515538,-2.1855254324208215,87.49913471314332,-0.36386383550785534,-1.5643831329177011,1.1223535896948216,0.017001944912320776,0.11514078422388517,0.3145793396441752,0.04711230453601027,0.21027645230228564,0.3872093244772352,0.09799827733111921
117.61478144515216,0.768741677550232,-1.871362263292568,116.27073686181863,0.7133042315388859,-1.40051227708205,1.2144805164735573,0.01838696333356417,0.09032350101433244,0.2420323246297708,0.009955072905378922,0.08096005841102816,0.18531950843427383,0.11332026577079933
127.37470650079933,0.2049116777096343,-1.3306733316210186,126.1234314049571,0.2994813114011836,-1.3262501576790506,1.230456232000208,0.0454305472603333,0.12430314586757892,0.17968075060542885,0.009689713842099238,0.09525160738855928,0.13791572534992458,0.10061359913468079
137.24586427675067,-0.6548405194255826,-1.8213130072759511,135.83791528795368,-1.7060491538140834,-2.5521206024587157,1.1910489725201463,0.0920275594894489,0.782251135601817,0.7827108502683924,0.24533498112071692,1.611862271123679,1.1000488999437923,0.08641166836134581
79.53847645817183,-0.7703913404941313,-2.643355156386405,78.34251484675329,-1.8600464422094358,-2.710717075594793,1.0911181863904373,0.03359587168479596,0.4296703738089973,0.74428899217085,0.10923299172769943,1.422982075527096,0.9469745147514919,0.07364899208229753
