f0,A0,w0,f2,A2,w2,B,f0_err,A0_err,w0_err,f2_err,A2_err,w2_err,B_err
59.426573409671924,0.4277930240438736,-2.159420536534541,58.61416859008418,0.284294936434702,-1.384102066293654,1.4613158968619366,0.015133185269159407,0.0986953595652666,0.2866609837877238,0.032521106127413914,0.09002598689171913,0.17251362077183288,0.04182649025014813
54.00503251864802,0.44616726962701514,-2.060086661282625,53.23341335850564,-0.18858994787288225,-2.1773925095002795,1.1942821348990247,0.0144619808895765,0.09558342999166737,0.2764918622570491,0.019762225183911516,0.16061436356569458,0.5675401370716665,0.13212808032550796
48.566881707747484,0.1450803665488179,-1.8743107529943779,47.81864427134307,-0.22310541059811434,-1.8331337949584836,1.228338547298966,0.02035042059924885,0.10425883037435768,0.3052186811443579,0.028708494486518472,0.15040763382492273,0.4071870356410587,0.129895228194333
43.48348508219024,-0.4155271506869967,-2.756390456535163,42.71054499179359,-1.555873908488023,-3.073335771668691,1.3127222469123256,0.016818319736013894,0.18884765640989862,0.6801972985272438,0.07738053636030161,1.50854721352429,0.9085675816209925,0.10470200812731217
38.19215246923302,-1.1461484774207873,-2.946433813948904,37.53797428512317,-2.171886432422106,-2.7970575100841475,1.1485888078537536,0.03968676581334688,0.9741398755560894,0.8795585547991314,0.07270255671056508,1.5770744433370316,0.9643097362337523,0.10272991807996498
64.75088180816773,0.39927623535090007,-1.5173307658707404,63.97095208723197,0.16384412133259083,-1.3492852592319888,1.4219583224814458,0.02459728615873235,0.0943324735416453,0.25451882145437266,0.015733772936047552,0.1260320879905729,0.16341375043388165,0.08086400405074323
70.30455455428897,-0.20196579514392,-1.5134206886255253,69.43725286680726,-0.3179958918130311,-1.4141826246119542,1.4227796113246596,0.06097166791509382,0.17274387209810071,0.35602874007357566,0.09879598965800825,0.46529441759284657,0.4259040989810419,0.0740953978726085
