f0,A0,w0,f2,A2,w2,B,f0_err,A0_err,w0_err,f2_err,A2_err,w2_err,B_err
30.13683451173973,0.4765618128896749,-2.3491312194160474,29.557392899459906,0.29511571574600176,-1.8527102275728307,0.704065518198311,0.011517868351275076,0.1001697867117121,0.2748223676697323,0.01690015638197391,0.0956409346254985,0.305350049142188,0.17073253448704717
34.0573416605236,0.2585375969236279,-2.2757721506796877,33.551430371669895,0.30184639674920744,-2.5545836682195464,1.4006767177767618,0.01501068256149989,0.10861958107058,0.3021871661095576,0.010270546486676925,0.12971462819803795,0.3986187643858108,0.08815394900165599
37.91536126261099,0.17317051908296827,-1.7587082097887716,37.36244273637041,0.2353136681263893,-1.3988753803549234,1.3343374615493744,0.024049783278928497,0.11536760344894206,0.32228941627375424,0.027608028776628414,0.10492873270846206,0.19124285375353633,0.13309619601162515
26.47209922179446,0.050376418964038196,-2.3304471587659177,25.944794370167088,-0.33569153863030077,-2.334399011681047,1.423002448673719,0.016348041092862992,0.12710529588972552,0.4898212402470108,0.023166683558554564,0.1929446920190976,0.6607897089735978,0.09202063796341445
22.889820812767148,-0.5698983899222655,-2.218242154403167,22.406978413412194,-1.68867516830439,-2.0163231807323596,1.4002358685866865,0.03474627351092114,0.26588773903392127,0.6612858396009781,0.054773393706309785,1.5295343396091303,1.0380377954729076,0.18090465384269527
41.87972556203873,-0.2806179742455802,-2.2786396900651793,41.297382805971054,-0.025095159801052272,-1.476609999408849,1.4433768720385043,0.025444354024134027,0.18250651669471157,0.7364553745981071,0.028181143471500168,0.14822141340642037,0.3659655598211024,0.06342779405863469
45.68243855119799,-0.9561012556970164,-3.3330136031887463,45.012240679332066,-0.9512717666002642,-2.1587210809415263,1.453692056467369,0.04294548456473582,0.7299314110637656,0.9778069747605951,0.05956096701699572,1.035201207726059,1.0467416634036648,0.060334741291987605
