f0,A0,w0,f2,A2,w2,B,f0_err,A0_err,w0_err,f2_err,A2_err,w2_err,B_err
51.94458770369699,0.36901266771282437,-2.527605442054509,51.275056476671814,-0.009934066488259632,-1.5703854020625976,1.0843989888582883,0.010834301115439838,0.11695171980616528,0.3037135649233028,0.018234326238406966,0.1328031920207594,0.3406418518948695,0.13473753824051418
57.24027764601399,0.5238636180678041,-1.847303431178909,56.53858955022017,0.05734399612123679,-1.5463524900812806,1.1791744575061067,0.01742951836465939,0.08526247746787695,0.25664158961656985,0.018658591135498344,0.13165582697698042,0.30898198037075136,0.1398641147396988
62.420265037324484,0.48412535847136523,-1.5861236881204255,61.65131399477651,0.17551035023687653,-1.2936332456226038,1.4020215937414962,0.025818181413510524,0.09279496837618287,0.27835061414338247,0.05288820179886168,0.1947937283510295,0.2238581425790257,0.0894490342495024
67.53157140491386,0.36968374850924324,-1.2784936482667342,66.61276867387068,-1.4798386093398244,-2.182684763178404,1.4729198304863163,0.040267432392556056,0.09165465231665773,0.12751181237642795,0.12037911947663331,1.4606610909230817,0.9722675425069317,0.03499578295639127
46.93232355834797,-0.0802796072821382,-1.5562421910751856,46.217703768797506,-0.7402966354774057,-2.4510388408420916,1.2646150734310941,0.03346946903684502,0.13448057692552953,0.30587285660896835,0.03674682894840927,0.442144189367878,0.7678485072101412,0.12783249857516862
72.94284170427328,-0.1112895270560354,-1.342094618583225,72.0131415778321,-1.9759264437507191,-2.3259978009953293,1.4427251241091659,0.05954342256838116,0.5841371649232924,0.3312584059830145,0.12113309650638693,1.4347399344456926,0.9902130204468473,0.060467498563688854
41.975915343475315,-0.8064898228208661,-2.4473965820195898,41.25281218314866,-2.3275178416359967,-2.801043375607626,1.2494083187253984,0.03392385265953412,0.6645385769952312,0.7968923826970399,0.07608703167515977,1.4816192231907601,1.0167716010477308,0.11420158224077732
