f0,A0,w0,f2,A2,w2,B,f0_err,A0_err,w0_err,f2_err,A2_err,w2_err,B_err
38.63249254340441,0.07876134694587456,-2.463034148471637,38.04098097109582,0.1219722360864566,-2.073313351871644,1.0906532478105486,0.014840488567890695,0.14559478694501876,0.4043980139517309,0.02006613697023338,0.1252249462279684,0.434649213992008,0.17304999205727065
42.945307850072275,0.6816770170343394,-2.2064395855437104,42.39881763726443,0.430081112062707,-2.313495268871824,0.6694590046969642,0.014056011934771294,0.10954518732984649,0.28750659791034294,0.010293683627756681,0.11368173951384,0.3279429461006902,0.11588171129163113
47.21806363923403,0.2092741560032882,-2.600185945897284,46.59199676306666,0.2736191401316769,-1.6731870000930544,0.8944087053054801,0.012309967319158639,0.1351903157581303,0.3789559600314959,0.006862349020519349,0.10006541658068592,0.2660329613259609,0.13170441031255836
34.45881419684449,-0.3650861066351042,-3.8449179209291926,33.80886763217431,-0.7196586854326024,-2.7761063523702108,1.2951684267431964,0.006621444988885619,0.23194806197572077,0.5019715878345555,0.030899107599901877,0.5245104804410895,0.8822965386304652,0.11849758096260102
30.41055859308665,-0.34287674919065336,-1.8474604776316847,29.81296815102635,-0.6854245448901339,-2.558505518976019,0.7730347634063015,0.0316236177043667,0.19361306792224783,0.5587329811144616,0.02085634290981762,0.25037489783442196,0.6743143182827338,0.16219083301998272
51.51095409862229,-0.041938776252459564,-1.4409411536540635,50.89577221959305,-0.6044032170668875,-1.685867581369024,1.1469912639199316,0.0393118561886606,0.1469707200197823,0.2686820987339408,0.08830653380621645,1.2569183150194774,0.9057781194459543,0.16079927943680106
55.911489084463305,-0.5702698944762483,-1.8478545605064431,55.09448056341234,-2.2128256205001056,-2.4410577838740832,1.4295078979833546,0.06891444913293207,0.5925441280697331,0.8150153853342358,0.11405682364179956,1.5744446972845616,0.96510608115374,0.07810641073239839
