f0,A0,w0,f2,A2,w2,B,f0_err,A0_err,w0_err,f2_err,A2_err,w2_err,B_err
29.597084276616968,-0.14860099622849776,-1.9458003872955598,28.923176964963275,-0.38266321541934767,-1.47238669296586,1.3727400844298168,0.025361524146321136,0.15011402081324168,0.4475159709968269,0.045220900734936495,0.6314261208637326,0.6475908097952364,0.15357450496208597
33.59287565357195,0.3452923768555383,-1.6351549393466818,32.91273264928659,0.03787957908637829,-1.5631222726475844,1.161872378942336,0.021432144250134996,0.0985414935106836,0.26787106454075865,0.02551573251031167,0.12317161562899559,0.2682046273322121,0.22728902925806005
37.93601121044146,0.3832626182946273,-1.4500872123906143,37.2806289015495,0.2482640659093462,-1.6732434166017107,1.281632107220458,0.027584973635245515,0.09208486931497185,0.18611216972986647,0.024566776986112385,0.11624455392597792,0.3424110316740712,0.17616693578523612
42.1296863785162,0.23378421165972507,-2.2971336316152495,41.483099768947916,0.3305471530508305,-1.2902941032419535,1.436730967649438,0.014170869997605714,0.1202440707421275,0.381726873162236,0.04119882257310709,0.1034681293177539,0.1206757642982428,0.07668239174071328
46.49526665189045,-0.29794058387618905,-1.6032207277304271,45.82765425986609,-0.8104009254216769,-1.9073261961599965,1.4295156359097603,0.042288112634644895,0.17745882983172276,0.38707003158970876,0.06282190144110185,0.9567571446215306,0.8193709250257322,0.07633708723433398
25.421532100035424,-1.3353528225631544,-2.653917562938026,24.93813238847862,-2.6958626509419945,-2.7212067126149897,1.2776558450096656,0.04087250419776675,1.276731677300212,0.9180975387316127,0.05502522046795881,1.5034529074538665,0.9826387228370935,0.1255814905795512
