f0,A0,w0,f2,A2,w2,B,f0_err,A0_err,w0_err,f2_err,A2_err,w2_err,B_err
45.820905337959914,0.4510942084892879,-2.0187695800397703,45.15612671664092,0.3864462776064501,-1.5027236052641555,1.3853858397620877,0.0172282585482,0.09878603100869798,0.35197612369287706,0.024194906276075585,0.09563215528016418,0.2168618049183522,0.10852692155911202
41.14206305709587,0.4804239647477129,-2.769244100722906,40.41469867928648,0.1779723506476235,-2.4296656816262816,1.4704441489653688,0.009086371389447514,0.12948147923290262,0.3793844993236617,0.013244280989508132,0.12924224326618117,0.4422938353191695,0.03987782651376624
36.57029966655452,-0.0010952372826989604,-2.013510064420389,35.91534526273726,-0.275267071201319,-1.5919630078861333,1.3579386142861738,0.020004899836909885,0.1203712033229874,0.36492924201248006,0.042449171727789,0.5274363490744215,0.3667461548117227,0.12403377773704537
32.23717436523394,-0.632014364753194,-2.07860180679713,31.645202923169204,-1.2365497257218374,-2.5099397485474175,1.2936572762474827,0.05798015347168061,0.31306139003171374,0.6326632061600298,0.08240418576839215,0.5441062488385439,0.8664937518919165,0.1468153214160963
27.695496260886905,-0.9126736910314374,-3.642561868727348,27.198970105827733,-3.4250466669978183,-2.930941304742838,1.2072500195979603,0.014946648222934619,0.2812623069349625,0.6695771686948031,0.05898915983402907,1.4449295759131855,0.9750840245285322,0.10141620421949864
50.33381927103736,0.44007277639192477,-1.3209746473437987,49.54578530324649,0.08948146395356224,-1.396455255774554,1.2568158555070763,0.030469602120863398,0.09889621827882596,0.15894753596390546,0.04068114417517539,0.1316226894156508,0.2407971847745165,0.16633857156814189
55.04590669690097,-0.025257225398480992,-1.4023002687216612,54.24837269384612,-0.4454215475610799,-1.9258949522339068,1.412940288193589,0.04046125919137665,0.1292488689759347,0.23166700843435772,0.03723698842826301,0.24161538538479638,0.6584893570892476,0.08382459288297896
59.987268520451686,-1.3753159675901825,-2.8181469338260636,58.96968702326496,-1.1387123948697155,-2.589832981191014,1.1964946225270388,0.06534085941524986,1.1832501263599093,0.8830323911845375,0.08398325622749939,1.3312262541629645,0.997459229169401,0.09677737269524472
