f0,A0,w0,f2,A2,w2,B,f0_err,A0_err,w0_err,f2_err,A2_err,w2_err,B_err
33.26620966724717,0.4442602114909306,-2.725156292735293,32.61077658037046,0.2427276759753026,-1.4502420204031417,1.1928130917280968,0.009728082076643454,0.14187972638318663,0.37118864023240167,0.023101845003223594,0.1003258201312298,0.20973832262355732,0.17750236990610832
37.55341066653471,0.4757755238888127,-1.8639313813408238,36.89498815048944,0.03473407352041159,-1.35732417071914,1.4364777508535733,0.01768219158410243,0.09749525647275609,0.38174673393920233,0.04759466123213173,0.1820449847898476,0.25492662725853876,0.08396282982016011
41.744091128748174,0.23213625890074305,-1.8487412089279578,41.092737552439175,0.15533720267339288,-1.3600042794610234,1.182864728687052,0.019358524614084046,0.10953365574905112,0.33955988150213445,0.03342815985899444,0.11602142324051662,0.20756276150739747,0.17935034834220195
29.196789573497806,0.086971286275428,-1.874101016568885,28.60769594019371,-0.31632259866775697,-1.8070626736026607,1.3568167724032145,0.022645182396530517,0.10981756002967406,0.32104671180776173,0.02494212177779479,0.19680874705832288,0.5176391234829261,0.14402288597773918
25.223694795687607,-1.1715908106909856,-2.72826433279176,24.713751583421804,-2.3860508025137017,-2.6383221290277135,1.3943746338555196,0.0354347276537072,1.057300848912918,0.8718405744739576,0.05400718897218528,1.6499187202091978,0.9980434865456497,0.09750253121534036
46.02856067946997,-0.227464035177627,-1.5918399241264285,45.42384591251563,-0.1316754452750142,-1.4460335875643808,1.2962031218345618,0.03925170366671613,0.16961672908085404,0.399420830515221,0.028301716644573222,0.5151146474645123,0.29285493622804315,0.13022899867082707
