f0,A0,w0,f2,A2,w2,B,f0_err,A0_err,w0_err,f2_err,A2_err,w2_err,B_err
42.31010755329987,0.41911002403695635,-1.9325439146756656,41.6293450512945,0.03705964861460677,-1.9093821623362488,1.4320054059477545,0.02045002369077356,0.1069020211679659,0.32234956957519273,0.025646571768271915,0.12909542535129653,0.41861942414213804,0.08267904845271994
47.13422048933586,0.481830838710652,-2.101102686721088,46.44169596625991,0.376260467131587,-1.4481783316102543,1.388502104666785,0.016986910084108173,0.12239787498930006,0.3456054242603049,0.03051259585839675,0.10504704001621554,0.2230817103288633,0.10308007233486287
51.938998204148305,0.2987084879996196,-1.3805097959657182,51.13962295221563,0.17060867502412394,-1.3546718004233962,1.4497877177004164,0.038560358796563936,0.10970996184354845,0.2004430710684008,0.0476668161905742,0.39824993750958454,0.27134025118969174,0.06174240166838866
37.7209416344863,-0.08618324502259377,-1.5650042085028342,37.11874217709174,-0.2577914801802392,-1.5992939081846462,1.391677541770965,0.044162212094252605,0.16984895012416054,0.43702123235212953,0.039822503176220256,0.275036062323613,0.7377495867967503,0.11375581654081236
33.152643743429365,-0.7085024710360517,-2.6196525169499956,32.49421660715825,-0.5811899928681805,-2.0351595651316625,1.2515404388835158,0.0328180959760465,0.6044060702768301,0.7880961942643371,0.04319672302074434,0.46646811947771305,0.6804148992354163,0.15605539882714434
56.60740598751727,-0.05723949871557907,-2.1611130074799574,55.9258636456381,-0.17063555248117762,-1.466624336256586,1.3121069626322588,0.021745782088485027,0.16402904988318992,0.56748422849078,0.048759417124311706,0.18086060434992404,0.3267981578899307,0.1145575978172783
61.80638979986846,-0.8120561231291927,-2.331808579898345,60.92432610169837,-0.8789861311711875,-2.3253582827577746,1.3560314261212802,0.058465998297299586,0.8113906821320579,0.8589332968438235,0.057226219523677825,0.8940301090963545,0.9063666588160171,0.10080414417681542
