f0,A0,w0,f2,A2,w2,B,f0_err,A0_err,w0_err,f2_err,A2_err,w2_err,B_err
40.69009412565755,0.3461140278692978,-1.6282822836055035,40.03324184966451,0.08612262382905789,-1.4412949455706308,1.303191957846998,0.028113698189327005,0.11822370704239805,0.3042162680601489,0.04712729662425652,0.16378253452322236,0.2840897035866613,0.17440474753582244
45.37002722984477,0.6006243795305389,-2.140657956543135,44.75376115218441,0.3326384080837859,-1.4212473550635822,1.1155084317007282,0.0174334433954461,0.11993255350998362,0.31817309937570143,0.03231047812674463,0.11905843416974275,0.21441819762979625,0.19353703211848342
49.96978907321115,0.31757740531497325,-1.3541264518844478,49.188422488315375,0.2912182211343558,-1.3695769445774888,1.359823281451635,0.046636658170112005,0.12418043093647689,0.18251183163061452,0.04669933982428234,0.12058515679945242,0.2115094255334944,0.12861661425764231
36.30994618963216,0.079977016628969,-1.805613853999303,35.74627985683708,-0.23227079746311485,-1.5860267964553145,1.0847667568495687,0.027626859947239853,0.15758137074494122,0.5180122693312417,0.05568035935924218,0.4737803838091087,0.6048118807395341,0.21390993271180858
31.96333551417298,-0.5433005727599834,-3.3781251667740904,31.36055523218658,-2.0361997952665023,-2.6828393157713144,1.1800088896745835,0.015895197058094595,0.27272651826760275,0.7423407054815437,0.06706093629651866,1.4703353410492341,0.9740042606958945,0.13152867752971578
54.51840334585216,-0.17512773569919837,-2.4992392734379587,53.67708368922093,-0.9549180619752535,-1.933440598445824,1.4491565384211047,0.02428619113395119,0.20307422401581024,0.745585586218361,0.08478010413288647,1.484090687117908,0.9767118153454453,0.06738685693559175
58.57230198485152,-0.5756652707341465,-1.8808583028675905,57.72799198441082,-3.2594302170115133,-2.7312171883423213,1.4165265608873643,0.07125560363008977,0.5809422306453651,0.8813787205046415,0.11020566232274456,1.5451189372707728,0.9863149078738549,0.08032611442481262
