f0,A0,w0,f2,A2,w2,B,f0_err,A0_err,w0_err,f2_err,A2_err,w2_err,B_err
32.03813007385422,0.5720184504550574,-1.6900547237986654,31.341951743313565,0.38314675884243277,-1.7179547224829264,1.1565552374852577,0.021721679560268645,0.09735227204775872,0.27121262716737354,0.01350770915009796,0.10571590064354265,0.30589893688180986,0.2584925240561183
27.85983634961179,0.1725613139775805,-1.7584382733609631,27.267642716682698,0.026525175826616978,-1.442625191401651,1.356716925469466,0.026024815710545803,0.13258199705415752,0.36183125985624637,0.020767092596318832,0.16078678725339432,0.2718525471030056,0.17064111493005688
36.0779539208874,0.415014724925279,-1.3866974330084993,35.4239373079465,0.2315802182484291,-1.5541423691488339,1.3893458820135878,0.03408284033522229,0.10555206251154882,0.20442549423558376,0.02998899010161986,0.12113126015312253,0.31027316609764277,0.13619846521636544
24.11736201276336,-0.03420008561799649,-2.3450925187191975,23.693416881498827,-3.0415159704117336,-2.8517706277291808,1.1028148143748187,0.016609678768270995,0.14417505600448755,0.3754312985195285,0.05533801475226477,1.547766706017874,0.9820698079614881,0.14761597482182143
40.19233660029571,-0.6221691602524808,-2.671396563907373,39.4957638107948,0.09182252162043689,-1.4345717564992695,1.355659913403013,0.03410447382812942,0.34520147136435464,0.9075464176921699,0.029676199073680805,0.1377621566159294,0.282909443123993,0.12468131764003244
