f0,A0,w0,f2,A2,w2,B,f0_err,A0_err,w0_err,f2_err,A2_err,w2_err,B_err
44.106794782542565,0.596707466229293,-2.2889529033574028,43.49486825527661,0.42380168951494174,-2.064857683319942,1.0615705587987005,0.011697709109828655,0.10021908929793542,0.26844642361860294,0.014840644271549701,0.09483183660381832,0.29249318952403114,0.1509961672280654
39.735199570393625,0.7904441015578275,-2.8729206401463556,39.14077294109511,0.5748723315223976,-2.4445508769729924,1.1433979057283872,0.007742278732684596,0.12683712260657728,0.3293369151824443,0.010699035810827092,0.1146673404366245,0.37164608953261086,0.18147243737538646
35.28592472247769,0.18263341141876965,-2.087613792531174,34.64926384832164,-0.010608333917739389,-1.7025064862085395,0.7360885641076553,0.015066225424247265,0.10184866807092657,0.3065314963877531,0.022113861899920876,0.10389930024052345,0.29368482591678585,0.13527199215115684
31.113746666241656,-0.34907100451280937,-2.951798181711697,30.481934330009057,-0.5984686593220162,-2.6711609879162364,1.322236072587787,0.013414111338813837,0.1971943505729691,0.6671310720816601,0.021110568261177378,0.23947790823661186,0.8200465039199086,0.13810090630377447
48.5887108296167,0.12603119315724495,-1.8860346068526777,47.98047990488391,-0.24128903828757847,-1.5232168604185152,1.2190894371272891,0.02083257292593363,0.1136890557615789,0.3752070386768293,0.019133190014334375,0.18990237238133503,0.3667710646821186,0.1395897298010167
31.11320282468472,-0.339465400771048,-3.052537678661219,30.4827131175818,-0.6040886644553769,-2.743066582908027,1.3300309557872094,0.013238745914278248,0.19958870253882022,0.719638941257624,0.01920754161087711,0.2623440349870191,0.8228591525981396,0.13246299715703982
53.00798134190151,-0.6588893805474944,-1.6222160849491583,52.17949202761457,-3.2462260667075364,-2.4202024331316228,1.3978793967477885,0.08272090772693991,0.8091378649145613,0.8320459413892655,0.0998476993144867,1.7994560391008798,0.969529563743279,0.10503940821204034
