f0,A0,w0,f2,A2,w2,B,f0_err,A0_err,w0_err,f2_err,A2_err,w2_err,B_err
175.20222229029574,1.045157543033662,-2.560394821289814,173.18713994349724,0.5037259263828903,-1.2573061084646997,1.08405660717002,0.008853649290154517,0.1193667348051976,0.2896671169170668,0.30152314734951974,2.106284094968537,0.8235864418816614,0.22297677710918726
188.43100422246903,0.693574195904827,-1.8603989780768608,186.6151262770864,0.4346787152517282,-1.2710330834116954,0.862794874165878,0.014281626187129862,0.08478099861952387,0.21228761843827054,0.28867920135619873,1.5656827618088578,0.9684613420167169,0.21846509455303775
162.09688853996659,0.8274240201980614,-2.3387699688704418,160.46211767167335,0.26486432725473724,-1.3943712072905614,0.8148111182752306,0.01023042802356091,0.09592313455252671,0.24464575922967388,0.023333157956298048,0.07874995944202112,0.1751072145725242,0.05275988733279332
148.8661108399921,0.29880846370647995,-1.7732999013965072,147.18544964393547,-0.2691854095435859,-1.3834122541599179,0.8352109132998348,0.017417441659593635,0.08236219666129171,0.24864772976370314,0.04014817869242352,0.12831762873986377,0.2074870419722323,0.050620061608769085
136.03047735465228,-0.11097448764923046,-1.7780297624281014,134.26773930500747,-0.5370265678001942,-1.6537404760202055,0.9014614821742437,0.02238458646270605,0.10559136442882733,0.31597752631114084,0.04598767633351647,0.17170658493572052,0.40871091710967095,0.05117920471390537
201.7696492447468,0.1702907023485341,-1.3076814936884977,199.73566766031513,-2.2506739635734934,-1.755816589315288,1.1184662705097974,0.035115581650477026,0.09478223293341144,0.1221827398537102,0.31778190749370433,2.0564413199994234,1.024316881705424,0.0675561232518206
215.18223899285275,-0.6007606798050613,-1.6193103669116438,213.40267621423106,-1.0510818387240217,-1.7438903638291052,1.0383369589945382,0.17262098780798005,0.3217970677729262,0.7668177430779634,0.32151184009832057,1.2684653072078778,0.8931739810624193,0.06370601855741419
123.28790769617855,-0.8879709908080748,-3.1066982895413933,121.4643696134213,-0.9324845920658309,-2.0127588347432357,0.9073007338437424,0.02645266972231913,0.2512200927219163,0.7301700086068604,0.08782759062993024,0.5931871258921978,0.7316448786863086,0.048295896234317855
