f0,A0,w0,f2,A2,w2,B,f0_err,A0_err,w0_err,f2_err,A2_err,w2_err,B_err
36.810041506088126,0.2028522323733174,-1.6751219591519737,36.19087419127673,0.5107582213660853,-1.4041854826158664,1.344300461386633,0.02494488702944553,0.11153411623894605,0.3306065651108785,0.025753176676636555,0.0852839007539529,0.1673219703798774,0.15604317067770396
32.62699658963469,0.4051645989658111,-2.115724960165474,31.988780922938375,0.28672418746412687,-1.401907620125003,1.3895760612365735,0.014685311049649836,0.10793535216193936,0.3217964477245396,0.010153359866214667,0.10079845419151613,0.1999439069812753,0.11242629580229549
28.545327864267115,0.17139586116503958,-2.052896058657719,27.915497164263073,-0.340763230619969,-1.8508183322095697,1.2300269652684224,0.0194361753380507,0.11006908245033237,0.355598213007229,0.024153235193621444,0.2322412223577833,0.550934443222641,0.20075850880073132
24.68495304142334,-0.591730747519926,-2.0998637523140924,24.20851718676716,-3.049540242809875,-2.42852555892968,1.3953083052464839,0.032381235952292094,0.28454311555102024,0.6795072804628919,0.05546260380207606,1.8425071111591298,0.9832240964601755,0.11356723035918279
40.89640758188906,0.3449610020305355,-1.8565042684263524,40.238210901048475,0.10503248102720615,-1.3435672021479526,1.4306895209846529,0.02305684669593832,0.1187030782395773,0.3645463357227268,0.0644413510697489,1.6617228846705867,0.7825412102888875,0.09498238525773216
45.143731918596366,-1.123808877948996,-2.312167041469944,44.4967928338608,-0.2983377669278063,-1.52673318877013,1.4427099036113695,0.06722564214236462,0.9564808596688483,0.9111207584241313,0.03730049711068034,0.6645254317487733,0.5014117169236901,0.06292417614182566
20.679473940165146,-1.987265531646553,-2.6852113988233333,20.253315790024256,-2.059682964764782,-2.4373887006577695,1.3274588399407465,0.04441128608056773,1.3027787603115084,0.9557931504272934,0.048697758977527594,1.6877083535389867,0.9543139670928582,0.12832597558443123
