f0,A0,w0,f2,A2,w2,B,f0_err,A0_err,w0_err,f2_err,A2_err,w2_err,B_err
45.89400141968159,0.4553919110193431,-1.8073624116923563,45.29216181701865,0.35402421756837105,-2.127307114816345,1.4474042116954715,0.018909043294776596,0.08824135708826367,0.2729280355753317,0.00777513107456061,0.10438357282726775,0.3165987863025676,0.06456771621689247
50.53798347252025,0.37028207208812164,-2.0287578416548766,49.88481966366824,0.3082881968948408,-1.4457481740580773,1.3439492831601818,0.015865523592731964,0.09870784284227772,0.307570541158263,0.01822192654658212,0.09999822649660017,0.21639315289370994,0.11582802475747835
41.23589246273383,0.20161265749158888,-2.3038617650151187,40.520587067439294,0.04411775683355865,-1.8179616347616503,1.1640618386371657,0.013736594350409737,0.11043716916275415,0.3245270992031465,0.021311850776133488,0.11639688838254454,0.3271334360112935,0.15508053540512423
36.8446866311658,-0.1247237975232017,-1.7560756101382828,36.25659499906864,-0.39956500277370455,-1.6324849696395465,1.1224337265564581,0.029116230554035418,0.15108805458946917,0.42468346567107923,0.030881126025352586,0.25792039525301,0.539491681500488,0.185532914963465
32.4155008015237,-0.831094043531071,-3.420508992774017,31.827668261760685,-3.13585758565936,-2.787455115316865,1.2968440767552865,0.017021360528649453,0.2719182389307864,0.7864447754262133,0.06625150790424512,1.5950327364073549,0.9841458560688684,0.09967693086064659
55.173774673649135,0.048631467738998235,-1.4404146112727516,54.504757826270335,0.17007539963928114,-1.6945295857895228,1.4544013334736747,0.0590602630592513,0.33007151226818254,0.5767124569344,0.12629262041147452,1.0771749574448952,0.8513750111778114,0.05938138092385628
59.86982088382058,0.07450367649299247,-1.3705897677595504,59.001238929218005,-1.3176189501800155,-2.87135665994043,1.4291883066599396,0.04282132744117235,0.11347367537320514,0.17995450751680478,0.08619073977449682,1.4249002916239866,1.0038649741281251,0.0656274275975786
64.73557667267445,-1.411720314357725,-2.6830455605609407,63.69947877874764,-2.327257657836802,-2.4521934522444777,1.2714636147065774,0.0910465481098288,1.061821417538967,0.9958732127121352,0.13649464125518437,1.5803301023684362,0.9789658846020417,0.09736748449899008
