f0,A0,w0,f2,A2,w2,B,f0_err,A0_err,w0_err,f2_err,A2_err,w2_err,B_err
40.54681774811379,0.46649981608708757,-2.096555305619372,39.78059794637687,0.35005300769171244,-1.3209787134190656,1.2287343450132258,0.013991207996786163,0.09555937292589053,0.32631079569058535,0.031414143133154514,0.09787537244764666,0.14230145992032334,0.21136167824646854
45.11519404313846,0.31884556234923134,-1.5375903198915666,44.46384397305978,0.4425455476131462,-1.2774817144667092,1.4757380831146407,0.02567363771753596,0.106947122091232,0.2669558966861917,0.038679378144767865,0.10247122989805765,0.10219380960163295,0.03390363539429153
49.67983067284598,0.39215314294711867,-1.4824722268265331,48.930283860899955,-0.02052796875367012,-1.7910661778338346,1.4345432666341962,0.023262587330277217,0.09213836141145365,0.22534747589676501,0.01686356079030633,0.15226832493986445,0.5686792074491296,0.06983083070025156
35.994540222227855,0.04196991194292449,-2.0561926342929704,35.268733550704034,-0.44429843002196856,-1.5215474010794086,1.374201756445939,0.020319174880912005,0.12216721246153985,0.3584097876602537,0.06576706139837524,0.3300605592075033,0.5541810227395371,0.13219887289559182
31.830508165199305,-0.25938809451458245,-2.164156793818078,31.18906196308615,-0.7898487487821036,-1.8476345356214336,1.2805196848701046,0.02150650984588075,0.15508072673454087,0.48592405226765945,0.05033041824912792,1.1989509502687496,0.9623385774805274,0.2010400330266353
54.21973486207152,-0.34839615900735166,-1.4831369752151347,53.47487394595006,-0.8832478255728092,-1.7191008854691652,1.4310206938572256,0.0696167998029163,0.38969548401830184,0.6816759729051816,0.08980533705830002,1.1422163030349441,0.9410446239801037,0.08635004275103574