f0,A0,w0,f2,A2,w2,B,f0_err,A0_err,w0_err,f2_err,A2_err,w2_err,B_err
28.351466751419913,0.25359644651140634,-1.5923711159151963,27.793980724766886,-0.2835978018337778,-1.7823877438827038,1.4033478074493868,0.02398377260309314,0.121858313104461,0.3275792793215741,0.03811306006802189,0.2556951550692166,0.6129770505820221,0.12557793435936887
32.44743921227631,0.4294826461312366,-1.487981227955211,31.757686449214305,0.11493884524033655,-1.8884394409384935,1.4121234634715079,0.02735133551177664,0.10425362950567255,0.2607399383118066,0.018842531685449988,0.13997402601775863,0.4001109023262116,0.1196111705735674
36.59562238634507,0.3855378175213265,-1.5318889939481048,35.879135839434255,0.22164082056603135,-1.3744553812462827,1.3982585538673062,0.02830290763587402,0.10754820429387664,0.294989588346529,0.026434751650472377,0.13868576291602777,0.20127894566716634,0.11313721518881636
40.73812495903818,0.031366247406761465,-1.5144695623876099,40.040302664619055,-0.14342117304340415,-1.4453413057211715,1.3962126328814568,0.03829688698976289,0.1351036031229133,0.26533870264535464,0.04819463214657962,0.1966476347014166,0.3510641082476315,0.10968976033736605
24.491282721312242,-0.7938230274153313,-2.8741043697454463,23.99917671619736,-0.828254328833215,-1.9388362327205115,1.3918504333864954,0.02974782980857692,0.48301042216676443,0.9135122800136819,0.04719012549689443,0.8884956395973124,0.8726383835938277,0.11675424170820575
45.76577189002995,-1.351297895058401,-2.618642243939136,45.00919058915575,-2.0563201311834582,-2.8406696633959507,1.3277157953881562,0.08504523861744737,0.9535715877564901,0.9566780317353083,0.08218256275117236,1.1745473873248997,1.0068785497826336,0.09129168436460312
