f0,A0,w0,f2,A2,w2,B,f0_err,A0_err,w0_err,f2_err,A2_err,w2_err,B_err
29.70809816108688,0.39841501226927256,-2.6572455370693615,29.23408389813856,0.10611078313766809,-2.3472180564146323,1.1268511748377827,0.010023300142964356,0.1278154171656994,0.3669462098591313,0.006938324307584754,0.12891669601649178,0.44314409576131386,0.1833240068533604
33.02701469839241,0.47181459610000176,-2.3767266050309956,32.59400480863779,0.3554797896345597,-2.1681548169464464,1.2664571061987178,0.013324047902299341,0.11500222016849196,0.3800359794776686,0.011784973978791215,0.11070913495940843,0.3481511916716314,0.14699309738686575
36.38061925884919,0.18365590743453247,-1.4941674028198546,35.89377174067314,0.15936879283506214,-1.4182105933218208,0.8841111471521437,0.030043878375957025,0.10932611827599147,0.24219967680560225,0.020888571375461632,0.12582049700868583,0.21891894482550625,0.17927054951267848
26.404224751071297,-0.45814154532589957,-2.3668963451764493,25.970326299545565,-0.021891247387379242,-1.9888697419898067,1.286392969580968,0.02304222298582883,0.2188566543342445,0.6565161410911936,0.0212086979750386,0.12455450063892554,0.36353341033617553,0.148686370811436
23.292646132308132,-0.37067632383867166,-2.871015640719942,22.806042647399266,-0.43330259677314265,-2.1375361428287745,0.9114676165159249,0.012834517647488341,0.1692667003985251,0.5628435545396139,0.025695196101365683,0.19232128505299578,0.6227320032837621,0.1702446962728138
20.010152058037878,-0.7632795975703641,-2.107652318780568,19.578753182141135,-2.3582700921251627,-2.5849893048726535,1.1627250336012804,0.03555331190898618,0.5170588413991359,0.7343629342138834,0.04644375857236563,1.415116100398973,0.9386362502662663,0.17371412713665615
39.73166893050051,-0.27766652957840615,-1.5091501087724792,39.25764515870824,-0.15703181305417083,-1.5259017489318552,1.1689571023956034,0.04881383184792033,0.7328263235283401,0.45706255092789005,0.0275738416878465,0.29663634910194814,0.3456005213165554,0.15210670011237254
43.115198010437496,-0.24690788259432792,-1.4499205008294642,42.45410862168844,-3.4213019125145596,-2.751743640158246,1.0183236017149468,0.03772659029384213,0.16692507592053626,0.29371298552290664,0.08164942192974595,1.322213953157844,0.9758467394480136,0.11246393900917198
