f0,A0,w0,f2,A2,w2,B,f0_err,A0_err,w0_err,f2_err,A2_err,w2_err,B_err
130.92837737232222,1.1567875483717223,-2.7904571445738555,129.58298288420227,1.0096552555496547,-1.9352538872239926,1.2882063653734925,0.007432304551099211,0.11894871430462718,0.2795283192123167,0.00349256500929362,0.08080231363278048,0.2070038500677228,0.09000535366567664
120.29671892660738,0.76443164787244,-2.3348997592209804,118.93337063494182,0.45852328507872503,-1.7492243830683771,1.0965206406207046,0.010812143337222843,0.0950678239728706,0.2583706375676063,0.017458599618251316,0.08221079893635486,0.24695207945477968,0.07993559666316259
109.56418817752875,0.3400952256200675,-2.115636773491966,108.22622709504542,-0.2807187342189703,-2.0723215160631936,1.0736662235888577,0.014006330098576382,0.09687676372322111,0.28118304098769736,0.021902567086186587,0.14537749454913101,0.47832207984164066,0.07373115611205074
141.61875410310262,0.6387788116369695,-1.5503416920534783,140.30223249248914,0.713617734728187,-1.4242672088498667,1.2244593174877978,0.04705812096877216,0.19358460372208075,0.202989851630326,0.18094989853204432,1.1406951434574308,0.7442208623220776,0.11832168279057007
99.26895325895306,-0.06240287296711981,-1.5281467998313496,97.87439348719249,-0.25313128483228065,-1.7073127662800802,0.7669718908828466,0.025418473228581782,0.1042755157266442,0.25579510731406413,0.026722577018548608,0.11476944887419374,0.2809937599908067,0.06267626132340229
152.53226055511283,0.2990165427045205,-1.3818939101956007,150.9429542963612,0.477481389210912,-1.2366136375472125,0.9991958144081646,0.027547828960273007,0.07943245920871746,0.16809715965189354,0.007704785027840854,0.09054185909456182,0.04408456257462742,0.07575231522792175
88.90296143314774,-0.6405096692319832,-1.667819668487649,87.37456929524079,-1.0890374925359176,-3.3215763958376625,0.9575195791924825,0.061845381760548365,0.2559252464630019,0.5197989047150756,0.0857545950265945,0.6469602988151268,0.8391863212921367,0.06362399822903637
163.3991441627374,-0.6557530703773644,-1.8845584554671724,161.41078479312304,-1.5742974856238432,-2.7766903966950047,1.2202322903615554,0.15244493479285431,0.3023184561022964,0.5870776667915301,0.31867665835322084,1.0636080375346986,0.8161259355409485,0.06467189451829994
