f0,A0,w0,f2,A2,w2,B,f0_err,A0_err,w0_err,f2_err,A2_err,w2_err,B_err
30.23491439227025,0.23349047554076713,-2.5375467082115035,29.690267022775284,0.12875281580705916,-1.998040070854793,1.4369035897092557,0.013274856524045326,0.12493343794560656,0.38678395884059846,0.01873555227417418,0.13033001263696808,0.45203793702477857,0.07795722075667924
34.17288317154084,0.2556102438676449,-2.082239017864672,33.62113444582762,0.40063502578719,-2.089746610147306,1.3466878518658185,0.017141990764113203,0.10637357177091715,0.33626122513996104,0.015301715149738887,0.10711441445342755,0.33309297078032224,0.14184784210007428
38.02896163374373,0.32510012794219273,-2.075271033115612,37.471505722476394,0.3319934315456729,-1.4723428117174335,1.4164015528308782,0.01686546076532599,0.10748035607320236,0.34166599329563274,0.02520736284859548,0.09961113546373115,0.24433748316293627,0.09114652013302782
26.632284804290585,-0.1842959864406557,-1.71523788957438,26.088172569245643,-0.4823958050992566,-1.9607549091922811,1.385229738896069,0.030301965073614375,0.1519055685208787,0.38216255389854986,0.026195298953692457,0.262524888051554,0.6488840849087527,0.14215901848941082
22.882691134094642,-0.54706700043559,-2.503412177005834,22.413546323970404,-1.0610688219156925,-2.149084936107621,1.2932002406745426,0.024249714187184947,0.22619944181492124,0.7089015080757226,0.0393066307242179,0.8570740209486128,1.0222246616087078,0.18438319244891463
42.00246387189569,-0.13213851327915713,-1.5983107960486116,41.377485758982274,-0.007125306475832871,-1.3946801479551432,1.4016720028562988,0.038982915299473016,0.15498304373765043,0.3947746615801725,0.02658965552177351,0.1350607962395707,0.22480588300859042,0.09962857898961903
46.04617114964885,-0.8766698349659479,-1.973163414206914,45.40613768963621,-0.19081116756934752,-1.399657564354019,1.429651853616948,0.07021379933304842,0.6877352316622882,0.9816301240141174,0.05427612704322889,0.20383123567230352,0.3076272424759324,0.07449892911404493
