f0,A0,w0,f2,A2,w2,B,f0_err,A0_err,w0_err,f2_err,A2_err,w2_err,B_err
47.31896472461619,0.4318805294117646,-2.3296324208837857,46.59888136335913,0.2574139889036724,-1.6529197471193198,1.0342384695604474,0.014175588571288332,0.1171244408518975,0.33403495360214364,0.02414740916511889,0.11692998579112582,0.346844241661912,0.18399244198205272
42.50015166170673,0.2274722318240325,-2.0422637477063224,41.81378545034361,-0.1833311765402253,-1.4988446631601953,1.249843119559366,0.02015971343800236,0.11351353576333031,0.3320047675597667,0.05410563029727519,0.24152868342452494,0.5583260100096687,0.1741211155749438
38.04698656830624,-0.4161374098814128,-1.8378210860450048,37.2880707387174,-0.33911420301602363,-2.187705449514289,1.122131667304131,0.04430327843161156,0.23044079839780263,0.5044080086451389,0.021643967244786053,0.19111542734141138,0.5148603576823853,0.1592438439348882
33.36212343580865,-0.20315819975931587,-2.277062436022195,32.803992403627646,-0.5450363965912786,-2.3408317708867914,0.9748815525264911,0.02838457958169455,0.13646172553021363,0.23060556816452263,0.09846926984833963,0.09662821545785756,0.1812900725850805,0.08995452487441896
52.08310319364147,0.5001983387802071,-2.231764356396475,51.37012163538249,0.45572660210921057,-1.2932851690080787,1.4716997878470164,0.01620506820071643,0.11470804988245717,0.35942563137216593,0.020802586945227422,0.11005076776763555,0.13724280143232778,0.04050466507352156
56.82222443008987,0.060996990687077965,-1.917113306556006,56.09105117413638,0.16959837931149754,-1.396593233794436,1.4255264090409545,0.026798026898070586,0.15426603571880176,0.4940011302367421,0.03348955782728709,0.13155738523184177,0.2999271233395168,0.07255141286048881
61.595104504874996,0.07802014401908366,-1.5027368469356182,60.76456142635482,-2.2606066072828703,-2.5890605851401602,1.3793152083125257,0.03083649471833455,0.12494556101664699,0.24961639515544345,0.11464996022310311,1.5461863933601911,1.0434621083888775,0.08615920677378568
