f0,A0,w0,f2,A2,w2,B,f0_err,A0_err,w0_err,f2_err,A2_err,w2_err,B_err
36.83654262692378,0.49224183513866415,-2.202421610314792,36.226021518950155,0.36766063001610866,-1.660824912617766,1.4098972243794947,0.013736523875573399,0.10042729551621957,0.30579110100206514,0.022105492410483915,0.09071962337986926,0.27461526522597896,0.11196726875203657
32.6753025265412,0.3809714903788371,-2.298979957930756,32.09714424662925,-0.026270219643943493,-1.6282244645640591,1.4319946266647914,0.01008728655254461,0.0976630722632912,0.3238449431954329,0.018901420043165112,0.14146372495421908,0.3549626960888225,0.08679313403320035
28.824583605269172,-0.006353619546738253,-1.9593897099573199,28.288089426290515,-0.6998680947945873,-1.765086979935583,1.2907361223741123,0.020545640408263656,0.12309402560839781,0.3444693451065214,0.04806506147646654,1.0193648809772937,0.8346128908857673,0.17794929003996904
40.979040744911444,0.5150206154053774,-1.381316989538106,40.37060532442521,0.3708114056699634,-1.2917957039359937,1.4722975366344264,0.02999713319417126,0.09959462914028762,0.1929797548655863,0.028556341148629007,0.11569465930669082,0.14699010739823581,0.04089016531211538
45.150720146824234,0.18736171479820862,-1.740718392977489,44.48959559454164,0.016323225561232998,-1.4186710909316802,1.4501160020347008,0.02047848420973785,0.11647879390416956,0.34542560766745856,0.03850152725600724,0.14285241523882022,0.3147614055135419,0.06523623447015021
49.40846666878177,-0.09173079238652865,-1.358866533339441,48.800905549677104,-0.0477566291380149,-1.375445808884173,1.1854680347941096,0.050057565570668545,0.1633748133620271,0.23087982290991652,0.02751638435061746,0.14941549443613564,0.22084684177104644,0.14186902330945858
