f0,A0,w0,f2,A2,w2,B,f0_err,A0_err,w0_err,f2_err,A2_err,w2_err,B_err
33.409327846154234,0.22194199666526887,-1.5608269611289456,32.80378399100286,0.09486685329422825,-1.5902992516642986,1.2591507136126974,0.027537375055923984,0.1102565043847989,0.2819072562773003,0.028834706998401103,0.13042792986871343,0.3031889258854039,0.1816712726224824
29.518356297519148,0.27972503840481516,-1.518017684989318,28.89965987257142,-0.0009639484999232617,-1.656187435691682,1.3323298194873239,0.02574537025557272,0.09703856396078747,0.23792961549655692,0.026378872239951133,0.14020266847456558,0.37684350382980397,0.17517228817713235
25.89929522386633,-0.16153789380151842,-2.1325322863379226,25.305632282526346,-0.4260207992251206,-1.7243364958499612,1.365732031565978,0.018878081685971347,0.15646820947114817,0.5632075418186935,0.029459204563785632,0.21106309111171223,0.4118011820723014,0.15048402363035135
37.153369083670974,0.13995268949835477,-1.6314440864830841,36.497175790086565,0.0592735488695728,-1.4381832190154897,1.4297785940826628,0.025092689068601605,0.10739551231758013,0.2724458189764135,0.03554395519915444,0.1297377079230976,0.27306439052441783,0.09050276627766299
22.30865049032026,-0.8327397192822539,-3.440792952184063,21.88751234616892,-2.6337984714344573,-2.8779640082533398,1.2790605673767468,0.016021431276034077,0.6256122762186256,0.6712004524956261,0.049665373065623554,1.599446287425368,1.0525094939838238,0.1324835167784973
18.763001685501614,-0.9415752069913504,-2.542719499091398,18.34565321289702,-2.312438288332001,-2.511635193935521,1.1545205322073961,0.03472231152790441,0.9829912743751235,0.7425617332893469,0.046530660085740326,1.3189192691081255,0.9906606122612159,0.14819935889838318
40.887220545998495,-1.2270468039186317,-2.6212747689274276,40.28949314615528,-1.0105249940158418,-2.094293959679267,1.4055439243257213,0.07728418229688767,1.1318333131742695,0.9696763795846481,0.076175603519966,0.9506428695957293,0.9421439534560292,0.0866765980234866
