f0,A0,w0,f2,A2,w2,B,f0_err,A0_err,w0_err,f2_err,A2_err,w2_err,B_err
45.683815044350936,0.42691382399070904,-2.340233187528729,44.965085514698174,0.0780785810546919,-1.5473306196509429,1.019808122497049,0.012047228581205181,0.10777600260310873,0.34569033565839247,0.028215043608270457,0.11230709401389923,0.2622642641314939,0.15525308130223742
50.823320965617924,0.49110507683253957,-2.0132528671719854,50.0699518508044,0.223963803698646,-1.31909501073934,1.3848540169305326,0.015461212908384566,0.09528883577164632,0.3102768692212546,0.042047796788280745,0.10381959293310951,0.12625840756773937,0.11507207360357771
55.92782149552846,0.165875773991578,-1.7769549944001266,55.19269453908082,0.32973619494196704,-1.3209194901747332,1.4353839522546887,0.02157043887544447,0.11432146050695559,0.36114184589877635,0.02785644844617025,0.09357601188059696,0.13038327926172363,0.0726211320539566
61.075572005259666,0.45198274522261617,-1.5566731186699494,60.24923001306941,0.13852342401465748,-1.3967309930531302,1.4709224109912213,0.02282669529170791,0.08522976361615368,0.22951461707687162,0.018583789597826254,0.11547219644426467,0.20700776180346012,0.036886828237743155
66.34228574285626,-0.018504285278854678,-1.342160693711941,65.55214667143939,-0.11898440910447072,-1.3116425535451202,0.9295534745509595,0.045777861475507074,0.13599816092584766,0.21185815684454035,0.051737197038306086,0.1934558559943506,0.2707695853931398,0.12009686859549971
40.849474210510294,0.053853460313754514,-1.6782831180801572,40.06224207741956,-0.3006701589858963,-2.016912404113258,1.0637129832183563,0.02384554319303243,0.11555135274352075,0.28481920458678667,0.025379440650308543,0.1771850376935758,0.5601080191910474,0.16099426709591316
35.890887954808136,-0.5455252165525677,-2.1696410816919682,35.29063198447721,-3.818307630944611,-2.752552674297107,1.1479747183542583,0.0268480481032088,0.212807541186918,0.593326531247475,0.07413477898548698,1.6163180664748653,0.9757340220458883,0.10315296527531602
