f0,A0,w0,f2,A2,w2,B,f0_err,A0_err,w0_err,f2_err,A2_err,w2_err,B_err
50.7623381682892,0.7125523198886453,-2.7682200790274614,50.09804745590075,0.386745890684154,-1.8104101974623978,1.1840907354850712,0.009651566158713838,0.145917005873044,0.3748651067636669,0.0065841760467277724,0.0992629068657818,0.28277622560211924,0.1428097275044887
55.787262674088794,0.672476456248613,-1.993718471224336,55.14596387087089,0.37502208812202287,-2.2328004243221113,0.9036303270583977,0.014537223528560213,0.09433011699967357,0.2702074132276618,0.008791243476122807,0.11727830556973641,0.3513351174496228,0.13478012654878288
60.92119614220907,0.2520117518853693,-1.7277205286597512,60.188952769910294,0.269244298896951,-1.4659875038498673,1.2516066270759663,0.02577682383187179,0.1102738664644158,0.3159964241945331,0.017811802254371203,0.1054322605169426,0.22021169650261974,0.13684691035743565
45.68237027478094,0.32408693432175517,-2.0428975117008084,44.981512989456746,0.261482685549444,-2.0655971461546137,0.7935696281440211,0.016209222014546523,0.10837866246392455,0.3239677843845018,0.016666230740102574,0.11117956174553681,0.36179502679127334,0.1461546577585869
40.823167078111375,0.14348462210748422,-2.232076093940778,40.1929605659678,-0.5012615489876017,-2.024978308290404,1.1198315866932456,0.018096135070798613,0.1289094199585139,0.41713441221738196,0.030068020449563557,0.24004332971593895,0.6513802257047937,0.15020939234943081
66.04451310131061,-0.11751717082239879,-1.3814175934679198,65.35187977582993,-0.20354199008163545,-1.6207008250845205,1.0012021890257439,0.053293234954024375,0.17214171217067756,0.2752325617559425,0.04391735509698867,0.20517953508144346,0.3444304362834122,0.1129290820800678
36.00021726187424,-0.8287306654631129,-2.3964325745807527,35.38168699481984,-1.4711126730055413,-2.353671486740394,1.2941017325934232,0.04630785171915183,0.5710580148102506,0.8099984586470417,0.08630067835426493,1.0365262033681526,0.8738854540945468,0.12953163324108563
