f0,A0,w0,f2,A2,w2,B,f0_err,A0_err,w0_err,f2_err,A2_err,w2_err,B_err
34.49005292358279,0.6623672452652964,-2.921258577825813,33.98204763387773,0.4822529900691468,-2.7150724219789044,1.2002978678693716,0.009042931761619534,0.15641015920798265,0.4088296222840152,0.01024644319373249,0.15028236198600262,0.4201596173441781,0.16417823218949576
30.687751648615375,0.30038457599087726,-1.567401762461151,30.10420574693868,0.28077569255427137,-2.9372631147440362,1.1836847218589006,0.02667151231162704,0.10863512213943613,0.29041619969909643,0.009801470533940421,0.1661927753746464,0.5450280926122909,0.22454397620228472
26.905048260312007,-0.21050134878046783,-2.0254140169657484,26.357608838349368,-0.40531850355744314,-2.3884537260553027,1.2014680501138353,0.02758815804005021,0.1629915251130213,0.43812203811892747,0.01770673838451691,0.20249179187098104,0.589454321958023,0.17749077725884843
38.40086514355865,0.22084525795596266,-2.0192254860246313,37.84233571256761,0.15972016687355883,-1.934940965942221,1.037935853148832,0.018619100819892178,0.12291071758195243,0.40108252633784536,0.017599121895909807,0.12201864406547826,0.36046173212968186,0.2003345718038668
23.379732666623593,-0.7504042825119912,-2.252918502881457,22.945647293254456,-2.6143804603283574,-2.6336068531418357,1.3046889952882554,0.03859092541342272,0.8923136388342419,0.8192470526079281,0.05305720176117166,1.6090238741522547,1.0210303590099379,0.1474451385477285
42.33008798119177,-0.418919874715852,-1.7817225458714443,41.77660436050203,-0.7498768064962062,-3.1567942012096086,1.3042961285457428,0.040863550865525324,0.3453101155270113,0.8678170133508614,0.03810699996610173,0.38579485126371055,0.8358452510406724,0.13881851622301664
