f0,A0,w0,f2,A2,w2,B,f0_err,A0_err,w0_err,f2_err,A2_err,w2_err,B_err
26.117697469949626,0.6180307651589912,-3.6847437163226724,25.619435308113268,0.1382471904877814,-2.572547129722799,1.3574272222556765,0.005221131759078762,0.1642565161711237,0.39026928436285835,0.011800913163404645,0.12607303919946192,0.4092505038705846,0.11651832257079289
29.34993647946189,0.5684821163068794,-2.9626951298113346,28.86678907473818,0.2807639663629959,-1.677903460337659,1.1233024954652935,0.00766727252393414,0.14208730347228005,0.3664837934707431,0.014162830850134393,0.10187150010720054,0.30020791162612576,0.2050929129740597
32.696551589242034,0.04953401868653234,-1.578541376420731,32.27078308187409,-0.15625051774405582,-1.9153524866241916,1.155569763493258,0.027657377132414857,0.12991281440104335,0.29619619279155623,0.015171458455049708,0.19739242502965004,0.51051954708289,0.17198425138999673
22.783535346202374,0.0767055789888985,-2.8617017771919024,22.344828783951222,-0.0487561335469483,-2.9826134994021976,1.1979810535126032,0.01001470675591603,0.14022554532227527,0.40706384990409283,0.00995808163079666,0.15901569432065624,0.447106318916716,0.159393828921278
19.78802437159297,-0.3938869761206601,-3.1079086341826843,19.355298571429913,-1.1539716809493161,-1.9198679522632234,1.3848376465602805,0.01203281252107444,0.2093768508629448,0.5925221513606483,0.04406626644012024,1.2800696559001943,0.9445108356174993,0.1445359269011608
36.14856466030246,-0.5887310581803951,-2.2184513160097925,35.50401664720319,-0.9865597849602172,-1.9816583917315402,1.3073330890842374,0.05622452862103349,0.33173542140097373,0.8400117530486874,0.08067686129577474,0.917860273880247,0.7387918575972168,0.1580217547674746
