f0,A0,w0,f2,A2,w2,B,f0_err,A0_err,w0_err,f2_err,A2_err,w2_err,B_err
57.60189502416109,-0.4160768570371402,-2.8067938821752003,56.59606935450291,-0.39603074290998935,-1.9061285169115103,1.0397718458283052,0.013301957543375207,0.18039275810479863,0.6324064076975044,0.02599811441848666,0.15593341206412442,0.3753896670713968,0.09472427141102446
64.2447667970394,0.045066813204649045,-2.4143522112041054,63.26512625789013,-0.1039510517049845,-1.9321916784916846,1.146169690593103,0.013310654359223918,0.11897183451979322,0.37068810271547203,0.021689625996891747,0.12198016164108777,0.3531727562474952,0.10711585061254768
71.31084088223378,0.6054359332287308,-2.4095159797370647,70.3729965311163,0.41910929504518163,-2.1970170263598874,0.8958374028286262,0.010941213976596378,0.09761761401995045,0.2710158901984878,0.012540500826740629,0.09578539065537975,0.2843773694163478,0.09181707869208863
78.29295101604495,0.784741649861839,-2.202650418608162,77.3587015727724,0.6025232315568614,-2.2808465464898484,1.0736061642306758,0.01216345399467798,0.09137113901215328,0.24047422089263454,0.011799794370322383,0.1014572224567062,0.2694514086452415,0.10146584969105478
85.32822847908628,0.6048911932613965,-1.7842524446965378,84.24952242605463,0.2829835880950171,-1.2930483603446925,1.0917498802998093,0.01976323722695444,0.08514260233071352,0.28512988188408855,0.1152841850429135,0.8278688351901187,0.6427814590045124,0.18842597380267878
92.58954018623515,0.1266381600337223,-1.4199862519154196,91.61658263759028,0.012990533947467839,-1.3324518082632175,0.9413095428911477,0.027367421235555845,0.09368173493228828,0.1812032297782471,0.01452461112796327,0.1102130774906953,0.14112276760756207,0.07883905498193512
50.72916683287762,-0.9093479251117119,-2.457559551080877,49.934859971174745,-2.9798731797550833,-2.606123591726572,1.1446877927056671,0.04699665784918997,0.5856289364254893,0.7979393275188718,0.09698725821781963,1.6317284025223036,0.976872180923074,0.08803634863140651
