f0,A0,w0,f2,A2,w2,B,f0_err,A0_err,w0_err,f2_err,A2_err,w2_err,B_err
79.23512590775049,-0.15430976876874997,-1.6176901034350712,78.39078772262586,-0.20349138092128374,-1.4199708795933474,1.003224333932573,0.03190115339436556,0.1801815444731761,0.3223163482869339,0.12369841909384749,0.41388268371272274,0.5505928916153894,0.1453520016493959
85.98932403571979,-0.11313219678994166,-1.4390460678100316,85.0311424349881,-0.5267738790882576,-1.752118106305021,1.1952703606742634,0.04282182891090523,0.15855694550096897,0.3142934896687223,0.14297093886363368,1.060410280675267,0.768004378918188,0.12196169267159812
92.13046684227955,-0.00484132351350295,-1.542438895354056,90.9500987873816,-3.348978414840613,-2.9121470870294037,1.3313401827652316,0.029064319553650908,0.18440110375332244,0.5968228549781023,0.14359458382104665,1.44131649620706,0.979965161307236,0.09192121475826018
99.38692040926352,-0.6413905022293297,-1.888427932382099,98.2390783001035,-0.45787030709373666,-1.5941023466613915,1.2459792008217963,0.08264790409777903,0.4570166067947559,1.068039795053629,0.14344772773967293,1.0224713482999979,0.747491580934455,0.11400224301994041
106.07205204004379,-0.7436843133025408,-2.0332443552639736,104.64396247954818,-2.6942277406859074,-3.0286752911927532,1.3932691057459985,0.0814830229877362,0.7455522777138714,0.7866277924675842,0.1590965244771704,1.4693844054064036,0.9804132757879328,0.06538086374870512
72.68103168563523,-0.540288972258513,-2.1834899497353852,71.75958035366796,-0.9739446894909052,-2.155328000746438,1.1229969014479768,0.040068313153755274,0.23265154545842687,0.7019598726945606,0.1208300629286578,0.6721354490511805,0.6749315008692447,0.09482920130351082
66.09189915356168,-1.00093242701703,-3.1983994246765186,65.19127845901491,-2.4476833525542085,-2.486142790803177,1.197298292210865,0.09490696680051473,0.5688173704209174,0.981671435073644,0.11688716960013752,1.5443896773926589,0.9973326355385751,0.08498535263070472
59.7458274380564,-0.8834884797301682,-2.1599679110141894,58.84786169242711,-3.216992968829543,-2.712454333869421,1.1325425856588651,0.0695978506011767,0.8919988445846928,0.9834131233662557,0.11091942379515593,1.422945450844488,1.0089724341414923,0.09260934528273125
112.89519722397577,-1.9028468315549008,-2.6504852745509777,111.37784995097203,-2.964179034994603,-2.739257164304628,1.0723481128759784,0.14684008410307306,1.5093749541961285,1.0686810086640526,0.16557506762899163,1.5123375009469797,0.9578482078267917,0.05336152806201935
