f0,A0,w0,f2,A2,w2,B,f0_err,A0_err,w0_err,f2_err,A2_err,w2_err,B_err
42.17254575066787,0.4097169539973957,-2.582645850785033,41.53578332260146,0.36665457738707874,-2.7800107466063944,1.1732871213619682,0.010519295649556516,0.11369251896106905,0.32224331154263547,0.009478600013966273,0.1306725720809228,0.39471135831022414,0.13744239480203885
46.803501798077434,0.5272927586068471,-1.8522951935624663,46.210022208922226,0.37949976134528246,-2.2797009175425367,0.839584266194646,0.0168919289028276,0.08184469835769607,0.2509644686115097,0.006314606870842431,0.10591353778250945,0.3118519841871798,0.1326820551195587
37.518427715685156,0.03525382347396738,-2.6410022953260692,36.899945384885065,-0.253532458020704,-3.0290505178205485,1.1889682990206893,0.01233255990757352,0.13455569473547835,0.4030754574135106,0.013045793018530285,0.18051787138239261,0.6129462840652232,0.12759138633539943
51.496040958029994,0.29912180454872705,-2.392708150229516,50.871089743859216,0.25098302754827173,-1.5487234487232555,1.071381671249447,0.01245772967567197,0.1091068373124514,0.3424334772735846,0.017270602516088297,0.09809714255467943,0.253229461027249,0.14315384112504184
56.268154343953526,-0.02953679797164485,-1.513692331797774,55.55481431437901,-0.37393265194923164,-1.436072625433707,1.1772785751051076,0.030151722015342605,0.13302673276384755,0.3005220869031931,0.084184434022018,0.9965669929905892,0.9095161643316926,0.15498266553295303
33.1738001202592,-0.8041901855464444,-1.9269211871126428,32.50454222460572,-0.9389825702742378,-2.474237922688829,1.037671461608276,0.05009325616498838,0.7840467653904512,0.8729029454255124,0.045398854091160956,0.844144254273106,0.8734380507160965,0.170049711583568
60.87685483693791,-0.4472660105357217,-1.5390555740772138,60.083762575490056,-3.15510694718327,-2.771422835930607,1.2230809753548044,0.042299033023332815,0.5671620230136837,0.7332461194491525,0.10563037944713174,1.5420715570818948,0.9908976559574032,0.10243100431500803
