f0,A0,w0,f2,A2,w2,B,f0_err,A0_err,w0_err,f2_err,A2_err,w2_err,B_err
54.20763073669442,0.40932629186818,-2.4900977486320635,53.46305302433724,0.4564921876657796,-1.836900687137455,1.0281373558220068,0.010993533751626247,0.11615981141386415,0.3334916117887352,0.004431431560868857,0.08201690143855471,0.2739337701868148,0.13872261413922857
59.581928436021094,0.6897041977345341,-2.4213492841406623,58.807424358412845,0.5772657944570567,-1.533642926552913,0.9494286316651329,0.025226919377319815,0.12946289541549105,0.33045849602162836,0.03469551349842721,0.21324568853542553,0.35246678193515935,0.1371793515015372
64.97070586210614,0.5118136542149669,-1.5736111636516055,64.1941174120615,0.15909175977690643,-1.3801501469892403,0.9440964271744874,0.02003526183358117,0.08086356051571138,0.23011327840444865,0.009383260845755009,0.106410090859428,0.19515584166024422,0.11304128149616317
70.43565780545346,0.34744352887315233,-1.4286048773587496,69.5843368124732,-0.0055250976770524415,-1.2933341590658616,0.9440384143786862,0.025425932938140414,0.0885155226826416,0.19198489222348264,0.047243998399239616,0.5929692834468706,0.3367405983027531,0.1408383473720793
48.794572357772196,0.08262611723404086,-2.3712309593074017,48.11929942272588,-0.0643180086514286,-1.8690216833253692,1.2229170338220985,0.014527381059996031,0.12255859879773193,0.3725995036647631,0.024053002866303793,0.12284558280623117,0.34782639191674336,0.12564654261485791
43.73996004174567,-0.15030992224811507,-2.4169834870676343,43.02108910721954,-0.5096299616051809,-2.3622567946591317,1.1551017926886828,0.01641485991454618,0.1410185170640277,0.4513139193743603,0.02512608840004052,0.20436939845921911,0.5752094280688063,0.12365062836315836
38.47694927211323,-0.9204995721105129,-3.549545306395613,37.74613522111221,-1.6462247226013562,-2.671246526054283,1.1698744641483823,0.016180474773341124,0.44667958145725406,0.7130551837813531,0.08087505008074129,1.1503169079961644,0.98874154326359,0.10276425351022199
76.05849446705903,-0.5586569040896714,-1.5726474511564357,75.20246925742083,-0.3221869034952518,-1.552905097687953,1.0413743182511357,0.06949968610747842,0.664464241384196,0.641595629142823,0.08449459262493557,1.0375505637409888,0.325888715717539,0.11850316619798948
