f0,A0,w0,f2,A2,w2,B,f0_err,A0_err,w0_err,f2_err,A2_err,w2_err,B_err
30.740720190437827,0.436049561573085,-3.3337428166879386,30.287833840332567,0.5319058578315672,-2.1429324743571376,0.9681404955928761,0.006651947299719892,0.1709671673351145,0.41889880565983806,0.009318896714980434,0.09659273186177378,0.28489448760811603,0.17436970405458163
34.107843686157345,0.2980743977265977,-1.882809837723415,33.6443706190477,0.2713583360081465,-2.175273410630403,1.205278952356633,0.01927520103918155,0.09803821627729786,0.3124116925770961,0.005755390982679745,0.11606632134853345,0.32598152272917386,0.16302272542105212
27.266981070077872,0.30833709022179867,-3.588884611428191,26.75714955500997,-0.03260461687523905,-2.6455539329049724,0.8891079204153175,0.006058053580058371,0.1726034391489159,0.4237883573908576,0.011400659911974873,0.12838007666684012,0.3785651908145621,0.13713784993342953
23.99521132376735,-0.03558986347902118,-3.0929387444552234,23.532746128370135,-0.4959768553047657,-2.9898894762334036,1.2393353788008532,0.00893901042974761,0.16050460543012876,0.4858054925860792,0.014887608813514244,0.19393486874133556,0.5588619674305118,0.14103168529067084
37.651873403793715,-0.19073446553598541,-1.786743042111162,37.140398305364265,-0.19702125706243356,-1.5134368012750845,1.264784637064544,0.03942349854503459,0.1968528937853332,0.48714792528544554,0.05738217253498626,0.5867859587612049,0.6675718096446797,0.14541620936756516
41.035305268713174,-0.3447209929132027,-1.4321334460899737,40.45183460025128,-2.4606448433884904,-2.713119651921495,1.1628929739973939,0.0440533623415905,0.5765942963927685,0.4241487387531293,0.07321325966915085,1.5122938161126231,1.0078889649169256,0.13720959560658708
20.684103871856973,-1.3600599139542957,-3.1485719877447846,20.24842719966199,-1.5250066251776175,-2.426957123964853,1.2742707274558394,0.028780026112820437,0.8548544909903042,0.8171483717729418,0.055721055214572546,0.8740652084612998,0.8979050467419982,0.13116094941153442
44.951158609226944,-1.3693990653499293,-2.281010073854536,44.198749147545485,-1.2772186406092134,-2.0955112065753263,0.989540104321317,0.08210044254057948,0.8317846442084549,0.9626138675746365,0.08489497523934746,1.1493863645373932,0.9297495338331643,0.1072093950227895
