f0,A0,w0,f2,A2,w2,B,f0_err,A0_err,w0_err,f2_err,A2_err,w2_err,B_err
27.494350647119873,0.14817013146487457,-2.4833985094825244,26.907817773759966,0.07702678774055118,-1.6159660080315472,1.3610360046941627,0.013720915274657634,0.13486902493674288,0.43677517708345487,0.01553382911061027,0.12259020759971029,0.32405872286272547,0.1479449187404189
31.500851867796264,0.4776436193373431,-2.116823629702864,30.826259165336296,0.19692560519027247,-2.1331892358551956,1.3001666415116255,0.013416872124052903,0.10321362225503128,0.31135407601330617,0.013769060758758483,0.11400164109488418,0.3718006746099681,0.18962497755817834
35.488189455560416,0.42300200802112414,-1.7602173224577833,34.885466218374546,0.39960481079814686,-1.5749359888965175,1.3803043870414164,0.020882240218000548,0.09634566176969495,0.2942504971252042,0.021782755676297113,0.11010820477799524,0.31290310330070176,0.13156743036560614
39.566298360281245,0.0049675175589385945,-1.5637719367828653,38.9126757784898,-0.009197616149820037,-1.496082909916519,1.4042450519634635,0.03109545261493081,0.13703996523003012,0.3514246344689681,0.03721293391850418,0.13793553066904238,0.2760697715657031,0.09340871297752981
23.736634420788036,-0.3464456823333592,-2.0847304625939733,23.237758560094107,-0.8977017909102667,-1.766581416753221,1.3942321761807173,0.028989851032462727,0.16434586306714857,0.41247877474912414,0.05135949025140172,1.092263333191165,0.9217324237632701,0.1764547477914244
43.719944708729315,-1.7768835385051585,-2.7924341317455337,43.06090542384262,-0.6593642373737338,-3.3295620025853867,1.3413971894508143,0.06428482497627833,1.3441358969272914,1.0167817643585897,0.016543919929852335,0.26649945553492366,0.8459678469220423,0.08679825599636191
