f0,A0,w0,f2,A2,w2,B,f0_err,A0_err,w0_err,f2_err,A2_err,w2_err,B_err
60.250921426286446,0.8420643568739133,-2.5824156561340557,59.48016262472637,0.7156370505587213,-2.454720309604863,1.0541235741062982,0.008974104158562988,0.10677077085614659,0.27404836874796035,0.010651872746990887,0.11023336795149495,0.2914411981224134,0.12182453818073476
66.15209188446099,0.7869867466854811,-2.1134001540117704,65.4040388226033,0.5197476641353744,-1.9355111891812975,0.9045051916242911,0.012671436346845978,0.0855009624938495,0.24582412138193846,0.006711730908974779,0.0864415945402919,0.25874592318943485,0.11231299701485303
72.26445824350571,0.2648152193997185,-1.5046543007194306,71.4322785938202,0.20795533043258485,-1.595169689491315,1.075524810549371,0.045508619280033705,0.13649631190728273,0.21539323186791226,0.1091292184042154,1.6861566101643604,0.8675700638315127,0.1870028141851349
54.25194627597896,0.46925774312114676,-2.425112123028109,53.44325969716582,0.23672412024313302,-2.700607052433952,1.037498941561903,0.010876557020550364,0.11013419402296905,0.2974071132640853,0.00987145824356727,0.12958716676955284,0.40098608690272664,0.12215624429179317
48.474744397378245,-0.03582261470783667,-2.497335532577609,47.70796118631489,-0.42577481807529094,-1.6197577434245756,1.103626381302659,0.013559583383027981,0.1362511826188929,0.4109831972537057,0.04467438574881493,0.23505804895420632,0.4838956905821068,0.1327770215779815
78.47140680934646,-0.13273849022549133,-1.4911723067953764,77.68304231422668,-0.31713738577528433,-1.5218791166245165,1.3188626159402324,0.035260829981728165,0.14923118075353162,0.2834762772976542,0.0964140048486495,0.9333303371635866,0.6681509134676145,0.1070207065230228
42.84913511255174,-0.7942483414710275,-2.710426901300778,42.072107173096676,-2.7578053912698293,-2.5499106954626125,1.1794037331114646,0.031762132232853305,0.39120089892036963,0.686068831147389,0.09192100783658032,1.6845408894138025,0.9428981150101716,0.11163564921242047
84.58039952813486,-0.6026989957236282,-1.843019452720475,83.39232871219025,-2.583106932013898,-2.2135809020049932,1.1260905629285782,0.05243102882998392,0.33525753326949,0.8766935860468328,0.14766897371633736,1.6199964604848898,0.9528567110420247,0.08390443879183389
