f0,A0,w0,f2,A2,w2,B,f0_err,A0_err,w0_err,f2_err,A2_err,w2_err,B_err
35.75817031645219,0.3737710249943861,-2.824041176645408,35.15089078538365,-0.10667631812500425,-1.412185410011264,1.222808875884747,0.00980679145317336,0.14771604374751535,0.4046664578033836,0.04495581616439789,0.1743642316540032,0.2643014971639483,0.17067294250349824
40.326033823692015,0.4810974380052466,-2.363610648263552,39.60119286118507,0.24692753678074988,-1.4689611899008381,1.421761988020528,0.013369643374731578,0.11002263725847887,0.3333649899891435,0.02297666578671586,0.0986399091057757,0.23855231780563843,0.09351622109152641
44.81970069951445,0.6272992900428109,-1.4110361800027396,44.19143139304608,0.19531097065406855,-1.4414855400103832,1.4206906302071165,0.025328081512720466,0.08659012447334452,0.21765531678990757,0.03951183997066638,0.14039730193524233,0.27146830488368157,0.08389219002337268
49.32335511054354,0.3340039731450286,-1.3743721322305964,48.57231354960764,-0.47910386889149786,-1.5967260278018989,1.445898202654912,0.03537687624186205,0.10184206281881317,0.1858138835725585,0.07276372706378073,0.44746774106855564,0.8368057820080123,0.06452581598177058
54.11137077953932,-0.37051452149811887,-1.6751103906208282,53.35856871619781,0.11686877416330448,-1.3916337285676523,1.2279825186303253,0.04838248744813738,0.22803118338830888,0.4309803171783619,0.027370546713094874,0.11964920093044759,0.19492301578548146,0.1451277591544561
31.608012239771732,-0.2896026301751561,-2.2995600609151357,31.04878500846511,-1.4674938770007455,-2.2872410377694368,1.4278419902720247,0.03129932508164054,0.18386068271267492,0.8896276835972885,0.06397897668327374,1.2270616600922546,1.0580134106931902,0.09539507527978199
