f0,A0,w0,f2,A2,w2,B,f0_err,A0_err,w0_err,f2_err,A2_err,w2_err,B_err
24.296121199841494,0.1362709216739099,-2.476348421236691,23.798412652718586,0.26550046949118455,-1.4165441983215872,1.3626819504659196,0.01399886137672952,0.14084563966074862,0.46128155021675116,0.014797554398082597,0.12436173675206326,0.2455494048257255,0.1439985448198407
27.933261979880925,0.5460125079872387,-2.0861838515054334,27.39952310859912,0.5475787676561557,-1.8478686943843576,1.0615001308514835,0.016952095171102816,0.10499740213552498,0.34083048765925694,0.018253908891773103,0.09760462238674181,0.2759175145741509,0.24767416190372887
31.48641284237792,0.44126187267518097,-1.4474057667567821,30.943621946529973,0.16898240641316814,-1.4853306434911557,1.4216853153062627,0.028018689611494806,0.10209617395539677,0.22472516680034796,0.033329768924089086,0.1606058470988885,0.3768106185972863,0.1037577421395572
35.12655019287952,0.1781880695226602,-1.5772279806374097,34.54050196896908,0.041226152139239844,-1.38387524369121,1.1091200527145255,0.028650654144681167,0.12144901186833111,0.27142698782926866,0.048335180947570756,0.1542790896786026,0.20715020454457744,0.22112552340810968
21.05774693050273,-0.41703907395932693,-2.8920648804049645,20.58640376425442,-0.46469201622428796,-1.8109267051886166,1.238028816598482,0.015489585510463238,0.1992536158929892,0.6276599888560371,0.02380713004076181,0.4472569778287552,0.6331232173394826,0.19400847242934263
