f0,A0,w0,f2,A2,w2,B,f0_err,A0_err,w0_err,f2_err,A2_err,w2_err,B_err
34.85558979646662,0.4213424433773806,-2.2993775280233835,34.17247663259458,0.09332966528346229,-1.475146311478173,1.3845575646444397,0.01276907193131499,0.10635508926938793,0.29655653000465515,0.0323910863620998,0.11429395891690657,0.22483019148716024,0.11529143360500099
39.31304131775609,0.4226301855873643,-2.063515882780597,38.64116644131811,0.37830089924278676,-1.8975737674180195,1.2175196202528453,0.014890666732511038,0.09917196512487439,0.31752137976468825,0.01796961864776416,0.10408261373692065,0.3591137228031991,0.1982731552721695
43.767137132954055,0.534207541650661,-2.292501644755022,43.08104561651123,0.45843919657357685,-1.266532772663183,1.4219934280858175,0.015349932810116896,0.10330929493456552,0.29091102617529446,0.0387498089457853,0.15026682710538028,0.20428893438924628,0.09869392224422316
48.20570391940274,0.2581984203623282,-1.7509246041982092,47.53476558036218,0.0645655628054542,-1.4477493396712917,1.3682827189772573,0.024616681003480582,0.11980903269684896,0.28208024700220524,0.06443841491249605,2.166913907550026,0.8722149293275794,0.132016855347934
52.955090756511254,-0.2267171594082194,-1.5471529633717447,52.205165416939295,-0.5228193656641436,-1.7784781259995777,1.4075127942400059,0.0431639752343003,0.18166317205892324,0.42829682063797453,0.050083063753493605,0.48879018055364587,0.6341328806994168,0.08735264013832393
30.731079104474833,-0.11833455139861457,-1.5451017601479349,30.119317298883566,-0.5039317645112744,-1.8231150981975677,1.2377979473080085,0.03632178583714663,0.1552344530532185,0.3631885786073915,0.03919264623630535,0.2983876625324881,0.623934223955052,0.18775399199907894
