f0,A0,w0,f2,A2,w2,B,f0_err,A0_err,w0_err,f2_err,A2_err,w2_err,B_err
27.419574162881666,0.020762303208173738,-2.761519940465722,26.842699762615453,0.03404721278383241,-1.9729228028766115,1.424645162013213,0.014511534306389438,0.1719163264763522,0.6251682803999603,0.017687368005053442,0.13410756055595863,0.39120495299627467,0.09641219611902058
31.18026821459923,0.4321650352267049,-2.3946380328081065,30.588631884293832,0.045299774371096065,-1.7459571448429194,1.3451459839552942,0.014121314562111785,0.12834104484040326,0.3823489664502348,0.029284689627344186,0.13316079592923538,0.37741177048766966,0.13884966414648667
35.232105389189734,0.31564878892063447,-2.0897492776749407,34.56627594392441,0.3682414781935703,-1.319183082609431,1.4582444045813001,0.01806435231778667,0.12623869985060132,0.41392616860865494,0.03376947109062143,0.11656501390920596,0.2114701093125193,0.05955245200051031
39.16679134691921,-0.17002715415533842,-1.8959851557084455,38.619912879307996,0.10296830049051547,-1.410026212803855,1.4519834551990376,0.034560666550874974,0.18275884035017198,0.48323276299751833,0.03386869039718824,0.1355081048115883,0.23306238657206027,0.060451644681357185
43.34060422323238,-0.20957942539455532,-1.5788949132164198,42.70556513328725,-0.25488071664785894,-1.4497090273722384,1.4380137549418384,0.04593398601580364,0.24902444459901754,0.5686612732916557,0.07525343457330042,0.7625098149232451,0.6576484385167289,0.07991216217905268
47.120987475874564,-0.47574040053438166,-1.9541133807383408,46.34914081305887,-2.668380032702861,-3.0683867519962758,1.3916514663502633,0.046289703075452326,0.6801231142543953,0.9589378373024621,0.09854251409079931,1.396201377079037,0.9374162977739213,0.09679319734901247
23.70636210100601,-0.46753208693157466,-1.6970626832102687,23.30142249869148,-1.954982921902298,-2.3803532074776346,1.3556481478816889,0.050039671615908304,0.30161540090052863,0.5372519972192495,0.057307643875736655,1.0299474570526606,0.9122268030345281,0.11330003037168086
