f0,A0,w0,f2,A2,w2,B,f0_err,A0_err,w0_err,f2_err,A2_err,w2_err,B_err
25.811144548887015,0.014379324232170006,-2.0975120391583726,25.282152077991867,-0.6862327582845851,-1.7354978317119842,1.3172383892354067,0.019584094295405422,0.1385912259386273,0.4633034551238039,0.05228145426807816,0.7576591851586604,0.7840680455154128,0.19468156681160284
29.515719843729833,0.35954934493845064,-2.601700751301755,28.951792539983437,-0.15102348559664702,-1.4280206084924876,1.2566087355105486,0.010219399352120757,0.11963146003597162,0.3911424274235931,0.04030591311246654,0.17436821410693754,0.29092159832844,0.20078377953046997
33.36307964682118,0.295142872789824,-1.842429646161557,32.82599926212286,0.028893765562381088,-1.4218080687215977,1.2199550726550858,0.01979743446627756,0.10535312044539502,0.3318711560925023,0.03285041074551824,0.13888828246464446,0.22496956364788673,0.18726442432302753
37.081844005327184,0.12865735576465398,-1.5249703122364435,36.5915408845367,-0.15841635535619036,-1.6662347190463818,1.087701477775096,0.027925506602537183,0.120600726337562,0.2572550114338752,0.027798771078120944,0.419997741163905,0.4578789363399545,0.16716255428687438
22.320963393651912,-0.9939973985732184,-2.5226022508470827,21.886503367388027,-2.278666321152806,-2.730994587014851,1.2759467015136452,0.03981706250077215,0.8856303290696543,0.8261905637828147,0.052261824061607856,1.2683350653569843,0.9329913782875543,0.1312381036790438
40.97599163299424,-0.5766641395643062,-1.534191219812424,40.44665574910336,-0.5105942615827574,-1.6759022057669148,1.2356154601452631,0.08337635592907952,0.6848070842863754,0.7509132866796108,0.04295422001148317,0.48094716857544,0.7039213593088327,0.16789995445351397
