f0,A0,w0,f2,A2,w2,B,f0_err,A0_err,w0_err,f2_err,A2_err,w2_err,B_err
36.096796925788084,0.8082523285332768,-3.1695467830182915,35.552787349409584,0.25642374502089266,-2.5946314374408854,1.2511851559012168,0.007072293002088436,0.16497654139865336,0.3902313328640484,0.012694328916827981,0.14288843570545284,0.4494924588517428,0.15225470666691035
39.99919872754613,0.6962627826439206,-2.1623071202048174,39.43150561387549,0.32949793448757964,-1.730252516081303,1.075780094475523,0.014473721297803811,0.10412064279800717,0.2928633061069245,0.006240047303615528,0.10641092128697248,0.30413668161224133,0.18139990911577594
32.02681159087041,0.3946328849335932,-2.798602816045273,31.454542991200466,0.005526219058338715,-1.9361069448977821,1.0324287714569873,0.009789867451948948,0.14096755821183068,0.3924126373763472,0.022012917095386112,0.13203610036221972,0.3826814378369231,0.20217193653191456
28.22467276193779,-0.5218878765472933,-1.9186512334034869,27.710519559093996,-0.5876172993134003,-2.9178424833836387,1.2148646738453763,0.04548781129910633,0.33193392008352174,0.8713297057039261,0.017716376006333856,0.2628337951848618,0.6921152970009855,0.17830896861587492
44.212267939972925,-0.2716520000824084,-2.053714690745655,43.56851128664756,0.2666832620843187,-1.5846604252712635,1.1920286094252952,0.02693081892996438,0.17368492787326328,0.5430823299331391,0.024919010403032942,0.11666113485504102,0.3201693462234245,0.174386663955414
48.14550938664902,-1.1559009339537345,-2.3320657406921304,47.38362373410539,-2.1234018994531327,-2.674113016992653,1.3781645526084967,0.08433840485430961,1.0027922689195605,1.0745797423641477,0.08552323855065809,1.1895033144251517,0.962720023972515,0.1131235715086825
24.360759368171717,-0.7459515240590006,-2.373750094188118,23.84078857222312,-1.5971847260614958,-2.2871797083846728,1.2793468712641511,0.030190615273326508,0.5485157838310604,0.7334240290055524,0.05542202628947888,1.6281092985661205,0.9704641661343307,0.18647161097714726
