f0,A0,w0,f2,A2,w2,B,f0_err,A0_err,w0_err,f2_err,A2_err,w2_err,B_err
98.1417276662599,0.9029416494437431,-2.1163920773562195,97.05211140766932,0.6065678208102291,-1.41621281923224,0.7697184591692963,0.01162141364437954,0.08297933649949293,0.20824391953837967,0.0064439855675675044,0.0715582204152842,0.1771130237293466,0.08323570914580751
90.13497393230782,0.6328595250277326,-2.3266152351583074,89.11140165570997,0.31708627609748374,-1.8257832746939984,0.84628253471037,0.010664771683632083,0.08671360274512827,0.24445386793136814,0.011079196953000652,0.0816328635097889,0.2624543159474508,0.07929765980859269
82.00436908504236,0.31263957442891577,-2.324032894606531,80.92148069493943,-0.05405477826311138,-1.6139545117998995,0.8973789814044002,0.012485772537056686,0.10233062931831677,0.2887153939403649,0.026474048966988722,0.09830553128811118,0.23952824665518818,0.07711378950827442
74.1631965924184,-0.16032117870472687,-2.5197049287343707,73.17367268480197,-0.4399398719365098,-1.8383325166124336,1.0671984763097848,0.014448586778949451,0.1341891774627459,0.42326451290750666,0.02841711048945982,0.19337680596899312,0.5971668231311693,0.08764700210411959
106.22483647157486,0.4360260106453004,-1.478452338129857,104.98446290936901,0.26766416837592205,-1.3144458369492362,1.0228803163005833,0.02938148482528831,0.08550316259456478,0.236865741895547,0.20658388225746552,1.6478342625499265,1.0875741556670557,0.23254144433618948
114.62751467252055,0.19863125043173324,-1.2784291425357202,113.49644131450604,-0.10587551709342427,-1.318371824146272,0.8776233894635129,0.04154418388796316,0.16247228306576092,0.1633762862835614,0.0408890667050183,0.49774439121137537,0.166764256707198,0.08466680617636162
122.86488869528148,-0.30781897462043084,-1.4268418998947479,121.33724911561465,-2.4761659409164922,-2.8060496898537166,1.0250184902781483,0.04855592624584299,0.15075971005333863,0.2539993979370549,0.21036056368783637,1.5261600791022254,0.9215924910941201,0.05483752602668753
66.48758760482225,-0.7306522973881419,-2.436268974687278,65.44705245109928,-2.035501623312605,-2.633626008594816,0.886985963691304,0.025171471202294834,0.2039611267129529,0.6128417695466489,0.09428492064563992,1.5062423295400826,0.9647743755519159,0.06054889984088617
