f0,A0,w0,f2,A2,w2,B,f0_err,A0_err,w0_err,f2_err,A2_err,w2_err,B_err
26.37538540295187,0.3076310429410671,-2.1134168520047383,25.96819308386056,-0.26999948109331673,-2.0678445371794223,1.2738885528035557,0.0168209069038882,0.11741715924671486,0.3653398874704626,0.015752337970542027,0.18587707137236004,0.4504737783791186,0.1513533604368917
23.3843984353468,-0.18397054797410228,-1.8121233712768423,22.978538337167187,-0.25338441455237054,-1.5695579356449416,1.2985198129702131,0.030919569555404973,0.19097093651403177,0.41078799742052946,0.0353867864524633,0.24091440609784381,0.5715415999446058,0.19189658233935436
29.46747499945737,-0.10429520255107218,-2.7507686011321315,29.000773869265636,0.14302214952096903,-1.457644278478833,1.320603363621747,0.014505863715055608,0.17318882312664874,0.551703182858062,0.014071952599349947,0.1295503732039307,0.2402267299189116,0.15121635476598125
20.612348709003605,-0.30523010391736644,-2.353737975925215,20.185372518053082,-0.9472004847925295,-2.1237812172475454,1.3912116873634228,0.02288404212413614,0.19903676752841692,0.681694560762795,0.042828698364802215,1.1671623590786058,0.8832493124043141,0.13424092317386965
17.603561823136523,-0.799793095205248,-2.4012992119985723,17.221450449285285,-1.254335482340394,-2.2966573155927676,1.1855556795002333,0.03866441949933532,0.5836972339987911,0.7454250260858317,0.043526007045031526,0.7078901822839632,0.8764273279911249,0.17596023776414724
32.32252836741407,0.10476081964037354,-1.3946800839171938,31.755259325465236,-1.2829671283669217,-2.671113217845004,1.443133468772082,0.03791842524375617,0.14770908618013198,0.22969495605571785,0.06476606628257627,1.2974788890969169,1.0798444144940786,0.07267370248204028
35.329981182592405,-0.23142456040249615,-1.6672916407780516,34.82850022144087,-1.9343729195348858,-2.986782567171912,1.4133531395169447,0.0354198093468337,0.1719279642021437,0.389133752952226,0.06389414349859081,1.5560711978269288,0.9819341138187028,0.09329829686513008
