f0,A0,w0,f2,A2,w2,B,f0_err,A0_err,w0_err,f2_err,A2_err,w2_err,B_err
24.554941872781946,0.07559046707885747,-2.6914559800806144,24.116047201774528,0.02944613788432368,-1.803699822619717,0.826013107254363,0.012189186694473502,0.15107292636606418,0.43686533446320697,0.023507049589115637,0.12778332466861217,0.3821695834253201,0.20941743173838526
27.722734765498018,0.43216308656325986,-2.69607519142342,27.316419428559666,0.4145725849077245,-2.7741175848540123,1.132626107865729,0.01114136967387364,0.15264893982888592,0.4195513564798694,0.004998701367331004,0.152210216339927,0.4566877725031666,0.189050550429823
30.789864680590014,0.3096347658336447,-1.6328177739383707,30.352759332822814,0.09510117392903933,-1.5604640474551041,0.7329399021402545,0.027072840912725455,0.11301344927944124,0.3058625319943421,0.016305700756316596,0.14998778221275996,0.28517031357561545,0.17397653552909548
33.982604355747355,0.19722256179142905,-1.6169221726402294,33.483118794362746,-0.7049133398644322,-1.7274794287808313,1.3381521299892658,0.033479502021787254,0.13615174439666916,0.43844743207573045,0.06807943555126543,1.212455620720867,0.8445835334275443,0.15170932045247673
21.668408212868044,-0.3656585423667654,-2.7564717630917355,21.201169172659334,-0.6334283120457251,-2.129022779103649,0.8628080580002354,0.020026217756404556,0.21634266696731874,0.7747999834194826,0.04139909180084068,0.5090208135580596,0.8049898769204806,0.21808477711105195
18.651259417195696,-0.6639576020439978,-1.9935771483918572,18.33418499482693,-1.4522768946422606,-2.009646636621293,1.2589259116642135,0.03542401752053506,0.5275715844043531,0.7859150749106585,0.047330874290464835,1.0861647063880109,0.8647191481045671,0.17150338712655858
37.27286290198542,-0.6808064159658748,-3.378451082706005,36.77670245769582,-0.04826583918243754,-1.4198181712201312,0.9136368011459365,0.01421869261927358,0.2656274867073858,0.7465638306565541,0.029577138462757984,0.138775820983256,0.22143804711556445,0.1348269570906512
