f0,A0,w0,f2,A2,w2,B,f0_err,A0_err,w0_err,f2_err,A2_err,w2_err,B_err
51.842054958571005,0.39023741889302876,-1.551225130703454,51.164986710870146,0.15553517518063728,-1.6788396783190254,1.3930449582471043,0.027431349886777635,0.09927472616798157,0.2598872885248132,0.028041030455695535,0.12749457034308267,0.36524123340377757,0.10049439847913284
47.17580198869207,0.38886770438771384,-1.5450177899817872,46.4261179213032,0.00703433692757699,-1.5839641328798773,1.4001999526539124,0.02533651179575931,0.09481245042303132,0.23484568485783833,0.039827614574269934,0.17113284522934175,0.5100806014119202,0.1040806960264193
56.648284601723816,-0.04779982207536723,-1.8753944294582268,55.936779351015204,0.10567779564680854,-1.5916502732821005,1.34396411610459,0.030514750427800642,0.1412612259876294,0.3548820010069944,0.02623653617214097,0.12421831178067966,0.28509721063298216,0.1093275856785051
42.35774414795323,0.28384489356337256,-2.5669298720780356,41.62606139624299,0.42015772630097015,-1.6531335767966926,1.391462756634261,0.013416264968553545,0.15421121876505933,0.46780822952318124,0.024811281918703437,0.10164447077255519,0.29447140235591446,0.10297790066604821
37.76089098477435,0.053525956848001155,-2.3759742780217077,37.07821180476604,-0.45316636284354095,-2.7228599637686237,1.3488374899458233,0.016682222453470102,0.1389872270602189,0.42528575352947295,0.019294596842312207,0.2206334178791515,0.5934722356285074,0.11277041901661726
33.26369728710532,-0.48303566589070446,-2.184516834810063,32.579661525681296,-1.4224403666663625,-3.1295402223917113,1.2343017894630988,0.031242758671834882,0.26696262597033543,0.7804026704548584,0.06791752804688483,1.659364853678623,0.9685011859628249,0.15911473363458783
61.353507812100865,-0.596341706195444,-2.1307800291793164,60.480761926269935,-1.2003038745610422,-2.5872850204891673,1.374813719664537,0.04649432419462923,0.5425623534479543,0.7244171358927637,0.07343110213946477,1.5943980297837461,0.8716974121123426,0.0875386284098553
