f0,A0,w0,f2,A2,w2,B,f0_err,A0_err,w0_err,f2_err,A2_err,w2_err,B_err
32.54609697906957,0.23705968136745242,-2.818525036525695,31.90506305916825,-0.06263356080091168,-2.0601978057370154,1.3536253225580899,0.011503761438414622,0.16435583072996468,0.4572142574396111,0.014418083603612117,0.13925649375919474,0.4003188992545843,0.1116487744970025
36.71881376185731,0.7118764141130671,-2.396365101531855,36.0587248233853,0.15273106577891388,-1.4642716796385582,1.1819734481413218,0.01183559319440019,0.1201313012575666,0.3329780464504368,0.03352266102358072,0.12720861402113876,0.24747980817885998,0.208838515725777
40.830876548149504,0.3810695991931845,-1.9588650188041703,40.19164980467918,0.3180491308011868,-1.2922780344674907,1.429801235861409,0.019902634488243125,0.11205329950160527,0.33305984574774955,0.04998801699920633,0.124879094713499,0.131868855321738,0.08556405509574158
44.99992967194046,0.10305536279811613,-1.5334989413654234,44.32568080851866,0.012252917133390967,-1.3840421363855075,1.1898081127056876,0.03142829630872198,0.14203534055623052,0.32874412734177194,0.05289772964273523,0.1623265614907808,0.22049994886260296,0.186205744791574
28.730732191660127,-0.41436715172263644,-2.286305731260223,28.12208768578472,-0.7119363061701511,-2.065544101429614,1.1672242165299198,0.02682175554596702,0.22845349643364207,0.7116624891276375,0.041009478790565414,0.4428606285615188,0.7674290528917879,0.20050988302078207
49.073685294183875,-0.9713231672648415,-2.480558599686413,48.34958179184551,-2.132174575994406,-2.803280073385413,1.4577934504315158,0.08558180479926648,0.9219804777098223,0.9068890503636367,0.09084684935111637,1.2931908305912738,0.9948867939050379,0.04615521807161252
