f0,A0,w0,f2,A2,w2,B,f0_err,A0_err,w0_err,f2_err,A2_err,w2_err,B_err
21.73867545273932,0.0698974734319752,-1.72873016586707,21.283374648729566,-2.2894036697441207,-2.654060542683342,1.352261720764494,0.02694608324690099,0.13432252807419137,0.35197800841882954,0.05034310084460612,1.315812015800975,0.9583477215484592,0.14625762020715743
21.737041046909997,0.05733869344189875,-1.7051901502325135,21.288833327772544,-2.069175100726956,-2.6371391941253632,1.3606837893061152,0.025358891827461504,0.12190385856794202,0.34616713264705756,0.049359656327369356,1.5524760837586489,1.0530631826219652,0.14335138684480422
25.182196747362543,0.4690355020776553,-3.0865605924440613,24.628305512746955,-0.0784756644182581,-1.3206918204618976,1.4083748518705796,0.007762328777886667,0.1488526225658612,0.40594167422364646,0.032782145061148904,0.18530969274346817,0.17019974114504705,0.10401963721071503
28.996694673149754,0.47554839989100306,-2.3163677607013264,28.455760564074307,0.10613874575158844,-1.293062473301358,1.4279840237987687,0.01359041112089829,0.11868940701920297,0.40134385105936965,0.053793647762930004,0.4595462510836915,0.2588900089372486,0.0985159743656619
32.71651100392629,-0.05608788375852639,-1.5353368894935806,32.09576681985669,-0.0967563615639197,-1.4465760828447516,1.346927885206263,0.03447272724106819,0.1482192634488546,0.3367647098716411,0.03110286766417822,0.16477646445561905,0.3048221095598388,0.15705887696433962
18.14049145357864,-0.6060015757252328,-1.9649661855096316,17.836273927640594,-1.4723421781675048,-3.3766365525617594,0.8500073953709423,0.031065064452147396,0.34666510526492117,0.6017514826160317,0.032937098924686374,0.911918948333483,1.0081710539933213,0.1662653903607538
