f0,A0,w0,f2,A2,w2,B,f0_err,A0_err,w0_err,f2_err,A2_err,w2_err,B_err
33.9185969778203,0.3603555042599253,-1.439695567070317,33.23721345071307,0.14748291167269134,-1.5924942223766425,1.31840266897526,0.03356272434816104,0.11729000125159733,0.2184649197536495,0.02882643416131562,0.16151989299289218,0.3974847300937199,0.17380531158787438
38.33646035568803,0.41203616257965486,-2.361597554156735,37.642508145782934,0.602633176800806,-1.2745485562897092,1.4125512389640096,0.015928442670274674,0.13832009355587319,0.40419561994178504,0.04503897003016345,0.5323980958766705,0.12575805999237338,0.12124724481570853
42.548974499140186,0.5049076884870166,-1.7399022549501009,41.88165807141095,0.2981755106718364,-1.5184931387354814,1.36246019646532,0.023411019337594857,0.10870046971267823,0.32651981979512995,0.03173263098761812,0.12072942082035124,0.32445026925497256,0.12881960543128085
29.835555776763297,-0.28253820267989954,-1.8057496087193423,29.253308788061627,-0.2962024935278146,-2.008496904533512,1.3292329578689175,0.03498876589507212,0.22920652343984743,0.6337247972507317,0.018540663680660104,0.19766392973652572,0.4841001726601106,0.15802389504823325
25.62611837017908,-0.981821273767133,-2.3559461428162156,25.122851609074125,-2.1553265055834507,-2.8342738717997595,1.12107968771668,0.049605833104261046,0.7078939754648332,0.8716246716104508,0.05613873107744166,1.1610731474576879,0.9438696354573853,0.14950433460737758
46.83733530674738,-0.5157800627101812,-1.6162816952163195,46.16287302877952,-0.6694996226567406,-3.03621585901808,1.4500101234073999,0.06437520947692767,0.5008202797459315,0.7998887737092467,0.0462169698762622,0.9164897526845422,0.8888325506915418,0.05635351960479905
