f0,A0,w0,f2,A2,w2,B,f0_err,A0_err,w0_err,f2_err,A2_err,w2_err,B_err
37.595496861056276,0.3557314482528108,-1.8339816118970076,36.92160890766439,0.6413060809286107,-1.313397187264295,1.3799827943764147,0.022583862837193058,0.11936870018746291,0.3279502191725166,0.03177228272670047,0.09124588401400772,0.14045364659300102,0.126379771462712
33.32684046639574,0.08636938843362371,-1.6070954380476712,32.64620740572087,-0.17231507781815802,-1.9821965405773354,1.3664107711906508,0.030425376427725897,0.13251198727312644,0.33065381021301155,0.014265728876946337,0.16662781898262488,0.4592110121439554,0.1435160407950444
41.78809286569387,0.43298435336461727,-1.3928956493642914,41.193232393357455,-0.6565553026817701,-3.4383732575550066,1.4324412824753512,0.031774032491922254,0.10066374893999668,0.16824495451548888,0.05699445364773494,1.6246239414870234,0.7982558728644195,0.07360917697072797
46.17835118833054,-0.27127098410698325,-1.5588064353450923,45.40141723516035,-0.5951188450789725,-2.2789767557688494,1.38362584791317,0.050396969776943974,0.23692533573328067,0.7021848654587557,0.04486428773787489,0.49288969086486095,0.741284566591047,0.10782331275515902
29.3050110022452,-0.6046556980391631,-2.229172320932617,28.673376635592284,-0.8273035731121474,-1.89077140568722,1.440742249878671,0.037047702946516166,0.3387149851210307,0.6813371533044508,0.06544491840104202,1.8393097423539304,0.9585617328653057,0.10789142541127074
25.274210037630887,-0.8722522416853291,-2.137883047681876,24.78131507881438,-1.2757157288604342,-2.3849863521364028,1.1846408081745607,0.06062218089927731,0.48623165208781133,0.4237536625514602,0.0636817152414538,0.6708739235018973,0.7002515276549275,0.1770968576365685
50.911120984603755,-1.1841239194923583,-3.0099538647708153,50.079156258542696,-2.9879915799951604,-2.561372372599913,1.1059647374555068,0.05783970810070703,0.807158814242244,0.867368937190061,0.09989091637155338,1.6918365964157491,0.9556364695862729,0.09158948333749506
