f0,A0,w0,f2,A2,w2,B,f0_err,A0_err,w0_err,f2_err,A2_err,w2_err,B_err
47.80869734654605,0.9294328022459217,-2.7419845000683907,47.08018437876706,0.5881348246095527,-2.9288324410648583,1.1228614675708513,0.009272967925257275,0.14195776743120928,0.35990211078249396,0.008799487754861514,0.1584722335248301,0.4247016360648165,0.1591887893737518
53.00446642106106,0.5049167384027716,-2.1662318338572897,52.32756146349705,0.5215528241245999,-1.7203583595802774,1.0222251385426195,0.015358677365462802,0.1106676432763112,0.33976988265536756,0.01850870302941283,0.09383670863395695,0.26366767615750447,0.15613621536820546
42.51580613334938,0.22791793185788264,-2.268946923645892,41.757610088585075,0.14774123427047436,-2.3323777555107505,1.0500845502496257,0.01500029407284809,0.12687519544988304,0.38961261077078985,0.015130522972218447,0.1315879392801178,0.4197529954426501,0.1745242402110919
37.52817022099144,-0.33561590821121234,-2.802329351945578,36.84420531932358,-0.6355194860354277,-2.441717885248514,0.9898869738231326,0.013964394551619998,0.18977713349139988,0.5804518609626116,0.02905994844825645,0.27869262887706164,0.6753151376180724,0.12348399034494016
58.46737903492402,0.2469784922857854,-1.7948238325951285,57.65242112516321,0.2038456669265976,-1.5042496777895487,0.8033636487578424,0.021656743341728416,0.09700793261374897,0.28401588097299313,0.014250069625600199,0.10021112951063847,0.21161957868584197,0.11440629735821362
63.98072770339894,-1.0670417537343075,-2.5846972770981065,63.11718292743614,-0.2124976336763425,-1.4563160042469798,1.2686160234019204,0.08574719164331782,0.9453672195919208,1.0477535100115016,0.03805085414633146,0.5308205840820373,0.3361294711810291,0.11994028020632654
32.400701482990044,-1.1170361196421252,-3.2335085231599017,31.801514364504825,-1.7935231548147939,-2.549213844840935,1.0615666275002777,0.034111527536334514,0.9153961906092374,0.8523596634740465,0.06751597197839392,1.4511458629140208,0.994339258776465,0.13278598786249582
