f0,A0,w0,f2,A2,w2,B,f0_err,A0_err,w0_err,f2_err,A2_err,w2_err,B_err
32.36118818785824,0.21861171115808567,-2.8768465093365903,31.73191563968031,0.34606386425089714,-1.4200712417882637,1.4100416931941182,0.010751559688129764,0.15313430584777116,0.49379433982827753,0.03168130361916752,0.10427884106462507,0.22010821885927867,0.09587252603881352
36.53373252201686,0.34251522424439884,-2.0195789936308066,35.93965798755677,0.4059519748381852,-1.4040116141320385,1.329396395212464,0.019524822283146608,0.1280625062037913,0.4018165668702978,0.029744860243114127,0.10051777807234148,0.1975107842656726,0.15847462752015973
28.394062375776468,0.10966733800866836,-2.2531345011028874,27.830111087425465,-0.1591571473575008,-1.8122122104698264,1.3482617958081315,0.01836912639667063,0.1499978245599076,0.5528751647136971,0.029201719617181383,0.17826073234541792,0.4816317397833344,0.167409353532119
40.63742669685695,0.3694677397969235,-2.3455713442779818,40.0311871769844,0.412000990651757,-1.3236119506134285,1.4490090906058029,0.01595943604427925,0.13387773693357896,0.46634570913633383,0.03222665540461884,0.10230421775536792,0.15927042361054478,0.06552508845648795
44.85226919962038,0.06610556979533709,-1.5421186793744805,44.22072111320777,-0.23594005781092506,-1.4655184693079626,1.180812651463688,0.03337067911759148,0.14529403326174953,0.31968665456159673,0.05104886052617108,0.31173021824303215,0.5133777711093155,0.17493541912504887
24.499309344243773,-0.7893543668356051,-2.862358776243403,24.042516781003357,-2.820412797939496,-2.7784159372683197,1.4481309467607288,0.0300443076921417,1.0632513406245676,0.9244187682674575,0.05463396580377196,1.6399401782408611,1.004643644218489,0.05726841023919384
