f0,A0,w0,f2,A2,w2,B,f0_err,A0_err,w0_err,f2_err,A2_err,w2_err,B_err
32.478653005617446,0.5855756438427635,-2.3275841873069725,31.779516882239683,0.25701083162284144,-1.8100980333320642,1.3130096905876492,0.01401413306106247,0.12204602034095709,0.35712518825218714,0.021352982277107403,0.1169255787169227,0.36109204558824615,0.17958299361567867
36.60606524984874,0.36947327424465537,-1.6738303138915416,35.95194012294231,0.4597765053535643,-1.392254819972421,1.2741955336889499,0.024570828256753368,0.10998054493239832,0.3030684273319595,0.02530816817644309,0.11010973184299756,0.22092179377698482,0.18101303075598663
28.369600242082605,0.21008675627895917,-1.8670148806398696,27.842085132618838,-0.6488816535114004,-1.7183345257992957,1.386050224444385,0.020932697805558727,0.13284577551412813,0.4385661213805144,0.06315592040777343,0.9896609945972068,0.8469931075224062,0.14779654851397153
40.76772597320954,0.07908819506294543,-1.7443321889564676,40.03727619214198,0.2872139446253043,-1.3050693787248016,1.2605150405937213,0.028286090156910876,0.13877765635239936,0.3767848001769402,0.027083449164609794,0.1372179290506557,0.13195463164006102,0.1952846168234014
24.550339975418773,-0.7683081761742113,-2.123911371429918,24.060864429048753,-1.8755127280760937,-2.546654210174427,1.400723380340358,0.04572660051286152,0.536513568665284,0.8231703141339174,0.05915432486706418,1.3211905553751029,0.966310052062308,0.09824856686265052
