f0,A0,w0,f2,A2,w2,B,f0_err,A0_err,w0_err,f2_err,A2_err,w2_err,B_err
206.03535973261182,0.18184084959924496,-2.114266003602035,203.54353535076817,0.2804962068567278,-1.3155188736706271,0.866796361437176,0.0139338679206447,0.0974361674704966,0.28192295120927446,0.02928890235045578,0.07382631415215549,0.11238264650941597,0.04299610197153367
224.14826210405482,0.8975195623251447,-2.240987483771097,221.69870753656724,0.6825473198317695,-2.4026789460031486,1.2480158151114957,0.011481156425254596,0.09262095737755653,0.2321655834453409,0.011442425998873329,0.0986271810463457,0.25142875112044866,0.05472366091076396
242.16691014551535,0.870081827616716,-2.290804556277375,239.81527111926096,1.2155418457323437,-1.2600085331276554,1.0218102262081659,0.010250027088770508,0.09310425950644463,0.25081730809429686,0.021386224887637036,0.04676674601975677,0.0626089915794903,0.05439999302324463
260.40852967062375,0.47348588434311406,-2.0261241700899713,257.9342090151698,0.43963916745706316,-1.301311010943814,1.2564226604483228,0.014944969251764797,0.08924961667683556,0.25728485173265975,0.11037552607230217,0.5936654759167315,0.1781914161964614,0.06205160616939801
278.92208090226967,0.25655346829325754,-1.3271251104496102,276.1685165172804,-0.4253100966950548,-1.3677362348949431,1.1233410897168687,0.0702697153232918,0.24926871625080183,0.15220694599206738,0.3230273051741818,0.7160739958724075,0.6871674830691978,0.05725322979165093
188.13764041607186,-0.01033272900962874,-1.9274561513840975,185.75577764141872,-0.4567478617834702,-1.353016504614068,0.8097313406024023,0.017659379274099853,0.09379972451690591,0.2832976501422214,0.07434573087666038,0.28141900478563786,0.3167642801869997,0.04064445710696217
170.63916041607416,-0.6469661229155013,-1.8962662524814649,168.35966822642658,-2.0038720268682573,-2.353498036018865,0.8833253261807835,0.049365159200748444,0.5822214109078248,0.5703548379959719,0.24947704253703495,1.4422408242046905,0.9763788030678058,0.040474536195254755
