f0,A0,w0,f2,A2,w2,B,f0_err,A0_err,w0_err,f2_err,A2_err,w2_err,B_err
36.209568972346176,0.4287276988377264,-1.650542374837297,35.518218286581934,0.23204450650018998,-1.3087172002130811,1.3768283652573239,0.025396532344169703,0.10458747152588369,0.2791285315841992,0.0319975601831608,0.30347031749968645,0.14447864063178723,0.13506222589477848
32.20917791730376,0.41257737921556276,-1.6070947044472659,31.475004801863875,0.36962079728997954,-1.2994679952664248,1.4025202575156366,0.024393142721051173,0.09727822682307097,0.255012994638414,0.018459696738132265,0.11914299489626139,0.12554744940612744,0.12564378933479203
27.993897501029966,0.11389410893505528,-2.05547085779052,27.36822345059973,-0.15887975525202833,-1.412370790897636,1.4174222657883675,0.020963788964982553,0.1515525217441506,0.5795101508539732,0.04235212598413946,0.29969282847080136,0.7272906387348168,0.1266526974460659
24.184326798146476,-0.37579467827678936,-1.808813493571596,23.611186825573096,-0.9944877164978752,-2.910112149673549,1.3345111882690175,0.03314717044425346,0.23300961758217276,0.5449875803428313,0.035387144939814194,0.8074508183904359,0.9147193875103452,0.14072034919454576
