f0,A0,w0,f2,A2,w2,B,f0_err,A0_err,w0_err,f2_err,A2_err,w2_err,B_err
45.22131254744114,0.29052061595683704,-2.128335691841487,44.639293614514976,0.25159179321796465,-2.286317257605732,1.000809215086157,0.014065448664223804,0.10387051684175383,0.2800592458834385,0.012596492282359763,0.1133916167286696,0.3804550260970736,0.14114156340932998
40.76745282165375,0.2900606057737587,-2.9501211007683503,40.1393185361398,0.11339281218019456,-2.411658544944065,1.1789829597537085,0.008759058924697062,0.1386459521627265,0.37744756580179384,0.01351605569588627,0.12636174561613794,0.40652240129563866,0.13510863396086029
36.202398448962875,-0.026521287659415665,-3.0579697086161435,35.56006559465653,-0.20208264505211582,-2.2989412073100564,0.9968511308521399,0.008872672768520657,0.1560821717901711,0.4931090429960466,0.01732088706573768,0.13879415958440913,0.4773356609989625,0.13399283599582668
31.956264780137154,-0.3577531035390178,-1.7925428890938617,31.36921605032363,-0.7010877951939114,-2.423814228316356,1.0239398458546751,0.033980209862212854,0.16963432543874654,0.3833142443676508,0.026913483758353278,0.30825686577381145,0.7508486979480918,0.15354856962648022
49.8292815649652,0.10051209929419667,-1.6723644976891792,49.1931823123328,-0.09436879350619612,-1.6376207013991229,0.9798463870063898,0.029607080017597282,0.10085466358007165,0.3027192028934712,0.07979014127689187,1.1710941902651428,0.7885649828151643,0.1771617053626116
49.836571630601085,0.09770272803494134,-1.7416658790094464,49.22974527409365,-0.039719342614453854,-1.5419992692496651,0.8978264725326741,0.02271511761074451,0.10342570981864727,0.2823980219599325,0.013136989429213647,0.12023968881920048,0.27030464596977444,0.11308412483684015
54.34365016736048,-0.4699569315194523,-1.5037699504041402,53.683864404635656,-0.8195646280628852,-1.850952838758845,1.1577616061602676,0.06281993481891458,0.4662545261912268,0.5930923213233135,0.08129082736499213,1.2053208596316707,0.8680405414914275,0.14360685342221463
58.899149123397756,-2.9572707585856315,-2.781732365887648,57.99795017848391,-3.2787958589378823,-2.8340586995943835,1.1926858624132535,0.10683851968343065,1.6458417156968783,0.987951480900536,0.10740680773110198,1.4706342521602993,0.9811045563462367,0.07264893112622006
