f0,A0,w0,f2,A2,w2,B,f0_err,A0_err,w0_err,f2_err,A2_err,w2_err,B_err
53.65472198222525,0.4591549184795117,-1.7875870719838312,52.95936924368442,0.38337584721150075,-1.5405538036067616,1.148777538299062,0.020335483144190578,0.10361229574774686,0.33365721693157185,0.009035462310575166,0.18374863491518728,0.24232196906541864,0.16944424589744014
48.83128105329449,0.708884557808571,-2.2630254037877178,48.19262544314266,0.42917992696487156,-2.316877501674521,0.8181821351685424,0.011880783891153572,0.10811446485673337,0.27948472343483866,0.006311913957522903,0.11840130629543608,0.3180114199386768,0.1328448954982813
43.960063768355376,0.2150240399939622,-2.1577777093747468,43.3182548791362,0.3128864800846453,-2.769468445997564,1.0028952673628515,0.01741914172693091,0.11572245866330544,0.34418527821636147,0.010919667847416518,0.1518864426722854,0.4473711817875725,0.14154757867807535
39.16626877850315,-0.15709767213924775,-2.432539173112147,38.531012093410865,-0.3904153532091633,-3.2229186879616765,1.2160058799972833,0.01935633130030948,0.17722476767787051,0.6569224579990344,0.011724297174938848,0.210691871491117,0.5671546406217839,0.14209468924480892
58.58455162471648,0.3073756434759462,-1.3968087518537993,57.890612609965586,-0.1669265651154918,-1.6899367543774413,1.1149187430608225,0.03324875898840435,0.10592945355362167,0.21900742972574885,0.01297254269886157,0.22221757558413674,0.5224250312656883,0.14412414268320176
34.62099745756831,-0.3906764171387455,-2.6443420464621097,34.009377412618335,-3.030210250065058,-2.734082421491417,1.3145973013439618,0.019097741181420283,0.2092970171377251,0.5860785877941145,0.07232117414549294,1.6138732182659472,0.9706009778357803,0.10629811933680319
63.709959106174246,-0.05901146741641217,-1.3315245288658297,63.01346617739897,-0.1812137969210227,-1.3963609042036005,0.9552326508116621,0.06956378145862778,0.32640359303177746,0.44957205739007816,0.05282685000654194,0.4363309429433202,0.6052731182954272,0.15630094713736048
