f0,A0,w0,f2,A2,w2,B,f0_err,A0_err,w0_err,f2_err,A2_err,w2_err,B_err
26.932616922526666,0.23707841391000828,-2.01807550926841,26.41154665068163,-0.2508160381871489,-1.54133915778133,1.232509076634715,0.01789295645378733,0.1190834611046663,0.35105861535304006,0.024378596940318326,0.24029168750434166,0.39490449308639053,0.2043350061519992
30.846830249494516,0.3957587507810378,-2.6897093925870856,30.128855965147743,0.15565876854085303,-1.4904436492416453,1.3447099363328783,0.011531668768185423,0.13995337054108192,0.40623531987934886,0.016072787741369353,0.12540926155120302,0.2915195649066204,0.16355270408268932
34.80732068053859,0.3822958443336345,-1.6924983355874543,34.19553286384897,0.2202476815166801,-1.3216800082738784,1.4426009278475693,0.023424173502530517,0.12125924894269417,0.3512375634676447,0.04731735089818878,0.14817758548472265,0.20333624130025485,0.07147549801884247
38.696306059917916,0.07525882190804736,-1.433892877244114,38.06332253884237,-0.09773380341772965,-1.4146870546478838,1.0748866467013287,0.037027201256630386,0.1434073132715538,0.26526520083933824,0.05249976175129047,0.186105265094394,0.2787622698965843,0.21055376357968522
23.18301340737504,-0.536625351119853,-2.0600020082233117,22.721134409349283,-2.687854211591806,-2.989511869027135,1.3689353921599163,0.03423390717433347,0.5322537667052722,0.7247589670878347,0.05116294379750979,1.3750500866408752,1.0215738493231505,0.1158462089802426
