f0,A0,w0,f2,A2,w2,B,f0_err,A0_err,w0_err,f2_err,A2_err,w2_err,B_err
48.33562219193291,0.37536706470410125,-1.4095749948245464,47.61380384902061,0.24984260277138395,-1.6229774236021903,1.4293722557600232,0.030075522121414358,0.09964465240098448,0.2087421627695568,0.02841573384644568,0.116844689371385,0.3457527724219027,0.08081004244353687
43.38830603231296,0.4377507309760097,-1.6834092259983011,42.696183713514756,0.13365135709735665,-1.7848451012607556,1.303482625357541,0.020781369951434633,0.08367251677334926,0.25839649187984254,0.02255596585874538,0.11954395857951564,0.3790306981245131,0.13586708729245012
53.15193337996001,0.30785479925784187,-2.1246496198063127,52.48748938170464,0.29666404214143444,-1.4156969230134933,1.443118063487994,0.016838389214224037,0.1046252128232078,0.29875582265062045,0.016979714759179025,0.09835329302975604,0.22478934392510466,0.06259097037963836
38.71622857138884,-0.07161121017131108,-2.2074039954103304,38.05656841262276,-0.27866397886572775,-1.3997720304504286,1.411597471778293,0.01868335511835197,0.1381997523283152,0.43920138842493034,0.06997757932060028,0.4317493738375584,0.4337478166992492,0.10138537639722492
57.98970440548105,0.26371650679169556,-1.35407933132077,57.093093913121095,-0.8091665507322099,-3.0349324863364,1.4648693923181584,0.031379914812640436,0.09634241900136988,0.17549196623031404,0.03245134306412705,0.4982828979774681,0.8671320815738909,0.04448766479189644
63.07858231922687,-0.39914798695495446,-2.708281973736198,62.248493239453936,-0.8990818812599111,-1.8103546452811998,1.4307548138003217,0.01611231122645768,0.18486076797138112,0.6125040360293527,0.08589693635607148,1.3443285154499698,0.8726821327050502,0.07212882085502453
34.09436772738797,-0.9756286142442783,-3.4311620929210447,33.410926387661846,-2.2878499184698384,-2.564965537310346,1.2619787247218548,0.023106764455103374,0.5231971823962658,0.8556094522873077,0.07186916399791866,1.755211647408687,0.9638106538368059,0.12371372075831727
29.283063786856268,-0.6721449981913197,-2.255000921096193,28.747273167362525,-1.1780825711592409,-2.3670196622020137,1.0031796114557947,0.07511017937157025,0.21578662032898097,0.33646190560188405,0.05404924786610134,0.2985760958064952,0.3313404606815801,0.10565510027754163
