f0,A0,w0,f2,A2,w2,B,f0_err,A0_err,w0_err,f2_err,A2_err,w2_err,B_err
81.157854925936,0.07777588520003434,-1.3376863973297703,80.21503394730304,-0.01514695658800047,-1.363519038128829,0.8596548016911956,0.03265297431270028,0.10176347431570652,0.2154943187607613,0.058261138570620354,0.16459838254040404,0.2881917804425205,0.1055286296503259
88.61914048535728,0.29672188061577653,-1.3056051702127962,87.67992704623222,0.11246585058144944,-1.2644996375014488,0.8603233429787672,0.021603970808506765,0.08621286607161442,0.1267022515483371,0.06547585168559449,0.11624989919403177,0.08589652596851188,0.09765397935915884
96.04285424028814,0.4708393544536292,-1.3051787618503354,94.8491077476558,0.04299686131721156,-1.3041413292892363,1.2459511862639217,0.019296496270231903,0.1121311729234303,0.1376114313170661,0.23338993353416565,1.1802848872545166,0.2132935625544067,0.14500231638156405
103.22033064196238,0.4332719353368358,-1.2469222842622714,102.19809047484308,-1.7440550868718163,-2.0145349778931494,1.4839941904610532,0.03544052627894892,0.11647713621166968,0.06469566992991733,0.16760872541703328,1.8198806756574142,1.0944422085790684,0.01893074474788007
110.71071932069087,-0.04069297573851109,-1.2931099401501274,109.77563853849396,-0.05315032961452469,-1.2889495546387097,1.1450421879018304,0.03091705687538819,0.13183626852504104,0.12795497769933806,0.0771948881787691,0.6279245609551019,0.43168236876635446,0.09686495609814172
