f0,A0,w0,f2,A2,w2,B,f0_err,A0_err,w0_err,f2_err,A2_err,w2_err,B_err
63.443549789676084,-0.053046064864430836,-1.9817564169884716,62.66165983164509,0.18673124480073305,-1.4463400462604243,1.170170771647914,0.020728171073270775,0.12712846205234066,0.364312109225989,0.012153104545998068,0.10134434748276402,0.21748289519848898,0.11858270910444053
57.76211551435811,0.3842863966610813,-2.6914344251138638,56.99737920325705,0.42503677431873366,-2.419322490911089,1.160080207827252,0.009839603221168067,0.1253047284902606,0.35271764512982723,0.011256448767805311,0.10558218147621491,0.3051920299565871,0.11808841228103112
51.98618573832675,0.10001527162324564,-2.216045030226762,51.23988595430599,0.024188782878501444,-2.2867040059228385,0.8362333746984821,0.013839126191008834,0.1086811051313446,0.2918783150422093,0.014957416205495032,0.11910049722355903,0.4072029355560357,0.09748164152014017
46.39975855977967,-0.2018799293383483,-2.2949483516340727,45.65614724172971,-0.4253719188725482,-2.742268302348619,0.9642503817240886,0.017513785058734535,0.12493926974722228,0.3390684408628654,0.014981251898701614,0.16386767781055792,0.5116221689959805,0.09585478787375157
41.03274455741897,-0.4222338302417901,-2.1688357372617313,40.2339998451784,-1.1442704849867957,-2.0867733205704315,1.0301539480799042,0.024378888611358635,0.17372772504407796,0.41840020169292963,0.07152543342393844,1.1733925590283767,0.9318593827437369,0.13063190148451875
69.36108659399022,-0.20405727180951383,-1.9962273171408271,68.57093527992899,-0.3630992630879726,-1.6836463059537106,1.0614593749485692,0.02478443269963713,0.16053485515519075,0.3864055534819423,0.13920784406777,1.030494320346971,0.7063818850961133,0.16695237177022548
75.31843744810087,-1.7055023064620278,-2.604538682475587,74.24997836335064,-2.520036956116546,-2.4908399119418894,1.157659488206666,0.12392816911553543,1.2852547051424108,0.984632623081688,0.12074771949883364,1.714788250697698,1.0119062313464446,0.07716143021254289
81.33515577753485,-1.9709661583860874,-2.56706965583202,80.15450386336144,-2.633194773564168,-2.543616664113219,1.0197902001689605,0.13591695705261392,1.723839644345067,0.9328196763463069,0.1470299122584135,1.4459092175569084,0.9412225681448064,0.06280844643710212
