f0,A0,w0,f2,A2,w2,B,f0_err,A0_err,w0_err,f2_err,A2_err,w2_err,B_err
31.735108049177242,0.28338523282918116,-1.6857535655181062,31.057666947445583,0.3048411485303084,-1.486046988326199,1.4133371637852519,0.02397533862828461,0.10347207197994081,0.35675187896789246,0.01738467033757834,0.1117361950199804,0.2716491311294277,0.10332389477080199
35.82991082179049,0.44112815653523935,-2.4400364481807224,35.19044433430328,0.6944948821577119,-1.2847453400021425,1.3432446510201563,0.013936466303361976,0.12608727024760855,0.36724188166144833,0.029861933234601918,0.08692170611763295,0.09936824713254525,0.162675931171577
39.84197819299404,0.2768563378052825,-1.683637921509877,39.245539084130286,-0.322352099046357,-1.7366358354306626,1.4419213179084363,0.02220845987918474,0.10179152014796385,0.32576793679624916,0.04029704274956692,0.25071506758135736,0.6122691259601788,0.07031973907895722
27.766949432794053,0.1978452811090305,-2.5943122179777123,27.178526754967187,-0.41423195114321076,-1.7293254495108523,1.3951148054835285,0.012446720434701145,0.13486917656558398,0.41630103030243,0.02615435292247744,0.22933890083199943,0.46177620916789663,0.10768784862241242
23.989723215555106,-0.7725043629415629,-3.0516209304696105,23.511635912916162,-1.3325341520198801,-2.131734416051509,1.219065162004307,0.017404092399729263,0.30482003186292045,0.7156901644444411,0.05741884666106923,1.2008051682134746,1.0153593934522545,0.15642288628704204
43.91182133017527,-0.27348924439492694,-1.4242762556897008,43.30712602016744,-0.3182245354125532,-2.039043199087608,1.4455871358371515,0.055387634565354046,0.22085448070465274,0.3231661202644743,0.025269111337360855,0.2038615081788055,0.7498880287165551,0.06163456838470405
