f0,A0,w0,f2,A2,w2,B,f0_err,A0_err,w0_err,f2_err,A2_err,w2_err,B_err
50.33318635248085,0.5310150292090328,-1.95105917349735,49.71152666898743,0.16233196491539603,-1.577697399115089,1.4298759115822133,0.0178418833247219,0.11093974725274978,0.3757821864317135,0.022219207000185398,0.12181323099107377,0.307890034150174,0.0755429131870899
45.689889025859856,0.30707503473890635,-1.9042153640753918,45.03299099760068,0.0900335744694708,-1.6010908771165828,1.3875775726309036,0.02070312820121246,0.11606224779772191,0.3215868081250085,0.031224110300999412,0.1407707548400131,0.37750178405923174,0.10018782332878723
41.04907331704943,0.23912390153740268,-2.4392825026924188,40.41948137975465,-0.265331657482492,-2.8393479291848887,1.2440307102280819,0.015147883014019004,0.13410188310021856,0.4253065902270414,0.007936397727193501,0.1877077280426446,0.6216994839154176,0.141284765382926
54.76881779992643,0.2756109376946004,-1.3372182464730307,54.10897191001655,0.21559190391399552,-1.452146704190444,1.4358252811940173,0.0656585289031092,0.7156094655118944,0.4569994594812947,0.05728402771635153,1.2913838890017566,0.5679506341584838,0.08249428100170161
59.442336161896044,-0.3697530702458718,-1.5494475232305676,58.5696309574754,-1.993875396262209,-2.5398156711410405,1.4590682843149445,0.067359296259853,0.7622198654919772,0.6334581328649055,0.09811015589606267,1.1595917369462827,1.0105770682256785,0.05767353545903654
64.69904258303077,-0.8601039683623031,-3.2267011345973335,63.86543390398191,-0.2940398373918604,-1.4520282586077324,1.1785968272063585,0.033750892515216444,0.3507239165274806,0.7747538891696079,0.08021191403352479,0.5766685614511607,0.6852286582652164,0.13649261400271936
36.733963642933006,-0.129928338179006,-1.6863649552428606,36.203415085610736,-0.09144067728236475,-1.3440510829214345,0.6603096649681249,0.0373433912654146,0.15448296416111595,0.4132001220638806,0.05814495895207602,0.26722794059494714,0.36639616084743654,0.1392265620487254
32.30531421283063,-0.8613711475073857,-2.562701969304239,31.637913268264604,-2.248140968371367,-2.2630975856084037,1.1094001361592145,0.044903967329370124,0.6572991423932366,0.8371373119688053,0.06522490762835693,1.6050572836482984,0.9828006544122591,0.14199379617557412
