f0,A0,w0,f2,A2,w2,B,f0_err,A0_err,w0_err,f2_err,A2_err,w2_err,B_err
33.33034575633013,0.26661984283915663,-2.1362146930257904,32.67415857032865,0.018607904505087897,-1.501900308349166,1.376384250236751,0.015721607940676056,0.10395286913276532,0.3523308263800625,0.017846987279088723,0.12790444780621682,0.2741680887231941,0.1402944599099434
37.626959417999544,0.45443431691880054,-2.531792296883112,36.920479654764826,0.2919904045549142,-1.2999240733015796,1.4195411947818626,0.012347083304524317,0.11576117794227439,0.3013263516568069,0.038197335406836105,0.10787886032312374,0.14204239470399677,0.08812732942419593
41.774396836829744,0.31542704200357474,-1.6394397587665135,41.107019194047446,0.28192133459701224,-1.2814871681451596,1.461019979601855,0.029135569091152957,0.10577377287117204,0.3276536719407516,0.05293006935460914,0.14383144280596025,0.15581708998477703,0.055817759184018066
29.266435881960607,0.0650717141878516,-1.6476396824331783,28.697762848438266,-1.5165412759713501,-2.333642271675587,1.4099680440322484,0.029049489517831432,0.11898743289971388,0.3310731150242704,0.06562471466685824,1.463730278117649,0.9897050053163192,0.09849089461409759
25.228409964709464,-0.640692163578684,-3.139470471424945,24.71695610533367,-3.417519914289223,-3.0081349125885297,1.1372704017545523,0.013286121489031907,0.2214654636639279,0.6695733803958712,0.05360159766164983,1.4027202125931009,0.9859306472094622,0.11379294981714441