f0,A0,w0,f2,A2,w2,B,f0_err,A0_err,w0_err,f2_err,A2_err,w2_err,B_err
5.240583348392241,-0.5509049508036447,-2.274007461117216,5.09393361576812,-0.5878382277530823,-2.2081555133476516,1.0357574176568267,0.01776906229227045,0.40661390702905953,0.7746785598827063,0.016820495901279292,0.5157439933605917,0.5404617916320633,0.2631798928606002
6.656406983844221,-0.18123234801546784,-2.2139716375733465,6.475106188136953,-0.7973337854157876,-2.2433046604061047,1.0600169690016856,0.020394633531490687,0.2212144558447799,0.5372983545069238,0.02063983394482762,0.7723677089973128,0.7675003508063538,0.27174853160630175
8.024877197646573,0.08037367784007007,-2.8199461054304065,7.824416887108751,0.1503705401966173,-2.2585343234659176,0.9709149107652886,0.016401160897768087,0.3498434028420073,0.7423027454723217,0.01973547617327255,0.3302333206657882,0.6304438438411469,0.28452733713863465
9.61510548748826,-0.9222815169134714,-2.857657360109333,9.358299697657706,0.10487731331412913,-1.5140952392180012,1.1465056256560962,0.022923687309405655,0.863420753171519,0.9856010675323964,0.02219742588153137,0.4562413017559207,0.44203312817590823,0.25425252369559287
