f0,A0,w0,f2,A2,w2,B,f0_err,A0_err,w0_err,f2_err,A2_err,w2_err,B_err
27.931447739851134,0.07078523190189044,-1.8161676778579925,27.3175839688246,0.24310865145763363,-2.0921548264231338,1.1739267839573522,0.02678651223790406,0.14487229375621086,0.3946482783164307,0.016268036913017328,0.13467331367732158,0.4002218982402688,0.22654409196130476
31.832966765851346,0.5899926115847711,-2.0131599033058554,31.24662482476751,0.15676377667862765,-2.250292436536282,1.3402643446527909,0.018181236444320067,0.11331786273191907,0.3599562243522281,0.021458214091016472,0.15304901951241703,0.5322993518761306,0.16804316277591405
35.994279207584086,0.47971973273539953,-1.4441274932478951,35.26802836235467,0.04728303362031987,-1.9985341421986447,1.3832423587425458,0.02975861037789424,0.10788153497044732,0.2474428976206198,0.026818409341023447,0.16270856771600573,0.4983437724404239,0.1319375925697687
39.94519942757141,-0.004479098655776892,-1.947871832574168,39.38148210132783,0.112662487952743,-2.0156551023029516,1.4172412488158606,0.030814626432914678,0.17560132450856292,0.5114406449957678,0.020368655631345746,0.16958960801229445,0.6610132059493495,0.09573892015281193
24.038045574249367,-0.9780033993109178,-2.2192088128889984,23.58654725210715,-1.5262176860611865,-2.3772023022160065,1.287498882973346,0.052583308892983266,0.6881558876243651,0.8580044162184665,0.05550269874934681,1.2464499714249158,0.9057593595348128,0.1448999234100382
