f0,A0,w0,f2,A2,w2,B,f0_err,A0_err,w0_err,f2_err,A2_err,w2_err,B_err
40.63539350161688,0.48569480061415926,-2.5567256205417497,39.994175076360904,0.07552947634465756,-2.6383505483746768,1.2115431935817127,0.010516307963451153,0.11775354849552083,0.30520269917445486,0.0120964928472673,0.13702862844598057,0.4094730560597089,0.1385405385743311
45.126745804798794,0.706055932259734,-2.5875147299067205,44.46163800345824,0.5775941939281829,-1.5466089036782549,0.998182988479136,0.05361757067936762,0.19467061417952647,0.5832606848588119,0.057320034710202486,0.7326200078412836,0.30751369484913293,0.18542350117709522
49.60560330366361,0.31367577069270103,-1.8756026638538346,48.95253856196328,0.39017877460297534,-1.3955244339180877,1.0420501903621153,0.0627564898679291,0.23595468274584946,0.4364547080503182,0.08386099585981617,0.8198604789178513,0.6955551553844945,0.16825589654433326
36.19008294243573,0.086602892809123,-2.6151358119442323,35.615002495565726,-0.2563502769165768,-2.270555798579358,1.07994320738104,0.011813269278866972,0.12942339161424832,0.3488602953887427,0.019781297961927062,0.14087779124698707,0.41230415726798353,0.12804738302548144
31.989496777610473,-0.5183509099033546,-2.242920625311007,31.315096689643912,-0.65592227555928,-2.4996672111103773,1.1812111450863818,0.028202395142058453,0.21078327612911724,0.5373584040569065,0.02122926536302397,0.26018283359083255,0.7190237421275129,0.14230931185995235
54.2438602403371,-0.05734933346770153,-1.5248231555803569,53.61116959006581,-0.3909548620736264,-1.6491983791764182,1.2831147202696984,0.04389616069140205,0.15054811213835528,0.33893138572475423,0.07892287552503943,0.47466176981651953,0.6556579318041948,0.124628091753601
58.85594830614549,-0.2734932192108108,-1.602635338443433,58.19844633539762,-0.3731766923025382,-1.7361858953074747,0.9433264178605538,0.03434011924042257,0.1491405450629744,0.3615141244810063,0.021141557963769465,0.1589742303851619,0.40533275351000164,0.09680597638490433
