f0,A0,w0,f2,A2,w2,B,f0_err,A0_err,w0_err,f2_err,A2_err,w2_err,B_err
39.97636779913766,0.6836844147947593,-2.442961539520964,39.35070933586322,0.21009260303484587,-2.2890238769027715,1.272297803569883,0.011681418903932888,0.12487435974381501,0.34843256594025585,0.01668356724501156,0.13722413822657553,0.4659642387600712,0.16402054157881957
44.3512363788346,0.5140283863519168,-2.1466002766366437,43.75369465053397,0.4513935266057352,-2.059231947598782,1.2122624059479143,0.015508307010923233,0.10438800691430802,0.3215516369392115,0.015133261295002124,0.10697355728554714,0.31456155682286746,0.15510715305544825
35.51214057812908,0.20227658750893637,-2.2576064864582386,34.843827217538205,0.22221652831672276,-2.2134628560707528,0.8731113056676768,0.015546956194217294,0.12643793697097572,0.3897968948183228,0.01537362676656973,0.12312523819975109,0.38774179299852285,0.18083020869806485
31.274830250267037,-0.27476354321393737,-1.8536217352855346,30.67808172590626,-0.12525445897710033,-1.9913643758845594,0.9106119902900355,0.02389752334305311,0.18558878571822804,0.5328818067381162,0.014025869795372639,0.16264274382121865,0.5400156511649026,0.21149733781991417
48.82037001401742,-0.035550616932200886,-1.5871398249396735,48.15970559108899,-0.25953162737433366,-1.4655357612860709,1.346169774954843,0.043741549745645716,0.6054872142168379,0.5365869271075405,0.06229398788461066,0.6859975054634004,0.7276082985755125,0.15403505227017608
27.02857630835064,-1.3962490339730598,-3.181112401169599,26.505303034721585,-2.5411500266510507,-2.883244572071092,1.3230713176258144,0.03946025014353159,1.1031001566767384,0.9462155597235298,0.05927307656341015,1.6349096041326312,0.9889938414156061,0.1138517426510602
53.48605941259393,-1.0146020043747395,-1.849288496611487,52.7590600822528,-2.0003267658473094,-2.5220869378438455,1.2805044516352027,0.10652936032092274,1.0167533763116896,0.7796732310986396,0.12156916698078135,1.2758829325110699,1.0010163906140443,0.12442776647907046
