f0,A0,w0,f2,A2,w2,B,f0_err,A0_err,w0_err,f2_err,A2_err,w2_err,B_err
28.961409307066077,0.14975473757236912,-2.2626327764837315,28.416219847054478,-0.3536565546385957,-1.6183709256470022,0.7422379382149825,0.013880593239423412,0.10257648992564058,0.32333385850805424,0.03327535845587398,0.17085152350129557,0.36493360324028656,0.15517761503920222
25.346058916690158,-0.36036731521904697,-2.9338056839625457,24.821353845239926,-0.6200842367298698,-2.2850850345911486,1.1365638069456612,0.012631133141926114,0.18518961103550766,0.6061333142833671,0.024551432217947387,0.2964961874904334,0.6744969321733525,0.17853498412435204
32.657179397005294,0.052396621507700164,-1.360836564282828,32.16940381498097,-0.6691912800375588,-2.300157140596462,1.3501393184116883,0.037898993620008384,0.1347925242719333,0.1866006118642409,0.03801414108744864,0.5909835793118854,0.9506501792192157,0.125314619219438
36.41676295890716,-0.5679008760257243,-2.1938589467736085,35.79582388338636,-0.5190799981644829,-1.4853080520339492,1.4494577245810496,0.03618600751944828,0.2404410421930738,0.6865381061478533,0.08028843553499553,0.7217439464669844,0.8298685308042971,0.058873839552985904
21.929934754490574,-0.8051637996788835,-2.791966483175907,21.4966166874301,-3.0672896126409492,-2.745044988909193,1.0740195807888016,0.023002629827565537,0.5314493577077685,0.7009751931681446,0.04915580150182412,1.4982064285462753,1.0268562958633363,0.13293197809927998
18.41587431717074,-0.7138161962262741,-2.628260709259811,18.052905611360405,-1.7880329659122325,-2.45409308851401,0.9164950197343202,0.019630709524528098,0.23266018563204083,0.626554294464638,0.04066667498553158,1.4812998675317464,0.9808370215235142,0.1629109687889668
40.34330652192289,-0.810568288915765,-1.9613900559532031,39.59719239643596,-1.6028519291887102,-2.597299830295513,1.3015939693398322,0.08759381434213384,0.36028816833488797,0.7030322902098526,0.09167902024588431,0.8873882006731478,0.9069585019227805,0.11339585400601628
44.10747345869141,-1.2078249200514433,-2.9111632165904058,43.355955163666046,-1.9120565582486124,-2.315397703997042,1.2236788123554976,0.06250704426507285,0.7823409580210112,0.924532128467481,0.09231773580457407,1.7265691104322989,1.0086312456861377,0.1053007185305841
