f0,A0,w0,f2,A2,w2,B,f0_err,A0_err,w0_err,f2_err,A2_err,w2_err,B_err
140.67414705980752,0.951057531505486,-2.6731528244210665,139.00612777040584,0.62725247258634,-1.707241709387531,1.3805384973488657,0.008901037839087014,0.11315097554958194,0.2741231515140982,0.018022735043544295,0.08083196109712258,0.27728124629042467,0.07863222364858852
153.16651407295188,0.8534043063531518,-2.388725284149546,151.44610633653096,0.7957354739851344,-1.276670773488594,1.2865394115692428,0.01016108324457629,0.09911183897674783,0.25491607308446346,0.02461320271682589,0.06531425941771817,0.08986407712409673,0.08403848344322713
128.23680515945892,0.620414616245026,-2.3207744687303427,126.53000514490891,0.28362019634195623,-2.3933490195604987,1.0635713362374812,0.0108133682947519,0.09943586605158805,0.25826657515837054,0.013464360705511984,0.11337967163288955,0.40477891207341515,0.07214389536359289
115.82408668181499,-0.14105863069313807,-2.0300595028622648,114.05384965859828,-0.4953739935420825,-1.43295541192394,1.0367617227003596,0.020010397025563918,0.1202926479501602,0.3668407460233385,0.06883943138123928,0.35164247599588955,0.4394908887733396,0.06873138291259609
165.82645671469683,0.47220980579317373,-1.566446456487926,164.07363994873452,0.28128276468659585,-1.311075607781072,1.1130220512213156,0.023478106927081403,0.07939689667843532,0.26055683711573435,0.21490757223012605,1.7895689771513206,0.8332513800214181,0.14675681703642535
178.71853415828684,-0.37455515703434505,-1.4196727444423747,176.9828013059289,-0.44374321012950346,-1.5203657642586428,1.0104880353013364,0.07117166923061341,0.4225369004091917,0.4181280230025752,0.24423351777851643,0.5898740584060207,0.6833178345830567,0.0648175695729552
103.86235494861377,-0.7099206782519943,-2.103634846648302,102.13915529377384,-1.1938137632733812,-3.0249402471558233,0.9815843552454978,0.03408937290466225,0.24848224887132234,0.7236109641505963,0.16515562967547953,1.110190177723291,0.8616941540000134,0.05810272453641109
