f0,A0,w0,f2,A2,w2,B,f0_err,A0_err,w0_err,f2_err,A2_err,w2_err,B_err
43.14370193191159,0.23463769229813775,-1.89048278649316,42.409761512919154,0.18495457830537582,-1.3668626276813742,1.2775321005457092,0.021081445754384646,0.12108160348304024,0.3752011679919739,0.0358369751163314,0.1287913341231094,0.21264977162461235,0.17514573971748712
48.004658584341115,0.1104953853222495,-1.6137016258574124,47.35563325905795,0.05619358154315264,-1.4808873340036923,1.3862205701181356,0.031874043946074154,0.12223845195338555,0.29024516035583375,0.028248681123852176,0.1519185503774861,0.3226068665607617,0.10737081921934874
52.84589529102676,0.09825629974183081,-1.887372791532771,52.19517289662769,0.3600986373875404,-1.3614060915141017,1.460690754340349,0.025135338832049263,0.13429272528889896,0.4233129211406968,0.03331255632137555,0.10489323566972274,0.17339380470533136,0.04962280331771723
57.77864582750201,0.031729476936564256,-1.5112569540990157,57.08575483016157,0.06508914436501234,-2.1085952897553377,1.2726778844012012,0.037604384523382536,0.1308589570248116,0.26759822508570896,0.03107246227845925,0.3871181999635373,0.5142654171909069,0.12848498701745573
38.45209070684831,-0.2716716376707432,-1.687634338299804,37.90069830605983,-0.6523846508736661,-2.9463063659094404,1.4289216033896006,0.03960472161119598,0.1819790913276468,0.4253745717696283,0.04809825866597807,0.484920201834617,1.0313700870529128,0.08543178803546511
33.9035986449213,-0.8355245154262341,-3.0162212244938598,33.24292893470154,-1.086411880944884,-2.460953554577035,0.9635396501788726,0.02280933643238934,0.8046265253050027,0.7377219063965438,0.04334834840194172,1.2565613062158343,0.9564941044087851,0.12972804776548522
