f0,A0,w0,f2,A2,w2,B,f0_err,A0_err,w0_err,f2_err,A2_err,w2_err,B_err
63.73483508637817,0.7619532837159809,-2.55212198234037,62.89127212630351,0.5860967639130044,-2.4002926944900933,1.1371405155407057,0.010705504900739267,0.1357993369374411,0.34243489895664897,0.012433003465862466,0.12166418749785128,0.36015795302270853,0.13911415965965615
69.98967977654254,0.6006665057774812,-1.9701388730914742,69.19583461033314,0.5765936492648062,-2.077859511651138,1.0183750095020567,0.01636009593729629,0.10166886769984362,0.2672078522212652,0.011912333113916181,0.0997294769937664,0.26974455666431285,0.11149357322109443
76.35118974560528,-0.10634116177074784,-1.84496459426542,75.54312620873262,-0.17196259576682654,-1.79290901265596,1.4089651334303699,0.03316506569331236,0.1777235740735256,0.5970694917389872,0.0679079585502539,0.3010338060866129,0.4662291527192813,0.0784439966088112
57.42889608453105,0.32579772163132426,-2.7213684029926877,56.53999647353052,-0.3632918834430487,-1.5354252907524326,1.1115342370606012,0.011193888242406691,0.14659658224260952,0.4227511792338684,0.043066230648095866,0.27445345781614416,0.5380170488812689,0.13842052165075383
51.179393557061616,-0.018425820373889533,-1.7472981193671315,50.3802759995261,-0.5996629285736483,-2.6117431989298243,1.0332363284296395,0.02759807646700358,0.1330645063401509,0.37534225666294285,0.023770303906103813,0.2891967288889496,0.75564479309836,0.1329589505243856
45.29705132932248,-0.7151429054851935,-2.312654871611471,44.4558029653038,-1.031535238074658,-2.315801562790221,1.0460794888903358,0.041440741648798636,0.186462707187821,0.239109219906855,0.12875442771963974,0.22954473909464926,0.1164582946405065,0.06875728203503102
