f0,A0,w0,f2,A2,w2,B,f0_err,A0_err,w0_err,f2_err,A2_err,w2_err,B_err
45.87732508556867,-0.17171986393044275,-1.8867697540818509,45.14362859459053,-0.5942292412416142,-1.984833852989634,0.6521683306057091,0.01933292815173727,0.11084841112720929,0.36578444508330965,0.026836164633281458,0.18365214580668623,0.5198920372375511,0.08846561725328111
51.48431955548409,0.034407535335957196,-2.987877732549168,50.673647061449564,0.03207758134847241,-2.7555989445616547,0.8558815339738385,0.008608108505890884,0.14962339290064006,0.3909981785143005,0.009661928899825138,0.12706523952702703,0.4193079599248881,0.08281909249302868
57.16503810181893,0.31795835787459226,-2.544426935286619,56.41503586351136,0.30148445379897965,-2.081412583790419,0.6851276869538241,0.009662213531448546,0.10525248970999766,0.3203239940073408,0.013861233183859366,0.09553405679731418,0.2975157107142066,0.08899587168704047
62.77657064576282,0.01965186954490123,-2.259636967207466,61.93385454710242,0.15056437504161363,-1.3830542398966048,0.8439246591706007,0.01605584721074181,0.1250496420345437,0.43062429821939063,0.0162370790659516,0.1046646342167673,0.16242319103650946,0.10296030376562715
68.56266613527683,-0.8995032103649785,-2.3161042855067713,67.70354475657815,-2.0201355668278587,-2.158714346916976,1.017355640581775,0.06779825739918899,0.8003552261357787,0.8716351940329855,0.13114903434323102,1.639294991561056,0.9897995314649474,0.08757620850644028
74.37721447648778,-0.9350163038209367,-1.7347738215972752,73.23176375443637,-2.781404689978404,-2.4389678945569884,0.9480370856066722,0.10569641508396808,0.9628512630334243,0.8255523387254143,0.12203195103363303,1.324738169941515,0.938284962158577,0.07141151613122139
40.58725104255633,-1.0310581280630466,-2.5043090053240147,39.785357859128226,-1.459308410261641,-2.5918266089984314,0.8783506225746089,0.03677480124458019,0.46322877220622927,0.8587110649886862,0.06538912478346141,1.1678903798414273,0.9203496759915372,0.09448452967409597
80.7999288531193,-1.5490944343823754,-2.2834646180296247,79.48809031290374,-2.42999229846011,-2.7647562155229912,0.8962281365689404,0.13259054045415009,0.9678277995895223,0.966526277720548,0.13295488397303498,1.655303485979837,0.9839564004883621,0.056135632458548
