f0,A0,w0,f2,A2,w2,B,f0_err,A0_err,w0_err,f2_err,A2_err,w2_err,B_err
39.66190438443656,0.3456593164139375,-2.240870902425687,39.04328127711972,-0.37384219851581846,-1.6189357968720768,1.3639686152340342,0.013995657925329663,0.09996610840255446,0.32459540812781895,0.04532526696912527,0.32037915967638414,0.517552280793676,0.11040877984509322
44.19386967281429,0.5760246232205786,-2.0113897654701525,43.58835222736002,0.08307973052212059,-2.039821507338884,1.3533363991003944,0.016523855435373214,0.09421085054770151,0.2649317489289827,0.01323228186067414,0.14627608489387595,0.4278988560419706,0.10569872974227067
48.64441469739476,0.19752311765596428,-1.679718155898127,47.98666843713377,0.04027678102945936,-1.4923308292958462,1.3992581821358296,0.02883454370133116,0.11010391389010374,0.2875420639012888,0.0342046483947489,0.5532248772361574,0.2547557541331039,0.08731266270517223
52.91327680204314,0.24530993997437162,-1.2961893044084696,52.214539018146084,-1.252187426161988,-2.167828343213065,1.42949029012664,0.038735382345733094,0.1297677903076282,0.13313916371032347,0.10630383231362375,0.8354815023077149,0.9085684295369268,0.08574899110507239
35.36051533484567,0.12433924268366654,-1.7232427722602657,34.72235220969917,-0.8725613700371273,-2.593339670333361,1.076605049858026,0.021258522906994336,0.11001751796191905,0.3173164227981941,0.032225883909265,0.6998204574535922,0.9005845470415488,0.17059799466077985
31.194034755585836,-0.4958399308832535,-2.7832155433595274,30.521204434103964,-0.4164377916235683,-2.165239232118247,1.0814475868905926,0.01735111070477314,0.2101942606500553,0.6738189999350648,0.011700957533841575,0.1859069816211274,0.4530557672090205,0.15581996891350752
57.79619992901845,-0.3830427854175928,-1.5446276973741453,57.066098860884765,-0.3935232524584526,-1.6133903490314014,1.295255522674301,0.06684872770728224,0.6228107213248533,0.6960158439708936,0.06424506159846642,0.7207583023105432,0.6427922369834097,0.13686087205129044
62.004232253837785,-1.3859653969223331,-2.9394651552362068,61.04576515035227,-2.7130176431472024,-2.6375736415428754,1.0807339142721124,0.07366027914946476,0.8985609437676332,0.9168691824568759,0.1138373632513729,1.3247416276231458,0.9357863953952211,0.07059605510852633
