f0,A0,w0,f2,A2,w2,B,f0_err,A0_err,w0_err,f2_err,A2_err,w2_err,B_err
18.918515276812833,0.19149322036049968,-2.417428400228747,18.48221682383142,-0.22440202410016263,-1.567609275434935,1.2440555064056378,0.014549265503595631,0.13696927998966674,0.4226142052772454,0.02750378431815915,0.26370154151963476,0.7342911154680517,0.23342698778684418
21.783078305993975,0.2823417226422284,-1.9901306127064036,21.358464159176016,-0.08182265373485408,-2.1043381737548503,1.1966275538923155,0.018603484209131847,0.10021133831351535,0.2972124609284903,0.02142331240254551,0.154968712097456,0.4728370646494908,0.21169280506202726
16.321528910078587,-0.7504778801189086,-2.350999876597712,15.959192691334264,-0.7570749339581464,-1.7639719942307042,1.3279547853591698,0.027720480530173522,0.41685732991731755,0.8219001013032243,0.03906619784434559,0.560751595675405,0.6992947054375,0.16418694618974292
13.604413688889112,-0.7469178030414593,-2.513099149522876,13.350233045368192,-1.6795777694808618,-2.674065015110698,0.8332251194315836,0.019506806157787902,0.24285584182920636,0.6076933699340805,0.03337525672687456,0.8892915844020802,1.0398245752861477,0.14691790700287968
24.533714974592517,-0.3540301651371196,-1.576801794033668,24.120196049249873,-1.6157156597346884,-2.760952280383854,1.3899794789705462,0.03468982858967341,0.2040075056589115,0.48951706653479277,0.04474922021259761,1.5921438865808366,1.0253855684488473,0.11789572032828428
