f0,A0,w0,f2,A2,w2,B,f0_err,A0_err,w0_err,f2_err,A2_err,w2_err,B_err
125.88066604104813,0.737891821022228,-2.2523471842130363,124.41930469535562,0.5772177227481035,-1.8089679914042365,0.9698342246208226,0.01135382078049832,0.09029561258854689,0.23143495588309482,0.014438376090969804,0.08124125800088355,0.24697794091014547,0.07249243439649762
136.96899800691625,1.0205641501481573,-2.5617804229868995,135.60749088199225,1.116476610589603,-1.8590800969943748,1.3702915711730752,0.009151673501126861,0.1108991008991129,0.2645247414053862,0.013257025429740374,0.0750437093039856,0.2041398476128166,0.07658666491243038
148.18915526493208,0.7262909033075327,-1.7255027760580774,146.72303088218,0.5410895749809699,-1.2826762882777367,1.1826903336321117,0.014876725871818767,0.07249848294344102,0.20066390980953328,0.030008413476560865,0.07548017689424329,0.09193613585883914,0.0799641602605128
159.54472680628191,0.3881956058298406,-1.352831023103119,157.99214947090744,0.3604065470263734,-1.24974335575579,0.8294497146229576,0.025982819209735816,0.07465127027173858,0.14113519777516795,0.12249888702922129,0.5163219012269384,0.37766659235380967,0.10977151451723813
114.65211278286189,0.33222997280523386,-2.401919048179586,113.15271225759126,-0.2007931260175448,-1.4274762826357383,0.9806479078263327,0.01136772983045472,0.11177187523039861,0.30813011683321806,0.03619703294785971,0.12092158467226066,0.2463295495037706,0.0671142804766599
103.89411172409856,-0.13405817649173263,-1.9477663821046265,102.50062869110194,-0.8348444958469312,-2.1943430440343565,0.9875692180156864,0.022310156623567685,0.12325883169101641,0.4271912626906925,0.05777900354754565,0.8633315963837828,0.8106120250622895,0.07240121326557389
93.03356413580312,-0.7798424154739886,-3.5275673576361726,91.67629200829326,-3.074264828211354,-2.7957353354577688,0.9720285481819069,0.010573553456760951,0.22938960367317043,0.5729081857327872,0.13514771333074763,1.640701754184977,1.0027733461631922,0.05012580582241436
171.03499546905405,-0.5757708089095444,-1.5819401533598292,169.49424108686873,-1.0467718136236177,-2.0684481269531383,1.1692388537602705,0.12031811393390011,0.6232031042609777,0.6393425563033007,0.2720515901572769,1.3220715955241524,0.8713809784208112,0.07315817504161569
