f0,A0,w0,f2,A2,w2,B,f0_err,A0_err,w0_err,f2_err,A2_err,w2_err,B_err
85.5987562426908,0.5513109278193484,-2.05321438100135,84.53912719693633,0.3405162139760657,-1.333026751989716,1.0030815582719086,0.014596509800020512,0.08492971760041938,0.24411061167115417,0.012345619458875386,0.0923365989485908,0.13782412899647448,0.1017579520170476
93.37367573572712,0.7717044421862492,-1.4185124912415559,92.21729872980842,0.43754359646657404,-1.2569255209846577,1.1329601665733133,0.025485633240748245,0.0767462968244894,0.17850193409840687,0.12203276553446,0.5256823129186425,0.6117412236950334,0.16354676052688566
100.9980744847123,0.9140919184788483,-1.938730281230669,99.71353371379938,0.911977389292779,-1.2861114487957928,1.4662200566786139,0.08365355879388253,0.22637615530758112,0.6173963745238663,0.16271782213438785,1.9303758420112935,1.0082023832306093,0.06066047349325792
108.79906702213364,0.6301968145100536,-1.326230284091918,107.63575985921923,-0.13311708927779126,-1.5432102641222476,1.4641821236767036,0.041739978659759806,0.15076141676745147,0.17981842999984604,0.20409067565513583,1.9840210079548788,0.8838346301725136,0.06744784197098834
77.99310090097067,-0.19730640992286222,-1.936106912507012,77.03297792625403,-0.36249350213829173,-1.4130822098652018,1.4481104748723217,0.030905616492554987,0.13785100949760912,0.5295985823409672,0.12535393532298267,1.4287919782380565,0.9101551570027131,0.06139033164211913
70.66736037566127,-0.11672867035479749,-1.7731790978618838,69.54584939198635,-2.005293885595086,-2.5683368452073916,1.1500403871061915,0.026178799198418385,0.1419395743244305,0.3863257160987212,0.12265720345900777,1.6568360165633513,1.0081215889683368,0.09585521196200032
116.67570454062476,-0.07415102957477054,-1.5826801018515133,115.19836875563622,-1.8378402829273321,-2.191610756796247,1.319096326656211,0.13175829811923384,0.5551965440379751,0.47971481858563736,0.23517984067230913,1.7721539697331177,0.7781289454579263,0.15975313112569695
124.58337215464006,-0.39578801468046265,-1.4460082450244345,123.26613724577393,-0.559242441681848,-1.436963431541654,1.049015747090012,0.06364290261249506,0.22166031731373015,0.629248478429254,0.10212141709707553,0.8431683301156221,0.6176412541098102,0.08102598511469601
