f0,A0,w0,f2,A2,w2,B,f0_err,A0_err,w0_err,f2_err,A2_err,w2_err,B_err
33.54215332710911,0.2538090640500897,-1.7716583857801034,32.860424518040745,0.3755546298294463,-1.8212540969686797,1.358009643081204,0.021496517584556563,0.10488329099345714,0.31904016454124623,0.0166725722080738,0.0975150885129934,0.3236521760790997,0.16233583962852968
37.904182215163154,0.6016183314062459,-1.3633889254113458,37.22801533749305,-0.06949416259267127,-2.149355278663954,1.4360022694209866,0.024601034593610977,0.07991137342882158,0.16447651905451596,0.024814228159728904,0.40059456661636134,0.4788539505699761,0.07257164448135185
42.02833490806791,0.20307661602525678,-1.4561895409208836,41.36740833597485,0.1659257252604172,-1.3048434183702056,1.4678425884697992,0.029948807414663197,0.10799629477884065,0.22956609525871952,0.04356315637479737,0.13090134217287394,0.20488928829172634,0.048003302168122666
29.477779467470814,-0.03612576222806864,-1.687924806496954,28.802920027692267,-0.2199896492915153,-1.7371542272960114,1.1212520822560208,0.025174812318370886,0.13283329518477072,0.3155470275056444,0.01588101128440739,0.1743696437797788,0.49135927612008645,0.23503263225768725
25.37424981352378,-0.8002254122266292,-3.6690172818489604,24.814966145167155,-0.956635245569178,-1.971184420741618,1.3944184419286123,0.011123832882452236,0.2631764793491736,0.7001269745792525,0.04360187063977896,0.8378284898697824,0.9061425153661906,0.11534728348314881
