f0,A0,w0,f2,A2,w2,B,f0_err,A0_err,w0_err,f2_err,A2_err,w2_err,B_err
49.54946785732408,0.5114253027908737,-2.88587753250277,48.79030984384846,0.21250294411989765,-2.3934348024981116,1.0958341432404535,0.00796765615340336,0.1281761159377394,0.3489575088092706,0.013572110653875494,0.11359552733009076,0.3201635327132557,0.11809282008371898
54.96534775331989,0.646176118297979,-2.413926107096294,54.266849934611805,0.6516061276388225,-2.3323533146689495,1.1620293632107204,0.011095977707776346,0.10474258922954013,0.28411154759811835,0.00893360992389258,0.10014100822538241,0.3138508395191758,0.15468011484769253
60.46169611053118,0.19581799844837505,-1.981303910391077,59.72745948654739,0.27384590566210193,-1.921448658981171,1.2410172314675485,0.018682383139633968,0.10620139655291806,0.30782017863268096,0.017327414705070085,0.09377167031532821,0.28993189044609946,0.11659637464582139
44.134536852295774,0.12127174133560417,-2.4246838779487323,43.363535244072786,-0.2155452745399367,-2.6856736271743737,1.181863784851926,0.013088412413186059,0.114862469071627,0.3469085724609856,0.01323545417539158,0.15618281715197996,0.484100002858114,0.1210439680937115
65.88834220987427,0.102848400496426,-1.3577666522632394,65.17229539887389,-0.041669395167471465,-1.3856315818695795,1.1709956111165734,0.04766173856810119,0.14088774716291946,0.22235124841757903,0.08381840019071442,0.7124872961918083,0.727966258538579,0.14245376211384464
39.02988278161302,-0.34531251119132383,-2.0193174122102486,38.23770297255985,-0.9011087344826444,-2.772491955565331,1.0158911798558907,0.02490501102463362,0.1788897778422283,0.5779448271111184,0.02677910288222718,0.43926954450564953,0.7228840287979771,0.13370980291204188
33.702263852679046,-1.1570332514027952,-2.252553426896067,33.10149701930314,-2.5436952706903306,-2.4210171252506054,1.212750925122697,0.05183469895448127,0.8229534733448043,0.716558187820581,0.07649563858525994,1.4075095062906966,0.9282756309029778,0.11518520354877498
71.51784968457304,-0.8663714624535106,-1.729858831317,70.47900467990702,-2.5774317303860674,-2.715277696557778,1.3121100499607075,0.09368681621159677,1.2537349753636802,0.886899835273939,0.12081121876036287,1.6784804905506747,1.011196716730497,0.09491208711495562
