f0,A0,w0,f2,A2,w2,B,f0_err,A0_err,w0_err,f2_err,A2_err,w2_err,B_err
102.76920264940311,0.6292234228026989,-1.8828344197001463,101.53944434126086,0.41666901140502477,-1.2703877892832274,1.0114640624032467,0.014762956554646883,0.0874162242775673,0.23572610118398665,0.0991039300974254,0.4008504739448593,0.7296613294820941,0.18804958665695584
111.17460120327439,0.9449036677928219,-1.3201271288317826,110.04283924567851,0.35798821989248736,-1.3716156805694921,1.0693279406314655,0.04644373027335645,0.12569449576933678,0.12436666603171924,0.199178515781023,1.4344860177865135,0.9189675388064014,0.17315458073455023
94.23197377815815,0.44585721998959643,-1.765521350950113,93.19432128334162,0.002741873773752399,-1.3421526168798552,1.0121053533804194,0.01756609771170562,0.08118112748982455,0.2332647621423677,0.038750440535685916,0.10659728707224242,0.15720784282182707,0.08434337781829582
85.98819426973903,0.04044155762306314,-1.4806609187877,85.03433324257809,-0.30438309197316415,-1.477304227826751,0.9372106466865804,0.028356652116145173,0.09434047330883777,0.21360365948482163,0.03702526664759579,0.14914772974111729,0.2739190441113594,0.07743256451964523
77.91539203396451,-0.1166986175024898,-1.5556596804925888,76.72452808892315,-0.7027662475888792,-2.34550598270655,0.920710355107975,0.028514106403838346,0.11010724620847863,0.2740387139366166,0.026468934970474187,0.25078880892486566,0.7182952875197056,0.07873342957477128
119.64252006942341,0.6749056846834323,-1.3079683230376735,118.47096833650349,0.11620734291794219,-1.5197183020913256,1.2572025829797813,0.04345550735718957,0.10455890653681942,0.16254174597733076,0.23572227767865325,2.1741211648135326,0.9609237011347521,0.16755994823525253
128.26865946036645,0.23153932698677365,-1.2939721489459106,126.5753872483581,-3.8393644182079525,-2.923750493528246,1.282616856552333,0.03904096073701561,0.10879111286944977,0.11409801084219692,0.1878050158685672,1.5936984568153159,0.9763719806615474,0.0765155668126104
137.1082114300428,-0.29190960127672827,-1.4103130503035044,135.56072379809328,-0.7070184053676698,-1.537646021173988,1.0387921860740292,0.07987652824730533,0.17716306998578973,0.35294193064058976,0.15154771124818872,1.0843430719081502,0.7984774158004386,0.08033004450959437
