f0,A0,w0,f2,A2,w2,B,f0_err,A0_err,w0_err,f2_err,A2_err,w2_err,B_err
38.7538397862858,0.6089940290175586,-2.4039244879136814,38.08284675543544,0.2468086262941212,-1.5630961916998611,1.4505916504540732,0.011798136736644201,0.10748759118151542,0.3044256327200287,0.025652861925126426,0.1047881918205135,0.3042888003677035,0.061247164131500574
34.30144556863169,0.3241702127845364,-2.0307694879570217,33.630011371885914,-0.004295002485549801,-1.563964772597514,1.433955447609882,0.016708984240323417,0.09577467582665948,0.29169015921157376,0.029133613950641353,0.13102790904173406,0.32287587651827776,0.07972545077441451
43.09095400452094,0.22753151199054,-1.6328040023681154,42.399864435784,0.3255916313999727,-1.3363516086140506,1.4177560321545686,0.024949063638357197,0.1037831075963293,0.27358107902967094,0.031357335365701865,0.09611254330035264,0.14614267600429004,0.09291169552842746
47.481717153789404,0.10735760412323067,-1.397765663582911,46.79321726345889,0.17958405441663797,-1.311754413812811,1.4429393952244907,0.037544764918264646,0.11922116693560099,0.21385596794923775,0.04046535452459406,0.11406175816480983,0.1417182155865807,0.06468577032786654
30.32142721658991,-0.2596731432848465,-1.9186294952583953,29.702843731045323,-0.911583953754791,-2.4129519494650498,1.4068500124984937,0.02885264267301358,0.1487905684292988,0.41680318467789385,0.04572093290291205,1.2322543525270389,0.9009440786926488,0.10133576448627418
52.08284955552975,-1.6485247156020872,-2.6083201609248716,51.257602457152245,-1.5162660203018894,-2.3898086315942555,1.4591263889259076,0.07619786928937301,1.3485356058249298,0.9903700683323585,0.08700871833783796,1.7206345918570043,1.0664924452241697,0.05570197789391246
26.038897040082496,-0.943346223986327,-2.7308059349336684,25.59778242217871,-3.5703117964641398,-2.8083440995269084,1.3864951855528176,0.03668950422341811,0.8850530585610962,0.8302882051686624,0.05469536563219897,1.707817470978828,1.0241949117703262,0.09056923786403825
