f0,A0,w0,f2,A2,w2,B,f0_err,A0_err,w0_err,f2_err,A2_err,w2_err,B_err
33.57252053670172,0.39366548857518463,-2.29900494292941,32.88595555740702,0.09458407797036121,-2.077048365547842,1.290562194014147,0.01411525136818127,0.12207788634349835,0.40797001868238686,0.008366968433241756,0.13425829760712196,0.47650846578152806,0.18777557987508253
37.90048107769808,0.4323642950249704,-1.7548738721742316,37.23860274097691,0.22777222133897873,-1.3010731737327077,1.4227216226788395,0.020515225517277694,0.10566378538335222,0.3125174453617255,0.05319612275488219,0.1250374626859451,0.12662722794234635,0.09662610742056697
42.10776503400944,0.12540180367404244,-1.6917571882802966,41.491069769974146,0.32761572454008175,-1.3682766026365765,1.4007686031221485,0.028206908706522475,0.12592846035474284,0.3201667826937265,0.029842181799954706,0.10561189627287801,0.18028364009358042,0.10503345932090787
29.424779386806748,-0.22395875447963454,-2.136922386789307,28.922089856374157,-0.18643499291100946,-1.526657407987829,1.2722040255271752,0.02378104408702059,0.1787106084279353,0.6054936519544829,0.04275638486210936,0.1809670632384214,0.3347047455380568,0.17953548007315492
25.379714013225495,-1.0841638010684258,-2.97653506454611,24.90073397585179,-2.715168633885037,-2.83790901985152,1.295941822930041,0.033770754567436,0.8860150055444537,0.8653779322599725,0.0563863891686741,1.6311074955904725,0.983878680255284,0.11382381928540057
46.37898460428979,-0.27818740950480847,-1.5689615738180405,45.70735228462024,-0.838725815559295,-1.858799362564164,1.444055166661561,0.047958858882809347,0.17731650105472563,0.34622161949080277,0.07643485621582831,1.1861135967810204,0.8315371831126694,0.0713913105224716
