f0,A0,w0,f2,A2,w2,B,f0_err,A0_err,w0_err,f2_err,A2_err,w2_err,B_err
32.08154598627547,0.3952739783907729,-1.912181250731447,31.434280200898908,0.17764915652654698,-1.3775295033358281,1.4266180840956357,0.020194570782226293,0.11753086006535121,0.4717694948857383,0.03685107387606583,0.16188406799760172,0.38177096112143805,0.09531878038996844
36.19284148432625,0.3352444545773603,-1.8284373707536736,35.498634934143524,0.274651577029741,-1.331437666885876,1.4295727280240556,0.022854342831171486,0.11739014803641226,0.4103499215483778,0.03859972116668597,0.11845862016018538,0.1547355137130231,0.08939326544989883
40.33585806596046,0.058385928082027326,-2.1547462420745105,39.71599951625862,-0.08220740945507028,-1.4876044242415283,1.4257576899493507,0.018687735419241566,0.1392616495500257,0.47571131381802517,0.04200229990505292,0.15234413949772216,0.3349988313080638,0.0865386404566146
28.032766219489048,0.0683975925532204,-1.5520836776832767,27.413706656334284,-0.2891314141942084,-2.0528015666692117,1.325483789513604,0.031453292624695664,0.1346457674279384,0.288956225386589,0.027320083021923607,0.312563905234818,0.6466664600081798,0.17799832422379305
24.207885227006322,-0.689305370981065,-2.873796062526443,23.667369653654486,-3.2582922437820314,-2.6498902967219022,1.325408133306023,0.021730963536887693,0.49740163947708227,0.7538179642803665,0.05420733829024383,1.751934070444871,0.9756446102741646,0.13337879827901503
20.315754525978583,-0.971782153396914,-2.0992158201136863,19.887012139520948,-2.131312672568116,-2.493115068779582,1.026034671422309,0.040298162334179925,0.7274119084268026,0.7721781204548579,0.04675622222887503,1.3558475469502975,0.9333491697343173,0.1639140350572112
44.460742859336534,-1.9304978742103447,-2.4932801680304446,43.80071378694893,-0.6561778786818371,-2.0904794123754615,1.312820482390245,0.07936971621162205,1.3227788475287214,0.9913907828211044,0.052420148303256364,0.6172840732292851,0.8850328806255909,0.11552391966036465
