f0,A0,w0,f2,A2,w2,B,f0_err,A0_err,w0_err,f2_err,A2_err,w2_err,B_err
73.3190576942835,0.5213017533163916,-1.6244816633289416,72.41462937898696,0.4247352464629104,-1.2963028519952684,1.371256509964331,0.02102507436360119,0.08403856645860654,0.24063252550916742,0.023447790107485662,0.09334639193235972,0.11604288263359953,0.095123638261702
80.03953277234473,0.5981944468582681,-1.4490168940587647,79.13163569729528,0.4285385442310889,-1.4280743181925777,1.4812944960141954,0.02100602352815162,0.08065473899498705,0.21462098309029284,0.01182565190863738,0.08869363515025495,0.21804311867464315,0.024042889360051774
86.48414080831492,0.7177213854103653,-1.2403564493110728,85.29876658494103,-3.1181071984908284,-2.8585458752611537,1.4885351246170335,0.06325637933693702,0.08793587164455292,0.05674950894430047,0.13950639602804973,1.6910788892233894,0.9595360778318041,0.017490321014337916
66.60379143080715,0.29689283141402706,-1.5987145163870915,65.81768584071582,-0.05241315301517925,-1.5599457086925814,1.4691436896319563,0.026083617837678576,0.09533482532276213,0.269932118116193,0.02202443188228608,0.14103238106896707,0.38369812988590435,0.038906449427204164
60.26804412544074,0.10177960860584753,-1.7257789944636543,59.22862567408677,-0.23024373682968685,-1.5418684038446022,1.0779315030511134,0.021391586227551756,0.10753525755186182,0.36003548632415927,0.03596245426544692,0.15810925939666554,0.35154291390423803,0.14311913156529493
93.17982021204217,0.4198724585069191,-1.264775989657493,92.0754231799047,-1.8878606524025552,-2.614380144634789,1.3845969687260693,0.045819269105818815,0.10068429845866331,0.0726054912194545,0.14376766380860076,1.233604487029507,0.985977169452841,0.08606592097896168
100.13142222602163,-0.8530943781464875,-1.7382246290999792,98.72650365869,-0.6087605715243652,-2.5203249195329294,1.3228763971692583,0.12758091572147895,0.9229823062180416,0.8856084687590373,0.06264038398663287,0.2842174911982863,0.8657072076796782,0.08910125415174716
53.95459363997978,-0.6018884232102666,-1.892854622110231,52.96431954854888,-1.3714113530587395,-2.448480167312742,1.1259425773110188,0.059879070746851934,0.3171104312420802,0.7964002238898221,0.09865946357219241,1.113635763312755,1.0497316447143725,0.1316684073682342
