f0,A0,w0,f2,A2,w2,B,f0_err,A0_err,w0_err,f2_err,A2_err,w2_err,B_err
72.35695092798449,0.8973905793249476,-2.743706105237591,71.40339384448143,0.7023042019819983,-3.099796895449451,1.1572784304014587,0.00920695532642716,0.13582951050841166,0.33483364632118556,0.008006297382244466,0.16567888537417874,0.41518024465723663,0.11280475327599723
79.40993107264012,0.788137124045757,-2.290183308090834,78.51723929697248,1.0247470662543967,-2.933333439176332,1.3387907070254725,0.012483134001478104,0.09975945564581006,0.2805884809696701,0.00793250958086418,0.161525230442681,0.3800528293167083,0.10203571802799573
86.61739458548607,0.4799659353365424,-1.712330438485989,85.68344665345559,0.5183655835086156,-1.5860253265826887,0.9045979381037497,0.0211276043522942,0.08888821276487774,0.2369183137348948,0.009166550801163279,0.08624547974149555,0.24643976682117905,0.10258370629440433
93.96130067612565,0.11675670677424149,-1.3851690194033217,92.97446435766376,0.07709841653190229,-1.4559867178286963,0.9274278991199814,0.035115001846373076,0.11798011818246619,0.2166509777221995,0.09370467708445691,0.46390527540498067,0.44520536058132426,0.13552488298938234
65.19586561689961,0.13103406008179933,-2.0141704841530266,64.24262533418587,0.08540330849520013,-2.5015235702090766,0.9162635869564341,0.018569865379515226,0.11506349540301285,0.34304809294026073,0.013804852295331753,0.13457774692802338,0.4137493563754412,0.0962892459982829
58.39774899257402,0.09160431980635404,-2.9156191669221516,57.45451884012881,-2.141567293229971,-2.7757637809147084,1.346851244204304,0.01186223743270169,0.16886075406823295,0.485180220815902,0.09490704024095263,1.7856635983587235,0.9980144415084014,0.09324654367674876
