f0,A0,w0,f2,A2,w2,B,f0_err,A0_err,w0_err,f2_err,A2_err,w2_err,B_err
32.352769502610414,0.2938739868164264,-2.626874131999484,31.69949826952177,-0.06074213100787649,-1.7498034213251241,1.2835729287247326,0.01090661859328406,0.12071329579036934,0.32900637079518846,0.026219543753259144,0.13280504822378256,0.3435801655290685,0.14886528213777475
36.51752044498645,0.4846285173078985,-2.3221885046482726,35.90803045083712,0.1223450137973727,-2.4493300975122465,1.3763925665054395,0.012442097576022262,0.10540370770062343,0.3308432528050787,0.013090099630009839,0.12995428589992844,0.3750715252640954,0.111593445444091
40.688106684507595,0.09088106688709283,-1.723643886759368,40.027183815525404,0.3077042084726743,-1.5946204330750913,1.2887940843508245,0.028254569713590773,0.10892553294384062,0.29163652956955477,0.023633435651417255,0.1052713380748236,0.30497243366248195,0.1532364445543539
44.76006944587557,-0.024363106943654664,-2.0916597912018178,44.20559218618644,0.013626037031845657,-1.5381054108773022,1.3311484452595805,0.02051944436992727,0.1279834259739605,0.41076893536311465,0.027957714375081204,0.12377271488818684,0.2608257583652698,0.11425649338172539
28.542685847423193,-0.20656250008930332,-2.079772889756768,27.933628022305232,-1.3756934220173593,-2.6174405101263067,1.3537332716219728,0.023948969274156254,0.15052951644266405,0.45763469931033185,0.05582383598052271,1.4121923374513499,0.8908880470763663,0.11895145321781181
24.534314368222194,-0.9928015474018136,-2.6018576461237286,24.015054199960765,-2.4747161100839667,-2.9682857335608963,1.2823786605211753,0.03873065919387657,0.7495785551844057,0.9625977907338421,0.05148080821155334,1.4325003987340916,1.0446659371384555,0.13188853485714985
