f0,A0,w0,f2,A2,w2,B,f0_err,A0_err,w0_err,f2_err,A2_err,w2_err,B_err
37.75615941454737,0.37507437661848525,-2.263723657067039,37.080729049522915,0.36077796042066174,-1.3459441136617294,1.40548920641692,0.01430816149048792,0.11169357199718807,0.32373569482303516,0.030295578442201182,0.09313851738980206,0.16018787245197721,0.10225412343359855
33.434367113174574,0.2720265016280482,-1.881535826414464,32.76378450966348,0.1682321511926784,-1.6347966604752888,1.2352726424252805,0.02021576268463413,0.10213390686961303,0.2881084676318028,0.015406960267281085,0.11868252295642862,0.31108034760929043,0.19071532963933546
29.36407122168015,-0.1521941029433876,-1.7080433285051402,28.83994981413012,-0.4542296618507724,-2.3381630600047236,1.3934408979579287,0.028557284044970314,0.13758572041042716,0.3301218358925401,0.028722693129958638,0.26005387642508726,0.8234014453856077,0.11601037794796976
25.362564152175278,-1.3852087698603757,-2.6908895698370316,24.863029896678977,-2.1609549748696106,-2.5618813783098546,1.4309866302191034,0.04067757989059317,1.0272732728094507,0.9226623018220221,0.06219417738803618,1.4754771839737275,0.9594254372772445,0.07978506867178371
41.91606763327051,0.2830620510287356,-1.3307618235637535,41.29813948069391,0.21206787227415938,-1.4740851083856743,1.4173355279863538,0.04237999881615128,0.10316254071276168,0.15070205253729183,0.02912276104280686,0.11160112418602154,0.2414897251624242,0.09010073988909346
46.26212587057726,-0.38585986273244854,-1.6540892702616805,45.58694689172768,-0.38535048695540175,-1.5729245245596704,1.3587462610170562,0.0439631211522286,0.21888471339252183,0.5179253707938372,0.047687832193851726,0.2670703380664394,0.46926419680833825,0.11292375536444701
50.876116280274616,-1.2833039720164452,-2.392543043834994,50.116205139970035,-2.24044184951573,-2.5928977760855023,1.3713901526492533,0.08042434102359575,1.2911649965986656,1.026076801771658,0.09815501346230593,1.4610387565112317,1.0008137546363762,0.09861938067525516
