f0,A0,w0,f2,A2,w2,B,f0_err,A0_err,w0_err,f2_err,A2_err,w2_err,B_err
41.33048331542137,0.43002414876055545,-2.524643356537258,40.6352939619729,0.02005427639554322,-1.634243004873573,1.4083596583126676,0.01086204818491491,0.11880652192982939,0.32400677170591713,0.028203805941668783,0.11938106621078251,0.32855623038239923,0.0889780282187783
45.98425515731748,0.4707577942514912,-1.6804622491708423,45.29542504066014,0.3612719985473758,-1.3652914121367463,1.3954686126477664,0.02146200767173534,0.09219746786739164,0.2911329886850778,0.03156320084737778,0.0978024099954418,0.17678639910219213,0.10248115028540286
50.54945203308786,0.16580905296775614,-1.8483655279445754,49.88754963440236,0.2237818273744979,-1.4573639243326038,1.3999049688921694,0.023892197604115376,0.10781706509083812,0.3013640841120986,0.015898819266254263,0.11202710517164448,0.2759852486187482,0.09365122189080169
36.72025462045609,0.11578994513709925,-1.4950189624069583,36.03556266799139,-0.06616838025113736,-1.7008032819730512,1.243783018672352,0.030931077126954018,0.11320632044931225,0.2355502085068576,0.02357087233098477,0.13824840420701984,0.34107978350137463,0.17548926048383934
32.4139256308401,-0.3040422285344771,-1.9747202159933457,31.803601944571867,-3.015731380635899,-2.748559901967771,1.1746771553369724,0.02848141944040153,0.15147873675619528,0.42685115125253165,0.07092562074468473,1.6070145481919142,0.9630768625322016,0.11764313773240694
55.27665530344679,-0.21402114853964915,-1.4344905574531088,54.62568963005864,-0.7466118196653349,-1.605854351893588,1.3360650402955963,0.0448155487731156,0.1841660347297969,0.2993583242468599,0.10842387166893737,1.0045041573191178,0.9403824605727868,0.11884493544870857
60.33497271725034,-2.0028810303586972,-2.8030872236781583,59.553728146901314,-0.9723833242172943,-1.9497717988974268,1.2718030025352436,0.09515202524033338,1.3838079172838595,0.9748939413702208,0.1034543806484029,0.9702562450411663,0.9509597374792722,0.10539748136465446
