f0,A0,w0,f2,A2,w2,B,f0_err,A0_err,w0_err,f2_err,A2_err,w2_err,B_err
24.803184012810842,0.11862790141734865,-1.8863612663329354,24.246909988965225,0.2735050081170177,-1.3464358495296618,1.2643795558065527,0.022161823863499675,0.11378430371727702,0.3219427909779661,0.017135908883977514,0.1042322763137144,0.16695117314885494,0.19388033000862348
28.498562338238543,0.36428152822448245,-1.7338740574165032,27.948263665242923,0.25209713658425337,-1.2971691407419428,1.1648196742267998,0.02269551944415116,0.11085678313167391,0.35091170881110273,0.03960949439449203,0.12285025688788531,0.11504236502917078,0.24897185908317349
32.05579245369692,0.3600551444258661,-1.5194218165408948,31.4435132962672,0.3798978229896097,-1.2873919165749788,1.2925527353224884,0.026276099504239814,0.10624617037342646,0.2524246205951713,0.033420877611239984,0.12700890591921024,0.24677667456993238,0.22769908487184837
35.8608606696419,-0.1439284213785133,-1.6292984052479713,35.33410757618608,-0.4685972113817769,-1.5697895632424348,1.359476531061919,0.03270995580120598,0.17379362946803176,0.5057290205224341,0.05701944804926447,0.7763303232307017,0.6677435523876079,0.12107474569513368
21.454013860452314,-0.3774684741260217,-2.5590887772185456,21.046046786091765,-2.108457778165932,-2.791343867911509,1.4091939044727941,0.02052061019534139,0.1945611482357629,0.6828341356275465,0.04538932681979986,1.4897318338403325,1.013351705653445,0.09983428241237152
