f0,A0,w0,f2,A2,w2,B,f0_err,A0_err,w0_err,f2_err,A2_err,w2_err,B_err
35.02639107312496,0.22786845421596186,-2.4010722925967345,34.35373390818356,-0.21632652083243537,-1.6901445895232468,1.154526180507303,0.013138363890275473,0.1131631573742036,0.3094857035730343,0.03093767603081361,0.1788647618754267,0.4486465569548648,0.1801657704316576
39.4424911392982,0.45137538763970464,-1.6050599664279286,38.73645020740874,0.25262070943471715,-2.473950387126259,1.4478455516066038,0.0203808324852032,0.08402761020729964,0.24186924146636815,0.011875539345948547,0.13538520905331808,0.5371990598890958,0.07108665814188701
43.86841271195682,0.46251388384784314,-1.3975099223019798,43.15218079211751,0.3075051894085982,-1.378823293629181,1.4748253875183712,0.026340066928086953,0.09099684503271765,0.20363141402760118,0.02894181644021019,0.1024673161436171,0.1986282310597515,0.036973199189662916
30.912239333471142,-0.7611946800164275,-2.3941989448880086,30.368941840981133,-2.434937030868667,-2.5301701191714683,1.413783635232483,0.033163364970723065,0.3784629738254923,0.6854275910942222,0.07078633105624361,1.7279759309280567,1.0382792621747368,0.09054631987878127
48.194798324071016,0.3392890790994554,-1.3103835221348532,47.41123830550786,-0.20774767761486623,-1.4473707025641267,1.4485226299231013,0.05175204290695663,0.1056277864291462,0.1352906725006712,0.06640185514139768,0.24191203599069122,0.46329261291554996,0.06884828330926039
52.96774262206782,-0.9190311146087367,-2.070467976237797,52.20288026894687,-0.7378311165706828,-2.1011698784365525,1.3449382817477646,0.07980230011656064,0.6789402305216009,0.7019427498699171,0.08713944813039515,0.4687693240269147,0.7440919053990627,0.11136320355716643
26.52028450039632,-0.6880126921476248,-2.6969298927916556,25.96622406303502,-2.6421762444469215,-2.5236474267325812,1.228589206716974,0.022057706897041677,0.2605464104480305,0.6288183746106093,0.05916176342410434,1.6618670650302676,0.9811070349571073,0.1522209337218812
