f0,A0,w0,f2,A2,w2,B,f0_err,A0_err,w0_err,f2_err,A2_err,w2_err,B_err
32.25240203072991,0.24240466300946714,-2.6491055707974125,31.6859143930277,0.044663282638432125,-2.3608925916470778,1.1088633518601168,0.011394137155083976,0.14056497685676805,0.36791842302549677,0.015118294728201405,0.1332239010443172,0.4080737021841746,0.17176416031982486
36.35264317839026,0.5707953791275583,-2.726087401510102,35.8166908677144,0.3095488790223543,-2.442438233835987,1.3971718411782337,0.009139581553484719,0.13910623247243864,0.37608171536164126,0.013973958460857182,0.13123067646476627,0.3846944190908433,0.10636592981528369
40.35109988844391,0.4056565189684162,-2.7044062592401596,39.77222179564921,0.4404469834261757,-1.9334405755808557,1.176962764035048,0.011252944709711681,0.14338706187137668,0.3970878920119661,0.01754308569438324,0.09817832348615647,0.2905721699453752,0.15280771374916668
44.50854286439255,-0.0881325032035626,-1.6514243465270326,43.889981461430665,0.12791921431443037,-1.7710687218242138,1.0366312545825207,0.03045246352545391,0.14372442783636083,0.33736370993816767,0.020334346485167697,0.11132376058517753,0.3218048146223289,0.14810300641178148
28.386452259633916,-0.10605841365551118,-1.4042518028092097,27.864963844370756,-0.4761969745976657,-3.2911289730724596,0.9198757458985136,0.03828972832527599,0.16869999043855652,0.30272175952044206,0.012526475931498178,0.22562535438297085,0.6965261296164028,0.19015164847861837
48.56314847044097,-1.8480420655015184,-2.328801754900244,47.860038283870395,-1.8255952259108454,-2.409282141341167,1.332026705149174,0.09613333173573417,1.5117191069195568,0.9576587542996775,0.0909153530713286,1.572723820644177,1.0462841231832205,0.12036840438868036
