f0,A0,w0,f2,A2,w2,B,f0_err,A0_err,w0_err,f2_err,A2_err,w2_err,B_err
13.672233253809424,0.0011952087344981738,-3.2137510848376847,13.36176658932133,-0.22435232437709984,-2.5321147829473927,1.2966457632559403,0.008372233004974312,0.1612375807890427,0.4613465760825561,0.013993200841708976,0.16862973471347814,0.5330659068295497,0.16695671494762668
11.761549139791455,-0.38719216889451374,-2.5951592048672447,11.487361978541683,-0.7674731768718918,-3.0619799749832532,1.0600987680421452,0.015307897065849766,0.18344536488625804,0.5474888962749418,0.014971530005761692,0.30755807766448323,0.758986770360754,0.22998273631605534
15.680063184188072,-0.11055841437875516,-2.127934583783677,15.424160947318843,0.1529132898959682,-2.3371974470625188,1.0259343786972774,0.021383647672998666,0.17820915386102845,0.5606245271805014,0.005522927550892681,0.1287022044207177,0.4042445601721399,0.23652697450688
17.687690466389572,0.11594237903132423,-1.7410444772974807,17.417678099570697,-0.1584842865491377,-2.5746719341013815,0.8220134645008472,0.023860788112352743,0.13225293132633417,0.3314199049139225,0.006504984276367216,0.1918960175576902,0.5565415095115454,0.20084815898974934
19.790125189628277,-0.9973537328551618,-2.7455082988140473,19.45718854454702,-0.5750461693366734,-1.674937729364085,1.2844203144390889,0.032972599581721766,0.7645245666514634,0.9589464408694569,0.02882151601697835,0.5946206860480595,0.7144079044314673,0.16815518380173525
