f0,A0,w0,f2,A2,w2,B,f0_err,A0_err,w0_err,f2_err,A2_err,w2_err,B_err
71.21109097264424,0.5592031832202157,-1.2809757016392298,70.12816072412215,-2.6755544500268345,-2.3863590152348992,1.2869041994118673,0.035280572351857664,0.08825002494496793,0.1176742184293632,0.13264087601017616,1.638668838945416,1.0082532736678067,0.11646891702442042
65.32768651931919,0.3430077901863978,-1.744187447746104,64.60674073745221,-0.22960077636346146,-1.416812094438383,0.8884207321097187,0.01807144642978939,0.08447033064099758,0.24427354816458258,0.024149413413992404,0.15084819676348823,0.2521609300805703,0.09566686368960589
77.30050909573333,0.5180380646813328,-1.3940425477757625,76.40910575826447,-0.08206071527176569,-1.362456696493394,1.111106935936283,0.03069449307513776,0.08491063330025846,0.1894858861829078,0.11154365550171226,1.3405870441497283,0.49449200422381756,0.14468183633131637
83.24307223734681,0.3233989606510904,-1.3780355936027335,82.19254030959823,-0.7937940750609247,-1.5951534256098476,1.2990241141496415,0.03056064190187516,0.09600102285103763,0.18268782685748827,0.18162905678452176,1.0069842134140472,0.8904946590600615,0.1165072107288581
89.122917553433,0.274551481268391,-1.2874622402114315,88.1059541108992,-3.2126247288773735,-2.614331129467805,1.385322945877769,0.034934062329877176,0.10165105992741101,0.10749590664601333,0.14166151564843618,1.559214765386275,0.9415300984723444,0.07311394269030308
59.54086128327617,-0.03402555682499764,-1.4717377350202712,58.79275497803765,-1.6253331511757632,-3.0116666710088937,1.141826402710005,0.03200848858248165,0.12260558950109608,0.22719829758740212,0.09313581806437407,1.4112549037575581,1.040944856987857,0.10415522564680668
53.93182604645736,-0.49759430067209465,-1.9305971915184017,53.008123199238504,-1.358924533478536,-3.1181174515543577,1.0156290930539684,0.03217804957472271,0.565146445784399,0.4571050302777699,0.08496374917024291,1.167370854353954,1.0416397429370996,0.08939782571953306
95.41626769361599,-0.3073085840962887,-1.4187671494174658,94.17630964436432,-1.7222108373138614,-2.612621896023116,1.3932630296856403,0.06729972346760558,0.2559097058610963,0.3030281899700333,0.1288468297045811,1.583161699954252,0.967003342365515,0.0694524508354977
