f0,A0,w0,f2,A2,w2,B,f0_err,A0_err,w0_err,f2_err,A2_err,w2_err,B_err
31.606370753701942,0.46306493454211867,-3.114455339298689,31.133352975377104,0.15856546308634578,-2.7159749527447294,1.360958385910986,0.00900810256613566,0.17167329177431256,0.44509940781233814,0.012110770408360809,0.15496717983438027,0.44288206528032076,0.11813435156770628
27.995295496673346,0.4590336018914296,-3.0271541234134944,27.51832570016314,0.1227159615271944,-3.220543560407062,0.8920923895953439,0.009030461670777612,0.16383835553107906,0.41476338131285356,0.00930066639068038,0.173720210241479,0.5757055861228555,0.15848952312269274
35.02675233009751,0.13003071802652316,-1.7979908800727284,34.56446001609927,0.2446615612557252,-1.5819397526620076,1.1554273897250869,0.03002281670071083,0.15278621371767057,0.3717536348850119,0.033235382290325716,0.34039918920179507,0.35944948294031537,0.20853404781111437
38.57846200431073,0.15231905019723163,-1.4179775648478148,38.070503101133,-0.026148181724435525,-1.5286772525317731,1.219095246020124,0.04026909387234382,0.15920145275027614,0.3506502950015466,0.023234840837724206,0.2776716779439564,0.43524553222218687,0.16502942562208733
42.30868972406282,-0.22918339545385838,-1.4316784471254789,41.75197769078595,-0.11917194223706565,-1.933902853656441,1.1492653099210588,0.057755320832790065,0.44687750962142053,0.4555895986810811,0.01954215939152185,0.1687745589414281,0.50461305322471,0.16600103325581486
24.69678136416717,-0.2818399503129795,-3.321758731985932,24.245184543943193,-0.9028123993114592,-2.2434192246118605,1.2562457087753507,0.010157975412372976,0.1982845176458508,0.5350899200369823,0.0417154550503649,0.7652785306316692,0.8776246644695619,0.1622964738700135
21.263089004960744,-0.8954683938882388,-2.8098064018773,20.829995825628842,-1.9211624144511015,-2.3716068109753587,1.21629524491346,0.028380782917035077,0.6705696429508705,0.7573778860164555,0.052803234217976065,1.180927261729471,0.9759565881109961,0.14853578390903519
