f0,A0,w0,f2,A2,w2,B,f0_err,A0_err,w0_err,f2_err,A2_err,w2_err,B_err
42.019638763559676,0.48497162426433404,-1.8673141995626414,41.25184818625966,0.38118498365628983,-1.5595757945937723,1.2524758842782278,0.018429499355546893,0.10475445391292748,0.29414086309937637,0.024922863344920013,0.10370763749645623,0.2620763012174534,0.1896763781270576
46.77981476279413,0.34380221585505244,-2.12673841761447,46.143524639731226,0.6192686107751777,-1.5526022430049937,1.4447428579746906,0.017811509504675315,0.1249475028888849,0.42055066182408624,0.016666226080152738,0.09468872585678285,0.26252350866629726,0.06427934227996347
51.38447998020387,0.4831851975853935,-1.3565269917288254,50.69867803488823,0.41656884736755073,-1.2803178669714308,1.3823765891450315,0.037164102460186706,0.1157334214239602,0.17992351347833735,0.04677801598090627,0.13327315054404146,0.12273382163235456,0.12398775015977254
37.37202023301519,0.24519367981566986,-1.594903447871507,36.73975890799404,-0.5943831025281487,-1.9386828768606108,1.3670190316012698,0.028268400480651695,0.11365310221004978,0.28568987931612555,0.060897779098060725,0.8444618507498486,0.8251373677122056,0.11902424356437816
32.984635114852885,-0.3137206436728193,-2.5349982820569634,32.38352621698159,-2.482483411212601,-2.8700328064734135,1.3866968407512346,0.022551761081601434,0.19836342531884307,0.6987545369825705,0.06669954981003295,1.6143542535470379,1.0066127594242287,0.10396831191985531
56.19665792998591,0.029387160576173126,-1.638337775939672,55.417508161849014,-0.40433820493535233,-1.7032788045224012,1.4065198639058156,0.03430616272421573,0.12996613927612094,0.3031874374862653,0.09746289755082997,0.5207816943666034,0.7992428784463045,0.08818081424621632
