f0,A0,w0,f2,A2,w2,B,f0_err,A0_err,w0_err,f2_err,A2_err,w2_err,B_err
25.76344428025571,0.2897658208878279,-2.927462429273956,25.21394672487001,0.014039898793404948,-2.639061391503727,1.303203681136172,0.01133348427339065,0.17450513745099205,0.4544823054868087,0.009896668792234145,0.1658271797540697,0.51639525415542,0.14771172403147934
29.503363290612945,0.5624497933555895,-2.9943424063668567,28.941890635858524,0.5042046872247277,-3.253785550762547,1.3477466636875404,0.009191104732391786,0.17609912273090195,0.4071111951866912,0.008145134760942916,0.18603497081309187,0.4486485926196372,0.12005486246068585
33.13382345582818,0.3370312637713034,-2.9025065889822037,32.59290319985297,0.40588615971852615,-2.1976376480905513,1.3805695938878895,0.012140219016534962,0.16392962391214522,0.4424897078514402,0.016467235455399905,0.13034459466164686,0.3975425013832962,0.10957974850755209
36.98427668401592,-0.52007905995418,-2.05982299494447,36.44318551740893,-0.09230182054470873,-1.7242630565598618,1.1678793899740103,0.04333220191861424,0.38872081006555237,0.6613919703766574,0.026822017292446102,0.15300618244445405,0.3604696994378966,0.17134929467924523
22.279139402839313,-0.5682265299338847,-2.677943305148914,21.791635778193168,-0.9089286093307434,-3.06984775312197,1.348886010871114,0.025341550227491263,0.2844418360519832,0.7419867645066197,0.02933658575130697,0.943953306400073,0.8891099435359685,0.12974045645586677
40.80340012687869,-1.133497468434128,-2.262969211964385,40.080230792036296,-1.0592965242660326,-2.1564066524715955,1.240852771397433,0.08067422934219974,0.46905999275595933,0.8526093760247156,0.07473067832361277,0.9430399027330216,0.7909167878865203,0.13284881610702687
