f0,A0,w0,f2,A2,w2,B,f0_err,A0_err,w0_err,f2_err,A2_err,w2_err,B_err
33.99354769528521,0.4266730543453241,-3.2884274894069474,33.322316987796505,0.08053605222773505,-1.6038028715321504,1.3281931486547567,0.0072293075254505,0.17171639342202655,0.4368160657788775,0.01913571373431126,0.11316311093865841,0.29442110639143715,0.1330632754225471
38.4136104375332,0.33717776971982105,-1.6237226683913724,37.698181310611574,0.26191416450799004,-1.3243535296904552,1.2418911469462146,0.0278973116688368,0.10630873036797871,0.2692074237903173,0.038835612992068995,0.11072134496665788,0.1592985175091185,0.18934820851082046
42.683863482225284,0.37282779436322694,-1.667835718008901,42.01789364014911,0.32683966004955367,-1.613541497573207,1.4068261956072194,0.03019542822979605,0.11306047551518435,0.388966372894157,0.029203185012020565,0.12066493804462068,0.3500947540071878,0.09656044295000875
47.04084306782339,-0.21430582569605205,-1.6599526535980504,46.31854760277362,0.05481551546320541,-1.4085729384915435,1.3817998658825985,0.03844872373988057,0.17306663454750632,0.40350193419121494,0.040653496343737654,0.1447893580266173,0.2004421369834107,0.10702680206011392
29.971622833065332,-0.21933853113203644,-2.6956313108873124,29.448065151754346,-0.6773542683703968,-1.8409300290080368,1.412184357302297,0.014708440606294006,0.1648480349897703,0.46685736158485874,0.057322836113272616,0.5173206509169679,0.6954770701777109,0.08495837974726395
25.712879089754956,-0.6979799618039051,-2.802662773282071,25.211512139169898,-3.4584562306001816,-2.7828596493758857,1.2341612659791168,0.020971172727495185,0.2552717907179427,0.6844921482409628,0.05559759828440707,1.579135724357169,0.9882829293254127,0.11949790564849856
