f0,A0,w0,f2,A2,w2,B,f0_err,A0_err,w0_err,f2_err,A2_err,w2_err,B_err
33.599782228422285,0.2989657034065565,-2.535644208208522,33.06148288585814,-0.037773956290521465,-2.446840843160352,1.1695756402283684,0.01281693079101153,0.13894862708447756,0.4248342904275546,0.01623868403441675,0.15625392034481966,0.4645057641828393,0.16436708283365592
37.37433699083721,0.33611599474697296,-2.4118297807405615,36.80035968517871,-0.14103119772367745,-1.3939024837377658,1.2019861205991331,0.013426686911862135,0.12780393515548163,0.4032168161038913,0.028579428873262806,0.20597412193039327,0.27464977050051076,0.1755069717297111
41.01543068050519,0.6351808686742756,-1.397632900796394,40.506830653691466,-0.03389397226425678,-1.5327005943417369,0.6935587557889771,0.041096381831392026,0.12094714387950584,0.26449246880502236,0.026632139686176406,0.43352170242918636,0.49930186190174924,0.14534495730439995
44.909077829609224,0.3443032391752992,-1.4147083326043601,44.37781714864778,-0.20254909812299143,-1.6146483433829975,1.2297766351923738,0.026698845886189856,0.12434015576104794,0.26639142822766315,0.04235486268768038,0.3149102225989085,0.6792587367697875,0.14469025233464622
30.027565357457025,-0.010471962839538478,-3.2218223213240837,29.55377324008431,-0.4208411824643854,-2.2409965852958025,1.4165360577362844,0.009236635684386669,0.1914376421833392,0.5185544828180509,0.02580130103683226,0.236879432064352,0.5926664657075182,0.08477183526288855
48.64866278336269,0.2897755008249351,-1.284779288689102,48.03954956853621,-1.966389988492186,-2.5947179574878025,1.2966396878167759,0.061677652400474896,0.1405287884724388,0.15594000143648412,0.09440477648461242,1.5397879887574863,1.0347679046373817,0.14445811356351976
52.62409676919815,-0.9461894324398039,-2.7460165444062925,51.938019448357316,-1.750251408777129,-2.1780811209776485,1.187575478058966,0.06044126392812315,0.6894531500583416,0.9087999162397299,0.1011450684721133,1.6707868617896462,1.0198440695610655,0.1364928776944105
26.389913154296053,-1.1554931164308055,-2.654567032119531,25.88903231288632,-1.701500151126425,-3.1895254598617013,1.3695132305299675,0.04429968834966913,1.074833264090807,0.8851670992792325,0.04621396401709419,1.37811414195347,0.9307246958144741,0.10547287446381483
