f0,A0,w0,f2,A2,w2,B,f0_err,A0_err,w0_err,f2_err,A2_err,w2_err,B_err
25.429581823754035,0.29024087339872545,-2.536461874736613,24.959721831439925,-1.3434994148915647,-2.7625526706509502,1.2808411492414082,0.016005546569848185,0.19423291776166224,0.5438335874557121,0.05636032182815125,1.5514265483983365,0.9671480751908207,0.16498861753165694
29.094220253731066,0.3816561323747536,-2.178412536552427,28.539087387706054,0.21885201931966922,-1.4239573740354994,1.1439842068078283,0.021797830585542438,0.15228462251554495,0.4388988239158162,0.0461681896313286,0.19311141555958275,0.3274994215842607,0.2662792794138801
32.86262780680027,0.2592333356745654,-2.414937439032631,32.29863530769815,0.4715920066516903,-1.8261657719266662,1.387888448635805,0.019459782173279164,0.19210298872312653,0.5951513016396115,0.023677354123496534,0.1392212158224887,0.43077415902025107,0.14081699788071866
36.56284945414098,-0.07480408652185204,-1.6836211670469725,35.99215454581875,0.053049214933066,-1.4772984182238953,1.4099130327386247,0.04183683865554599,0.28185542607517894,0.7464354349296759,0.05737663581041513,0.2277359013147655,0.3955574980237717,0.10886201388174238
40.47667006392697,-0.6329985909135509,-2.0070561591206135,39.76457575273221,-0.8860654829093171,-2.147970579683263,1.3683195488070719,0.0811671574400136,0.8626312181547517,0.8965513716120203,0.07138849333047369,1.1747228748188339,0.8977005895770424,0.15549099174056805
