f0,A0,w0,f2,A2,w2,B,f0_err,A0_err,w0_err,f2_err,A2_err,w2_err,B_err
40.75493903996075,0.577516351878991,-2.256189628343536,39.96560079380846,0.03543521355506049,-1.406944960003798,1.0410743827765248,0.01192346625402056,0.096599964340205,0.2867440768023174,0.031306823130402214,0.13294607175955328,0.21294276921129457,0.19929139100855012
45.30615709660488,0.380853790513937,-1.47267443186596,44.548380466416674,-0.14211401714202898,-1.637179227096861,1.4419480241046423,0.02674245413922324,0.09326567857506099,0.21494914243251986,0.03884524876667983,0.18426647189856019,0.5247733459502651,0.06522840896768035
36.17717209422966,0.3318868501016342,-1.4121385196840124,35.44039775893154,-0.5637804491443237,-2.0536750269326625,1.0649323221095965,0.025433740210596977,0.0949818339583361,0.18226822332850434,0.03165086270484664,0.37417785583466967,0.5955858737376568,0.1989442245438411
49.85660094172162,0.18774361083303961,-1.477027636335706,49.17241715761564,-0.4354172362316867,-1.6279367553234267,1.452599812034788,0.029610165075188388,0.11895884873381156,0.30510483676013966,0.0825137561033014,0.7745276341896742,0.869720684630842,0.05318688791078574
31.928026504947834,-0.12426017822857308,-1.911646552882527,31.325593382152256,-2.0996354513199886,-2.1000789976118845,1.2059814687113741,0.02336412495638325,0.1484238977666394,0.46876631266668456,0.0726246700314044,1.7004860863607658,0.9298539740355902,0.1931292632134954
27.42417674413744,-1.121137942052959,-2.680320539654736,26.899219128545152,-3.642751679394918,-3.006468470401118,1.027607769325786,0.03618793700772969,0.8111402183397484,0.9026366218884782,0.06201924989935816,1.4501453739714643,1.0117499273010586,0.10540115608770506
54.604405032698324,-1.5034175428531034,-2.3061544644473084,53.78172173109579,-2.48744565757986,-2.8063084386569948,1.3411316538283589,0.10046478444138177,1.0838235067358775,0.9904267870523714,0.10417045280962049,1.4712113756636915,1.0242767006060722,0.09423202640379984
59.442603038129846,-1.1312073965011595,-2.248742448295453,58.62297712464964,-2.392027876140632,-2.832296625868751,1.1450208529722687,0.08497031909394472,0.5615707899621554,0.940149432000967,0.11020624675885299,1.656665521498268,1.0415894992024155,0.08875256977175065
