f0,A0,w0,f2,A2,w2,B,f0_err,A0_err,w0_err,f2_err,A2_err,w2_err,B_err
19.03123289044134,-0.2521021994345873,-2.441779066284166,18.58118228493695,-0.5473715549083077,-2.8411762968787286,1.1561020069804082,0.018914234941219746,0.17218087416037456,0.4944543576625344,0.012094005677018708,0.2648851329448736,0.7926194358794457,0.21437389625307746
22.010157442109634,-0.20436956110025375,-2.091529514481105,21.540704747013734,0.1538310152280112,-1.4648461117008722,0.8541768943509754,0.02393755499058136,0.17272483675599035,0.4897523725658862,0.01807615959674105,0.12022327426332527,0.2204775109287249,0.2327892085304757
25.275711884725048,0.37442056746863933,-2.1085215020455914,24.737020615374625,0.023419070757182768,-1.6294008156448563,1.2961733058328815,0.016993849283279152,0.10748621907928484,0.3250779831987101,0.025004252294488914,0.16913191342472295,0.45343898572526975,0.19603391294617267
28.46036396809709,0.2781794905375681,-1.9240615966851464,27.997780107980923,0.024405721360286625,-1.8328911197886881,1.4336654827730626,0.02186115831711934,0.12370540305124748,0.3796715074007924,0.02382824047375087,0.26684577870608917,0.5811565622878587,0.08617894583578185
