f0,A0,w0,f2,A2,w2,B,f0_err,A0_err,w0_err,f2_err,A2_err,w2_err,B_err
33.939423219355646,0.34232893750432875,-2.2543980622591517,33.34528209870739,0.23057704643236165,-1.3288638098700327,1.42500622335476,0.0145870212158122,0.10708471090681151,0.321798072595819,0.035129191955075745,0.11065518599477536,0.16479112383689704,0.09039098535394142
30.024438973060036,0.14140158466784794,-2.1023343421322997,29.529102598343236,0.016302129677783127,-1.39688121137852,1.4251497367518722,0.020054861278383046,0.13088084731668528,0.4522780799201867,0.03999980054903821,0.1581400616911224,0.2683445170574383,0.0844828621284301
26.307903226628333,-0.10981963782383099,-1.6842416436018883,25.789148718476167,-0.7458252652613588,-2.240170906096468,1.4059797178439715,0.027504825324549825,0.14234164561980453,0.3807226587044019,0.03364647585626393,0.5843354869195518,0.8734897696942567,0.12624363380476186
37.66224359744075,0.2521572613480869,-1.5405584496045952,37.10913236555068,-0.273133960195556,-1.5806033997049642,1.3823743031238802,0.027351048540426297,0.10163658762161576,0.25684860022826816,0.04297705280827775,0.23080639070866615,0.4051965569135244,0.10983773197536836
41.66270304445396,-0.3052608644428813,-1.628904695607756,41.039659899459366,-0.7453285497186108,-1.6371807792011115,1.4567394304779941,0.04805982879131359,0.18864832272452345,0.4744103668820796,0.08777181953486465,1.5612329103845726,0.8476343516257859,0.057373542173164455
22.706956074127216,-1.2551439795647479,-2.617760951781489,22.24484226707429,-2.0710166760844126,-2.5552643327957845,1.2784096460554757,0.04030167806936666,0.9800311724177488,0.9249694344786763,0.051400859500002935,1.5051504715239477,0.967037964275211,0.13621198834426812
45.569296496305384,-0.7980290399426044,-2.0735588629714465,44.93266958931828,-1.7446886762181308,-2.306055702864789,1.1680021657717727,0.04443666656128438,0.31691652189141606,0.765618898326878,0.10109849601568265,1.5595172224327556,0.8236474922913601,0.12741026112446172
