f0,A0,w0,f2,A2,w2,B,f0_err,A0_err,w0_err,f2_err,A2_err,w2_err,B_err
44.175061445819615,0.17258843387323253,-1.7240136798506853,43.48939280597133,-0.21737530137373345,-1.3983601980127287,0.8513999940279579,0.023251907376907202,0.11234008104526082,0.31918157996530033,0.04878079313704077,0.24547117585032738,0.42719258252632986,0.18159334389008627
49.13499327192148,0.1703720561792172,-1.9167211877901702,48.474101102388246,0.1135308336290158,-1.655749698831423,0.8080573511725953,0.01967668439445876,0.10397538545951936,0.32448623003486765,0.015708864291470212,0.11397909851988844,0.291778459263008,0.13510132031333297
53.997151911130075,0.31856578484798603,-1.4058572750020983,53.421613215916665,0.01800317223310137,-1.4585933360244887,0.8205252769451998,0.022854803837991666,0.09976452699822264,0.19105982897804513,0.02707497923657966,0.16197810775352134,0.3258883180852967,0.14687422207030706
58.97269237204626,0.15899856047077743,-1.5574365877075005,58.25334400621962,-0.41543947666357106,-2.0874145034245193,1.0872836688269771,0.027331596318009386,0.11189987901788988,0.2687527732274895,0.02992989761751639,0.23569830084246807,0.6338433622863711,0.1279781872609936
64.12193591226334,-0.2092147907896748,-2.4058998976299009,63.42226551783626,-0.5385184570379584,-2.4915520817724603,1.2459866108687128,0.07404158372245347,0.23941239142822549,0.3677665287684177,0.1195855440430256,1.5565360134016983,0.9134540524488204,0.11475951813859574
39.56011466068481,-0.41237363955881035,-1.8617635662262693,38.97535500187526,-0.5860503695353423,-1.957537808467378,0.9473163888237583,0.03530010647105778,0.1963508439346696,0.5155550617134105,0.03892920356682315,0.39290413924342454,0.6935725276977086,0.14590466724460557
34.71558086982661,-0.7410749823316473,-1.7986533314712994,34.03749151500918,-1.321450482642501,-2.6682777373511017,1.0539250995498457,0.04813383288938095,0.7121620264043763,0.8488530131706437,0.06260256291874573,1.0188480401984799,1.004004195849055,0.17337319421546582
