f0,A0,w0,f2,A2,w2,B,f0_err,A0_err,w0_err,f2_err,A2_err,w2_err,B_err
41.99045655799332,0.3790089350434057,-1.8977996396571455,41.243857677276445,-0.05624628257286371,-3.023557270766928,1.400269185003245,0.018916084457378492,0.10300534826573145,0.32305358951551655,0.012724354009114319,0.17510239826484936,0.6634749137672863,0.1016532598798032
46.76946783477815,0.5829027649131232,-1.969211294032402,46.11716692068615,0.09156489504194118,-1.6977764206606691,1.3827547963183484,0.017875687829155516,0.09739226643614238,0.2930030409341854,0.028008293235942474,0.14905786855168965,0.5205697288878124,0.11887623142593134
51.414059341374575,0.2916082629047833,-1.4100424606135313,50.7307255272171,-0.09751164221707614,-1.543395711150683,1.29523940124107,0.031429922228987474,0.1113462859993198,0.21838049749489968,0.035656593578665984,0.18060231637281055,0.37862969026680154,0.13861922609374325
37.38744357932321,0.1287281186313964,-2.257028811908422,36.6632727395756,-0.3041233212602472,-3.4070952313906333,1.37202967580323,0.01711650682001374,0.1297887190519478,0.4406898894007697,0.011070837293824009,0.21418161719168724,0.6447683508457033,0.1061166512877513
56.17059470957447,0.1668422930176862,-1.4022312039969937,55.32805533138027,-1.2684501818625507,-2.869040180734375,1.323195906137872,0.04616164215227658,0.1592853220945176,0.3012863429173291,0.11581743562367983,0.8769810071606778,0.9982699642452402,0.11353596937294455
32.85882662724274,-0.8557686101523955,-2.1060266342563345,32.257506761410525,-1.9357828636641243,-2.4192837282447917,1.0516630292699956,0.06369177240420437,0.7180623224163871,0.8238171591213003,0.07406363401269134,1.3685460215686323,0.9927092153674366,0.144369334021602
