f0,A0,w0,f2,A2,w2,B,f0_err,A0_err,w0_err,f2_err,A2_err,w2_err,B_err
46.864405471872814,0.33162446334539564,-2.579687110788478,46.13930757693938,-0.1027845161102807,-1.546362584505049,0.876666096845702,0.011881434748661083,0.12854112806172321,0.3319726503023086,0.03679283492907792,0.15434351185960465,0.4416320181107575,0.149651013630263
52.06864603010812,0.38080105783311013,-2.7696414659433266,51.42950583381851,0.343295775900501,-2.1905863402591694,0.9660265693397765,0.010793131582761139,0.14623846093514564,0.3754069924109284,0.01249342455101478,0.11322343896454651,0.31964227916850574,0.1213471875435681
57.23464722304836,0.4281910959046017,-1.9969337533121636,56.554041493464794,0.3534401810592058,-1.463351178377701,0.8309051113967468,0.017607274153054995,0.09980025783347199,0.313276200480601,0.014110010745828872,0.09699961876265162,0.21143004264980964,0.13866632079469565
62.42111679371742,0.21776348379632912,-1.7206802203900202,61.68071955744968,0.05514975387640831,-1.3733384370695916,0.8036706319920959,0.02439516398336547,0.10258169922498261,0.33822328626929377,0.012248624818767147,0.11762195277695375,0.17739728502463,0.10248194907747514
41.937676715955035,-0.26443426385486557,-2.038332122516143,41.24826608506722,-0.3888078783083116,-2.2667937830065785,1.0085875694736954,0.025820559546420457,0.1562951576480374,0.4520085512119682,0.025205539448338858,0.1954411492385269,0.5429217821794465,0.1364525468254514
36.899662984863056,-0.7930080800719328,-3.287942546940819,36.292620569676465,-2.2870829163133783,-2.502792587936436,1.0622281111689635,0.017076683201342074,0.36230475700402065,0.6690438101497278,0.07220122607653862,1.521351878856967,0.9898173124796474,0.09957438095942159
67.75587275013625,-0.40625465385927984,-1.5749792621355057,67.09265516580355,-0.3370716500741413,-2.255375823460887,1.0352247167310944,0.07328919111110097,0.34333972673189067,0.5518013262535127,0.019346213003542397,0.1668552225709014,0.5647913366101424,0.11329603105561578
