f0,A0,w0,f2,A2,w2,B,f0_err,A0_err,w0_err,f2_err,A2_err,w2_err,B_err
47.07254679655259,0.31885273507099615,-1.9478487668566296,46.371973664650085,0.4714159906455637,-1.5651127271851493,1.2714223219855614,0.017447639225519118,0.10043568825948274,0.28573237619285835,0.02107337090992505,0.08699083769306974,0.23943460359398988,0.14683613091727538
42.27480417687495,0.3947364525483536,-2.4175742771952393,41.559039716269574,0.22998867087516198,-1.4016755872496747,1.275115030959558,0.01176789898696687,0.11447951903633906,0.33272848184206855,0.029671026143685175,0.09980356623151836,0.19544435873096022,0.1593266328336901
37.636379862418806,0.017471476830972457,-2.2307403112143724,36.919125616581006,-0.14564234707185458,-1.935970877886463,1.3538528492753237,0.016582199938268722,0.118377956002278,0.3981202397824448,0.02459022664110201,0.14114839649237468,0.41216786682341505,0.12345224445893418
33.11350187319435,-0.4255121450690843,-1.7205181937509177,32.50442270820609,-1.6626284057375655,-2.2283569794356515,1.2738843923050465,0.04712079623772543,0.2500794817416889,0.553868889943757,0.06598893792381652,1.5535639032269102,1.0450656486381178,0.17299998501453023
51.62387222215456,0.3687269240860174,-1.4020186907105365,51.01377127665773,0.12251454940215889,-1.5476432956326411,1.2482999415832507,0.02827998383273035,0.09569566856648377,0.17377060204178044,0.011365626493029588,0.1364701617995436,0.36122981927862147,0.14787660548748047
56.612886813164295,-0.3070648758962708,-1.6018816513213494,55.81983401581127,-2.313305131004257,-2.791812618030121,1.44964786562827,0.04581433139643712,0.8621373769800315,0.4278656211934962,0.10387909278702172,1.8278340746634039,1.0351516620909456,0.0544584286383614
61.345782086919286,-1.6172649449570173,-2.1972273466852776,60.42974663622353,-1.8711908610173258,-2.2528680802882484,1.3649194711122756,0.10441687457216246,1.0844271578275195,0.9956804315996702,0.11204708815486834,1.8441589759738686,1.059371833841104,0.11039306078788955
