f0,A0,w0,f2,A2,w2,B,f0_err,A0_err,w0_err,f2_err,A2_err,w2_err,B_err
15.6029956465241,0.6280050534599416,-3.544408154168749,15.235144884519304,0.14303145484707824,-3.004764318903532,1.344334227407419,0.005421336944997871,0.1616674887315067,0.40341819680825963,0.00921702002521427,0.1532742996389692,0.4439936605845455,0.15284795861752856
17.839986394793737,0.08074923311127184,-2.5687674493901955,17.5061831723023,0.17452428354113875,-2.545728802794132,1.2994599908859632,0.013207550609730879,0.1450628364427021,0.4756550751653583,0.01272780540475711,0.1202591826613028,0.3794322924483405,0.1693318093668975
13.31215745654921,-0.2131051466852034,-3.293773371109065,12.992979401784083,-0.4783053877835709,-2.0047242687576956,1.3166612108367475,0.008942740813714654,0.17239661248072893,0.5797522029957329,0.024197580610927857,0.39824821331638427,0.6022329698208023,0.1725591176941526
11.230839850583365,-0.8666421479316666,-2.698746782237899,10.97916131145697,-2.4083764961769383,-2.5497503683428384,1.1733873590595136,0.022159485309053272,0.6147341914446269,0.7303532143292505,0.028910487867590047,1.4298055071525362,1.0248892171042487,0.1717483309546503
20.215049397528382,-0.18019709106086937,-1.9827901325042596,19.86584497519261,-0.6532861190237866,-2.619494058702693,1.208628537714635,0.022921538926434334,0.15431740067720384,0.42837703602937033,0.022195005002778684,0.29775229230767536,0.8392930350819299,0.18671754785956693
