f0,A0,w0,f2,A2,w2,B,f0_err,A0_err,w0_err,f2_err,A2_err,w2_err,B_err
212.1485602412919,0.1536782167179807,-1.5538883488490847,210.07910266396692,-0.10195450536706288,-1.3615377995863862,1.3229716529887439,0.03002277326806081,0.11960926765207493,0.2968889385083053,0.3450810757357357,2.0855961401208036,0.9277536677290859,0.11090916425715157
197.96541857208328,0.6120515171899069,-1.5136565392621262,195.9899500077811,0.7450394735111951,-1.3548680432814493,1.3735858854141045,0.0299674752093337,0.09833051046579137,0.19924298384778288,0.33031988862218165,1.9716533850729094,1.216051086541746,0.1355873622977946
184.0795628231722,1.0245007249745974,-1.9502094136528236,182.27197617429448,0.9757629687640512,-1.3433646858360442,1.065378545893261,0.024582852469358558,0.1435774761504229,0.3557868508970269,0.23329679544987145,1.9763349522207565,0.8369508467446933,0.19507207775283816
170.37435983104427,0.9631444516270983,-2.248152031519929,168.49653870017846,0.867721946505681,-1.2548541658218229,0.8430538565160006,0.01168414569780064,0.11386872586090867,0.2633650411278024,0.05059630587224481,0.19287132590978098,0.11755055681235604,0.09409861531401009
156.53365253245386,0.3975059067447758,-1.5068534201412742,154.62523345918208,0.08237997175850328,-1.485429450637054,0.9634321352913684,0.022971943749798114,0.08326881193604471,0.2142529336383741,0.031534906236477554,0.10594088715603121,0.2071536806979868,0.06530027199357286
142.85654450091863,-0.10355581451651619,-1.5863223096953145,141.04872444639764,-0.2960827689861161,-1.8318516589099625,0.9101010044030353,0.0326413308488338,0.1207051571811396,0.2957707385270836,0.03223873840960175,0.15697137647066164,0.5303377926631242,0.06311128678043265
129.5468831590709,-0.3935432594111739,-1.8022491622818113,127.62555021247375,-1.3839722332392934,-2.9412760877550097,0.9364715068553651,0.030040621960558005,0.16499807721811516,0.4712380636177043,0.1922975696207142,1.5804135104409023,0.9005391656307298,0.06024490377496066
226.19265799761484,-0.6756461658372876,-1.726008835955606,223.4805831015537,-2.325790318014923,-2.472604182763992,1.1302459877144266,0.2817452838193131,0.6454892434238545,0.8319296415299655,0.34341989278047863,1.4858853658224844,0.9300312479917616,0.05182429438744382
