f0,A0,w0,f2,A2,w2,B,f0_err,A0_err,w0_err,f2_err,A2_err,w2_err,B_err
32.51927920379138,0.26909553039952844,-2.8222618749385786,31.841385880376638,0.2941173579228833,-1.7200342704710332,1.364288180744422,0.0124803019043441,0.17623432822022336,0.5596001212499889,0.022347100144356168,0.11954423905277912,0.3448294118496673,0.13480629138094996
36.696885932914896,0.2469768068790366,-1.8305931840641,35.954986835966096,0.42556451008731466,-1.3309268848686053,1.433636837280916,0.0262811350911207,0.1405340783311135,0.4180794009453683,0.03390869726509813,0.108421576076608,0.16292629394397773,0.09755333140602349
40.81388218565742,0.24191701301386548,-1.5195654294468335,40.16263573104085,0.21173655450447618,-1.5274082342038373,1.1631607129276769,0.03588998601758812,0.13094774202073511,0.28214711530757824,0.032764096948539156,0.1462307788576516,0.31168677132971623,0.21474641775736855
28.442684124174143,0.08192696621416132,-1.620413330467471,27.853112184580606,-0.13934692652718672,-1.7117350512796956,1.3282257254762637,0.042324135735952416,0.17705820325397972,0.5025753487524516,0.0481683063901547,0.9085823154728758,0.7009651783738434,0.19813526484269398
45.248299749718974,-1.1105827731837143,-2.881077125185139,44.48251560050564,-2.2423106335881027,-2.5402644563945413,1.4246877521477204,0.056088887569546206,0.7113885572157358,1.0377278013413758,0.08981744382502788,1.7677402825009982,1.0612838277457433,0.0934115466025999
24.604261461061633,-1.5209229430520297,-2.893219297912293,24.129045666616065,-2.626964777298529,-3.0416008767692952,1.3391497426484864,0.04619665156603732,1.1808645880706052,0.9268468941201988,0.057625572832606296,1.3150276600775446,1.0157465805115735,0.1143297010801947
