f0,A0,w0,f2,A2,w2,B,f0_err,A0_err,w0_err,f2_err,A2_err,w2_err,B_err
16.30146167614599,-0.061750373784041045,-2.787978411917287,16.033498965941426,-0.21202812781450062,-2.4162401950265697,1.019262907445947,0.011612699384823176,0.14682278350951275,0.44423996781167147,0.005824234094103419,0.15859923212961133,0.4744327328501442,0.19551552700900188
18.174048439268212,0.05016595925397592,-1.9151188178536243,17.884757805727514,-0.7695244162892212,-1.7073084105978618,1.3666189716522887,0.0216070513653178,0.19148369098879173,0.5853459772610882,0.04443472454684091,1.3536737391967768,0.9258620144909911,0.13418568849039197
14.398988641520395,-0.45508728546831684,-2.4693001483154156,14.126835237470626,-0.40525537371128006,-1.806606658090626,1.2186517648208566,0.024535828732299227,0.26117046459870213,0.7751032929461952,0.02651055610039126,0.38379937344297044,0.6288633499030849,0.2140927169965473
12.672182789458335,-0.44859013589330365,-2.3421902896880553,12.407994856846093,-1.107173595549408,-2.595549051407553,1.2815417895306256,0.02290933139192715,0.22018199586967926,0.7032577395923826,0.025764433219245833,1.0240850042241345,1.0117052631426915,0.19741414864445672
10.749397972693613,-1.0726749820763262,-2.2208991769187794,10.518108075075403,-1.7301631203371441,-2.188281572786845,0.9615078862944136,0.029291214597540884,0.6043935806576147,0.7374018078763794,0.030346710923034224,1.0479259177833835,0.8551885196431218,0.17955735943771256
20.023561253194636,-0.7985394497819431,-3.4099979966252962,19.74225656869234,0.0026323178510343935,-1.499174410634572,1.1167055691727914,0.023595719636819303,0.34455017371808966,0.8169031424456494,0.02032572143747452,0.4005757973735136,0.3173421237609024,0.20829740281835873
21.997487950245038,-0.9625725652851538,-2.7280139224673396,21.624068948724172,-2.0393896615772933,-2.8013141048923713,1.4461823138626848,0.03406207087145191,0.9283334061999317,1.0239622946853655,0.05048337138975927,1.5400769108315437,0.9651356024749184,0.06775334871536756
