f0,A0,w0,f2,A2,w2,B,f0_err,A0_err,w0_err,f2_err,A2_err,w2_err,B_err
89.80578712744905,0.7098698128440517,-2.315831463747252,88.63037032601576,0.6518779745165479,-1.6609903328777145,0.8880355466507928,0.010608627661169183,0.09916026380532424,0.2512731873244649,0.01700027037989667,0.07021945985272827,0.20764672847693044,0.08766553091340576
98.53108561403869,1.0682159733796612,-2.795844161562778,97.40917279923144,0.9646524792335966,-2.287973328377336,1.353821810736532,0.008025697565237532,0.11451239309180145,0.2827500163455618,0.01055655763277023,0.09316582754719156,0.25083900979178464,0.09276942405723092
107.38546725217344,0.7342254107005726,-2.0067914422079216,106.23421787133452,0.49485784415735734,-1.4966254324341717,1.3798954514394661,0.013586377110612816,0.08736743134280446,0.24652073328150712,0.01796842075845263,0.07960065081073625,0.22326300690301454,0.07719272574468747
81.00021721182057,0.28075032042448267,-2.5148502969446387,79.79425454170101,-0.02150665958898955,-2.435341542628888,0.9661057511409048,0.010838892452813161,0.11355280226686298,0.3573463008363108,0.013852084228460253,0.11770115096571102,0.3250336005756846,0.07294855554105675
72.589912794875,0.1008586391095255,-2.490531295675937,71.32206593421533,-0.5113500695028776,-2.2151176375704638,1.0788260019789837,0.012411928661672256,0.12018841808305965,0.3225521581710784,0.022120031894194158,0.20145414777906784,0.6316952024718868,0.09015443231254563
116.3349347761323,0.08681379219965649,-1.4274804137032502,115.09169412940916,0.01158437385932709,-1.309333945353852,1.2800352337457257,0.038122157584742654,0.1148555626417088,0.21205020143505604,0.17628833877109354,1.8611233488579377,0.5610057756921648,0.1263120317732752
63.97434128519418,-1.080539023790242,-2.829631491046733,62.97963409349977,-3.6647132894027346,-2.7882094910647743,1.1060557580115071,0.047037907084018546,0.8980637852208376,0.8341783071286271,0.11663678002573198,1.4943790688334326,0.9831768647724621,0.07124264433262548
125.38864088965414,-0.7496732096344717,-1.6650001723546535,123.70903003449524,-3.090781186018793,-2.492810891916677,1.1770547925773418,0.13716284018183975,0.6688257755225189,0.7477073295505311,0.18115168569667714,1.4739764928361392,0.9597295041353209,0.06408739300497274
