f0,A0,w0,f2,A2,w2,B,f0_err,A0_err,w0_err,f2_err,A2_err,w2_err,B_err
80.93695439485838,0.2850896872465761,-1.552970183403172,80.0995660145951,0.32860872437883626,-1.337609940242469,1.4118088769237283,0.029811461432099944,0.12295613807019896,0.32316955007114584,0.01323587716080361,0.10942405295316496,0.16245765468788362,0.07604808172669553
87.64097781850307,0.5303903018373441,-1.3263367761968936,86.74139215220158,0.17586795693278293,-1.3243247148654285,1.4297711417291825,0.05004459636429865,0.12681819246855314,0.1883520445930685,0.07250549661731583,0.7303673297091988,0.5998963157114455,0.06928794159777046
94.40218456655907,0.5363056854851791,-1.3881915077623186,93.52419011831452,0.14253665078088118,-1.4025133747646001,1.4141969127214704,0.026209876120503392,0.09997999986031376,0.20533143288025976,0.0349508894267828,0.16205661226126314,0.3948837229897136,0.06420700481279329
74.03521771490819,0.4412403108040079,-1.5118797812545237,73.07709485335957,-0.290820813124396,-1.4071975870411544,1.2876736847823722,0.02692292413835978,0.09352172857016704,0.22903595486844391,0.10344202655019594,0.923866131470846,0.8868845485330124,0.14712954679996373
67.66921559852486,0.25424449831919804,-1.4049287552635459,66.83700910051238,-0.546140396275095,-1.9524219747515779,0.8646588194862764,0.029691726151107357,0.09996784196868029,0.19540752996842106,0.029786190535782422,0.2521564767151608,0.6087519188569304,0.10595955811125309
61.21091946399952,-0.22605363652752625,-1.9432272620609385,60.345021505797085,-0.5202762973756104,-1.5379589232787048,1.1162393599993299,0.030543873752813883,0.1681770329655147,0.4570925964650937,0.07230747531059083,0.792415430243427,0.6694651587357765,0.14592960054379833
101.15852289884319,0.1346282550520023,-1.3150978571776384,100.06345960094473,-1.3301745641316187,-2.5423330779154045,1.4416246913574289,0.06693010158383372,0.14086472928411212,0.16826792596494017,0.16736268507216262,1.1136906696068234,1.0613087972585942,0.06049702088937765
108.09007755894515,-1.4827990349239397,-2.9183960285645045,106.56836343272823,-1.9606463918379848,-2.4573476597651416,1.4647698147002293,0.17303078855848605,1.43854163868008,1.053388915283572,0.1879840158762442,1.3797545511966336,0.9862827883599696,0.04183545964573987
