f0,A0,w0,f2,A2,w2,B,f0_err,A0_err,w0_err,f2_err,A2_err,w2_err,B_err
29.416909182663343,-0.014216979244522976,-2.6316662939913504,28.8395600645631,-0.058316943018339354,-1.3673198719704072,1.390757956517768,0.015260703700090535,0.14829431954773625,0.4656601638820442,0.04253558906119204,0.1743802296932355,0.3214250193980842,0.13194013744034136
33.21073694650053,0.24019065828458427,-1.5412346734092408,32.63494543757007,-0.14338449836470293,-1.4263466381799372,1.3773253166974793,0.027891973638239937,0.10401506500299454,0.26969603824927113,0.0565538451221404,0.19764953114089767,0.3926866295362891,0.1280632798492865
36.95743891370856,-0.03279704679632485,-1.8677126841179523,36.25948535561297,-0.052290140509226236,-1.3707699501607598,1.38529644556102,0.022646170888844776,0.13446974092410738,0.4027615182269028,0.0377563374079159,0.17686578674222997,0.3672896830472486,0.11375317499959427
40.88800177083448,-0.21243751096492786,-1.8994571586578608,40.18608195257511,-0.7723357489730313,-2.4605136754542567,1.450861106695653,0.02576825605655393,0.14591201981403948,0.46755549136210367,0.04946369689911299,0.7371158301014286,0.9768200948177668,0.05964125635629725
25.726054921574143,-0.24848730109218164,-2.414666520059275,25.24090056314229,-0.20826839213270576,-1.3712142411377983,1.252006806102411,0.02007456210551754,0.17015006179036057,0.46965204834554564,0.048321729891297814,0.24758157610633505,0.35267481793651134,0.1967408569570127
22.288662331385538,-0.7281935746567747,-3.321315163735859,21.794418179598186,-2.24696778237902,-2.633223180992349,1.2475678562308292,0.01641985732667137,0.2849228407529231,0.8006487986950181,0.04758975712685161,1.471712001004375,0.9665102279875937,0.13485850121099968
44.638813970301484,-1.4021676530241334,-2.602575739701603,43.90148591045645,-3.08131497257592,-2.9357087981160266,1.35087821979151,0.06364044992079254,1.2258787823408437,0.9474122851734621,0.08613164475876327,1.595740428784788,1.0179594173215811,0.08936342835305945
