f0,A0,w0,f2,A2,w2,B,f0_err,A0_err,w0_err,f2_err,A2_err,w2_err,B_err
37.05745633586018,0.4536766405812396,-1.7093951461115773,36.41605855710284,0.3914765822775017,-1.4577431073739346,1.3635942820838105,0.02280225774427288,0.1021094086988626,0.298987288390351,0.029264684730220994,0.10677016765576369,0.25077930238585067,0.13865525374371693
32.826491972771564,0.10695785767894943,-2.498513655913529,32.215868361473085,0.1345966411615968,-1.6926987758783505,1.2417600759115435,0.01633352166531125,0.1438882699521542,0.5066647739241652,0.02824369425300417,0.1221665715993103,0.33198839189935847,0.17164579616995063
41.12860669715224,0.3536440351363969,-1.644704229767465,40.52632291460976,0.2055752699587572,-1.3434524354984285,1.4071238339243015,0.027397532306531032,0.10422261969880506,0.27848352025281303,0.0331938919749558,0.12749781128471385,0.18778784014168798,0.09512915413039483
45.43825468753242,0.02224045619691526,-1.6554957699411708,44.768844759592014,0.20861700097547137,-1.4475907957453495,1.438864472067595,0.06301234712609881,0.24516704181818597,0.6133519743205939,0.059913251418105176,0.677583014686372,0.4252769737288865,0.07192914705828232
28.893348240519153,-0.16957256951648014,-1.7416236166234487,28.333725126487536,-0.2834951028613305,-1.6987467312048836,1.3531033166092519,0.03575426392932771,0.17050924270807452,0.42431770700640775,0.039051251551143605,0.22761546168754676,0.6469476890850365,0.1400466879844424
24.909669162142876,-0.5781643111300003,-1.8884226107071798,24.38581801717234,-1.9102525440509552,-2.854185414484307,0.9581182820766962,0.0408272090005595,0.4534994406463208,0.6869770711013181,0.04927102256664309,1.1867944960208385,0.9400333449636046,0.1689573357055415
49.89467774021714,-1.3821966171522397,-2.4386728833704594,49.120778095816235,-1.430468806983379,-2.3911278230938726,1.3971455180346979,0.0785742563638048,0.9793439295621227,0.9769558508498805,0.08763012245119281,1.5684783803803506,1.0257912677247834,0.08884548154963075
