f0,A0,w0,f2,A2,w2,B,f0_err,A0_err,w0_err,f2_err,A2_err,w2_err,B_err
60.29777172998279,0.863729524790119,-3.0181479747364413,59.497642464040155,0.7469992342214125,-2.8883432432302687,1.3128848454911122,0.008118581430570163,0.16372809811843939,0.3953577973289989,0.00972726949747697,0.147556865175804,0.38473951588000754,0.10934469057716864
54.313227646749056,0.7771959753109743,-2.301922715740497,53.507312918668816,0.5253390741508996,-2.333284670917604,1.2733308708791757,0.013334665698456755,0.11105127320284426,0.3152640771422227,0.013751792821067737,0.11496249503996878,0.3510164803030182,0.14227145335665833
48.41536045636407,0.11085270784995548,-1.8876601904664603,47.62847509324844,-0.15529861921383498,-2.2916556815944515,1.2914055987752886,0.023871602296419752,0.12111639942286642,0.41529023089820344,0.02062059760379921,0.1597694662691871,0.5806656663034708,0.13663401022776378
42.829495566617325,-0.6452060571106756,-3.7897081947381035,42.000704288009615,-1.5396096845747258,-2.7823894020550206,1.3298449950697897,0.014011380294669853,0.24641935327556122,0.6770409449252573,0.06438438436304418,1.3718130466960405,0.9910868285400619,0.09851742175429036
66.20911982466515,0.5655324500554674,-1.8198304456781997,65.43290578552255,0.46609189183090843,-1.677288060898055,0.9650146426815917,0.01788172746691136,0.09124102351790969,0.2681330714652818,0.008231216352791636,0.09278279600534745,0.2521294930557106,0.1273335944760458
72.47619860747633,-0.34138339230259124,-2.152837453086387,71.61338018767897,0.12646165283727429,-1.4004671918719143,1.148525931185789,0.03333274478108457,0.4907994503445896,0.574952219622753,0.02535887508588008,0.1119063123284285,0.20316896337236948,0.11840386811331947
