f0,A0,w0,f2,A2,w2,B,f0_err,A0_err,w0_err,f2_err,A2_err,w2_err,B_err
32.9783414979806,0.44060635859705105,-1.8036963115270654,32.44944924426388,-0.1790489014857273,-1.6076302286685193,1.3365718174545944,0.018504970576585768,0.09157291920166954,0.2806543546998805,0.033101068371290954,0.22941595726681188,0.5241925407001081,0.15099948802118177
29.30234623746916,0.5321998457656488,-2.452956878719192,28.65433224068959,-0.12743695436066493,-1.908940625577124,1.4099455206852836,0.010551350180852338,0.10682829729946529,0.3202327846669586,0.019467609936576872,0.15747424500964663,0.49768337295996457,0.10961969825779964
25.531707060020185,0.05294156999367805,-2.5955495750889814,24.951542963015704,-0.3088965702410293,-1.9985383902539688,1.346622270944991,0.012126618033367788,0.1395254868939265,0.46159658123673014,0.025708891524962488,0.17051775533611774,0.49229922053900566,0.15116896162534404
22.070192829264904,-0.17028484804993627,-2.345530333448312,21.594508924734466,-2.3307450856762864,-2.6018552328481794,1.1517302595693604,0.016491150268664104,0.14133259185744376,0.4119603589118178,0.04981289269787592,1.5844764453588744,0.9833723914173005,0.1368295871469913
36.75584623353482,-0.3204577488737489,-1.6256578248451843,36.22983097695859,-0.7844264450124884,-2.3645796790512055,1.1930589044039073,0.0383750746603452,0.18231477969857304,0.43803046722420347,0.05351099883820027,0.6455448552304014,0.796205693743639,0.15060828981417554
40.71609668121887,-1.35277190951198,-2.667006149664999,40.007085797303546,-2.991311868067301,-2.8951133074660866,1.155672143099814,0.05666553626176256,1.223985262899858,0.9723473234818842,0.07863806210729105,1.4962864103513605,0.9994607291304198,0.09369451790256282
