f0,A0,w0,f2,A2,w2,B,f0_err,A0_err,w0_err,f2_err,A2_err,w2_err,B_err
49.59870272442473,0.18922047042882745,-1.564533404328426,48.81679055226594,-0.07872168416129502,-1.4731873234742692,0.8326930716334511,0.02245708688455877,0.09402191771751295,0.25053098685902025,0.030265703066115597,0.12423496184964367,0.25743175059987444,0.13987211373936603
55.066460669399746,0.08920841349509623,-2.7150921196542335,54.318117405525555,-0.05983968113023519,-1.6607640997472446,1.3802032399362576,0.011533906282421262,0.15180691526400072,0.5408134974819647,0.019629141536778957,0.12570422611536614,0.3156115038099247,0.09806715568880937
60.4541286637133,0.28087751395056126,-1.4225011706303612,59.687914486320906,-0.13871527104906828,-1.325239568355346,1.0306918883399414,0.03382060753036889,0.1058981298850798,0.24959537831892062,0.07618342133757813,0.5040903811583398,0.8181517554577165,0.16878770072785063
44.14732303030344,-0.2885538724383036,-1.9159198675450453,43.414462652345975,-0.37427216850963124,-1.3647286761740514,0.9112498369623315,0.027488500581979526,0.15389652217696062,0.4235646850660601,0.06449978795121725,0.4779335153806399,0.42547460349701327,0.17205166154513538
66.2340565978135,-0.297129442901979,-1.829469627640579,65.31972245444864,-0.7536942350189175,-1.610628440257184,1.0925142594236679,0.04357606609291121,0.18610644887977223,0.6899660774511847,0.12899424958442407,1.475945065939942,0.939634187434983,0.15098149918622986
