f0,A0,w0,f2,A2,w2,B,f0_err,A0_err,w0_err,f2_err,A2_err,w2_err,B_err
18.435851332944083,0.1209535237764156,-2.8805670265278014,18.017521011757225,-0.21173338309193,-1.4935679693641553,1.2854592783614491,0.010251846090575466,0.17779493442042052,0.49587181959722615,0.04099862089913268,0.20729350262273222,0.3238336760014769,0.19425314929768067
20.86555914640401,0.3268189773647329,-2.9076525613293818,20.510750342129633,-0.12813697559680354,-1.8384480454932346,1.2580366838833301,0.009866498665152207,0.15777190662996016,0.45200080456097846,0.022965576478680316,0.17924240135279035,0.527653926877332,0.20297904663744323
16.226431433022526,-0.04816056307720261,-1.8447967128406884,15.888665366446213,-0.7502609590185796,-2.812850036971036,0.9075774969003411,0.022918425656889417,0.15102646695680214,0.4054765213090409,0.02084445131748185,0.6490314966739333,0.8015455395103581,0.24531762801986837
23.093931356584235,0.5148681068404526,-1.3949170508899567,22.72248838651945,-2.988202569894433,-2.809301038079667,1.1498372190817534,0.014889043171618517,0.08939468040661687,0.1681075351143871,0.05044146628183796,1.5757048858642608,0.9697419868019204,0.202075855572463
13.888263956650434,-0.8163645608649144,-3.618964576704566,13.590121461392044,-1.7363429801359522,-2.58760593806936,1.0527546802084045,0.013340640701528798,0.2928526126106199,0.6798786738824328,0.03478218552368216,1.35176189247599,0.9514554916430007,0.1675197398449657
25.630483145123385,-0.2685011916953949,-1.5908619044629846,25.13280151341749,-1.172897624437173,-2.2080534451029914,1.3845723150616243,0.042128364139059904,0.23802719477533085,0.4156250517023691,0.053938357260298234,1.0862311072395485,0.98523439233215,0.1400813485002109
