f0,A0,w0,f2,A2,w2,B,f0_err,A0_err,w0_err,f2_err,A2_err,w2_err,B_err
29.823378431519956,0.33703107892745987,-1.7058871146360444,29.245466617196378,0.3573651089040051,-1.438613203138817,1.379317241979884,0.011249774198593012,0.10459652568718804,0.29346354301971456,0.02510213087088183,0.10670973243080124,0.2259691288439862,0.12565542493447215
33.67771718527241,0.19622464006729046,-1.6544496073128974,33.05160440638886,0.27682848501293567,-1.4464513078156693,1.3739900419939737,0.025169736361485794,0.11372174197464134,0.29579778197878254,0.028867689409349116,0.10797265968288479,0.21957642472435993,0.13604964997457072
26.04877099231763,0.18995020687482866,-2.3904994296187585,25.495633779909674,0.08506909201784331,-1.4734895757374515,1.3816085744957838,0.013594428485198148,0.12105461966019353,0.41584582576421303,0.014174286527838984,0.118793879392556,0.25918822548379145,0.12787584718651102
37.508262928685355,0.11001974080613838,-1.4892543571380665,36.860978584850855,-0.11111275820390928,-1.4348392345307903,1.4062666013408274,0.0334558250294011,0.1180300867212522,0.2630900278078903,0.044215935217848924,0.173583986815065,0.3117151463672104,0.10184858244940657
22.52432201723328,-0.19758228866830801,-2.532646928769932,22.157245703074118,-2.4484853181826693,-2.6717924206273076,1.3779910099882915,0.010888989975382412,0.1499551469336213,0.45636351158692723,0.05129380520045742,1.5821499841353415,0.992592568957034,0.09927580503233115
18.811460576768383,-0.5735678050778088,-3.0657627710811077,18.415457312225847,-2.1102558971700276,-2.496286779013987,0.9433559716970037,0.014339820059179722,0.2007610176927974,0.6329697101975784,0.04837495933942257,1.5537663440139764,0.9886568047961513,0.1419950990593755
41.57708784447281,-0.9813151172109927,-2.0881017503698094,40.89016165524146,-1.3572728540988297,-2.2047086109501373,1.403221457460834,0.06439380903199891,0.6486987591954126,0.8117327799221514,0.08920500589205442,1.174910597278625,0.9907071651792292,0.09708702886533466
