f0,A0,w0,f2,A2,w2,B,f0_err,A0_err,w0_err,f2_err,A2_err,w2_err,B_err
32.53766573150247,0.5331551815273456,-2.2070446979720706,31.88479033205012,0.03673105788924587,-2.4767347952783725,1.3684720915445934,0.012406396344148836,0.10089886046569278,0.28706162371946714,0.01422862054083997,0.1288639755038796,0.4431708408493736,0.12136206470006523
36.69673156909594,0.41909957691335187,-1.971381782741348,36.119473609619924,0.44999933772373807,-1.327383308326436,1.3790044553270573,0.018094331011683052,0.09920155046762669,0.29434698837899115,0.02815468819652653,0.0964036018039048,0.13975667307128434,0.12525309547383756
40.87772424288225,0.3355889981244966,-1.6983507231935555,40.239647206383054,0.1983681789527667,-1.5174466276728795,1.192777825228755,0.021052824529362607,0.09955447741133491,0.28099588046823104,0.0284023608376625,0.10716729438648669,0.27822731942712675,0.18711751696498258
28.506288023015877,0.10878723222298894,-1.7667009972748198,27.878988125506652,-0.3517744276408192,-2.186138141181263,1.29781413241653,0.022213331578557326,0.11426704972947582,0.3265872740985231,0.014832266582692719,0.17418346382778122,0.5085240279528898,0.1710290865176073
45.11904190558035,-0.27363699124468643,-1.9874664006253577,44.39452132055967,-0.29232793830346965,-1.40913135546276,1.414959458528973,0.030678589700415593,0.1783997999760921,0.5913156375966185,0.05766059467826009,0.2235791826965394,0.322604986909145,0.0919026658911691
49.61320476174664,-1.426921634244884,-2.5499665201172506,48.88972412051004,-1.000486435533166,-2.3176309159721384,1.1707072823774038,0.07532784036956776,1.384460215029774,0.9399037618788157,0.05944265776777605,0.7787250696748418,0.865051929569746,0.10382546295887495
24.59007105822314,-1.0911072846875727,-2.1106308317231326,24.048419408637017,-0.8766884316562777,-1.904768360261894,1.4343034483614723,0.048054965124503864,0.7950715109095703,0.8652041230748745,0.04526722264939946,1.3281335984162284,0.854798133512802,0.10298922309869443
20.742336261715522,-0.9823392711180308,-3.2733997336623375,20.289757920753086,-3.4355512843394145,-2.6958793238773024,1.2539119392654625,0.034952842095680066,0.6216474381505246,0.8717737274631889,0.049654850071376294,1.4930607714578976,0.9722087374492376,0.1148639381103494
