f0,A0,w0,f2,A2,w2,B,f0_err,A0_err,w0_err,f2_err,A2_err,w2_err,B_err
57.3617035620253,0.771572093284034,-2.6177042669572463,56.61938391315078,0.7318444682545023,-2.4692715192541317,1.074785416014416,0.008938099350308204,0.11390970417182747,0.28544109850305044,0.007752826579205383,0.10162408506420284,0.2969999011230385,0.14251893409452668
51.689269748185225,0.404008172799704,-2.314920322376253,50.87384466486474,0.30364387860640674,-1.7878637388812955,1.0024270242444522,0.012250408020662577,0.10479677891491777,0.32071914134627044,0.01854171584399128,0.08800822970612898,0.29370441142830617,0.15224802684987726
46.04290609305899,-0.1006112175069629,-1.9832794663855218,45.329123988584115,-0.38835692416493084,-2.31710601654667,1.159800141742029,0.021332748555996074,0.12424194293134447,0.38709621736868405,0.021463046703186685,0.17653271624800845,0.5953871975224676,0.1366761239565092
40.73731881190959,-0.3618583032076469,-2.04476545347482,39.88216733143329,-0.7094089730020252,-2.188748513710692,1.0237661367331543,0.024276360944179294,0.1714363384974437,0.4970446620607907,0.02980249344137396,0.3950386086673293,0.6438310224607221,0.129836647924527
62.99154056074114,0.45422455600801825,-1.4905732928209592,62.17129770840046,0.5637599345453488,-1.398073395908892,0.938043448951456,0.09382604043262831,0.2542763036615395,0.22814096535507425,0.10341024598525736,0.8053603725534861,1.0613117980526643,0.174159844851915
68.87990347616017,0.15993006327268552,-1.6176016382456715,67.98453025796513,-0.054214482294970945,-1.2979884346281305,1.07456095154014,0.025884848557231183,0.12954543794798618,0.39752698129322617,0.11053482857578367,0.7415259623409394,0.5801775765700226,0.1758250630207864
74.61441499708657,-0.8193394829717122,-1.9616576117230689,73.56210914119971,-1.8819546116340031,-2.6737029425448613,1.3380818631369484,0.09225907283647014,0.6796465719577861,0.7985866179126145,0.15079317081512872,1.180450117484724,0.998616956942314,0.09388268892792556
