f0,A0,w0,f2,A2,w2,B,f0_err,A0_err,w0_err,f2_err,A2_err,w2_err,B_err
19.131106908777944,0.06112314550239099,-2.46922039884075,18.71254426297676,-0.32674834600313946,-2.1254189675888284,0.9989730224551506,0.013382178893146274,0.12964701324329528,0.3659279080433942,0.021314264162612864,0.17460262083482753,0.5013758380905008,0.2124746867955701
21.950504254570625,0.07617971354579423,-2.1911290545724267,21.53093758200537,0.09390585969125377,-2.9009003810175824,0.9027684629175748,0.01593883331202412,0.11333870935900106,0.340283977408361,0.009620682191073515,0.14111824952544275,0.3942829584811175,0.19205558889917795
24.675864971018136,0.13522719342603376,-1.9207288487649874,24.29510471087573,0.18116271837626924,-1.9917679945646598,0.7499891284878859,0.022386105601206237,0.11791582444346874,0.33547563386146884,0.013194783523909416,0.11600598287199969,0.35808571305860193,0.1766979927976827
27.430863952975454,-0.44053237910539067,-1.7341305847175768,27.009134781665747,-0.6311224895125139,-1.701472314786661,1.2314347242611452,0.038317704562936296,0.2726129760363145,0.7771470024126477,0.048708904394952776,0.9527090144390783,0.8654202513658764,0.1874230322341907
30.232358739461144,-1.0564195007517143,-3.236876909957254,29.709755631085322,-3.033517449924685,-2.7600178004149187,1.2361598012208617,0.030552457771082574,0.5146022281090907,0.9474657663270767,0.06615349524057247,1.525308965703414,0.9916833989526723,0.10675551970877781
16.584472533108787,-0.5940214484209455,-3.1168929317205114,16.19697993471219,-1.3619289327600634,-2.6267314960619235,1.213041962178637,0.015603079822951857,0.24986990142440477,0.7409890030247748,0.03540132051295409,1.595625558064238,0.9617046581082476,0.19804951416161995
13.864387330693901,-1.1487960826755812,-2.4109392897648325,13.551875205589008,-1.5634635544745001,-2.283358498676899,1.0627622917897233,0.029332092774069188,0.5845735809989773,0.7665554013214088,0.039562858466042045,1.0892080181848023,0.6895658090034954,0.16693000481006384
