f0,A0,w0,f2,A2,w2,B,f0_err,A0_err,w0_err,f2_err,A2_err,w2_err,B_err
33.601087756004226,0.25430355761428275,-2.135326896479556,32.90383221174902,0.27185587125963057,-1.553810861400137,1.3996130205285553,0.01582247860883729,0.10801452927601782,0.33780198047098475,0.012910207111969019,0.09344123325913625,0.24039504986428178,0.1112310184591528
37.90268106953735,0.6029732130152315,-1.3928568709290274,37.273326132717216,0.28512004813676695,-1.7606963315763458,1.3628980010644667,0.024292144080862364,0.08546534536727757,0.18976158343052366,0.022212840749271174,0.10691777098611295,0.333819590059376,0.1361433133508229
42.08206661220781,0.3540746397859332,-1.3867006337782215,41.423308813572376,0.26025854513522906,-1.3518024355290805,1.4012284679923916,0.03248549686664653,0.10606610706826214,0.21144161605229503,0.03928173008226247,0.11389272622485727,0.1699742666349222,0.09953398376162832
29.458708812875273,0.03259610455115762,-1.8431319590001518,28.830677524666886,-0.3366070473528982,-2.541679573579481,1.4324767782828431,0.022109343847239837,0.11467915887257714,0.39042414881726695,0.01844699432279189,0.1834224447461968,0.5877300640041239,0.0714994073422803
25.46618228563903,-0.683478844602271,-2.565820800738047,24.8585942997814,-0.8381223531549602,-1.9512371574029874,1.2395331101422242,0.025561190732748255,0.44323861573583245,0.7277949083945765,0.046570277736429105,0.9498200533886911,0.9337568915649892,0.19099395643273906
