f0,A0,w0,f2,A2,w2,B,f0_err,A0_err,w0_err,f2_err,A2_err,w2_err,B_err
50.509176902220844,1.1091702164211095,-2.974419332024655,49.72133092099368,0.6173441518950947,-2.3657545410013925,1.2301156626539058,0.007487964997769045,0.14852809168034667,0.3549400736453604,0.011532540696989793,0.11131042199285938,0.2964182788304033,0.1412523726472401
55.9934981285837,0.7488597108949111,-2.417602045835795,55.23775164284417,0.4965787095237264,-2.140127230871312,1.0869569825333285,0.010954036916315956,0.11022587796100977,0.2984594280635751,0.013856509652058637,0.09670245542562071,0.29434634190415443,0.14289524904137132
44.898771959052695,0.3128297540358063,-2.2686023975366783,44.09459633363203,0.23383089266904708,-2.981480210489823,1.0572083283930296,0.013219461817598942,0.10694849498067441,0.31822169582568005,0.008964571729092442,0.15976480765098905,0.45205079956727606,0.13943333120356782
39.60610439368595,-0.3431920465187156,-2.1803047745312756,38.840153574827,-0.6968502589238985,-2.0712131429561693,0.9803202086203803,0.022073431428124384,0.15544637696579447,0.4259654526999509,0.03188894412362769,0.356736281346385,0.7104362247839932,0.12951276691067062
61.65451774687496,0.3666008479248528,-1.3802929230536758,60.92835655571831,0.011501922741302361,-1.6398111460940439,1.0261972248085047,0.02756451940052312,0.0875248220366887,0.17673533702106467,0.018435277234486333,0.11566202892949995,0.2925969205633196,0.1199807000820513
67.38920875936454,-0.6123749206185511,-1.8775891456480975,66.5150371427532,-1.649883717886039,-2.056201515704514,1.330699144409973,0.060151933312633445,0.5268755491417126,0.733047817569682,0.12372407216951183,1.7381046938160218,1.0862320779524235,0.12475003282021739
