f0,A0,w0,f2,A2,w2,B,f0_err,A0_err,w0_err,f2_err,A2_err,w2_err,B_err
27.353467579123233,0.19771420132000284,-2.47054841669625,26.761373282783754,-0.12409963294046578,-1.5247570392642216,1.2551496209369446,0.013158686978022575,0.11938147726069179,0.3699553319657469,0.017473414486218464,0.177576810650381,0.3522154704336199,0.20204106899511512
31.36346795730018,0.32971301584972157,-2.36926030703536,30.743594602794953,0.33159274093117874,-1.5575144904732423,1.4169323184691998,0.013232059727393745,0.12266032043443931,0.35799521132273443,0.014725241414507642,0.09732554384968375,0.26023963652266996,0.09848205018605781
35.4058000634179,0.34034530367917093,-1.5827654835011657,34.67872179043067,0.11855323207365541,-1.4107585188546081,1.3665268747390544,0.023569759381578004,0.10252713738341018,0.3025709665554098,0.028806997211880243,0.12746024367163097,0.24001936821396108,0.1297920792105265
23.66417085374921,-0.6615860669943185,-2.180756302409758,23.222526821963115,-1.9259891920825754,-2.5269874634128673,1.3926492301091395,0.0386933787646656,0.3618187002566596,0.7441444787018406,0.05477129222744747,1.3698914537328655,1.0381459601439074,0.1095410797234752
39.335450590459644,-0.2809181685919305,-1.6209459577300673,38.60421074707724,-0.09471884411650201,-1.3496679373852871,1.4285540748891874,0.05312644007042671,0.21078889654332705,0.4989325223992647,0.050585158911276164,0.15857644800634954,0.22298559955813269,0.07740632971513062
