f0,A0,w0,f2,A2,w2,B,f0_err,A0_err,w0_err,f2_err,A2_err,w2_err,B_err
39.206531296750676,0.5959720814093645,-1.9010831245978292,38.46944208466098,0.21167838262392125,-1.8194672679148467,1.410737936979283,0.0162882304820289,0.08643336946872712,0.2821669969250204,0.018479260803288034,0.10819281568463517,0.37643037290296466,0.10764091584020669
34.696470836431814,0.3006358888386784,-1.8440052849872361,33.9972086424752,-0.2162928459171607,-3.0216782954626806,1.3999818024376744,0.01867574506975852,0.09992899958115924,0.3130244576910818,0.010336375157012362,0.1713479497377168,0.5112423947698176,0.10434684390722762
30.59682589325029,-0.041877757509605894,-2.063018867443268,29.97483937757922,-0.7118998125284088,-2.0986748561237425,1.3230751126364333,0.019174616371394466,0.13127087861168843,0.42304986801960276,0.04921694389215899,0.6439717006445432,0.8656621964342147,0.1535441264042431
26.323175714211956,-0.7762760297731679,-3.727361705566415,25.846972161695074,-2.1095156175043615,-2.8476742122267242,1.319916320854263,0.012552937476899744,0.28163196081164726,0.8090475651709251,0.05658773476294242,1.4759885279934926,1.0013159120808444,0.10848729794993606
43.52443520335215,0.40371772072362994,-1.3542300089884818,42.90172347704307,0.30787728632331823,-1.6238083775596945,1.268586678678517,0.02819367442503407,0.09568945735709984,0.17522980563251989,0.022881794521870724,0.10044163412963422,0.301405072492971,0.16543203232257947
48.03266898984852,-0.11056954258639759,-1.7013094120146381,47.359927629568844,-0.13696935664137527,-1.4918258864764535,1.4265510983940346,0.0348739804532428,0.15102567727600988,0.43386729645056865,0.03050174609368248,0.4126579233308993,0.31025528431323185,0.07512949534356061
22.32578829481836,-1.1129326979475966,-2.8962242654322816,21.892883240373013,-1.8510920125371861,-2.5423850859358916,0.9501242395122804,0.027992478319348032,0.8363087194081161,0.8309959944929152,0.049070595916420906,1.368562821972451,0.9704064665225173,0.12607806311588973
