f0,A0,w0,f2,A2,w2,B,f0_err,A0_err,w0_err,f2_err,A2_err,w2_err,B_err
65.42233275125339,0.3757638782911752,-1.8616854848163198,64.59812743630597,0.21012148118186758,-1.3677331673887103,1.3882324714678993,0.02052180937356665,0.10208445512819612,0.30714679902716185,0.04386550493960851,0.12051214636438658,0.16513757548038313,0.09342129117856392
60.050228675110205,0.44166705894506886,-1.6923747315163338,59.276048504502185,0.22585988737089197,-1.4483965917685087,1.4646794698687031,0.02333596226174759,0.09962986715906322,0.2807150519716067,0.03297065068680882,0.1119682459335821,0.23348839934046733,0.04388036297277206
54.55803048063887,0.7137943316192934,-2.3102540367515148,53.79125539356501,0.026475038412453654,-1.5554148939123729,1.3579297223073685,0.013227701960863631,0.11346279507399817,0.3450864507523632,0.030645989063335575,0.1475939658301975,0.37661821133430434,0.11266260822043171
49.04153600315692,-0.018275156969693562,-1.9729278728656523,48.32737243509051,0.007825481724598043,-1.5991813628867884,1.3772903347327214,0.02564142508599015,0.14506688315290142,0.4621823795035694,0.03696614114228438,0.1313010177101939,0.3256627889967633,0.10573591324217312
70.86920353040027,0.28822373991978595,-1.2591970918250066,69.81175990318287,-3.815999205896063,-2.8102679403300406,1.4074245810001473,0.07708205580821904,0.13592572532757294,0.07885429339790748,0.1243480053023353,1.6092247702304197,1.0026338692256682,0.08322888848240281
43.937162937919915,-0.8787449920173778,-1.9750687355875782,43.210112983025766,-4.127867852442621,-2.9338816090602915,1.3396921307626413,0.07576298420226954,1.5266342170905598,0.8618748333207333,0.08307942047944249,1.578935545467403,0.9827302750979665,0.10113339721591139
