f0,A0,w0,f2,A2,w2,B,f0_err,A0_err,w0_err,f2_err,A2_err,w2_err,B_err
44.11540157756125,0.8645536728012868,-2.8249730678129583,43.441239482840274,0.40127021289958326,-2.269479790428874,1.4169440947466085,0.007585283271611898,0.13654383580533014,0.33726388391854667,0.01290326376038084,0.10709953336897585,0.3087779440360211,0.08945560413943368
48.92231989830762,0.6539651221399101,-2.1441938590486522,48.25151329259214,0.4439931400742392,-2.080564478043547,0.9150642820274306,0.012214936718499455,0.09134744613939833,0.276151587510924,0.01419479824292086,0.08974505389380842,0.2702049748445904,0.14376006043097034
53.88112853834608,0.1751411347218019,-1.9440786233277247,53.194473123453974,0.13519666046221768,-1.350810356264625,1.1947711696104468,0.01931601503331358,0.10066110483915976,0.30303673934737974,0.02278034160460702,0.11174583610046271,0.17015168970455008,0.13587939381852973
39.203904852620504,0.3409769551251829,-2.363168102596964,38.48817430184049,0.08993733080283992,-2.751716062962338,0.9693398553776228,0.011771590522845987,0.10586145145591822,0.29839972902069883,0.010312669456969193,0.134834403224072,0.4143395164385669,0.13892893162265355
34.562875738153366,-0.5184144289840348,-1.9515127450320464,33.91337704051028,-0.22016926099322176,-2.00961653175323,1.0752224425913002,0.031024508989910667,0.26212436569257935,0.7195761503225714,0.02735726789827046,0.1681678938583659,0.6556352993627108,0.19999555251322432
29.861113952194593,-1.4541244277808818,-2.752721424203868,29.309035089504242,-2.485674978391641,-2.887049692049929,1.2436646844284873,0.055330033822911434,0.7675955874788017,0.9475797900628583,0.07094114114352029,1.3440837972237185,1.0056585527409807,0.10958452860731555
58.91107194662389,-0.32534737774120503,-1.566819452201312,58.261918278910144,-0.09147246314443638,-1.5194249198279401,1.184917924358585,0.047516377656602084,0.556340705019499,0.46861335976830604,0.02472870174544266,0.4318463761677108,0.3917645773212942,0.1212866167369913
