f0,A0,w0,f2,A2,w2,B,f0_err,A0_err,w0_err,f2_err,A2_err,w2_err,B_err
21.347955952408288,0.16576794702710498,-2.5932687930264144,20.97325533808543,0.021105529990519727,-1.818378237620463,0.9867662622473878,0.013408728403948121,0.1522939289146567,0.4789801271700589,0.02486407733302963,0.1419115367336892,0.43199929053714053,0.23350930417678856
18.83043107977315,-0.42967405572649814,-3.0858793137095826,18.45634121410725,-0.36114478305036113,-2.584035960104358,1.1235931370110164,0.012509941240024632,0.21163582777609224,0.563335231676952,0.016921988711650956,0.21514666379794078,0.6771466983389508,0.19618594048763538
24.113062232795166,0.0765922288331421,-1.507408862705864,23.719004644106768,0.027374650677737797,-1.819136733741219,1.068732436460711,0.04061996789234594,0.20328216921578254,0.4095025603931901,0.013393808189294134,0.28364431738493806,0.57899758362651,0.2372752294253342
26.7969134269019,0.36359471291864776,-2.3389715232203008,26.38102446911953,-0.04277281627551245,-2.075420944662635,1.1620383660822746,0.013696861420725317,0.11420051707095828,0.39314397189184724,0.017798281349832367,0.1624366452773239,0.5453075757849991,0.2182795205380729
16.182287835034014,-0.5650001023729597,-3.6127994771546756,15.841266275970984,-2.5088497958877243,-2.58550323366595,1.0304707503233876,0.008863891121771425,0.2123139697449974,0.5659039523710847,0.040813572592840075,1.5390281964818704,0.9599051481258203,0.1417648021286462
29.425610890856916,0.05925625565987024,-1.360976264353238,29.07287087668547,-0.4515402441803188,-1.8585757339953772,1.3756343191735643,0.03969870159601206,0.47599606516214227,0.4850461881887956,0.04030872266719777,0.93389284034619,0.932496979382835,0.11954000783821997
32.40661941061331,-0.29075376895645044,-1.9223122206331467,31.901245495826927,-2.7962102816208376,-2.6605219250436125,1.0194564681394687,0.03057567969865524,0.16701971126206253,0.5491613710951725,0.06412343133457855,1.6231315661561072,0.9974422997095577,0.13514732855416695
