f0,A0,w0,f2,A2,w2,B,f0_err,A0_err,w0_err,f2_err,A2_err,w2_err,B_err
29.565528588328714,0.2223693241222177,-2.150085356072311,28.930011621398403,0.09481709598092813,-1.5084300800118435,1.35787727275597,0.01650753180078771,0.10971660531440713,0.36926300960893993,0.027143551877210622,0.12286242704195956,0.28313002980241503,0.14081465220682285
33.41243816792626,0.3738211729273035,-2.651477036971035,32.84721883367032,0.42680708877544915,-1.336741975942897,1.4571031438334745,0.011990369001294006,0.1339451334246544,0.4384698124820312,0.030087160963002353,0.09430692717840895,0.1649409540559862,0.05998973889385302
37.17045504155047,0.10500701779825525,-2.632760106923142,36.54434767250989,0.32725782748879956,-1.2864453960249151,1.454109071417673,0.013011276486841573,0.14036156622266177,0.43787307961966127,0.03828310928282491,0.1035925321116034,0.12890286315099314,0.05982334262629227
25.982501417273156,-0.16833313192973817,-2.1469687903755093,25.446885354550016,-0.11771954506288006,-1.4607291735150614,1.3516431295094633,0.021708595855416294,0.1405896323084984,0.46629082205372363,0.03511785785597833,0.14670476026474003,0.26701920446469196,0.15083483360085082
40.91734380777419,-0.2131802870810936,-1.4168219599165819,40.36938980979623,-0.09990345312067503,-1.5478923781272549,1.3947971273147282,0.08106633583965112,0.9369061977220695,0.2546855375218814,0.02298936483402145,0.17850987610655136,0.3388655315435017,0.11351577529682418
