f0,A0,w0,f2,A2,w2,B,f0_err,A0_err,w0_err,f2_err,A2_err,w2_err,B_err
48.93983821811993,0.3899756979113938,-2.020838634911825,48.22399615628457,0.32509354988974354,-1.4983669059877092,1.4006026363379813,0.018992163302393162,0.11720354362533394,0.3649039944517256,0.02667777358879183,0.10305612020845262,0.2508989023674124,0.09799916040491205
44.00256364236993,0.3033315163253127,-1.8337731581339627,43.21228484497505,0.0550519484317404,-1.7102879620532492,1.2310563294032661,0.022510168891807753,0.10421390294108356,0.30535538861248984,0.028229215161404395,0.12902975495342747,0.321001635718871,0.16744272038741262
39.29343310826224,-0.36568236733678006,-2.0895358387226155,38.52883507177958,-0.4441839937307537,-1.9036376508608026,1.2689198805099444,0.0298311880118937,0.19068353786593095,0.506462670591115,0.03140754161389411,0.26963272345226663,0.702840956740729,0.1618381154152052
53.83468816770695,0.4509236117963282,-1.4928687681133184,53.147032590492984,0.09344992334343813,-1.362489261125787,1.4376313374042624,0.03183892913365383,0.10414398358187729,0.23052846311553243,0.04656160299518013,0.18263113798395597,0.289258654084246,0.06298143407636478
58.76278918585059,0.3586344130636585,-1.307087327799057,58.04391552167871,-0.13760125085446367,-1.4267230607396229,1.2383512642474335,0.055163735080863766,0.1295669460910487,0.1552753107330714,0.06392335263891716,0.5740197996380414,0.8461359667690499,0.16084404909448857
