f0,A0,w0,f2,A2,w2,B,f0_err,A0_err,w0_err,f2_err,A2_err,w2_err,B_err
32.09388529346117,0.20925931666625097,-1.8217124115768746,31.50819610335093,0.056364961658302445,-1.4611485602414893,1.2139976806867179,0.020603308466912072,0.1175199826806512,0.3656698236281116,0.03377633506236344,0.1270093124143017,0.21769824147139494,0.20837457034854068
36.22542426150302,0.34337821584932476,-2.1075556739211487,35.61547306011505,0.08169793027880104,-1.8735881883971786,1.3742672986029971,0.016384910761848878,0.1071127285587654,0.3617944356867122,0.024028443141176182,0.13211079007115745,0.45403096811351545,0.12427062573251887
40.268696473602795,0.32347234706073247,-1.661819970927151,39.7095503468067,0.4490782767582625,-1.3296447333510726,1.3466938650325537,0.025778243990708258,0.12271799390621488,0.34013215524570717,0.02535068215798316,0.1568601878462753,0.2089479317463535,0.13872275486281874
44.39640349009956,0.055628636925835945,-1.4662421923998414,43.751458138154135,-0.16577055507622995,-1.5946785221794535,1.4166089394980457,0.059992320265325326,0.22781049490052907,0.5678907559067998,0.09076202984377875,2.001720660083507,1.0352241336449177,0.0920817150044015
28.287687417538063,-0.2784148268363945,-2.122306485649908,27.707224523618223,-0.05639540308838245,-1.5067466066053288,1.2188857402119757,0.02288340894569733,0.1611718707317781,0.4477594869337028,0.02686108271681095,0.153591488488415,0.38309812955264333,0.19162519362579136
48.62736670395229,-0.6119047260238969,-1.986589219401115,47.90323553016697,-0.9050103237734494,-1.8237914841301277,1.3442573943795781,0.044639690313853835,0.4842126338182895,0.703342847992381,0.06528152092656125,1.0237294315912533,0.9451875287639414,0.11888407774602369
