f0,A0,w0,f2,A2,w2,B,f0_err,A0_err,w0_err,f2_err,A2_err,w2_err,B_err
33.78565386228658,0.24607693305558007,-1.9103928224340105,33.207198338850574,0.19088602132617222,-1.3976828300804796,1.408059679016307,0.021887681845353963,0.1238237825295551,0.39413508741007713,0.04016168748047472,0.12782294290867727,0.20590062226653547,0.0968301319102844
38.18579054145096,0.6155859870319547,-1.4902231540445212,37.50756688380334,0.4650291893960089,-1.3740852108418966,1.3370380056330904,0.02593085656891336,0.09655666674988056,0.2328663612101507,0.03732881748591169,0.10487895869220033,0.1836484049859237,0.1655115412146961
42.37137539820675,0.18472721959732002,-1.99301327326486,41.74889270803366,0.5392005961833115,-1.275481830498333,1.4469148580557811,0.021504354748182807,0.14227285460742656,0.4572144831822786,0.04699792327190535,0.10320908460941063,0.09642628626797156,0.06746820569381791
29.723705127881654,-0.06405887153906005,-2.707155474475462,29.12065934436236,-0.49264450296342566,-1.4933586943478412,1.3796759256499214,0.01410205001436725,0.17893507607913411,0.5915415866852718,0.04930236068837696,0.6640367702211969,0.7043091108835823,0.14686617781689232
46.801881430735065,-0.05066293778935939,-1.7449862624839207,46.20213561608662,0.01234107366755921,-1.3631829010305394,1.34301213885279,0.03592632472319388,0.19132048839997962,0.5769269358466087,0.06173925888979722,0.22952724569314956,0.3606602864535215,0.13935861382947387
25.602891424509348,-1.299614002271419,-2.4741970185965254,25.092514509424497,-1.699583891303424,-2.278029232374586,1.3612725571048536,0.051165557397778436,1.0931792273829994,0.9215038169896129,0.05968728680071506,1.4729270324352624,1.0235007292292244,0.16642829969604558
