f0,A0,w0,f2,A2,w2,B,f0_err,A0_err,w0_err,f2_err,A2_err,w2_err,B_err
206.8487322778412,0.897885293591824,-2.5271157111992064,204.79888318109238,0.2955651497253745,-1.8746012579361986,1.113267078205527,0.00907223771789645,0.10710876665890456,0.2888382150493152,0.018190650159224477,0.09064731996951948,0.2993418670425097,0.05814112456159
223.51294240084883,1.2295578746582845,-2.7226900100054214,221.42589000949604,0.9499508653588811,-2.4090189860536584,1.3150080466823972,0.007532512478351463,0.1253148287163337,0.3014380492430499,0.010253832435938384,0.11416756439632596,0.38076974454842855,0.0777737259477374
240.25101067247448,0.8441782891064951,-2.5020328932895763,238.08306264155536,0.5960921682590948,-1.5973837939761608,1.2704010901337626,0.009466549467559806,0.10267758626234312,0.2670884595551052,0.004605124956085574,0.07413281581540689,0.2013466061980499,0.05812469474286995
190.0841487970918,0.15980073098254696,-2.4475447113731237,187.8443489589828,-0.1152626117535191,-2.026041343090821,0.9667223123197426,0.011800196351666717,0.11672364016909596,0.41012415757385157,0.020055447704375458,0.11220411968373142,0.32768584426174113,0.04634652691986813
173.80851232607893,-0.594484173339944,-2.169489501900166,171.5044662897236,-0.521167775820959,-2.391562711736733,0.995858687544708,0.027661561954968914,0.17566782168663542,0.4953344860395547,0.03013014130133238,0.19479284980915387,0.7604804508575443,0.047635802332968276
157.5194284244705,-0.7431973997944344,-2.096751113543988,155.29461942656744,-1.2934048155764384,-2.2042957336789892,0.9166888642287713,0.045865642445151546,0.2660622520999171,0.5924454793602879,0.28720220029682664,0.8900524907005898,0.7721235715987383,0.04366177836332814
257.2437304903327,-0.0672321584520554,-1.5266045429151847,254.74517970047276,-0.24256431246781984,-1.4236296515253082,1.1954602076244258,0.034011923544017136,0.11614590890492185,0.24143131732984946,0.3344637366060629,1.6748305398674213,0.6896074348148946,0.07234239653195391
274.35535762426593,-0.6153875982002202,-1.6570784069283993,271.2791107379504,-2.7646237264125757,-2.961534947981203,1.1409463256249248,0.16569756138930855,0.8862848547843385,0.8284125027934364,0.35412191816822525,1.34525543472447,0.9552367777223509,0.04042073292999129
