f0,A0,w0,f2,A2,w2,B,f0_err,A0_err,w0_err,f2_err,A2_err,w2_err,B_err
40.53889656420209,0.5751727606903192,-2.415388796468337,39.79822776185074,0.14151703059425552,-1.364284663238369,1.3967820978646368,0.012263423359619241,0.11073409789196151,0.3601642553597542,0.02156413598043068,0.12498081902750341,0.19088301138595656,0.10681480973434135
45.07254883314869,0.35044384521140015,-1.723159262496752,44.46215050569157,0.4194165453293702,-1.825470523323401,1.4464606350908915,0.0219732254602525,0.10706071931976917,0.3275792745194612,0.017814307350970143,0.10247887805201174,0.3576144840992644,0.06349329638609566
49.69448068910714,0.12478449565665975,-1.573742755957594,48.99810033553172,0.08603565918262761,-1.3943467399857685,1.3508923879125596,0.03132893540734385,0.11461340424992447,0.26637195782796097,0.041189091585291486,0.12804734564216322,0.1977967272229061,0.1225533450538662
35.97496859390702,0.18724403501001466,-2.39274945772536,35.26505481649204,-0.14497975214124728,-1.373027004066531,1.3633138383615908,0.014993480716311016,0.12203444660606785,0.4175845659641413,0.04698638916673575,0.1618433261631928,0.22362813791777086,0.13774030893897357
31.694757289541435,-0.18949857326898698,-1.755408137433371,31.107658507139153,-0.7454850267270119,-2.29004523314153,1.1419589118486035,0.03008812174398626,0.14595922428521194,0.38101687881680735,0.03296847835868106,0.7988413137691038,0.821720967091842,0.18316331294026436
54.262595893302844,-0.20118859852668305,-1.4312931696105606,53.58295582096187,-0.03141368178449369,-1.3182044332042895,1.123763210780658,0.04727384309962095,0.1738929747474052,0.37070362903356185,0.03087418177755524,0.221503078634683,0.3838746694637421,0.15148182662747897
59.19041071954368,-1.605307242919099,-2.3481012650905866,58.376477720834366,-1.3982721252874362,-2.120840778435613,1.1162601489116806,0.10733937331883721,0.8801839561101831,0.8383642454396752,0.10092780338613645,1.0345286383475985,0.96005273804448,0.09244005622227353
