f0,A0,w0,f2,A2,w2,B,f0_err,A0_err,w0_err,f2_err,A2_err,w2_err,B_err
28.770078273421774,0.2818813506056258,-2.047127841427918,28.254267871548294,-0.020948122679919447,-2.8392798742721173,1.1428326624634142,0.016501322296457406,0.10462363239821326,0.3230799350318263,0.011251066884261711,0.16090146276787756,0.5680694476395981,0.18458174673445396
32.43350708502918,0.5438015551058766,-3.0370881709264315,31.943113727041144,0.4039223172782356,-2.13352546416263,1.2362519871509146,0.008173947326238691,0.15164481442172298,0.4023649871067726,0.015477901991147886,0.10526337561471431,0.3296255266106736,0.17169910940031768
35.984346577718426,0.12928948304516313,-2.442043222827346,35.48821249367409,0.2681039395676364,-1.7769451614161056,1.2534036483390223,0.0150392064283607,0.13280454534582123,0.42179916338776224,0.00859092526810786,0.10809399092184219,0.3169953846920741,0.15993432659112514
39.737785673050084,-0.2563495125612699,-2.808852736298996,39.17819624204747,-0.25725737046737734,-2.171395412352533,1.1859174890014583,0.013502714813461486,0.16907713393597032,0.5039259255534709,0.013913171599507591,0.15146181926927121,0.5093886360371364,0.12048170479319083
25.30002764702387,-0.14614627861241564,-2.3189998970273007,24.844636964876777,-0.31746097976322174,-1.7050097053898645,0.858202461108095,0.016542190583160164,0.14149904431111937,0.4527179270725803,0.03016447051455419,0.16990990624411786,0.3760953110285697,0.17690587591571283
21.889513347410762,-1.006095400384071,-2.453651238310589,21.460347618637734,-1.9140225594093352,-2.759611129019347,1.1071694095070186,0.029795215328993385,0.7560215389449297,0.8447976226662102,0.05684818544691763,1.2170067396054607,0.9155000117900678,0.15067143567360544
