f0,A0,w0,f2,A2,w2,B,f0_err,A0_err,w0_err,f2_err,A2_err,w2_err,B_err
36.88215248865982,0.5178598301693291,-2.6301789912311526,36.22737977566736,0.4598356098645746,-1.5434946193518244,1.3955013448798192,0.012074162694581635,0.13818101358501575,0.39001338109034567,0.02694730981021786,0.09435897194333971,0.2463643145828232,0.11490290124455171
32.68884604110057,0.25322390242286036,-2.3193703904766307,32.11061090622838,-0.21240077110855587,-1.5327619409227125,1.4053779940456284,0.011309578645070723,0.11729406419490583,0.3479376890707106,0.03619912572778549,0.570658823655244,0.5477319991479331,0.11362840343819376
40.97932420946566,0.40611944645075826,-1.4760965085471562,40.40955710154435,0.12197310791494548,-1.778224106029982,1.4545387302803827,0.027849484963182947,0.11101630775755106,0.23629743915649093,0.028016046498644295,0.17020727080957168,0.6585654486876279,0.05947912500962963
28.68868313746724,-0.4291627553173867,-1.8768824127690928,28.143688383951005,-0.8801481384590997,-2.0009175278533595,1.3790048075566188,0.038717351650916984,0.2627840048099144,0.6788319067203268,0.0479883791765746,0.887834932975097,0.8638355828992395,0.12955450677069122
45.01587474212305,0.23526613514589745,-1.3547155510300324,44.459447586447766,-0.07886335625581528,-1.5562921047720306,1.3514112285892554,0.05282917939888032,0.13850795015952203,0.1902734736543203,0.033990553000518495,0.21763028188401873,0.42596380890983493,0.12216579049240368
