f0,A0,w0,f2,A2,w2,B,f0_err,A0_err,w0_err,f2_err,A2_err,w2_err,B_err
39.16105044197589,0.44128861506361006,-2.249983712273041,38.453016916441676,0.3216884259301966,-1.3745719720883918,1.3946640312755478,0.013809163591170725,0.10096205197115421,0.3164262156932337,0.028558579894357984,0.09642563868333003,0.17041805206812632,0.09597511760733322
43.557338724445415,0.4756524784015659,-1.5120846025284314,42.79963667415421,0.3571506496366229,-1.3678390988905205,1.4486838802832538,0.024752916304579427,0.08476311998158387,0.22665386049388725,0.03171487651370145,0.10089170241932426,0.16290080522828146,0.06585740904496118
48.022720308182045,0.12272222307087802,-1.5415656031845508,47.322392205514205,0.018301850720899293,-1.3806584530570185,1.3505923154522048,0.030775424648326583,0.11196558904706612,0.27106243726070184,0.04820310014521762,0.3431533093337606,0.21645135047592995,0.1215403451461962
34.6911258810267,0.1570118868290561,-1.5708293822523582,34.06080807833255,-0.19656032873308993,-1.4622935678602444,1.1670758342064844,0.026205644124085336,0.10140091520444927,0.2417613219606208,0.04691960586404276,0.9490013114265717,0.514286423142866,0.21607003444505543
30.645141744003254,-0.41757296159820334,-2.2450215373588938,30.068525636890193,-2.1689245296263557,-2.554544560917512,1.3577479133539658,0.025720934769044915,0.1955449535385259,0.5360397265719625,0.06352794569753052,1.584832890629192,1.0139943529492441,0.11004267874667943
26.26627822083264,-1.3250915392457219,-2.3057045392067135,25.733753637640685,-2.109269800990596,-2.5902228819155555,1.241808694827387,0.052905938139895664,1.2759243059403134,0.9297745737249407,0.05838724197832816,1.4462065054678133,0.9471479117780044,0.136092839665921
