f0,A0,w0,f2,A2,w2,B,f0_err,A0_err,w0_err,f2_err,A2_err,w2_err,B_err
64.81889830210199,1.0027266830985804,-3.0055706425572324,63.981275874046915,0.7084542303721992,-2.470991142296479,1.1705444256261732,0.007038403850951776,0.13940873105847493,0.32673687697138154,0.010365441333153261,0.10300445673409327,0.2778419195180694,0.11766840150526704
71.15567141339788,0.5828115357344466,-2.146618992628569,70.31636741734911,0.46060573821374984,-1.6938753453985034,1.0482515284269929,0.013424519028918008,0.0925309250324625,0.2679508717528663,0.010771278894408286,0.08223981228624296,0.22820433057314507,0.10834045787019414
58.39317920413603,0.5464425044883645,-2.6787693364889327,57.50560208157184,0.22346492377863264,-2.295501672566516,1.198662233874905,0.00974516645830173,0.1257725921417902,0.3454427898875798,0.013344527083956215,0.11054549962232062,0.33698859600584347,0.1196790073609918
52.143003828401675,0.05439827364471905,-2.755724861803336,51.28874808644562,-0.3045576868409705,-2.5728675813072157,1.2108343283404368,0.010984217222717398,0.1383841064178713,0.41079626119315776,0.019231202029763597,0.16453021715801502,0.5547588893310399,0.1086539357722843
77.73046611038205,0.19235224719151967,-1.425917048155004,76.87118090170803,0.39339199308840983,-1.5429359895900405,0.9724235421606967,0.02864710370366928,0.09258645256201282,0.20555482846547035,0.006935164310420935,0.07583623752859679,0.21264856589442216,0.09972946998113406
84.35023606144023,-0.143957611592792,-1.4552921534660985,83.36918903965483,-0.43650211482660284,-1.4890027805139845,1.350756060267712,0.03915560170810734,0.1276867143498582,0.27374739464296355,0.11388329613768743,0.9170921267301305,0.675430565108315,0.09379613792079644
46.105392214728106,-0.38917767374320733,-2.0984397204935146,45.244292126381126,-1.9604707523456184,-2.478230842691563,1.1894620907914892,0.026674083398631934,0.18706448710569856,0.5231745666710972,0.09578429552246469,1.2655463578745287,0.9773454819700845,0.11319392673517757
