f0,A0,w0,f2,A2,w2,B,f0_err,A0_err,w0_err,f2_err,A2_err,w2_err,B_err
37.231388571005986,0.5338293518563261,-1.704748363974595,36.6223799904885,0.20097977312706444,-1.6917729869983258,1.3479093022959194,0.01989270968635751,0.08796335885219923,0.2639423189195384,0.0263387522937734,0.1284976963248004,0.38680882050361537,0.16065583329949834
32.99120991038333,0.3898315328045219,-2.0216876721885777,32.326624397557815,-0.07658808635031872,-1.84681882657658,1.3166741582637822,0.016926515447276226,0.10009288395145685,0.3050134798704308,0.022356213067702524,0.1399739967347649,0.38572480689007616,0.1614004639380264
28.89977622690899,-0.006078469243913368,-2.2987680643888315,28.30873408207109,-0.21342055074940267,-1.4307448659128297,1.3435477851934106,0.017258535523476413,0.13872401195673736,0.4248104185405686,0.03140221033135522,0.20387405461223437,0.3433128877094325,0.1471833778361948
41.45338032432804,0.11338863244890142,-1.5862408988596384,40.80245541485543,0.052067764735254894,-1.3177233934997663,1.414444653275783,0.04617318743460809,0.15412028620023976,0.4125917568072126,0.05371134357750179,0.5681406625988115,0.3543414950868105,0.10953744626048144
24.951333510797937,-0.6844632098394541,-2.22435113929214,24.405214543107224,-1.63282426209208,-2.1512546068667886,1.2971529809499205,0.034176889897375363,0.4581825717490488,0.7317875850518106,0.053311035828367145,1.2804536164939777,1.02283729573054,0.19808355317148457
45.94109295565869,-0.9445225073124235,-2.144682689511536,45.107011970914684,-0.5707588069638158,-1.719833981256048,1.384240202716689,0.07031189107057424,0.8256436312686908,0.9393510543558315,0.0779901530400215,0.6978223975998639,0.8540810864201123,0.12670770015289948
