f0,A0,w0,f2,A2,w2,B,f0_err,A0_err,w0_err,f2_err,A2_err,w2_err,B_err
45.798110032858546,0.5263775990070361,-1.8233050725246742,45.075739408511936,0.46967048439281844,-1.439753450694416,1.4325632134979442,0.018035809854388817,0.08789772794250908,0.27195135320508723,0.025243491696074052,0.08659500055020536,0.195964264904532,0.07206826450048032
41.140747065181806,0.44642681746295343,-1.9723057044379655,40.3766596720158,0.015422561319686272,-1.4175200327745625,1.4414295336752825,0.015588391445768035,0.09002646766049555,0.2958230844880563,0.028677223586219148,0.12744721443204735,0.24058296691888817,0.06438861651531608
36.59194419946742,0.14625662821346405,-1.947821850302265,36.00507850575799,-0.010488320899836985,-1.5126901187174935,1.4255637085813426,0.020252855440980815,0.10928971023489419,0.3405944112847601,0.03412323378009492,0.12873342482350322,0.2886062408716442,0.0791040465097927
50.388631374114816,0.4432346255423998,-1.399953923218709,49.64243355414963,0.18172643127536753,-1.3094272046635678,1.0229021594479581,0.02622580083707096,0.08401197029481211,0.17843873674490712,0.04771850674825596,0.13891268622147468,0.16974827349328533,0.18285269422646694
32.283733452500016,-0.34067556075267785,-2.9085080586169973,31.630545766839113,-1.8926871865086423,-2.2672831421858652,1.3459193873605457,0.016659030329251256,0.19011373108977647,0.6927343993723561,0.06143704096275173,1.6911825506929403,0.9594992048468501,0.13656055807352255
54.91563640305481,0.0998179945673664,-1.3983424716432502,54.01114240655222,-0.5157612153118869,-1.9765460053650614,1.4480021542829433,0.03489418557551468,0.10896682279827082,0.2360844009657135,0.06720576387586379,0.41351082446066384,0.9097737422024491,0.061984530558722405
60.05528197352389,-1.3684840142128536,-2.52525284523666,59.2077554909199,-1.2270608996139765,-2.0745858598563762,1.4038924156900656,0.09827508094089386,1.1560646845001423,1.0023019737214234,0.1053332666003768,1.344253940276764,0.893220782716888,0.08129846903956957
