f0,A0,w0,f2,A2,w2,B,f0_err,A0_err,w0_err,f2_err,A2_err,w2_err,B_err
23.252107996430524,-0.15839614257762255,-2.057063102215974,22.807926383515603,-2.730492722212082,-2.9530117720986464,0.9879994679027013,0.026421707682689508,0.16863486794347407,0.48606139434348594,0.0482479983479671,1.579351838218881,0.973209205201689,0.16809404325143593
26.818411626015767,0.05140208095428318,-1.8552318923174989,26.276370954128712,-0.1492806166437569,-1.641793993017148,1.2811627532783967,0.028706173219403306,0.15142124345322286,0.45706791120050977,0.04046900912580402,0.23774418566180458,0.40220814426996643,0.20704986622586208
30.71051884107801,0.38771069930131685,-1.6402339361861136,30.167649539516546,0.02282186159083538,-2.2100644997175927,1.2688562630551126,0.027511207148553082,0.11182510330884028,0.3158342995774755,0.02100978988195959,0.17566782707130485,0.5724571974038886,0.18131542449410595
34.73946514058696,0.28798998056278835,-2.0737191189865984,34.10920368571818,0.40981400055378786,-1.4456403944104224,1.3861215880693407,0.020862865726373185,0.14628369076392733,0.518146002724355,0.03031174464437618,0.11472220703419099,0.253518638303438,0.14828722146206283
38.623575558822154,-0.29266034787203865,-1.6238983343477797,37.92208599598645,-0.19117723108429663,-1.5730180196643238,1.4354858385043525,0.062386704797430546,0.41290310835270694,0.589089526064661,0.03866279294791887,0.26183737373973315,0.5669871682012393,0.09361032071700728
42.64625381171617,-1.652269317893425,-2.6229539513420357,41.85284634752561,-0.947129038432359,-2.229764995134399,1.3705913871148379,0.07217373032104459,1.3341478311379495,0.9174190602016823,0.08985611675443594,1.1381245057926912,0.9888646627672116,0.11557515474785775
