f0,A0,w0,f2,A2,w2,B,f0_err,A0_err,w0_err,f2_err,A2_err,w2_err,B_err
25.540214407886914,0.3169072165815082,-2.572529958573484,24.97773866110617,0.1002457824648569,-1.4586285561136156,1.259424218477186,0.011576132585776873,0.1261232969038613,0.3758617311332863,0.01602242617529727,0.12819817058957483,0.2444741952281139,0.195290070212818
29.424785943370033,0.3450050078740804,-2.247055443931403,28.839389865253175,0.31975904638785047,-1.3218165669260589,1.287812923593108,0.014517641850511553,0.11409610827863075,0.3501638262585712,0.029535646868913263,0.11127730148636365,0.13619967344259826,0.18824633612593175
22.104675413313423,-0.01722635871379727,-2.470200002713289,21.641200333136744,-0.7769339620446793,-1.5671911119394397,1.4357222800011653,0.014849519672100941,0.13562191620157324,0.4195412278215228,0.042955322677648865,1.269498266336585,0.9069982874234856,0.10525630261253972
33.123119374748946,0.44053574453494115,-1.3913096836894714,32.53652008466614,-0.07904012962187376,-1.3854573077103551,1.4046223535532318,0.028803632241322572,0.09690571803212829,0.20069489757286196,0.05211278033967071,0.20666013526815738,0.3930849235911068,0.10697638834390025
36.93527182075867,-0.9984290487718209,-2.8287663541380277,36.22739911321851,-0.3671757975852382,-1.5781759740335952,1.4078628568261773,0.03650002367988239,0.7455103784047957,0.9326783212729266,0.0404916105145601,0.21283644277101163,0.5295184878734028,0.09697890606780996
40.92374449311458,-1.2324997158527713,-2.544614050479792,40.319447098205885,-1.3956032431699403,-2.41673642497026,1.2513907569672138,0.07012650295644193,0.822258307980739,0.9526448493208585,0.07530660833061104,0.8757213127102766,1.021933142231206,0.11812555795171256
18.203452799883173,-1.758294519155397,-2.968088183669029,17.838965182119036,-1.919731233807972,-2.1554698492560833,1.3916947871000682,0.04744818334764323,0.9759022051096798,0.9123588142106864,0.04806996378097341,1.4555841153237312,0.768187631426151,0.10927915497420031
