f0,A0,w0,f2,A2,w2,B,f0_err,A0_err,w0_err,f2_err,A2_err,w2_err,B_err
175.91680593635215,0.15640739177453106,-1.9879323684712786,173.6358466533921,-0.5241002980024261,-1.4971696041765514,0.8350978455835676,0.01822665969727224,0.10600602419011368,0.30778995133485104,0.09573962184771687,0.2895867100176368,0.7116898410817083,0.05229603133205432
192.70897843808245,0.34458552393305497,-2.0334224287318676,190.35892323672232,0.15203772400648136,-1.3244631603105508,0.898918680809073,0.01588649631195383,0.10360365753580321,0.30745756397597396,0.0358478121010973,0.09885525925310484,0.1408055741016555,0.054532191878617076
209.64272182091855,1.038993055794514,-2.4467776276235833,207.35305422475483,0.7769280928714591,-1.9848253839687082,1.0067541240288982,0.010579387160056457,0.13006912533048592,0.317189248537666,0.015447091835105179,0.09082228957761425,0.26023915624186905,0.06278551225894267
226.51929558305739,0.873610407375945,-1.9593903227030933,224.3869396221813,1.0282075076359118,-1.2564122697296383,1.0223856218563443,0.016556255820320172,0.12989030174510446,0.3553456612680353,0.1455411694574352,0.7834963227327904,0.07486437311435068,0.1149518687770261
243.57601619463003,0.5393824962199162,-1.3460301503368663,241.39085048469443,0.33807675240954815,-1.3444435921872047,1.0892137594493538,0.029060573790128157,0.07953576458842876,0.14915444698418379,0.03805864274832527,0.09345084528037285,0.1522390679304925,0.06199687781431337
159.56492390218727,-0.9229337552689422,-2.6612232959989783,157.33833404921424,-1.56883317898007,-2.325341018700714,0.9666296965380511,0.07384418176216366,0.6532922616595168,0.7682403721189266,0.2501035375656584,1.6696626163323438,0.9927333475164593,0.0537509055773678
143.9546521480384,-2.750560572268051,-2.5069150831245537,142.13481855061855,-2.7438880539403327,-2.6714055752218315,0.9746973462770002,0.20110287123417991,1.6555584411136741,0.9282248383628866,0.20622473195859142,1.5284913319232694,1.0003555051963864,0.05110346299865951
260.76069738386025,0.04416066404657068,-1.4533108800472807,258.2556785658144,-0.8924486520581989,-1.841866867506083,1.0919242520809445,0.03975890618786973,0.11635072492487962,0.263516859484719,0.2194566159997271,1.286424948278388,0.9369674752968322,0.055169536010737694
