f0,A0,w0,f2,A2,w2,B,f0_err,A0_err,w0_err,f2_err,A2_err,w2_err,B_err
33.06404362645914,0.20339422073768063,-2.206545755446641,32.44106689625262,0.07412331098368213,-1.4439946468802096,1.322430332823067,0.016499925962948428,0.11105404209631238,0.36722546087736246,0.02632632022461656,0.12881910380647973,0.24281846091260037,0.15437370847056034
37.30962195826426,0.44235092016835326,-1.4638964413839037,36.75257168687729,0.1803162911535027,-1.4601754510871987,1.4322516123396574,0.02994165535316869,0.10708711840295573,0.2370034425263027,0.029813592825858132,0.14850193060527384,0.3117561336526464,0.08263654822267427
41.524783444985516,0.30945376726911983,-1.8358560150513965,40.77954877953855,0.19842400537969543,-1.329581434061484,1.4064547512803909,0.019383449465815952,0.09744992788590393,0.2895921815881548,0.041854973140900975,0.12321309087362159,0.1541286122463361,0.10081332318542169
29.014255674154498,0.16523001284615096,-1.9711867834949948,28.455782841158726,-0.641456654049307,-1.9835537626275468,1.418044084478426,0.019940025327529958,0.11738297071834707,0.38563842601283094,0.04439486565912206,0.5648204499043712,0.8247255189190272,0.10635092317930096
45.69093002157128,0.09105074262637453,-1.346314301916679,45.03759697837712,-0.6796372773553441,-2.287667648617994,1.4118483842338527,0.03314737173987156,0.12032631488651264,0.17279141281225568,0.04168960424065448,0.40829709181975826,0.8268106319354444,0.08778194612157883
24.866298013140405,-0.9432605194622594,-2.5912176477889126,24.375392990014916,-0.9707293714326618,-2.3189604016757452,1.1178405111884007,0.03636786343369773,0.8914558186691299,0.935622163490559,0.04272306232538709,0.7942234149544871,0.8603035756719745,0.19748175785820565
