f0,A0,w0,f2,A2,w2,B,f0_err,A0_err,w0_err,f2_err,A2_err,w2_err,B_err
101.07919633689602,1.0657088684301415,-2.5901863544037704,99.73481199313886,0.6570958615721888,-2.6463399658131013,1.3958943515727915,0.010375473273101383,0.12485236032567638,0.3004145999239761,0.010964649928597428,0.1427636270649699,0.3876262245369023,0.07933002085654742
110.8717977887141,1.1597255033694438,-2.521730488757727,109.56586663445013,0.9987560888590422,-1.6397309088990084,1.311091947227695,0.009702738132204018,0.1365373868340484,0.32499548024502606,0.018499701846093824,0.08106557149214348,0.2301441560175328,0.1099331093952819
120.84751440381288,0.4590714605251448,-1.9263612908314232,119.49783009620373,0.6358344639097487,-1.3243164899069533,1.2745184563196945,0.0180654178032055,0.10424889810703025,0.3508632663863483,0.02862480477121221,0.07989730302003252,0.12629850256937014,0.10485944528190637
91.13566251188493,0.3113559980800789,-1.8714073924077126,89.78599367921237,0.08316128098231777,-1.4952492730406024,0.9319365855875931,0.019632675439138814,0.09932476784423432,0.2845935104234365,0.02958783578439578,0.11211934293483018,0.23261783871242325,0.09305708074920464
131.00182963755975,-0.026402632402819037,-1.4339309491661152,129.6826397723249,0.26536299214326353,-1.2920629747735246,1.1145558741394825,0.0444722288416767,0.13721772522643674,0.25694982676933403,0.0180621049251243,0.10529506551066954,0.12509905193279963,0.08671563178222286
81.6473794744892,0.06555222654926453,-1.943232249994879,80.33050356470991,-0.5090495860262735,-1.9137040756479504,1.048526764467895,0.02175120390076571,0.12492834736566248,0.339310622308807,0.022426443808263544,0.22195641438969918,0.4921949563817133,0.0914498033951072
141.30238589895157,-0.7960076790857917,-2.2310500983433865,139.6910044268624,-0.7951382218989735,-1.6242996952736213,1.1369350093692112,0.15669239093330367,0.7586541741088951,0.8073669062029598,0.2306713538041326,1.3204404348615217,0.724398506846901,0.08347446859925627
