f0,A0,w0,f2,A2,w2,B,f0_err,A0_err,w0_err,f2_err,A2_err,w2_err,B_err
72.13418905425837,0.32747824241877854,-1.450460369205632,71.22941591162271,0.3048293183180043,-1.3311487500309345,0.8185108630919817,0.02262408280824035,0.08625928584832786,0.1929551477040418,0.02838362733552036,0.08251817239550936,0.1296883523142535,0.10392598191494168
65.4129582817232,-0.30961911352763644,-1.9142961557539904,64.52405588745594,-0.44795648130259436,-1.5731614712173507,1.1215097805235859,0.02668544757464551,0.16019770603575856,0.44589155924340357,0.03245003773670338,0.23412710133725825,0.4708388003535826,0.110314307975427
58.39267030536772,-0.7155059644380242,-2.8273032682915966,57.43951095972401,-1.463604946326722,-2.3921873180534883,1.0908631106140214,0.018347619334528394,0.2133313750371623,0.6054942610009962,0.0880245745999771,1.1884165468922148,0.9541510111145954,0.08330929281562328
79.3099475665398,0.555740106791255,-1.9389917691323415,78.18437345532159,0.4462481610452866,-1.2499758747474954,0.8146187385478081,0.014107371100298883,0.08802949154363499,0.24004182464955393,0.03363239994715867,0.08530463270526548,0.06946112656882826,0.11484386160102784
86.53694101375194,0.616639958498236,-1.958793610807326,85.46452669921011,0.27320939580025,-1.4072102890187828,1.4193161521492268,0.015093695739030306,0.09055690375070279,0.26704800534215867,0.029130828099707434,0.09254922876811227,0.17373524886385658,0.07118053335504226
93.65981721416243,0.30982709697207744,-1.5169609893243758,92.60599420322151,0.3586313531807166,-1.2736529795314486,1.2153041457414653,0.026503565183638698,0.10291386436672739,0.28860867599746065,0.07093727904209393,0.45410834313368575,0.4278880472673894,0.12657689762541138
100.97966134650297,0.17852802478087024,-1.398041521878466,99.92936350397875,0.20878035120146854,-1.290521304495194,1.1704690411082899,0.04213323310391429,0.11596488099438322,0.28752740678019945,0.07411529873349748,0.5348178086908025,0.5411465346500722,0.12507940169269852
108.15292432488569,-0.595303404787701,-1.5225790500765943,106.64976917889047,-1.3306217157715994,-2.3730438774799225,1.2587006255816708,0.09623821717943082,0.7477128394205617,0.7536341805595793,0.12234263079689327,1.4848680794266282,0.8999298087622248,0.08539529386111627
