f0,A0,w0,f2,A2,w2,B,f0_err,A0_err,w0_err,f2_err,A2_err,w2_err,B_err
22.941734863782926,-0.25806423596779093,-2.783677900421652,22.440330975211694,-0.21005918574837767,-1.373419947927062,1.3829758817196594,0.014236632904289547,0.18308774182336782,0.578416115499367,0.026868554580128576,0.20988869384669764,0.29213019215190006,0.14262481146388295
26.544392030698027,0.21140057640073007,-2.2592481998438583,25.95358800054592,0.15014241656345237,-1.3004116580440392,1.3474005174662065,0.01640124326491839,0.12435751474201351,0.3547336035710471,0.0183686778030569,0.13417158477840635,0.12416153692228785,0.15689302692517135
30.55112469374967,0.5332403168123445,-2.215804832949419,29.994911147356465,0.061383370275988614,-1.4665000894108429,1.3374936371901502,0.014223817926019145,0.10427529699481877,0.30368333360352956,0.03192324430881648,0.15427188024353145,0.29067784272607766,0.15453286629232535
34.36244186022172,0.18592043755418658,-1.54281849063623,33.72726921176613,0.34342202348478107,-1.3023683505908674,1.36181951378422,0.030500842165370454,0.14007392804006374,0.33595822686859284,0.04017544589819982,0.11887658288532496,0.13812918701188956,0.14462509766164544
38.31827516120012,-0.09984950249454083,-1.530965940522963,37.767860516936096,-0.2861038467071806,-1.3777918675762406,1.4341710590332473,0.04793669669607744,0.21811179988591634,0.48809656789996064,0.07745233875612687,0.9496555730457975,0.7131141472990677,0.07780927386012026
19.173956028592553,-0.8810102643044861,-3.026186930818315,18.788048267595485,-2.111232359235923,-2.7057505339658454,1.1037874103713006,0.022568717843816078,0.5729528504250336,0.861924885506104,0.04283151334522636,1.4182972682602173,0.9500757150810631,0.15467290282699683
