f0,A0,w0,f2,A2,w2,B,f0_err,A0_err,w0_err,f2_err,A2_err,w2_err,B_err
32.86234571312412,0.6659184045334783,-3.0629050658123083,32.259996843689756,0.20820826713276186,-2.6493942319347865,1.1522222667289803,0.008011740842361456,0.15732141390335774,0.4221987411235957,0.011721705570222769,0.1423605080084877,0.4043835641273493,0.17272949802427218
36.9537318567896,0.5534015586942909,-2.494178121467294,36.38830651322761,0.57765053011315,-2.5181104463912867,1.120827787580534,0.011529885217980757,0.11997987075676594,0.36997516169741773,0.011864612912693194,0.12652912358873242,0.35533875148949484,0.1709496445210749
41.05368080514836,0.4144551987121762,-2.2558347521790014,40.50290056439931,0.30944366794671596,-1.9515814977084718,1.221047428714518,0.014769596974293385,0.11997543894575517,0.3665690008196042,0.01142242934996439,0.10955427795109046,0.3456742135709504,0.15918787674261112
28.84500225364299,-0.03959694525727189,-1.9919850374347794,28.25523383084995,-0.37281738594339386,-3.2408380435084188,1.1566459697360956,0.021526191198288646,0.13530771617204024,0.388551944521448,0.01136813099650601,0.21184081556631346,0.6543589277980875,0.17493200705118714
45.2280692076416,-0.30729437854037833,-1.5817349961558684,44.64794136247772,-0.5915371194372196,-1.743037271256779,1.3480788398584291,0.05039685480645172,0.27546024089280813,0.6266213195101853,0.08514688663895353,1.127203828535382,0.8991722903270402,0.12603315204311075
25.00332236730444,-1.1222351149425773,-3.05602853924343,24.529005219517398,-1.4932858047539082,-2.127518942195697,1.326939265691617,0.031057040887428927,0.5715009092780642,0.8223210149645345,0.06415471033488314,1.1645939452495375,0.8984415431453343,0.14079055468256776
49.512681349169085,-1.559477235531086,-2.5926373822049005,48.75305668848094,-2.544513224978713,-2.7552250875284514,1.3486190358141306,0.07852781386110613,1.3586810971436512,0.9802777270266432,0.08505342867363996,1.5803599777329753,0.9843884634382811,0.09269882173645273
