f0,A0,w0,f2,A2,w2,B,f0_err,A0_err,w0_err,f2_err,A2_err,w2_err,B_err
41.51378848168409,0.3557505541099315,-1.8645752300797553,40.83755518223109,0.254753817772972,-1.4825278014892613,1.0195448813455246,0.01957416339593612,0.10818506776662146,0.33605779317555873,0.030335851130531062,0.10977699612387558,0.22780282294805979,0.19949547520556637
46.27371666887414,0.40760770259999557,-1.5265844765755723,45.59175348027041,0.43149673550244927,-1.3313604868404612,1.4558253018527003,0.029771041159944986,0.10501749807736822,0.26142360516735036,0.0358922164066945,0.11022900539341908,0.16776709955008992,0.05151582561404005
50.88765237506145,0.2614386656042572,-1.8298402843781931,50.23569013582423,0.3377208959789296,-1.3950783441121237,1.3717902015172578,0.02422066668401788,0.12535561713973323,0.422990745912174,0.02470930826206188,0.1142779766529667,0.2072880001858229,0.11152607934422307
36.99696321147633,0.16749904361053705,-1.4620367442113276,36.27438641202953,-0.4452936078432422,-3.021102981815252,0.9860188248263028,0.02867939486262865,0.12174908818477306,0.2577645848254458,0.013212215964993012,0.2291755085219414,0.6708162629249095,0.1894655716517716
32.55807400437087,-0.7005150896583012,-2.4599328819062247,31.93120045360249,-0.9644444404735192,-2.9241275238645086,1.1809446769062197,0.03710342154021774,0.6988675447369745,0.8034317791526416,0.04114699324983216,0.92437300083173,0.8844653190749456,0.14631801314010498
55.7387391623289,-0.2865426464935002,-1.830155420339603,54.932916196178546,-0.9227006664843656,-2.4804163201712677,1.193757656916322,0.11452837746922613,0.5907112259594068,0.7967587681434447,0.11649121807487624,0.579628276610942,0.7181249432778788,0.1970470489784286
