f0,A0,w0,f2,A2,w2,B,f0_err,A0_err,w0_err,f2_err,A2_err,w2_err,B_err
29.403146822911292,0.27784082640122065,-2.4058557105540594,28.88047494770355,-0.035482510743553713,-1.8056577021190028,0.756319375868765,0.017848198046395515,0.1690075737954809,0.5022498430441507,0.02701048670208159,0.16759265516384952,0.46862985369624827,0.20473828050674356
33.14733671654396,0.5660463736154049,-2.276666166453122,32.648565889631485,0.21236081454156452,-2.0795320055913367,1.1533723614870994,0.017152327524313997,0.1614167711702359,0.48107371958425904,0.022193667800501925,0.16514288696906873,0.4795061278119192,0.21319672072655493
36.804668233546614,0.8276794490746656,-2.73091839982722,36.302532698202,0.31320749134628073,-2.1866424069515915,1.0582500921399327,0.01258697075933537,0.16367784351053186,0.4371817490246864,0.012379910149453043,0.19407016147636627,0.5336214387764378,0.21506961818874074
40.53996506748283,0.18522985016229268,-1.599414741111381,40.001775076496585,-0.19033920530210272,-1.547776072873043,1.2890639522779486,0.04072257559061193,0.18150640571611384,0.3968871620601944,0.0537959754266155,0.683878368005805,0.8369472852949884,0.1586267594798225
44.40453548344213,-0.052233536474381115,-1.9944125203778738,43.787266171038695,-0.7017309863945085,-1.9511729821151413,1.15389616275611,0.03051681212125313,0.18186408625362296,0.5332299041407133,0.07253253810216569,1.0470998897421944,0.8788610295590917,0.19087474763553625
25.857565282406945,-0.8282128552365293,-2.6517037050699686,25.40439048819507,-1.289521588944255,-2.6617409792189983,1.3445384539456704,0.0394852166649556,1.0876017448963307,0.9707210359574969,0.05273906899258266,1.318815131543818,1.001341262218577,0.14572309721548984
