f0,A0,w0,f2,A2,w2,B,f0_err,A0_err,w0_err,f2_err,A2_err,w2_err,B_err
31.81867205268295,0.48410957983214736,-1.6347042700258436,31.09694703747408,0.37354207878719325,-1.8986481522002334,1.0600384091322228,0.018966832448840273,0.10066065778203849,0.27013249987466853,0.01950481405343414,0.10672167558379467,0.3226661413573538,0.25457770247993877
35.78579536117658,0.35271129331897305,-1.655443030780276,35.16343990577985,0.2654164344759087,-1.391400170960749,1.4183275248384053,0.02757850758602624,0.11087788887973525,0.31648205919914246,0.036862326139823966,0.13063060954406816,0.23347352712542685,0.10384138017519214
27.717740655324477,0.15146651131275052,-2.428942849333774,27.127134557600478,0.05516632820504417,-1.4094770384828257,1.373122355835305,0.014564780689925897,0.15421928638616597,0.5455397462345757,0.014989922153314537,0.14788532616309447,0.2703017874280735,0.13929154440223576
23.945349501421518,-0.10279760893020592,-2.6677026678442863,23.39631565233399,-0.6869305802391631,-1.7745362899635098,1.2538619368536608,0.016555664724269805,0.1842989489611462,0.5012000843787728,0.03907999087708605,0.9264336647765634,0.759290149692448,0.20151676176718486
39.95884951948835,-0.3698578098489037,-1.510498307547544,39.32392570081386,-0.08570083090915498,-1.5458919025797588,1.404262173482976,0.054243008854245926,0.31822792905385305,0.49411850121868767,0.03888859396824571,0.20032718396851157,0.6924191929564512,0.11191254559358187
