f0,A0,w0,f2,A2,w2,B,f0_err,A0_err,w0_err,f2_err,A2_err,w2_err,B_err
23.506705973644216,0.067799947727682,-2.610864396250137,22.94912169804276,-0.16780662056898638,-1.9199486869061666,1.267717198237503,0.012203838680551238,0.1295828890415303,0.39777036505023383,0.010009623338134219,0.15263831643821676,0.42246547229006653,0.1839817458287841
27.111193497171385,0.24876190078349675,-1.499255391780287,26.523542472265905,0.14193040090227946,-1.5653523620733196,1.396605442046663,0.028203313123894475,0.10766217083033779,0.2416929145416256,0.020556293439733767,0.11273622160277673,0.29049755409714734,0.1263835670690154
20.326146361430997,-0.3291753378802691,-2.6950973533335376,19.89181329477247,-0.4768450396762246,-1.6044117773530886,1.307738939521865,0.013860429215782519,0.16651590917855327,0.5325575693072265,0.033352369239867494,0.49820198768133866,0.5455328294374904,0.18309585241813198
30.594623310139006,-0.2884504697029624,-2.262802408009276,30.079428205983472,0.2281185823838532,-1.330231539444086,1.3326012320549288,0.03514381688828618,0.2774805701474439,0.7993940453987319,0.04053416560149375,0.41346749675049227,0.3438441416684128,0.14937750012182857
34.21813753995707,-1.1313948600955686,-2.300926636742029,33.63216734864436,-2.1462326276344763,-2.613402039604618,1.4454470662007028,0.059086270216092855,0.8495302457833358,0.8925600238945598,0.08095635386128702,1.4969381457078716,1.041014012733652,0.06994585353703926
