f0,A0,w0,f2,A2,w2,B,f0_err,A0_err,w0_err,f2_err,A2_err,w2_err,B_err
68.53309924263347,0.9390320249842312,-2.734285410123414,67.64204343171214,0.5389752363903075,-2.233599961560185,1.007804043194162,0.009244365283282992,0.1422494239734225,0.35744684853515274,0.014154807183644817,0.10947119600760699,0.3191819965094829,0.12732807673174903
75.24944367769321,0.9110263182800004,-2.497379944556254,74.32747324254105,0.8752875724677884,-1.539962992397347,0.8851838712613884,0.014256242200356975,0.1207239935626252,0.3335712416069569,0.04362496364724511,0.267218688227924,0.18823669423948225,0.13279797089688344
81.98066349192587,0.4677146792190895,-1.5653630156229963,81.05076396273438,0.6500365041622649,-1.3230248404896745,0.7102292309459607,0.03170746804246228,0.10494425803982889,0.25626434886767574,0.06515274033110888,0.3234595673607765,0.28151964195576445,0.14845971555628154
61.73005855239526,0.34612153577310545,-2.4331864383220356,60.855724665676384,0.18402805987972132,-1.896332366781503,1.1117304356766273,0.013273103980314784,0.12829401643857632,0.3590047519906349,0.021025853365461127,0.11670973248638547,0.3454862912278343,0.12640170440583684
89.10672349833766,0.22761492472375544,-1.3352456201199727,88.14629529563405,0.03593033974473967,-1.5055241219783888,0.9528429775006775,0.04109285102211426,0.10337432973516619,0.13980201984267412,0.0307354681445713,0.14889994009990912,0.2955711967515169,0.10305139795214623
55.383550496375506,-0.3308139991307436,-3.015645921047715,54.45184418060375,-0.9693412709968042,-2.5488792161439413,1.331296026098693,0.016736239649728576,0.21461605792992264,0.6917368686950044,0.05818007132582048,1.1506911840659082,0.8825198725787338,0.10490494324745867
95.99594743806172,-0.5969133296938827,-1.900826822166783,94.90358517474294,-0.3949770349575785,-1.452862853290986,0.9975999400147231,0.05682845639847451,0.48686062538960634,0.582601392405823,0.13295024590160764,0.9930626738528335,0.8199681805469282,0.12118943909071184
