f0,A0,w0,f2,A2,w2,B,f0_err,A0_err,w0_err,f2_err,A2_err,w2_err,B_err
41.932025932914115,0.05516360843292942,-2.5314847891362042,41.31816603727619,0.32764601120237213,-2.4591789568601614,0.8868982290417402,0.012335572122142958,0.12455399723152115,0.3745735144304659,0.01077431530003387,0.11408058257548079,0.3723825682023836,0.13117858974772106
46.65993326378562,0.5476518060806339,-2.5025814334954983,46.07749744664046,0.2673704427094967,-2.4047682904906904,1.133625819439998,0.010344490312968994,0.11242358804624598,0.3092889683686977,0.01311334773391541,0.11518722284325322,0.3872317024372137,0.13593182991982103
51.258091648270494,0.50840223683989,-2.396376994664159,50.69360475135871,0.29559387510325213,-2.0919868669939623,1.3450976690604923,0.011907416998907705,0.11101595412093392,0.3422378806093266,0.013183811383514203,0.113555397384892,0.3436790702137995,0.10786950581296947
55.969395833623885,0.3713009818744068,-1.5102908796275738,55.25773854477416,-0.17603238462358517,-1.5886115222013624,1.2671942171461943,0.08231001806662902,0.23040105245887377,0.5239909068092586,0.11912932664359209,1.42544974008997,1.1314852312460844,0.15647783788451508
37.472974039242075,-0.14337404117885427,-2.23013727450583,36.89249687889004,-0.722389682807436,-2.324350653408571,1.0271264500511164,0.017328257869251476,0.1308967577786499,0.3993350264909785,0.02870361002820763,0.41098816827911533,0.5766478486345198,0.12793763307902803
33.02644645142539,-1.1750823285857415,-2.505880173674183,32.369690700478536,-2.66247089009857,-2.8336137689926795,1.2700020175007891,0.051330729136573404,1.0780601506094807,0.8188357537453922,0.06981755705714247,1.6602647422687562,1.0392948859406261,0.11293137770866762
60.74957603216106,-0.15699331217105086,-1.4616141250073151,60.04510243539296,-0.2517026253225702,-1.4678811559788127,1.1226333048750992,0.05455741977904936,0.16357470778920064,0.29715216948056977,0.088983298282826,1.1573029178511443,0.6893025428634219,0.1567633601988814
65.41772509112674,-1.4237742453690725,-2.455821009179523,64.49927155918708,-2.0522806787538728,-2.4467907852990076,1.208051887580146,0.0988210381596624,1.2836292614634004,0.9854544305193951,0.11555511886594208,1.324955454065755,0.9900036367693444,0.08741721523567945