f0,A0,w0,f2,A2,w2,B,f0_err,A0_err,w0_err,f2_err,A2_err,w2_err,B_err
34.95034477640226,0.6601755631631853,-2.4246057316836604,34.323280827208194,0.309130905163876,-1.8431897129110122,1.4264510550072584,0.012513320678938936,0.12092001606917503,0.3223475036624515,0.02308272734245947,0.12177139602734,0.46023176663895476,0.09680345567292264
30.935834100418997,0.5270254570377473,-2.3377532260029508,30.379510607578087,0.2162591757014011,-1.612961888722401,1.4119090799561174,0.013061174206853206,0.1265425384158869,0.39848622691806024,0.029380882587089565,0.11806806043251991,0.31332958275846035,0.1072926430520973
38.82024549710718,0.4816578626120643,-1.3789759655237637,38.28842608624332,0.3915770557570246,-1.3793395698426778,1.2881333406960085,0.04735793841348059,0.18870260420652535,0.2937572747399363,0.06356823656603823,0.9439838183858215,0.6767386803783275,0.17165541809913082
27.145085047903358,0.10646889515700375,-2.9207877469842636,26.647775488522228,-0.32854528606992434,-1.5649559396402752,1.3665385342110445,0.010946866861538243,0.17363568815143685,0.4901503642121637,0.051023495474290914,0.26407001230909605,0.46625799771298804,0.12107458635482711
42.84872046022083,-0.3323082673080685,-1.5035164790834536,42.24633207863242,-0.39464972830576106,-1.434855041779726,1.4680081784124432,0.05726621364461741,0.2711248552176398,0.44618254074439506,0.0646037824068005,0.33835518104382034,0.6440896316622157,0.04532191323595131
