f0,A0,w0,f2,A2,w2,B,f0_err,A0_err,w0_err,f2_err,A2_err,w2_err,B_err
36.297581048523085,0.5344737406672647,-2.134051436241607,35.678523418973654,0.36715045649399586,-1.3599274897497855,1.3065020775986897,0.015003775440333019,0.10217456566086495,0.3020375271946699,0.03396328849823948,0.11111797922609032,0.1944183854538869,0.18347816789012483
40.37022434870847,0.42366582705199807,-1.6886072838257131,39.68155812129868,0.15514409475157176,-1.3896512445615077,1.4098917072203718,0.023448018467210317,0.09518346662938588,0.2828280930515924,0.03659802800505819,0.13655264877207698,0.2225122708953448,0.1045259090997663
32.19972630864038,0.45596207933134886,-2.2053427615663486,31.560708386189432,0.177993119006718,-2.300654084187786,1.4071815985500715,0.015225851562608993,0.1016674709484298,0.29528866373988916,0.01401319469471982,0.13146915279743804,0.48232379635676775,0.10432019643996218
28.204531429873427,0.15363063398673532,-2.473757135300848,27.622274772056855,-0.24855017133140897,-1.8441003872071766,1.4079881563952834,0.013559621701003662,0.1344272197140752,0.4308356480328461,0.03079073669051114,0.1781742154527021,0.5028490314059293,0.1010325783500854
44.58808239769536,-0.22570830444124376,-1.4079538295599086,44.02534231887219,-0.1386521744613547,-1.6452654949125227,1.3942143105257276,0.07239858526307914,0.27509234218838396,0.41795076363666345,0.02287860330278132,0.2139922103996511,0.42289758258751403,0.10019262410192319
48.79115344921752,-1.3454701712624075,-2.612059706691148,47.973152081093296,-1.4776967433643213,-2.5333983897040806,1.4077833428617512,0.08488025418754856,0.8990307091315346,1.071364206370078,0.10594904268765112,1.27779669182188,0.996452806364005,0.08587535866440385
24.514408137361265,-0.7807329165888608,-2.33518490616603,24.101230636723226,-1.0521792639473722,-2.263481897563626,1.0447347817676038,0.041731484705395394,0.4340708733127478,0.4300853184758546,0.0695895737970643,0.326858035384178,0.466659846043462,0.14376323893388876
20.562981516695675,-1.325844725144151,-2.7583750490481647,20.155001551871358,-2.6446824108180635,-2.5838449811324575,1.3421641492104528,0.03553332417867744,1.3830754260239595,0.909556213230325,0.04782418504534468,1.440927444565006,1.0283850068081557,0.10657628907317751
