f0,A0,w0,f2,A2,w2,B,f0_err,A0_err,w0_err,f2_err,A2_err,w2_err,B_err
24.06403265388241,-0.09518355701372967,-2.869703631158111,23.531436029573293,0.08174328854943017,-1.4597532700106584,1.370304722561881,0.012600422210451304,0.1762005370836959,0.5580523074786272,0.0181764435361952,0.12565329022656394,0.2572422485482675,0.13787621794946073
24.06441865848468,-0.07267829474458506,-2.9459850876363145,23.529717284911225,0.08794603444622456,-1.472488204421916,1.3797775302606223,0.011577428123576143,0.1699095088639714,0.541982792039984,0.017668678143511623,0.12614689130809656,0.24908452362610076,0.1289992242909019
27.655112648024712,0.5220739847601433,-2.085742600064217,27.0312874984662,0.35232510656637395,-1.5288247167453113,1.0431277426382282,0.015860078080945566,0.09750755774993147,0.29205064978076894,0.02219195158694318,0.10664976151673493,0.255256146608477,0.260822488526671
31.109967953747606,0.530464914655916,-2.391632954192424,30.623206015839806,-0.002111928864958368,-2.9798638036225666,1.419353725138285,0.01257370777734236,0.10946453958877012,0.32969477324095603,0.01156086126835588,0.18491125697425265,0.6481659559253734,0.09201807812318671
20.78830854673972,-0.35107735646388794,-2.5198742549076387,20.361197255457995,-2.9187207499003365,-2.6657170704300652,1.4212524208360127,0.020203775865816148,0.19655029813483135,0.6195533499697966,0.046199908646853964,1.7632626278173398,0.9908930443284306,0.11219645217947959
34.52883057150201,-0.031144221601663427,-1.3323187088106172,34.019181967310736,-1.624631109787773,-2.3015667406786475,1.4522332051651765,0.07067333927908928,0.18952181356481665,0.19099225648689422,0.07161699565151648,1.3971691315672095,0.9619364613840687,0.05059309179294727
