f0,A0,w0,f2,A2,w2,B,f0_err,A0_err,w0_err,f2_err,A2_err,w2_err,B_err
31.038211265190878,0.35931139173070625,-2.5339710781393956,30.396038769686236,0.06622109644890385,-2.3918713603955934,1.2935970895022724,0.010822903202518828,0.11777073494348647,0.3077869589598698,0.014268114346523753,0.12691817327202992,0.38369750759738613,0.1464743546131021
35.079164960558764,0.2431998500067751,-2.3317319818867333,34.526356347782354,0.3471438915335293,-1.289823205580189,1.4244389247592855,0.014576043002165775,0.12222303788644234,0.35683981324986996,0.03892395170482115,0.10062557249108174,0.10328536943788742,0.08304093118430587
38.97468988591693,0.29930338843371723,-1.5613085769032453,38.37949848306935,0.11421401216464243,-2.0493829878950933,1.3980483348562633,0.02496974407819835,0.09762562229859424,0.2447743788922011,0.01903290752351996,0.1256126287838086,0.39474396161323005,0.09511125361917928
27.358917770750367,-0.254197326569069,-1.9747563106176491,26.811916119365392,-0.2661290237009384,-1.4798407002077911,1.3357272898159789,0.024983612158603508,0.15972447847659763,0.4194358877122197,0.03812870362030262,0.6613000529011298,0.43928388576976285,0.15815693777648462
23.48829362270411,-0.8133023214686688,-2.1869742368498484,23.018691176024873,-1.1765044231285766,-2.131979832137209,1.1547374277069795,0.03572292590203954,0.4271039840661983,0.5033208889411418,0.06650493991133262,0.564325255495475,0.6078514250823324,0.15453878867301837
42.97381270727347,-0.3746847820678904,-1.6246076489961112,42.34379565969603,0.04307448823544713,-1.729767032131468,1.4335402478567951,0.050201263098477854,0.2342810420548074,0.4475243538985355,0.02448117645859307,0.12676248710081112,0.4006697300513272,0.07402391379718622
46.88179707335557,-2.09142146641502,-2.781015114992086,46.243615803217004,-1.7481314662219316,-2.2044623809806163,1.4191919217282338,0.08283102667182302,1.5677868824721124,1.0447611504696457,0.09421414429003518,1.404731790138665,0.9528586645944905,0.07851822706924541
