f0,A0,w0,f2,A2,w2,B,f0_err,A0_err,w0_err,f2_err,A2_err,w2_err,B_err
38.01066730772621,0.593254054874232,-2.694291087908814,37.451167716666504,0.6188616787363248,-2.451872764001272,1.3537775984284866,0.015465421478061347,0.19226339511744894,0.5309669777291238,0.00829229675259193,0.16905404787784653,0.5238132179026375,0.13710744210868042
42.24181769402088,0.2997546718941241,-1.8857258170206608,41.642441967317566,0.6901633954038763,-1.9697215215353445,1.0248081917681744,0.03401401445420593,0.17075960262324033,0.5304647230996019,0.019856849694594014,0.13303727484500155,0.4257905294878639,0.2219667662788017
46.47298995310135,0.16925346917614603,-1.5876782248338657,45.841321502670255,-0.21429001171789674,-1.6007533365546154,1.079270935833443,0.03641069688479186,0.15965906672880983,0.3841369280460905,0.05335918543880685,0.6058370803447858,0.6428022033509837,0.2043394206921711
33.76760318479974,0.2105216322539904,-2.5767187158995273,33.15508520779164,0.09430632537949375,-2.217790488152667,0.9960414215851279,0.017483042250084554,0.18475840004485652,0.5247980467480717,0.023222531724198914,0.18020537030720496,0.5434624469767624,0.2079775515256714
29.810830653810456,-0.9387709367125826,-2.748113392332903,29.2476122554241,-1.6643748938994292,-2.534214325004904,1.3114740070135686,0.0440097219935778,0.9126188330687597,0.9467698242934877,0.05416047100338429,1.9222273164052537,1.0269779900584504,0.1742716682244646
50.988562311595416,-0.2858064621681249,-1.6486262753708179,50.24691185626149,-1.919470471324201,-2.5791452747988655,1.2879950205623254,0.0579734014271368,0.6165517165341625,0.7107169549657242,0.09976424743259928,1.3448698344702228,0.9588925354320712,0.14429573036371002
