f0,A0,w0,f2,A2,w2,B,f0_err,A0_err,w0_err,f2_err,A2_err,w2_err,B_err
28.075676181412195,0.31633887323221777,-1.8238703619945063,27.477824228430784,-0.02313304526347266,-1.404803987449236,0.7212416355317302,0.01972152855834602,0.10270155742726741,0.2883966208019437,0.029262969171569245,0.16615769026493019,0.22244955858034066,0.21833874872159098
32.163899063402276,0.2774626413609529,-2.1720236386155,31.501467984858245,0.14783045173312856,-1.816096624203754,1.3712430977808578,0.017786400990132747,0.11705664068389883,0.34175890663852165,0.012851504421228196,0.12631672205039102,0.35861741252978313,0.12575094767112976
36.25981717163038,0.2474127437282605,-1.6578290104003992,35.62590269059069,0.5471911587767312,-1.3980511723722366,1.4143633445484958,0.028760690002889305,0.12771500178671769,0.3654590460367954,0.02962634066915312,0.09151112921696479,0.19627435781575742,0.11418327517359403
40.375176244840226,0.06256970488249107,-2.5458056318243205,39.69486375839632,0.11559110161860701,-1.4270428783896059,1.4116006117457596,0.015428156704590003,0.15663976224574983,0.5049274940942645,0.040773226188730305,0.1147655705071769,0.19409855995592903,0.09215299759162028
24.311624600656707,-0.3917029765783041,-3.4801407743743575,23.848685883875724,-3.2752523135449327,-2.8770257200450713,1.2136867756163456,0.009498472675712969,0.21916627538294103,0.5564715768627594,0.052469919553100805,1.4397194233099544,0.9986856953174232,0.11540762217077041
44.5754181683283,-0.8391523515789095,-2.734814539584862,43.94106265112794,-0.8451665053342297,-2.0111166703097227,1.3850075430684399,0.04006632773038427,0.5325850887031955,0.9369670045666213,0.07952408471724452,1.1611170894520975,0.9223845025450559,0.1201702083567759
