f0,A0,w0,f2,A2,w2,B,f0_err,A0_err,w0_err,f2_err,A2_err,w2_err,B_err
100.89250389690058,0.4865880170541974,-2.3450745746694475,99.54559123857248,0.27203317495599577,-1.7373166121586987,1.2083477128753704,0.01191955096907445,0.1036683347229081,0.2800260820507383,0.020616815534247854,0.09476960739943577,0.29516827639825305,0.09386395945243263
110.7510171048909,0.9968986047064099,-2.1686724495816674,109.43165702771175,0.8879645754872564,-1.7487229802115005,1.1866346062226718,0.011482813864939179,0.08495219576591422,0.22007714484871474,0.015370010956613053,0.07311101494042706,0.21049721404643476,0.10753606037105769
120.60828224607586,0.8343815372073553,-2.3190265567118855,119.30675561333122,0.737096803786209,-1.5493252985597488,1.157979420895773,0.012846753395594124,0.12166541352483622,0.2913844965773371,0.06851230701253472,0.667556988925738,0.46849423385317557,0.10869313990553459
130.66587829498243,0.3509754778517833,-1.314732553421574,129.353238795495,0.42265571333144986,-1.417325411926296,1.167675542224277,0.03620915623635821,0.0824390284664863,0.12030499420580136,0.06413117039175997,0.24986602701516855,0.26699845692451535,0.08868633315978423
91.10816811152553,0.09353058545732655,-2.1602352709370534,89.77771722079514,-0.29112148585782505,-1.5658987524620742,0.896217716799918,0.015192335260868819,0.1043214204051729,0.3382836699224962,0.031699898371092834,0.13753585980161445,0.34721013059809563,0.07543995921600916
81.70319695303945,-0.4523654276495686,-2.3891487138689467,80.39413062376741,-2.2683606088865207,-2.880898354286109,1.0719007071916655,0.021763534690728798,0.16615042483964934,0.468798714832391,0.14858842967947544,1.7770675480981806,0.9783128522794164,0.06639318922374703
140.8102803411112,-0.2546591399968992,-1.341459783983403,139.3628981995675,-0.24151205903025352,-1.3257612490583834,1.0584166319153576,0.06520686737120257,0.21181983502903065,0.22754815055937502,0.07043009296160943,0.4128507131207606,0.3262737406082666,0.07629709630620099
71.91895446253001,-1.637271212503328,-2.430982040652414,70.80190953519102,-3.996706292445883,-2.961119126130852,1.0647490814361407,0.10131582702509134,1.64233850663931,0.9218071910689895,0.12096509439795311,1.5837230357029093,0.9768197143918238,0.06469485806465804
