f0,A0,w0,f2,A2,w2,B,f0_err,A0_err,w0_err,f2_err,A2_err,w2_err,B_err
31.67162467876666,0.4142643892007974,-2.4668122735896025,31.08662571177235,0.1637792499317701,-1.6101625412559637,1.398077949388183,0.013759172163523846,0.1319144643638852,0.38736138913055,0.023815925931241787,0.1354806206241181,0.3653464498857456,0.10734163879064637
35.79917256581552,0.4429037577335876,-2.0911626544428934,35.16095116048152,0.35008743135739967,-1.4497268244354302,1.4225498353132688,0.015719504259917326,0.10932833516042227,0.33560170954408164,0.03377659014805664,0.11115712109604706,0.2611738417302584,0.09536435208950474
39.743100503952796,0.4034399378260569,-1.417121262742909,39.20069068432987,0.32083816669879284,-1.3780876418435277,1.4357747278030668,0.03937188839442307,0.15297522768022512,0.38615620769926023,0.04476231697002838,0.3673301761820578,0.5097506135172257,0.07134572959111583
44.04096057971022,0.180475155973092,-2.0186341829090733,43.28259020240834,0.042617283156216434,-1.329402407838033,1.4081347454887088,0.02169223301300018,0.1181689630038167,0.3974202471145952,0.046483073369813624,0.15980541846408808,0.21993005494617732,0.1007793916944922
48.223398270403656,-0.45573313942293453,-1.595311796519915,47.47588897189428,-0.44134448598989495,-1.8628877487133806,1.361145747670159,0.06566370251470513,0.5591206036898609,0.7425839466751064,0.04356128277676006,0.25046293126684077,0.5986198226292684,0.11970087145199933
