f0,A0,w0,f2,A2,w2,B,f0_err,A0_err,w0_err,f2_err,A2_err,w2_err,B_err
34.342192935761894,0.25347394044089855,-2.4816013666584937,33.638397928580936,0.041085209539575535,-1.6374042859896474,1.4375674792536672,0.013518956703018354,0.11940228433268676,0.36508311574130076,0.01743124005766816,0.14598260778725122,0.5568402483771036,0.07679634789668595
38.79694611344263,0.44964365514508153,-2.0312798879775,38.096383149044854,0.3897598257928655,-1.38184686006453,1.446803880266637,0.015496233903222236,0.09951486848397184,0.2946739325278801,0.026125477303033988,0.09617677053693963,0.1763370981772007,0.06546388904793077
43.05784544014607,0.33030318913691675,-1.3103396705924382,42.44702260430645,0.24230854732393953,-1.4672076890764467,1.4252027826929798,0.04220435142004386,0.10340056385239776,0.12906815550532974,0.020114173888735293,0.11389481918042836,0.24703978601013948,0.08786894281538178
47.55768551909005,-0.034677534938722054,-1.4619525699706428,46.908206629974984,-0.08743059152188792,-1.4061931300848098,1.4182053581899698,0.04391855449606929,0.1643672261147994,0.35755051018825607,0.0368460698322079,0.1710285757268461,0.3936358733528483,0.0903033049088257
30.240233832201746,-0.3382840658149191,-3.3064157887917087,29.667904456045527,-0.5690772497708572,-1.5444694412734408,1.4287846659154155,0.009509282432201135,0.1939483672530924,0.6487540700108204,0.055034157504036646,0.7136610033659726,0.7196087313427578,0.0861701753025208
25.996807789430378,-1.0865458870318665,-2.7981112281289056,25.453755485511685,-1.940992762308166,-2.601814391016781,1.2845202457978582,0.05576085012504747,1.0647556453482245,0.949227637307303,0.06392540784119659,1.117477920860446,0.9651358889786966,0.1578202904788447
52.086009847632624,-1.4234599595131001,-2.275273359406619,51.38061248475748,-1.0551464298559405,-3.0273079724604517,1.3023978189515404,0.09638451854294676,1.0361320977804307,0.922004894073941,0.08411476475967734,0.5884841013143987,0.8925215371217283,0.09557837050008311
