f0,A0,w0,f2,A2,w2,B,f0_err,A0_err,w0_err,f2_err,A2_err,w2_err,B_err
26.471508544954037,0.29072676451318336,-2.804967502907682,25.998845716301147,-0.013510946299242661,-2.9969019448949896,1.1573872157682952,0.010299457319233893,0.150833167133453,0.45910673009101816,0.01023812971406832,0.1636034138699758,0.5530386807102851,0.18116782949618962
29.862275599196913,0.46296158103990814,-2.5782140626196344,29.406385606276796,0.3235074454228425,-2.358868349490192,0.9150682303792814,0.011337561092505836,0.11979440948518598,0.35245232146245203,0.011110642818215003,0.12201468748150084,0.3531102501276349,0.18313227538612067
33.14274726742041,0.3312588342361674,-1.8281987288304522,32.63199718081893,0.37757152932434446,-1.4658965159146256,0.7714467897320041,0.035566816732936345,0.16267145173983555,0.38780289575925364,0.026917967943142777,0.3882979628107843,0.22877692772391228,0.20172790653239694
23.36300159074343,-0.20455265964939745,-3.284851733106415,22.85292640839756,-0.43956116639254306,-2.2625924782214644,1.0272354008204145,0.009024583093721245,0.1915684979575777,0.5641133651294813,0.022853915263641934,0.2070967670440301,0.6090990819308963,0.1822656709682081
36.5487645288344,0.0062973631494653015,-1.58803393374651,36.04132075194062,0.07545562222823693,-1.6366037744559343,0.8498549439976757,0.03335978695558757,0.15715066153519283,0.47233012607805214,0.008466145248450517,0.15291439150319935,0.40433465285012454,0.16203443470718704
39.962559924551456,-0.3440631962395135,-1.5349928643273705,39.385415641613875,-1.8184011131401077,-2.404844852857489,1.196532690073004,0.05846774957344406,0.4060041882434651,0.646953921745721,0.08349243902194686,1.1096086599802832,0.8297412987572743,0.16376752395792343
20.068711792114975,-1.3279509961274674,-2.4865686126588304,19.605307957716196,-1.003949802499057,-2.766690422725889,1.351112601579604,0.042939106280805286,1.2641195611034426,0.9516467017104168,0.03542237808831683,0.8049275943116225,0.8968218379037802,0.14338625290558227
