f0,A0,w0,f2,A2,w2,B,f0_err,A0_err,w0_err,f2_err,A2_err,w2_err,B_err
21.538562751417626,0.4069082113458175,-1.5427731502829425,21.098137762341302,-0.3006535163525588,-1.6314349848085816,1.396050214763306,0.022684517650434607,0.11395675484966997,0.25721787376463096,0.034807878852258674,0.5146733811733858,0.7359348177572967,0.16202483019527367
17.854929139776083,-0.5210920822899083,-2.915563551423922,17.493860881828923,-2.938245879505268,-2.550372651747761,1.3092368733164905,0.017061859165119878,0.23670761228056067,0.691341852537709,0.04256857173443605,1.6054299087209336,1.0158095840324084,0.1311530609340499
25.247550500195995,0.32917659028183766,-2.245732766928283,24.675003085692353,-0.1712668020240144,-1.4343705141023557,1.425863386757549,0.01610474629991871,0.1299343275616669,0.4192080896026387,0.029409335017867386,0.22223662693921495,0.487341129095734,0.08981177117177552
29.131626522155997,-0.04936508687303155,-1.7558336643502668,28.689830904711755,0.2141735040868865,-1.3686065197923598,1.2941049462193683,0.03392054538682965,0.19069405272733425,0.45816086678589774,0.03732476857783923,0.17934119470445858,0.31092830998475013,0.18747760668012917
