f0,A0,w0,f2,A2,w2,B,f0_err,A0_err,w0_err,f2_err,A2_err,w2_err,B_err
27.317274569955227,0.3521963705811074,-2.7930217563634017,26.75090613129423,0.25731964580689587,-1.2689219366930349,1.4404235238211494,0.00984881134720794,0.13403711869277302,0.41501495080277523,0.031250965468785336,0.10738248371301927,0.10285146052751933,0.06908518536272937
23.651380655072536,-0.093435700534959,-1.878103319992393,23.169633346335957,-2.217506084144576,-2.511599307307101,1.4441224817067295,0.026163820868224736,0.12381550592865936,0.3535039621800075,0.053859956389265724,1.592578931205991,1.0279469144361308,0.07710592002263733
31.465762505459146,0.4731107477474866,-1.8532372268191923,30.807956759046633,0.3053773727264319,-1.2986475233799042,1.4342843664457832,0.019222934383021896,0.09433792192699011,0.3034437006436021,0.023592236846950342,0.10255468879244739,0.1220355875505153,0.08932434152326463
35.421337585968956,0.1608114166016019,-1.8979098144208713,34.80370780694165,0.37468814231445785,-1.2670893360181938,1.3917127659885329,0.020045524325177862,0.12675810392827527,0.41164619493448207,0.053781785823804225,0.10493807368639291,0.07830463009815515,0.12289701605959065
39.50190965043376,-0.5231133166169039,-1.7105036355857908,38.73391212850222,-0.7772774438717152,-2.4517460849290815,1.461346136740477,0.06352066917227582,0.9975208332824069,0.8348709029596515,0.05443363845917196,0.8641212458767952,0.8822795429495098,0.05852107673418708
