f0,A0,w0,f2,A2,w2,B,f0_err,A0_err,w0_err,f2_err,A2_err,w2_err,B_err
27.978086460900087,0.45849438766932343,-2.13349988590216,27.3570977091716,0.12294379478992239,-1.3330881247472246,1.1903402618830716,0.015397730560444889,0.10960425107145959,0.32032822700437336,0.017998508915761186,0.16502966029283517,0.1781630889041482,0.25552445402758306
32.20721666005247,0.20386331265688518,-2.736399209157346,31.519007094051837,0.29462014220728083,-1.4617264339094682,1.1863466243800167,0.011827595240458712,0.16837292380618832,0.44804674492334995,0.015164125899061258,0.1144773336420814,0.24654272023247878,0.2051834770215397
36.30927923177395,0.3020340622754934,-1.7571320649461446,35.66499052877189,0.16614345833987204,-1.3873789546405244,1.40909009246433,0.024447341028813317,0.1125007562654145,0.331662385274089,0.032914233233624204,0.15532722711617766,0.39797593849947466,0.12781678530207158
24.10938955924372,-0.2942992088525277,-2.5142143707251536,23.532647959240535,-0.44995468714302167,-2.0304844585217827,1.3380613060410906,0.01936388609881869,0.18983227510704095,0.6076558553110055,0.018288982252050993,0.23307601390665253,0.5334378339976015,0.153715696463083
20.15021734700298,-0.8332152163115873,-2.443067407220531,19.68434354836387,-1.9371270869115014,-2.9829395815523774,1.2303570703564015,0.03604599967399025,0.6083725912213851,0.7677987234759992,0.043197726845448904,1.5115241779314477,1.00638197186146,0.17752201536335377
40.26294448709416,-0.2529157878200501,-1.9368997730855146,39.4863987122646,-1.6250507514521302,-2.543667042550718,1.38462272420297,0.040972952770881414,0.18782838125613321,0.5728613252681801,0.08747653578984234,1.2757585368653535,0.9173706374156517,0.1017744429435434
