f0,A0,w0,f2,A2,w2,B,f0_err,A0_err,w0_err,f2_err,A2_err,w2_err,B_err
33.723918314834854,0.4455713613369768,-1.8265893631044867,33.082838997591224,0.10481453826587481,-2.086041409470333,1.3337963436517755,0.019055490670104046,0.09941924786543573,0.33883528595866813,0.020483632161170325,0.1389506241931573,0.45664560342511945,0.14725927585170576
29.75709022884242,-0.14621891376547339,-2.294366810390578,29.198595370718234,-0.43249331346659314,-1.904121459914136,1.2794336860695474,0.01905143547297299,0.1696934080490823,0.5865169735114594,0.03360526834859571,0.24602997526879966,0.5742031468424932,0.16096760912066388
38.153946102395786,0.7031831126661214,-1.4484048579757896,37.466221836152194,0.39354891805571895,-2.5801857580942804,1.4183775640887057,0.023711703772681877,0.08396851191826031,0.21665847126401547,0.012909956693112977,0.13759774098714805,0.587477340148189,0.10910369888809639
42.323542924193134,0.5888760802624372,-1.3050706589711838,41.71338305165711,0.2797682772912198,-1.6165497827582884,1.415606763245163,0.04041707061255166,0.11015768659659193,0.11533574568774514,0.03025001913911366,0.6735168693892128,0.4385228507551241,0.09666381403595613
46.79344712308031,-0.2211113174206164,-1.6347847599709975,46.1025034921164,0.1312240342588648,-1.3337633617779592,1.3100705551838772,0.04645565013855563,0.6757304049852746,0.4686539151685739,0.04486594092031103,0.20135218038587693,0.29815831351587496,0.16461030988783956
25.60585087112225,-0.8994410267484116,-2.298727004074108,25.183281284768935,-1.7807623679373097,-3.0785909030635974,1.16739930234941,0.039980607005377256,0.7660583159363459,0.8014279022809512,0.04516649965357701,1.4149921362132947,1.0213489373652602,0.14712263536038064
