f0,A0,w0,f2,A2,w2,B,f0_err,A0_err,w0_err,f2_err,A2_err,w2_err,B_err
89.20472861642088,0.9930780861497396,-2.406508746898826,88.13844181443889,0.9037968918627427,-1.8776378858375078,0.9301947213312582,0.009730402430647784,0.09329506612391668,0.24229826903222618,0.001871414283705499,0.07460576664350364,0.19323601257219358,0.09257604234649174
97.14046153135592,0.7145977158878422,-1.9106780171337223,96.11623794566152,0.6955334603975996,-1.6360373215794999,1.088952757169202,0.01375285310502848,0.08186619219089712,0.24284591242288084,0.005740917558788079,0.07521236915438549,0.2024222352765301,0.10547643085246383
81.25068442100854,0.6608010590233213,-2.6589064361581762,80.18268868262935,0.3430670498046192,-2.439453730567095,1.2586651572208691,0.00919362673574288,0.11959491622768001,0.3165148180120436,0.012301047767441982,0.11584702690816803,0.33167522189583026,0.09873799181176701
73.31645536530833,0.20533365330656195,-2.404189783615787,72.25116749027505,-0.19068491947541555,-1.9841655959838105,1.1914998052156571,0.01292674713224038,0.11407488360071272,0.3495512559209594,0.022028507155933266,0.1434298679131213,0.4738683551650026,0.10124401691190696
65.82999265594921,-0.4266347464083439,-1.797467439766875,64.652247088432,-0.6939199999876497,-2.09683849554059,0.8686123181165324,0.030296720926779878,0.15399110598417445,0.3928793747410237,0.02733364900624214,0.2244486571763919,0.5897007416908947,0.07843557177382804
105.22889296428338,0.3608258778705634,-1.5728558495749607,104.10024094238017,0.4315369582746727,-1.2703773600954076,1.1474085084892334,0.02359782101040216,0.09030036820594833,0.25764459878590895,0.10770492445535922,0.4148582025910445,0.5128559134377159,0.11517967924482524
113.47692054023256,-0.2769772327316342,-1.5514840358882331,111.98190506711353,-2.5585379844386935,-2.543593656878388,1.4237272894723625,0.042449051537609264,0.16281090179630361,0.37603549529180497,0.19249597779050825,1.720949331170184,1.0610291733501003,0.06077046497546452
