f0,A0,w0,f2,A2,w2,B,f0_err,A0_err,w0_err,f2_err,A2_err,w2_err,B_err
43.611362586273366,0.6986355131839392,-2.4547073599651386,42.936447605931804,0.7318851975285876,-2.7639367212053787,1.10593110103337,0.013081173494665452,0.1361123510798111,0.390490196864072,0.010816692975890127,0.15676703489399846,0.4237896646479751,0.19687997677445648
48.37013466094383,0.449610200622069,-2.3760659956847467,47.70016680570869,0.4151647547661428,-1.4458151751355783,1.301148702930433,0.01624354704980253,0.1404526602006867,0.40514885521938976,0.028149738723011665,0.11566182571854956,0.25182994655558033,0.15460077695580896
38.762222973075275,0.4009517553021885,-3.172482063484698,38.08735850953332,-0.20056272311881004,-2.0263396013932056,1.3742903618763682,0.009484922655996092,0.1996556855618616,0.5345437571783724,0.03246854823760034,0.18383415473661044,0.5078944621939073,0.11386934084116214
34.15594993551132,-0.08705820987122301,-1.6218155283909557,33.46759502020814,-0.23385927427865208,-2.5256700669316574,1.0310106692315042,0.03581364072860571,0.178622160513059,0.41057308860184677,0.017876820982018794,0.18510632100353405,0.5825179832333814,0.2134796243042692
53.30933826730388,0.21201630835904775,-1.4329952106433992,52.678931094552226,0.14523488728151912,-1.5861893058061134,0.949895429396666,0.035341956706447346,0.11931783499802448,0.2208344670307447,0.02462212311577212,0.1281492553304609,0.31766824523640164,0.15100298007946075
29.553183195440887,-1.1142954760140034,-3.6279083160168906,28.934082861146173,-0.48668375156832466,-1.7374276456398454,0.8696067054950578,0.02212853062126529,0.8274674841130978,0.7344466094740465,0.033292873593607185,0.4697003056601674,0.5927387659216181,0.16132983793127784
58.37559630440797,-0.8597740517555961,-2.3813734069115213,57.507022024249004,-1.9336070033253145,-2.50953504284022,1.2682987877523026,0.06229260566952376,0.8969650420371336,0.9665460968822779,0.12021561072811839,1.3831941635406049,0.9955934114687951,0.13809676245998398
