f0,A0,w0,f2,A2,w2,B,f0_err,A0_err,w0_err,f2_err,A2_err,w2_err,B_err
35.87063731930259,0.4291186141258428,-1.9106464229221858,35.32257829717424,0.03791689619413209,-1.8799969623498487,1.251001175370361,0.028770579712710003,0.1470059638332115,0.3988065674316979,0.0356304285534803,0.22559368552015702,0.6249544366478346,0.19488152350596008
39.96981216696168,0.2837506877589638,-1.722726489041047,39.41034515526837,0.390335758293495,-1.7481406839642384,1.2306219516034407,0.03738648670865697,0.17143133400314184,0.4473256536469692,0.019021976280786987,0.162002913678311,0.48508329644027465,0.19760895801447392
31.845599558903835,0.4610810086758931,-1.8070528862772806,31.287738662421823,-0.13729265021694018,-1.8245658193392016,1.0128441074885979,0.029083249119724923,0.15212243195032957,0.45293103916728616,0.05703305817974279,0.30086542033292263,0.6395865204567293,0.26205400081005575
43.978439584311715,0.3227256546297869,-1.3567636197133055,43.29123297925025,-0.18593351702415428,-1.5497908183749005,1.3563164020200402,0.04844192752037405,0.22494810813653934,0.47287034953611584,0.08944944048249244,1.1598348874604594,0.6585872790300582,0.15467641223585096
28.188431071013902,-0.25227630435950477,-2.259560561359421,27.6445509485273,-0.3551348931994165,-1.8270698281184807,1.1043562289241093,0.03040733947346359,0.34169267670049136,0.7494908343609236,0.04848932886897157,0.680652183114284,0.680356776369749,0.2673806967611308
48.15328750889424,-0.4739542091164979,-2.152818638021123,47.3331061305278,-0.16281471075975218,-1.498661319291311,1.4429710891119352,0.05179944222120225,0.5653508289910414,0.9307118588842413,0.08858289457094166,0.7016530176894139,0.647015460358202,0.0823721869552223
52.117179106794126,-0.6072758944421388,-2.1543108555897277,51.42501561030443,-1.1327533041901852,-2.553760856137576,1.1932874163784628,0.05641185531063486,0.175984321832188,0.1689673943595442,0.134272770860435,0.3515571594146101,0.42215862051705455,0.15321219285405907
