f0,A0,w0,f2,A2,w2,B,f0_err,A0_err,w0_err,f2_err,A2_err,w2_err,B_err
37.50961611844467,0.5436551494786785,-2.252607951837999,36.96533196073376,0.3466719234960669,-3.3336707435502886,1.195105974587955,0.012584235957787505,0.09782587217796254,0.27860891384099085,0.006967882938839338,0.16039571496657293,0.4158110299008361,0.14514351928495348
37.509553225993436,0.5481910502538522,-2.258973139848356,36.965176775515545,0.3392835153531283,-3.283633799899988,1.1960140949082247,0.012140992886586339,0.09650288247495005,0.2963241759227428,0.006916623076960065,0.15068158117860356,0.39742653743338147,0.144583746916815
41.653470051498815,0.5112753496127146,-2.156047053431144,41.071775961987825,0.4530386143428384,-2.1647126339664062,1.0406395142254639,0.013510637342250735,0.09076203174890371,0.26816881080858834,0.008959902829876557,0.10125807567728455,0.2927194116730257,0.17015166743877644
33.29489804768292,0.25360565852021744,-2.9219950059003033,32.71452853583034,0.1433156086620656,-2.8112875593120092,1.1098479118871347,0.008936969002897019,0.14787853867654024,0.42316611102531054,0.009935037833221137,0.14355318832521788,0.41539936673106376,0.1525974523062298
29.39654631082553,-0.31911129997351995,-2.2487566348841197,28.808811689406717,-0.444021363542327,-2.0144386216859833,1.0887134017507532,0.02053222836795741,0.16645695826666906,0.549545587129269,0.028361038307724965,0.24695760648756826,0.7191165342829584,0.19828693988998447
45.92563336553086,0.26170768805247446,-1.7595151141042629,45.29446594946892,-0.030056935094822105,-1.4136898232333799,0.9851924972676341,0.021488730106922885,0.09860966865821973,0.2987091795504405,0.028964219754269726,0.21633124766200626,0.2779388774813049,0.13941583619337602
50.217429946152315,-0.9199528073429506,-2.1043540153346396,49.557884562382675,-0.34595373942757834,-1.7352995515282506,1.2574223015722794,0.06426723091193642,0.6914143135836348,0.929391987148685,0.0551692655044409,0.4906705304868109,0.464955979807314,0.12812679779007247
25.354342439046853,-1.7216014823413461,-2.7376956588012904,24.867918873478473,-1.776654185223356,-2.2520594685425364,1.2682481869327848,0.047441068510875456,1.2386430868366864,0.9460976659971373,0.0551708668633895,1.3880473760014482,1.0200653637891115,0.12892151914014316
