f0,A0,w0,f2,A2,w2,B,f0_err,A0_err,w0_err,f2_err,A2_err,w2_err,B_err
30.630323865538607,0.054792397101136786,-1.5918179318622308,30.00193686656393,-0.16147770307024356,-1.62570074815166,0.9211153569487531,0.02654754567740583,0.12135209683120067,0.2743997211629116,0.02548432052457537,0.1602125870300892,0.34221349258795886,0.22590291680807806
34.41820504814128,-0.00238434288309651,-2.0940169272130755,33.82126955816706,-0.3753233099776126,-1.985356624048266,1.3109179694129391,0.020635368018262656,0.13155732313939428,0.3787861901964615,0.03110622454034375,0.2056669775135863,0.5621332926625321,0.14473631443028853
26.537821055814685,-0.42040736563138126,-1.8742303384042427,25.99664038784263,-0.9025511945170703,-1.7667135929727535,1.4277357755731153,0.04147112750043498,0.22857476005725463,0.5154063394838111,0.05237421916819866,0.9499765162865075,0.8687226948295159,0.10456070342534651
22.917216371841047,-0.6239684532125637,-1.9456583082002539,22.4778405584557,-1.1707801649501928,-1.864259568293769,0.8663061547757122,0.03702103923522965,0.4003469642698639,0.7072374607578289,0.055576178070696085,1.1020439869504532,0.7092598949820995,0.20959934306806544
38.764278331006594,-0.6902679020067497,-1.8066550337030751,38.12035100476945,-1.2914109146063504,-2.112781554442938,0.9899845597288552,0.051569784205927734,0.5175161841379182,0.6669438176135616,0.08323657270733419,1.2653952114799203,0.9816801506172944,0.16495290030057008
