f0,A0,w0,f2,A2,w2,B,f0_err,A0_err,w0_err,f2_err,A2_err,w2_err,B_err
37.00197056800582,0.4802598954824329,-1.617051657410647,36.37111829679565,0.1723561257820081,-1.3125914367206446,1.3798503034026324,0.023815638547513167,0.10547337172143222,0.28488003521731925,0.06412175333225123,0.14484365373678973,0.1661703093381499,0.1300767170976159
32.76287535437007,0.49374445616054996,-1.7994124062874544,32.08805592450015,0.12158396051370773,-1.3685534212883006,1.3569316313397894,0.019457998355463163,0.10352571876827474,0.3656643876806229,0.021581771031700385,0.148851518958444,0.19712848542844777,0.17553430391717612
28.802662906219297,-0.002449382592753211,-1.6860266116296907,28.255963452268404,-0.7688626886636207,-2.002805324405024,1.4274925460523384,0.029977069086615748,0.13127930704607868,0.3527698960174404,0.04614257536819255,0.8449045952328547,0.8307493841578739,0.08591679888821795
41.178061509265824,0.13926795883698448,-1.5880738654110864,40.47510077183767,0.0118958492534611,-1.377955506284418,1.4517765117274914,0.02917667493272244,0.13051499176810127,0.4231400107786222,0.04662246166996497,0.1647717597222263,0.3082888377774474,0.062293734985598724
45.29885760026989,-0.7516246983454306,-1.888067917364529,44.654368890664934,-1.144799724536018,-2.7063857414519754,1.47029069617396,0.06714152546412575,1.0373957365710218,0.867007608660613,0.08660314271451074,0.9460273657749616,0.9815106378589128,0.04340961533616905
24.810940534814517,-1.526471224335895,-2.671054263225175,24.33742375145426,-2.8593711288119668,-2.673753705971997,1.1778786214482349,0.05190700939617202,0.9184765205978608,0.9903650848551295,0.05595699558922164,1.527177787523951,0.9598856705802857,0.12716859746713746
