f0,A0,w0,f2,A2,w2,B,f0_err,A0_err,w0_err,f2_err,A2_err,w2_err,B_err
18.13120776798523,0.4170953779090357,-2.4527909479945302,17.69640954388365,0.2771785167713556,-2.3503578503823377,1.4105147860803875,0.012643781594591086,0.11956865535988222,0.4266966753668726,0.011924695910637268,0.11735040551544652,0.35154547923331386,0.12656442077776225
15.432058375192094,-0.07006361808280771,-2.5200140016748325,15.050244552506072,-0.012557566937448895,-2.223770565200535,1.3175905196963207,0.015230880386439468,0.1540943316473439,0.5116978976256611,0.009679330102016213,0.1304954478903918,0.4203775826079636,0.18186004949525122
20.74933577940709,0.4016191469832988,-1.4632105813926217,20.28195724215877,0.11447598364407552,-2.185173729758505,1.0058654587059892,0.024681868553401244,0.09795225062393824,0.22732846254375613,0.015913092873981845,0.1342597943685484,0.4013590635153192,0.27070387395160955
12.99273331707986,-0.7794227691587432,-3.163151803448113,12.709100770334427,-1.3698594097699444,-2.125983800788205,1.2225014766521691,0.014868870454305138,0.25962564745687877,0.7586324799782524,0.033786466732882624,1.2072048202064316,0.9311456631797039,0.19945350112433033
23.598798343594982,-0.2831477593998488,-1.540358890559606,23.21480703078291,-1.9381206099589712,-2.453735189066881,1.440385573943863,0.027002249222856673,0.2878671520139501,0.41910570406704417,0.05577231682927187,1.3271652030188577,1.0565341541740472,0.07562935766384556
