f0,A0,w0,f2,A2,w2,B,f0_err,A0_err,w0_err,f2_err,A2_err,w2_err,B_err
36.48753149983344,0.5331000186760821,-2.6590223057852476,35.94965581559097,0.34091303318230126,-2.606769735729246,1.1447178689195163,0.009878266276755377,0.1153910948883048,0.2930064736153236,0.00887267732560662,0.13053582552759613,0.40763376049765043,0.1498539766498299
40.55771875910507,0.26630436310660677,-2.0687912661359364,39.965513710009596,0.37014464879197606,-1.7360654964250712,0.8858577522178955,0.01620460946530798,0.09872599050623862,0.3026200765509881,0.01638239480272745,0.09203188731715993,0.2864877273628593,0.1665753191814352
32.402042052897606,0.28982428432665064,-2.5594086025002802,31.81521802799967,0.1913710682352716,-2.493333078793804,0.8462173730241189,0.01019385758535447,0.12181138475407871,0.3393490852871249,0.010987303857551074,0.1198249480345578,0.3682895417896037,0.1519703060073989
28.452646212039824,0.13740913039435323,-1.4087160715996092,27.925079912878655,-0.39615430587140593,-2.94588394440719,0.8511350379397805,0.027590758230466278,0.1029940962729328,0.1959427599256059,0.013462082381446838,0.18183846801387393,0.5445313445860565,0.16914397193709124
44.727607068383506,0.08333937859872559,-1.3750216162246702,44.154676179638486,-0.012046024247498982,-1.5598132628489039,0.993421890692295,0.03391469313075408,0.11778353865922889,0.20634460030819288,0.009411263177062059,0.1208727839755648,0.25938366929279916,0.15397047010290027
24.601832643843828,-1.2966356093644062,-2.6673088830681606,24.117412051411144,-1.8586378132398707,-2.47482128225579,1.2997522387125053,0.04134083720846902,1.032761114477137,0.9602761805079659,0.05971760911095318,1.2285507475990731,1.0019731630514073,0.12806790827175982
48.84784291469655,-1.3100367851976262,-2.2208202102651833,48.13129698680756,-1.1220446865265372,-1.8764652750624793,1.37589095600506,0.09380040248014657,0.8605178960847394,0.8996027827606679,0.0921002452311288,1.1489695879796245,0.9149880907245994,0.11996409334872472
