f0,A0,w0,f2,A2,w2,B,f0_err,A0_err,w0_err,f2_err,A2_err,w2_err,B_err
14.389748874093657,-0.06674869900873559,-3.6054494514783886,14.065743699256094,-0.15829661608483395,-3.045665835382734,1.101402976099396,0.0065607405793667965,0.18596868109082193,0.4725318117638115,0.010168913755558071,0.16985512848233258,0.5875601841506913,0.20899773454924953
12.394511532005023,-0.36475619775784457,-2.6765433452842644,12.091466110062695,-0.5716146176567525,-2.79445059771603,1.1433274817730763,0.015740034943328367,0.18156949515423818,0.5371275679811317,0.008966748044099077,0.23614470255080844,0.6054165188856238,0.22162020924472225
16.509483390313846,0.14230948735596388,-2.561004119670634,16.214515455808787,0.30194909263509717,-2.6220437301920896,1.3524260242425796,0.01319866176638274,0.13635525645589616,0.43167084507080083,0.008661231626417938,0.12638363144373232,0.3746594053742042,0.15304641787617235
18.630246425757083,-0.19253357407152588,-2.772914796709932,18.316797314975922,0.02277327224118358,-1.945920115455243,1.330511596134706,0.016584030171324815,0.1855407123916323,0.6530908258842909,0.01099228612787821,0.13435466336791013,0.3963543014633534,0.13544786419307073
10.334875913161754,-0.873028927548862,-2.3499237937437747,10.066369524432027,-1.13825971598328,-2.576299930286433,1.0419527005837643,0.024202786884206375,0.49190870937442327,0.80908744022428,0.02793704313452106,0.6177770730078951,0.8537971551225253,0.2392435880902394
20.860084485134045,-1.1026829771393623,-2.1957678838122257,20.476260622396733,-1.620693425112173,-2.624344548543615,1.393418204434104,0.04127935141345854,0.800630187320639,0.9334582479544724,0.04140254947653741,1.2634571477610916,1.0098778254567888,0.11321977859179697
