f0,A0,w0,f2,A2,w2,B,f0_err,A0_err,w0_err,f2_err,A2_err,w2_err,B_err
37.668407571212796,0.37864759355681654,-2.500674074755569,37.066783486857325,0.22556697470529574,-1.359799170853348,1.3349628872704982,0.014219539910361068,0.13593901550326457,0.459833834749602,0.03915891876964947,0.1170254252232379,0.17577909933985558,0.13220766234320178
33.373507491901705,0.3008838933467463,-2.6463651389737737,32.70690756059665,0.0039042311882375065,-1.7050674546974662,1.4090347480385428,0.012968892407837721,0.14497726543858497,0.45800602432104015,0.026069378378190504,0.13669545961426044,0.38602110119655253,0.10245324158948699
29.365887581627774,0.155440774216078,-1.618561569821195,28.804153525061526,-0.1952958457309246,-1.556309054540593,1.044362538542527,0.02782429293883734,0.12300898433690952,0.2787166487291094,0.030968950805227588,0.24628604890326883,0.42467176381437055,0.2524521432852181
41.90721962356452,0.13016574489759358,-2.745375525648013,41.32059125984903,0.3461764479871079,-1.3179458783595688,1.2978538968240074,0.01610596285674846,0.16443788558456915,0.4946353772226675,0.025147799895571785,0.19771774661617125,0.1732789458891359,0.14024192692663068
46.21848570511439,-0.06372589252388851,-1.4721387668228212,45.507565797105464,-0.8398374272138976,-2.238940864160878,1.391391824583819,0.04483119245398682,0.1494318172631637,0.27320227340764375,0.05861087890266196,0.7201580544658265,0.9702906464817764,0.10093415994977332
50.5310814260475,-0.9438563422992527,-2.470356066269815,49.73873392601539,-3.006132201765697,-2.6316867187792203,1.3869923229238021,0.05540926331035571,0.890831539496648,0.8982532074260215,0.09285488827097015,1.6136368500423408,0.9902102194669359,0.08335677030720264
25.124733739910706,-1.1303272508109166,-2.004482652862137,24.577957028310696,-1.1169274778402065,-2.92737265494457,1.3188883660500221,0.053328668457149675,0.7553892013240056,0.8265545382405226,0.046396392209248113,0.7533882335541424,0.9590627010501006,0.13323885275190037
