f0,A0,w0,f2,A2,w2,B,f0_err,A0_err,w0_err,f2_err,A2_err,w2_err,B_err
52.538551920950155,0.8315375810077774,-2.8736861644435923,51.732886127970104,0.8261975764472806,-3.3330420671521557,1.373441264470519,0.007895953391968927,0.13968969364007355,0.3513621648305203,0.005913895369573756,0.1591477039814763,0.372703592688478,0.09795371175415006
58.23364254205782,0.6995105494775935,-2.4345530744643646,57.43619610928148,0.5619398857599864,-2.2294429527479793,1.1241975056830882,0.010404461496826676,0.10378866253974865,0.29015914536675586,0.012209843254704056,0.09444836193633635,0.2762675275381206,0.13559174298775767
46.71204613588712,0.3900963843971369,-2.8901037476961067,45.86558709322847,-0.09200836385663747,-2.091278575870962,1.250292218407391,0.008632091926190768,0.13520217982561172,0.3715554580415372,0.020184280103128317,0.130565699340732,0.4123375066004201,0.1282193688160053
41.25241973285891,-0.13570571891061944,-3.1135678686496755,40.39985163931324,-1.016130342169773,-3.1397027017818115,1.3540614682914742,0.010008213205727933,0.18018829673702702,0.5523095794533005,0.04963773773226824,0.7748487021736918,0.8976465204957498,0.09554340436866454
64.12026942938941,0.26174708020045523,-1.5334835308381332,63.26537243423045,0.18375855699188182,-1.498643024122249,1.140077323877329,0.0266464614066624,0.09199905060550985,0.24235673651459938,0.05609505644686142,0.20077175994676258,0.27075269809274716,0.1395412830430843
70.20665475746108,-0.5408540302493503,-1.7788660734354793,69.33724153560328,-0.21071200926531541,-1.334549793856214,1.143442131643773,0.04621732492978279,0.3164992298761453,0.6185676132280368,0.04137055052278283,0.5325568130326637,0.39772962937030054,0.12098938489573988
