f0,A0,w0,f2,A2,w2,B,f0_err,A0_err,w0_err,f2_err,A2_err,w2_err,B_err
99.30976069397553,0.861759465907054,-2.333181133228832,98.17223765695522,0.7810120703396733,-1.7665745495812137,1.2306284585809182,0.08631929227928191,0.3326545686487622,0.5836655329237703,0.12367880688189269,1.3327961615596466,0.3260887876624803,0.13354231389689475
108.11699384886663,0.7611329757857589,-1.466222219091895,106.96961089425396,0.7656390994403357,-1.4982907413101907,1.0804312080773089,0.02577160864485066,0.07817618036008774,0.19075747631618203,0.0537494136761284,0.25068095543548574,0.3144920926844915,0.1277712585504304
90.43659680864347,0.7243710155760461,-2.342516361580928,89.26309763715929,0.18150870857519774,-2.23578865550483,1.1519349719140197,0.012367021975350072,0.11261589052965534,0.3366820658348939,0.017834661684224044,0.1370391350125709,0.5368062326055418,0.12332053320320589
117.15663474375448,0.06333391083021003,-1.5907209455430285,115.91407027704756,0.1297687591922251,-1.389600473664005,1.2716444482777938,0.03147730331191542,0.12607660898160744,0.28774473669758893,0.1878187390829441,1.4679629548966693,0.9164651535995916,0.13382074927242604
81.64613237012334,-0.05461885297579663,-1.9241425542902215,80.49194446898434,-0.12651921200150473,-1.7457843524497618,0.909077439035777,0.023189805615222506,0.12235305960286662,0.4074323749897695,0.0289377235342397,0.1440513039355141,0.4817379824661518,0.09697202099030493
73.24682299352547,-0.2929860288135837,-1.6160242449241544,72.0455156622708,-0.630439517916835,-2.9822959536795235,0.849408086273219,0.03538911068433091,0.1510358886499377,0.3270226014985039,0.015345282948555474,0.21902795197679836,0.6865761418613382,0.07625070765138549
126.1740275059419,-0.34217390753483773,-1.7764590310860124,124.84157919067296,-0.33303824809987814,-1.5192833011349558,1.0974155207028666,0.03313961518213939,0.1889416706801606,0.5260611412747901,0.10870372097994584,0.873721322918037,0.5544201228176184,0.09111132012201537
64.43639895550194,-1.4403362550489625,-2.7555354982499503,63.38681805037944,-3.0390543560756784,-2.974475978959511,1.2831000820825735,0.07823176549105902,1.217235214786634,0.9612551638611394,0.11895648671672242,1.557525406377851,0.9847352972250778,0.09365181622324013
