f0,A0,w0,f2,A2,w2,B,f0_err,A0_err,w0_err,f2_err,A2_err,w2_err,B_err
32.432575356699765,0.46282914961461474,-1.922889432770023,31.890751147780303,0.11468833562008655,-1.8972559913059461,1.377762694469466,0.01743790863439291,0.10185951491680667,0.34489886236144474,0.02414965086318938,0.12084044007287734,0.3487641457539795,0.12427901423092369
28.68613333973746,0.1573610241295494,-1.7614514833336046,28.17188374618345,-0.13342402340953802,-1.8548202177590336,1.348711815779188,0.025476457262042566,0.12094800661266622,0.3702320449826265,0.029486139770707506,0.1713647586090749,0.4440820971701274,0.12999505893399074
25.32099300171106,-0.17849867184220813,-2.451335324533335,24.815234894648835,-0.7255282716915824,-2.2837032239343067,1.3033334995615171,0.0177630230773316,0.1554556950411386,0.4746394588919583,0.03649179139943113,0.5594318434349866,0.7608828050823135,0.15227967018331817
21.909925150430357,-0.977283507094163,-2.3667563674888576,21.461765416533265,-1.3333737468893243,-2.484408935666691,1.3864488525766396,0.04903969915605987,0.9023521182349428,0.9194881950017214,0.043396372772427916,1.1937119941980605,1.0124499942197613,0.1196569589143325
36.08781943579102,0.36631780312801054,-1.9257187768646231,35.50688518002516,0.45413968047133435,-1.2930430296675268,1.4350985478545681,0.02137319494669907,0.1125191978337356,0.3539234766435147,0.03765681753109686,0.10229131711590528,0.12095899188496234,0.0790628672829421
39.80347009327207,0.1758377113337926,-1.6971055262523855,39.26716815808498,0.055845906639411996,-1.7511190338386138,1.280596134127201,0.02420815191893478,0.11521931729120893,0.29753370635721094,0.025105207034978608,0.15659607877962642,0.5026823643485774,0.16705916993660608
43.34640286861831,-0.32345650522395913,-1.4854660941220272,42.650920848823304,-2.310842473707758,-2.6187035745794622,1.428051755294624,0.05349047784383628,0.24221922198460308,0.42198358778449857,0.08714361899497579,1.6370008502981603,0.9173432352807228,0.07469400225856296
