f0,A0,w0,f2,A2,w2,B,f0_err,A0_err,w0_err,f2_err,A2_err,w2_err,B_err
23.541932074033983,0.09938830863372888,-2.3711074665824694,23.140473097468142,-1.127337969337611,-2.3752049449825376,1.3811355932540743,0.016755654547679133,0.14227560134620826,0.4428557789844421,0.05380091285542075,1.0794366332190095,1.061584932372475,0.13587869627740626
27.247743884792015,0.1817138592020889,-2.7100876390545805,26.77169759815362,-0.027808768649306037,-1.3871230509101329,1.4068589207636797,0.01189150676065354,0.15037481205012554,0.45410710461826176,0.04049458964148033,0.17011623605076368,0.3143834845425243,0.11466451021133367
31.37018998270473,0.30986968571774187,-1.766101099051983,30.74720817226615,0.09012021941659056,-1.3738890461297164,1.3161320470566846,0.024619081429202997,0.10526510587482915,0.28610100006444994,0.026337916971891893,0.15277356256399416,0.201407708609885,0.17545526696114053
35.335270847807394,0.112445280173793,-1.483727516621036,34.78906472907606,-0.14534939980488465,-1.5798730766765472,1.4191452355536427,0.03606063791912491,0.1329779126563466,0.317254086971594,0.037115570965677705,0.19588108496273002,0.4094345586442547,0.09154002497856048
19.54244211699222,-0.5700467913671692,-2.4957516920788283,19.144133769315104,-2.301711460066219,-2.512231646816682,1.3628278704607986,0.024102790884286223,0.25586893217327444,0.7413544652041237,0.046315614726687826,1.5190027774223778,0.9735404733000841,0.12522374549032994
39.7943326868529,-1.432566694981721,-2.3795719032127525,39.19553190329097,-2.3415306413830375,-2.7059696986454704,1.3372317337586277,0.06999721941524711,1.1801412187876101,0.8708416865278069,0.08648747864117753,1.4982332693188982,1.0418213146207147,0.12083696843009811
