f0,A0,w0,f2,A2,w2,B,f0_err,A0_err,w0_err,f2_err,A2_err,w2_err,B_err
21.524219474454974,0.24046862008206035,-2.1344994422868435,21.05935350236235,-0.0817745863050816,-2.0591340521601427,1.3550190654238414,0.017462921788800725,0.13184325914871045,0.4754415714332228,0.02596089969855471,0.16330085885225729,0.49843288653333295,0.15425533386163173
24.723549989050923,0.4280794341931483,-2.7155868238810035,24.17697888332617,0.22574928038252556,-1.863687835537705,1.2946555639441435,0.01114180351736017,0.1412684033963495,0.41911324118662396,0.018908560517305828,0.1162094526328842,0.4095067151304337,0.20392749456224832
27.87641828624674,0.26006256495526836,-1.7634070423340082,27.42290165825379,0.36886193526329764,-2.181522981009295,1.3723234987819497,0.02374703166457565,0.1279583468381514,0.3519540153478662,0.018610989858440424,0.12531599367205581,0.41508318799681,0.13137132591112563
31.11968334922572,0.0330107323826678,-1.4540330658560894,30.5669164592366,-0.32313540611075664,-2.133722359148569,1.3373743090073629,0.03614472759914574,0.13301537700034097,0.2750213040367119,0.028685380106908243,0.20562299631109615,0.5580876425795761,0.13572432105859028
18.589596384317147,-0.897686612200202,-2.3225346091472603,18.160495672568434,-0.7683692571293734,-2.4717808016822804,1.3784784122314344,0.040047321204758006,0.8638932390710454,0.9010612285260566,0.02701269306904624,0.7447866813256958,0.8010513169122021,0.1446972724907653
