f0,A0,w0,f2,A2,w2,B,f0_err,A0_err,w0_err,f2_err,A2_err,w2_err,B_err
24.69198211062371,-0.08231306243638457,-2.1334781396042923,24.14644230206782,-0.03869356034365471,-1.4678534214039578,1.3240298075331018,0.02086287717977305,0.1339687853490495,0.404651736328615,0.016585691605331094,0.14354269948675333,0.26154963091690603,0.1729172562527555
28.368102163005716,0.38320197503694564,-2.607435966072627,27.799661849415145,0.06248176343406761,-1.424623372330879,0.8891347899235852,0.0103797636136924,0.11451235914172496,0.31279235844807673,0.02747054549022488,0.12761602632739633,0.228056245145121,0.224383255123811
32.00107712595405,0.007187802180050232,-2.5248334032287407,31.423864085036442,0.3669775765122214,-1.2987654183560156,1.3365957469759087,0.015807381225745605,0.17054845388999582,0.6914495455268447,0.040099437563849184,0.10023174010893694,0.11362351137257456,0.17334710356366365
21.37373618502522,-0.9145543010831642,-2.3812640958822966,20.911031634293472,-1.6467080375578176,-2.4579348903158427,1.324339008403098,0.03537252597612229,0.45408977597861566,0.7176296681742665,0.056419238244584384,1.0044516296319386,0.901833041958062,0.14431955382405182
35.77179278524884,-0.18635086474642684,-1.4670469453236332,35.133041340719146,-0.8041723177552382,-1.8892287804085761,1.447888705791486,0.03404402553225082,0.18038782475006235,0.3034173571079521,0.06473286558747457,1.2619163915519396,0.8336072674842362,0.06456244582735887
