f0,A0,w0,f2,A2,w2,B,f0_err,A0_err,w0_err,f2_err,A2_err,w2_err,B_err
33.652864978332886,0.4746397155505395,-2.093215855431257,33.02449668902962,0.22987645095430417,-1.7702811481963852,1.4008513780552008,0.016613437107833782,0.10863848452701524,0.34834722991376493,0.024384255163534013,0.12094029105980544,0.36277549355751254,0.11416061577399464
29.74093191011393,0.38274612009006426,-1.8987862089387386,29.178835099190227,0.17307986767214928,-1.607442118944391,1.330722707579121,0.020041148753484495,0.10894359927715774,0.31480138834922583,0.026622008829915722,0.12803565489099203,0.33545221055559776,0.15595662194219637
26.132291218327836,0.06251741799067913,-1.9743662341562562,25.589959319147972,-0.4438549446020439,-3.3433911012625845,1.2676925112422903,0.02245734430783086,0.13712384689656149,0.4535841579793364,0.014652861368566455,0.24299916786187462,0.737202146625324,0.17573686646400474
37.31355899791219,0.3558125301118908,-1.431820174552779,36.75732014194028,0.17871397558286667,-1.471660646954399,1.424601847236789,0.03536996007129751,0.11718863005605286,0.268305320363276,0.02687160287166975,0.2135717381119368,0.42927400271173866,0.09425756575695474
41.17284776652623,0.06827563229257391,-1.4158863673006759,40.5862020476998,-0.36658172088630836,-1.567914605402878,1.4474998606503557,0.05006649912914391,0.1735691980834416,0.3312618930338859,0.06307864239104437,0.8315991382876988,0.8461330824594252,0.07200024292935688
22.49911450759663,-0.7588805148124029,-2.8470189037424483,21.99178172644296,-1.6666745318225415,-2.8372552284934387,1.323935105192134,0.030191901197518193,0.3316175354095871,0.9077900556820045,0.04872725269524203,0.9723692309770605,0.9589242820186944,0.1329256643531162
44.95692997422481,-1.065015724990483,-2.9269353091144783,44.15812654380737,-1.6045717936201953,-2.228655763649004,1.4590320481688321,0.06464199665038675,1.0610312063567973,0.9183731374233104,0.08965453902130216,1.6875831197496323,0.9710417368524873,0.04587815447727628
