f0,A0,w0,f2,A2,w2,B,f0_err,A0_err,w0_err,f2_err,A2_err,w2_err,B_err
28.541929997556615,0.18786166342854838,-2.0720237804384563,27.966616499871428,0.06872329537213769,-1.7418586585480926,1.3129866759543698,0.021308764825130184,0.12327238392003773,0.4304470937337269,0.022044420575039875,0.15089798257197742,0.41317732788342193,0.18518513530006173
32.247526246846334,0.32131860560576164,-1.9632642660059252,31.71405017646702,0.36225462451941043,-1.7247947307314035,1.3796172653481238,0.021029983327582744,0.1192560159035372,0.36644889173020834,0.02303240822982921,0.11141065594096637,0.3159372903034417,0.1389078104683261
35.76799425960357,0.2347955823344998,-1.4396323966500635,35.29910776396129,-0.3188019634381989,-2.4490611169924756,1.3096627284071323,0.0339075961327065,0.11780473021400789,0.2153061508502138,0.01469285369106682,0.22240730430092462,0.5949272335737252,0.13526580691221576
25.02681581326821,-0.11544209592503249,-1.6091091434175797,24.508966861960698,-0.41375199312736,-1.556673888779272,1.3753351039165786,0.04057308019909684,0.18781801864470207,0.37982997271606683,0.05188191774366327,0.6787276130305767,0.8358428952936046,0.15223912964925201
39.42600067894441,-1.3977182916713415,-2.213046175843621,38.81678746210531,-0.5671342151239577,-1.582938391090631,1.4523533126280073,0.07993280645676265,1.3956249900379685,1.034454568410467,0.05720572531357947,0.7488332712551504,0.7606823052251576,0.06612679409589622
43.28278408162875,-1.178762689924182,-2.933744384798434,42.558624680524744,-3.045046384625798,-3.268108897432542,1.1631103238561113,0.05509831336623099,1.04170825288472,0.9894354922262586,0.08421672539685215,1.4701245115105737,0.9606920747053157,0.10634658206656505
