f0,A0,w0,f2,A2,w2,B,f0_err,A0_err,w0_err,f2_err,A2_err,w2_err,B_err
62.076881116085296,0.5838613033584682,-3.208560720462151,61.300244413986675,0.17584233386689396,-2.87649962359112,1.0797288893560262,0.006799675201595774,0.1510179199115306,0.373854488837026,0.009577573408440898,0.14519438845675495,0.3948793634061182,0.0943408352371368
68.17674954172543,0.31707849228902296,-2.0893252977373353,67.40611047035581,0.23081447780717995,-2.09153635485135,0.9373823400390496,0.014229271866982252,0.09289733827696486,0.26741344953242047,0.014339188894559709,0.09953868350431663,0.3014181670288977,0.09232452568219561
55.87088838302202,0.037207932465512544,-2.659295297572903,55.06859277445824,-0.2272718423272806,-3.0897012271268856,1.0256693575221696,0.011636621587695541,0.12986413279974723,0.3788576424578656,0.009444055068164465,0.16811051168319893,0.5593714970554521,0.08951662164839622
49.989018262302594,-0.36835966371343604,-2.306702280844207,49.17665983002405,-1.0389880739501387,-2.945829151098742,1.0118077808216375,0.021214923805624567,0.1618965090020382,0.5677921477013231,0.03350743057393767,0.5801493726080169,0.781105662650911,0.09614453639270044
44.11453467872333,-0.7686426124970294,-3.135264728763645,43.22465834907095,-1.0053411636942604,-2.9913610143425,1.0088616450098298,0.015711496204882804,0.24920622850479385,0.7809032265217112,0.029163777187653814,0.5165062670451895,0.7101690256297135,0.08790676281083308
74.46827465958002,0.030242834843341403,-1.6163302582842363,73.51519188532683,-0.23205417639813225,-1.4874465647489847,0.953265694823828,0.02590813797268307,0.11777288637490593,0.2685538431981365,0.14058403485617602,1.9339090351441235,1.0172366459176954,0.19116711511052414
80.85833595126985,-1.424699315825887,-2.2263432959444427,79.85788521432619,-1.6928772252683117,-2.4828265304378734,1.0990695053637007,0.13791463205132964,0.8820216378757622,0.7801561138839062,0.16150328816046852,1.291096736097459,1.0002578796936858,0.07984146177636206
87.32019455996044,-1.5985708712351716,-2.4735307008413905,86.16119699617154,-3.3785149232582445,-2.525347872994022,0.8789466686238534,0.129397263071924,1.5465148400843987,0.9602303853534578,0.1496869411442474,1.4895363160165462,0.9388138599880097,0.048605902124792176
