f0,A0,w0,f2,A2,w2,B,f0_err,A0_err,w0_err,f2_err,A2_err,w2_err,B_err
27.447257403323878,0.3754584316821564,-2.071879712246466,26.86679380760937,0.19992206192090875,-1.369966121085806,1.3354013392726156,0.016662337352242252,0.11057373543669687,0.3707744430231909,0.015874329483250908,0.117120126357772,0.19586865348519408,0.16957726858972508
31.500523197465743,0.5375101485622097,-1.890297608236137,30.857245511205935,0.3993184573813156,-1.3598160239675126,1.2943220417534236,0.01707303328497216,0.09241950022947325,0.309555602663121,0.027475853505292646,0.0973564880165665,0.15973295170074678,0.217723569412988
35.51018172952609,0.4103729915262385,-1.4767965405241315,34.84902532154385,0.2109698136351901,-1.3406153193995827,1.3410306009209487,0.02846396581836861,0.09688628034121022,0.22471524529027306,0.03831175791845087,0.12327393720558115,0.15771969513437323,0.1567038186608966
23.72392026493033,-0.36064010045513745,-2.2191544146715207,23.259222448474187,-2.0549747513055268,-2.570778727658264,1.32338842744905,0.025272926094105773,0.1733989205999351,0.4832577836910455,0.05048887596148219,1.6967811581501577,0.9953659397940791,0.13540515178411494
39.51991272389364,-0.10523619244501761,-1.5086728388808752,38.915501000016256,-0.5478405199336973,-1.5980917145694364,1.4246330020486453,0.03890577643889652,0.15401326607355598,0.2884512433959537,0.07322877795725716,0.8074255464854166,0.6875606459001661,0.09389456949783695