f0,A0,w0,f2,A2,w2,B,f0_err,A0_err,w0_err,f2_err,A2_err,w2_err,B_err
33.61584909034668,0.3736536596513592,-2.3241012732805792,32.98324040967708,0.2928004788841361,-1.4271375751457855,1.4453478132334494,0.014400541581967527,0.12655624651223368,0.5255707400168301,0.03190447638673325,0.11680199040475232,0.2623982544045285,0.07435512177398172
37.95967125771124,0.38461998061270375,-1.461856627994396,37.28371168961573,0.21963793890026778,-1.3623402362659094,1.3945932051760264,0.028750354709654653,0.09797404934230508,0.22200816679385454,0.03858681519319974,0.15169082658127708,0.3963972153794878,0.131041924947537
42.314030574556014,0.20884136327134456,-1.994144869041825,41.599451916508556,0.35965953440537685,-1.3193190054922501,1.3560439327927645,0.020771490527626967,0.12077064452611766,0.41099213147674996,0.040043512015306405,0.11052250002068549,0.13724354055643392,0.140190712226202
29.505071892461007,-0.31666376195579726,-2.0950493987897554,28.91840098514252,-1.2391152090223407,-2.1640533911657993,1.4180398189852619,0.030859257123428206,0.18697164574292607,0.6140312260831214,0.054426754359430334,1.2503152057991564,0.958404287329393,0.1072953209863358
25.415297185617394,-0.9573432223232927,-2.6679389394418855,24.93831904803708,-1.8334916987605174,-2.2530126714670873,1.224763553040111,0.03420778142742379,0.6386588930495806,0.8387054460453033,0.05860443219191641,1.4199182017175158,0.9176175889844167,0.14960462028785065
46.7161920566036,-0.758394669639533,-2.233351359076041,45.94317720044817,-0.3112499429607126,-1.4621370516759744,1.4559197612189025,0.08165675447725855,0.5840251081628917,0.8993474010456294,0.08883740157943622,0.5411955588680618,0.6180150735726543,0.06296712578458769
