f0,A0,w0,f2,A2,w2,B,f0_err,A0_err,w0_err,f2_err,A2_err,w2_err,B_err
113.48763001572165,0.47165758443153083,-1.9350805435579819,112.31188855967972,0.015606202978942746,-1.7253056694666944,0.8971965254502037,0.015469814898153907,0.09132675966442276,0.2516544859324427,0.07184585858389032,0.33326640380747263,0.31470772963771193,0.07944594004678589
122.71518339827283,0.1645228467849466,-1.5621987729961941,121.33044564779374,-1.28031542158101,-1.790876192046901,1.2326548359532659,0.027254023798862957,0.10499211135772281,0.24289038087346082,0.21629507433276837,1.7924896557018917,1.1210783817005041,0.1181291445328842
104.14666255543428,0.19181456050139278,-1.4861555464049305,102.90369499346396,0.04584217011920529,-1.381861984771497,0.6331762520636003,0.023136701001636784,0.07934078801002034,0.20276578652092966,0.013414449333182418,0.08992734994088192,0.1642151746583693,0.06278921205306438
132.1310009065325,-0.3026750122022446,-1.6789894109130523,130.7848471410036,-1.2441693735921522,-1.7742902553472784,1.0747431884957221,0.032468960790613434,0.16636746756599471,0.4190307841342194,0.23722203745502593,1.4172963601301,0.9261784706336316,0.07814266242019453
94.84562851067398,-0.8243507921728053,-1.8167479189042377,93.48171169004772,-2.3762050523028218,-2.9264397215828253,0.9211373200837714,0.09016786639585286,0.7047285475834019,0.8732209763265987,0.16276579558476423,1.4778512243310566,0.9817605547615571,0.06440262912144644
141.78777966291696,-0.7593939898761874,-1.7869960294492953,140.0068377646062,-3.18804305307698,-2.6165603394121364,1.0331226763082255,0.09472896398928954,0.6991108910717883,0.6649395168840064,0.2084192048670321,1.3600099066812348,0.9920020492431313,0.051148558442507694
