f0,A0,w0,f2,A2,w2,B,f0_err,A0_err,w0_err,f2_err,A2_err,w2_err,B_err
74.58015025004669,0.5595626486529331,-2.1491635888374825,73.69368711846872,0.2813973850716911,-1.3055258724799286,1.0723208238341289,0.013255953024888365,0.08791715189150945,0.24079761251434292,0.05926758422385359,0.24289127149052164,0.6396682669648055,0.1473119750772329
81.39406926225757,0.7457998111004988,-1.417571363368035,80.39968291516118,0.4830164794676697,-1.2696021478582755,1.158518890480061,0.022213050513780044,0.07614644407926868,0.16901931585386606,0.040202744968361834,0.13378450421610708,0.1081949197905412,0.15274021151061948
88.13267136527676,0.4688066087366124,-1.615327130811091,87.14796028473782,0.3589825323625352,-1.3034700860655075,1.4574417087402503,0.03105391937525776,0.11010753566570904,0.3211983421203065,0.10239910849400241,1.0862930136151892,0.8305867966412798,0.05396858893847435
67.80661930109528,0.2165814817904042,-1.5314639601201774,67.07779419893762,-0.5443027886647627,-3.5231566010617055,1.4405124751461942,0.026891596348827346,0.08888807161960907,0.22679581227464723,0.015051898458556662,0.24325969893007907,0.7648301573899107,0.05806167303539281
61.43271132342282,-0.08849816214072334,-1.773524932911222,60.43817130823102,-0.5392895962441776,-1.630251059423079,1.21077074771325,0.02607768368405557,0.13152083749749774,0.3606437967957608,0.0581778628652381,1.0168175564668795,0.6605707550236056,0.13346189782781748
54.855248985695056,-0.41558005269409076,-2.4515173557061427,53.97802776948034,-1.726127227973871,-2.1377100477977242,1.1802058774256652,0.020137732360906806,0.18868424676710963,0.6316459965771685,0.11078033585924635,1.5577076712907916,0.9829688204289261,0.10822775370970587
95.02635910113229,0.18262887506522718,-1.5057667700594939,94.06388850137343,-0.39127354077956716,-1.7359797440708975,1.4258271944660055,0.02908435847510936,0.1088756538889762,0.2624485663785113,0.17336052739027102,1.5777402680795651,0.8370128031593216,0.07924622296226005
101.8064531880633,-0.878580552014345,-2.74700692720061,100.37571574553054,-2.65761910285405,-2.4186247618698586,1.4658578986343531,0.1170127567120847,0.8154537227772737,0.9540183368418439,0.16846234702035495,1.306557669877772,0.9744830631767297,0.035129968701179425
