f0,A0,w0,f2,A2,w2,B,f0_err,A0_err,w0_err,f2_err,A2_err,w2_err,B_err
55.55721354327297,0.474437511204613,-1.3257674433001694,54.859753366139344,-0.0911664960186605,-1.4249196444208294,0.83968692126803,0.03624686180693652,0.099521042774962,0.15536088664596415,0.0343187096626284,0.23880335462857286,0.4145550829670734,0.14360914338039207
50.84047486414924,0.47727194998310885,-1.4205220676097818,50.20891181550748,-0.3677632813653795,-1.6622389525645551,1.067470962121218,0.018939679698820235,0.08671015180245789,0.1857916916363795,0.06962722515805397,1.7394138850482574,0.7447935406420132,0.20276841809700036
46.16797761251261,0.29833607638341497,-1.335144090647007,45.54656447888479,-0.2215704112976177,-2.2072698048980444,0.9032723255868749,0.03789790384548326,0.1014414286625608,0.14148314750279695,0.013675561666667118,0.1935759434724442,0.5947750211874507,0.1470672082306806
60.28472543190562,0.23202712806264114,-1.4536403196300918,59.48368075438027,-0.1442437186905703,-1.4175640944589212,1.1089845775542095,0.0322543413480034,0.10312049557136382,0.22198196049016952,0.029012711938707154,0.3603166462724951,0.45309544250348666,0.14747403455507987
41.732310133473845,-0.28687715552187415,-1.602580210902722,41.135456950747454,-1.3731053013593095,-2.174551150516286,1.2754714287163853,0.04284388534246606,0.2292931379578641,0.4633226869275353,0.0849215730055418,1.1134738176070054,0.9592053251771476,0.15616581409288532
37.09224155983239,-0.6336419799939178,-2.5189949036510018,36.54888164845582,-1.6272648262954796,-2.9336361109537608,1.054163374667444,0.0252795131947252,0.27537363207540927,0.7188198771379908,0.06470064513969175,1.2773943327522863,0.9633248231322242,0.12091161046799358
64.84946402194197,-0.13972573013257394,-1.3976048539510173,64.10544232202204,-1.5523168832821612,-2.15928499367965,1.327202797615562,0.04716100374050219,0.234042538185492,0.40237640578368433,0.12987714244081136,1.258101791908924,0.9532081371670602,0.13543993599612916
69.53379175863738,-0.3733182576339711,-1.5439736873168854,68.59454965891383,-3.1815787490131453,-2.8425512587178825,1.1979190068879384,0.06164195273055494,0.6335835437831452,0.5781448863972918,0.12218411971050094,1.4061042409311972,0.9996939325324256,0.10700200981187699
