f0,A0,w0,f2,A2,w2,B,f0_err,A0_err,w0_err,f2_err,A2_err,w2_err,B_err
41.41897300463077,0.4367789994542332,-2.4436861068858744,40.88932383926794,0.3237589274173901,-2.6043225749044114,1.1014403578345724,0.011600347128259907,0.11509720777597006,0.30017538776087743,0.00879399292712983,0.12224238755450781,0.36485167986184625,0.1304541760433651
37.31570912335885,0.5627366109820248,-3.0963359236218624,36.73647944440594,0.24856965739737263,-2.4945903497405695,1.200202636526127,0.00741692456013957,0.15270912656001828,0.37332734493123304,0.011624332145280926,0.11358614052426738,0.3211962724247315,0.13457856164066484
33.11614567280376,0.24513259615342595,-2.7258224051850117,32.55147587364531,-0.10888769702688275,-3.15943166608166,1.2435493300940395,0.01024528782783156,0.1284217584021331,0.36883550628760325,0.009172054936895269,0.1715928886367489,0.4697224107440356,0.12268715104702958
29.253499105641353,-0.1154448035807201,-2.9415304352453115,28.678335165410953,-0.6904611406206261,-2.345993058858283,1.034927892202917,0.010420393958644048,0.15378396823618629,0.4611816624404274,0.033426894098975604,0.31778349290170976,0.9312776143865413,0.15931160151010745
45.63523944055876,-0.21666266918038768,-1.9034608741934926,45.03041054688836,-0.1355661422758751,-1.8679202546085585,1.0454324555206413,0.023852566922980087,0.1423885820700362,0.47952376994916784,0.016571666503618705,0.13007415821322246,0.3316956759793513,0.12754559379002905
49.95483918474658,-0.6418298567799374,-1.9390967063084814,49.24910934289335,-1.3208882939067021,-2.4419572807068586,1.144301498793856,0.04470895585052861,0.27980316728895516,0.6343743610527067,0.11158718345729857,0.8012868937193389,0.8661513761916907,0.12454646769744847
