f0,A0,w0,f2,A2,w2,B,f0_err,A0_err,w0_err,f2_err,A2_err,w2_err,B_err
35.276253260666955,0.5408627766829082,-2.1974927232494754,34.74100455315134,0.1396206015115455,-1.3695136593234851,1.1877063902900165,0.017592564689522923,0.11286229266490047,0.3647926459449652,0.0248714681529139,0.2504803801004889,0.3497218166699915,0.20172589005558622
38.89647394614599,0.09613649275090241,-2.9953485131358555,38.365856104610806,0.32492100592460316,-1.5613027489765758,1.2821742974540884,0.010501735758337774,0.17607547856128866,0.5585721735531703,0.012067397827365597,0.11067653446582584,0.269740771765244,0.14248230653827496
31.749104002189007,0.1836674433392945,-2.6744728290410253,31.273819027368006,0.2629039921814167,-1.751240842489984,1.2505315629207057,0.012543234992597744,0.1490984861694518,0.4711904095232617,0.012894990798397076,0.11626590770088292,0.33044579446006767,0.16944982592328836
28.20781477484531,0.2898960747289936,-2.807546738545302,27.763770813128282,-0.2513285884959464,-2.4913527396167057,1.1102849891229387,0.01071807168385238,0.15639702107169065,0.4260400176277144,0.01878826505956698,0.1826837301938632,0.6061402912936693,0.16849509747955108
42.45121096564281,-0.12949532274379663,-1.432267066197158,41.92327238869791,-0.45410051132531615,-1.6975444455044078,1.2778530496335478,0.0491017961504619,0.2047433067045667,0.3469601067718441,0.0472350636584716,0.6531735929122189,0.5738267580216261,0.14134340425816813
46.13889159620466,-0.8101262868371941,-3.6153446631832353,45.49975108937215,-1.690215670758223,-2.8135807000591804,1.3302407351526417,0.016579655168282713,0.2925009968497327,0.7400750726273939,0.08457928608810733,1.4460972374511512,1.06996159472832,0.0969584517811726
