f0,A0,w0,f2,A2,w2,B,f0_err,A0_err,w0_err,f2_err,A2_err,w2_err,B_err
35.00330376757217,-0.026981544591924006,-2.0674573300479677,34.376316649993555,-0.14150347187723472,-1.5141879188127294,1.263673166567871,0.02008913658540304,0.12854129687793464,0.35332456164401005,0.03544177721484746,0.15535627699289392,0.335278699323601,0.1665258604564965
38.981764456443166,0.3833655430030034,-1.7863898578377742,38.45661875419505,-0.058228846797981196,-1.8273260717771316,1.445472470546134,0.01892298118983775,0.10289102398887942,0.3496597220422017,0.026651170486456197,0.17492117733713855,0.5840651032166835,0.06459422207866435
31.12552801704099,-0.18977339561479345,-1.8594681457127626,30.58509906511749,-0.058907127034749,-1.5180950159195505,1.2716557435740055,0.02739618192806117,0.18366561395743863,0.5585899966557687,0.036315418699642256,0.15758356934260886,0.33210677416602513,0.1723406854056605
27.457876246230263,-1.0809846440143365,-2.2621982975693067,26.926956857175714,-1.9027654584435356,-2.9370123397834167,1.270374959923055,0.055047053324199055,1.3225238720280277,0.884144867713525,0.0529971821701226,1.295532402284561,0.9912055291666042,0.13612687541906193
42.95526426410076,0.18453863634727938,-1.4125363912209337,42.310889897595445,0.171539987263939,-1.301677064878656,1.4415611630368002,0.03713145707919812,0.12732252629923882,0.21451764002237964,0.052041916429441094,0.1325219682910465,0.18384158503359863,0.06700292232692938
46.88621460714545,-0.4473802255295397,-1.7705759327897415,46.18924789798657,-0.3556946437573569,-1.388065449326923,1.4694119289451129,0.051169277586226414,0.31142161828504367,0.687694588996813,0.07582641194129805,0.4992247017790745,0.6912232808560824,0.03796303127520459
50.8582117050598,-0.8160389515283635,-2.115573219356916,50.043126656549504,-3.4679830091539925,-2.7708091382885525,1.3499869712435042,0.05108245957849735,0.6568190980695434,0.7684109522796014,0.09891761927696426,1.7038739893053343,0.9782394053406755,0.08534576745452134
