f0,A0,w0,f2,A2,w2,B,f0_err,A0_err,w0_err,f2_err,A2_err,w2_err,B_err
23.498988549815735,0.4478667130773687,-2.982487638829889,23.070999161175806,0.18412657907638474,-2.8994916098880403,1.1575113839996052,0.008838103207694185,0.15234616406578386,0.38338075661624055,0.010465225980208168,0.15951373553717083,0.5168881785541722,0.19747676904252578
26.42330720199285,0.3931187800630599,-2.5044859170130302,26.002640482067193,0.35571989265747844,-2.3227966207199118,1.0812999010104207,0.012068493760471252,0.12536516756810415,0.3937650851784713,0.006129071123001052,0.12301485496115,0.358750837118102,0.19934333056268988
20.518593117605,-0.24925719849326372,-2.06725441421077,20.111475040457375,-0.1585697144250568,-2.4421376012565146,1.1340398179071016,0.024723309941164357,0.16645088726389065,0.4453475092472047,0.016252478688713972,0.1582140984517442,0.4934478818117877,0.21846964191093357
17.782713698079423,-0.49869832552317495,-2.8400346896380047,17.388293441871138,-1.5451350915887296,-2.3728258852650868,1.4114853155401514,0.019876059731561858,0.24274807863785175,0.877463341851038,0.04212058453144057,1.3770244274721157,0.9568160015065595,0.09878170761043008
29.46402085211105,-0.07042774929112391,-1.803346758547819,29.02330547679327,0.1640011441113325,-1.9178595589319019,1.2948967548462877,0.030238126737440432,0.1491338160561531,0.37601065313255444,0.014985267296749425,0.1184408819692835,0.36996773133862404,0.1540073126402964
32.329400593966795,-0.061145214851100006,-1.5857130779712942,31.84136661263438,-2.7106286946666467,-2.9937449456950413,1.284179311186175,0.030914666664280978,0.17662002473729113,0.36855505090950436,0.06873228806114186,1.4745701776180844,0.9847416239385618,0.13106310220583092
