f0,A0,w0,f2,A2,w2,B,f0_err,A0_err,w0_err,f2_err,A2_err,w2_err,B_err
33.50945124189642,0.5962082809084907,-2.7454903442906264,32.92324014637347,0.28672433210813,-2.1726111422988987,1.3561945108163913,0.008936276548662792,0.12176794021258504,0.33176472252931144,0.015090332470883597,0.10618187657898069,0.3684594836849703,0.1255791591046748
29.660842030145233,0.21908566106555577,-2.2578837660757696,29.047047259355583,0.0414969691680287,-1.3910044378035187,1.082188086783719,0.014421637546179124,0.10908179828978481,0.31276363711611177,0.03500866420680782,0.1371194709859165,0.23684982749933103,0.2323623283458085
37.23800937092178,0.4793375411444396,-1.8877940932070316,36.735268079834356,0.003912990648531817,-1.861379788645817,1.394764796913254,0.018011855354588085,0.0965943671046224,0.31539480306998224,0.012952091437652668,0.1502548161480305,0.445673056008433,0.1065704814886987
26.14821514880431,-0.25687792380572294,-1.8797007964699306,25.639221038978295,-1.8215117115825976,-2.4955628538770918,1.3922123132262636,0.028419697129268985,0.16843811855108523,0.5163587591033931,0.054642787263789475,1.6044217248309045,0.9848827206782707,0.11126807137271742
41.04528575067347,-0.10477394531548341,-1.7070154677225413,40.476488923210425,0.04737060849162,-1.4144360991412097,1.4532149803477765,0.033302537332276325,0.17775095023193857,0.34661312118008564,0.02435847892132141,0.13696155037310292,0.2459596904419322,0.05071723540869724
22.466631762577194,-1.2527471330556126,-2.8743416308328116,21.992479370236108,-1.5030515927819983,-2.786655233913338,1.3602849973901767,0.042731649502227936,0.8534762667503963,0.9813621894474432,0.04878586404855619,1.2260044433483566,0.9674047776082282,0.10703737710329843
