f0,A0,w0,f2,A2,w2,B,f0_err,A0_err,w0_err,f2_err,A2_err,w2_err,B_err
29.947182559079163,0.5998085494201274,-2.998281661751201,29.383853878805596,0.6444730136306065,-3.220682695306755,1.3156390517476213,0.009676595537739738,0.18305438989877162,0.491887781530129,0.008793293972536033,0.176875577853541,0.4723227196665323,0.159598188417263
33.642417016577106,0.3201380332220348,-2.731361318276936,33.13636657802505,0.7158714649519858,-2.611974973233566,1.2990683172370106,0.013530218804127993,0.16438356378831614,0.48838138777535645,0.012061587802513771,0.16358249474577682,0.4012322662528732,0.1493509907517273
26.18054656526149,-0.14546607098476072,-2.534051836535377,25.624790621735272,0.15709124998906854,-3.258034565868459,1.2680703083044267,0.019548843680448756,0.18390057426607334,0.6021856952493426,0.009984273537531452,0.20018527369206235,0.5209393908562494,0.1696338744136425
22.757704300445365,-0.6115772164492366,-2.8019846241537447,22.325328503141357,-2.2864130187583056,-2.467231510755001,1.4134245813741528,0.03120023676896076,0.38434611428557686,0.8491668955329864,0.054120304685040976,1.3335063202236583,1.013831580877589,0.09891413649464383
37.490849917269564,0.22116653112172768,-1.5707410447087518,36.982852127926705,-0.023944775976586924,-1.7853538282731103,1.1640086549960158,0.030155015995106643,0.13372244081994,0.31084124882293157,0.026885251052179787,0.18123946876036492,0.5189974335654156,0.19307192326912334
41.431244906670216,-0.5820970584512233,-1.9674828291023134,40.729560717990694,-0.7334562982755504,-2.6425689632288285,1.161198269551929,0.052761531819327225,0.6273404258716639,0.7514734639162574,0.03660982816363234,0.6148599521179401,0.8573816454784833,0.15940049885099855
