f0,A0,w0,f2,A2,w2,B,f0_err,A0_err,w0_err,f2_err,A2_err,w2_err,B_err
32.93995167576748,0.30402780965492543,-1.5064637604863935,32.428528458753945,-0.07697222698525914,-1.4547425008585255,1.3843680862417014,0.037391492682752124,0.3510291577007003,0.2636731107962077,0.05433695902648755,1.1092219316150198,0.6526316795227872,0.12160991710551516
36.2412254689361,0.21514953286509475,-1.4219951622862688,35.743879991558416,-0.2613930139727043,-1.4625162787345911,1.4686813013531808,0.03227946125778954,0.16368701902807758,0.28769604130940635,0.07436203392161941,0.7589548140478555,0.7162889960024535,0.04236455045629636
29.499815951803615,0.0563487983020689,-1.459722833480961,29.039429205338926,-0.23320972892728875,-1.5085526834171241,1.3142373989170542,0.04805340763001041,0.18021308819344983,0.41193358234309996,0.04246010062936098,0.7717524610150563,0.789799676590523,0.18649067303765798
39.51877239504443,0.34806822255312725,-1.3332040912595737,38.98667751526729,-1.5063170711083422,-2.7641063099982848,1.412332362581078,0.024155778730582084,0.09789042325684003,0.1453610399753484,0.06635594427704913,1.5289213129699903,0.9963114753649397,0.0885864175810839
26.340290879004982,0.17531808342789157,-1.800151404452872,25.860099710208893,-0.602057740450567,-1.9840437458575506,1.239832840537489,0.02184671847936547,0.11454183067476469,0.3324771151865632,0.041983508855057375,0.4855305950195692,0.7464426132032475,0.1938926139356694
