f0,A0,w0,f2,A2,w2,B,f0_err,A0_err,w0_err,f2_err,A2_err,w2_err,B_err
48.684784114181255,0.2525062299838521,-1.61126865517653,47.96217608135994,0.0870366207055277,-1.483474126786901,1.3968340144100824,0.032032209023405714,0.11566297733656171,0.28549442692645466,0.040605214709363506,0.14974289106195013,0.32868217282183093,0.10320194466616783
53.590068312794,0.41670578505453104,-1.5810948092186312,52.89535414413351,0.32945555608475574,-1.9789406896124062,1.162727397107874,0.026139972640755644,0.10458085673497795,0.2602618718718204,0.008831725244908255,0.12042719312033184,0.34848782054600824,0.15784917556620595
58.408574106617955,0.16647751283328444,-1.5823452536684808,57.636125099326115,-0.25791331839794995,-1.383862929567794,1.4462255095754506,0.03462928608983287,0.13163430325631328,0.3382450175045455,0.08814665305405117,0.9890110234391518,0.8573281547335407,0.06175188184973843
43.743818168946014,0.1484763721527363,-1.8129888506666862,43.104910918876925,-0.26189062459946766,-1.625001261722345,1.344364897171928,0.026230287818214515,0.137325703106363,0.4232125219304947,0.042098888199725785,0.23436564012497482,0.5679833551019988,0.13288139709707578
39.10985003877481,-0.41244239942658145,-1.9314801990741297,38.31265657962968,-0.41261625304479044,-2.189702942334803,1.2237611165838342,0.03451971702650694,0.25705357608827306,0.615625074853181,0.0331745462977817,0.26469498244467377,0.7543779633495771,0.18240569151117508
34.36356162509525,-0.6656672336196614,-2.0871213513060507,33.83478122108309,-2.2640270323335314,-2.998073763474806,1.1948006206555837,0.0427812868195677,0.6161684220152699,0.9023148654529775,0.06836163238488781,1.5002843002805586,0.9534162119648858,0.1410323522750784
63.22588185928888,0.1895304183936797,-1.307916470541884,62.40350374082546,-1.0533221216137982,-2.893512158778186,1.4415098965632391,0.06227088659144212,0.1453447979923908,0.138493320739309,0.07731003455725048,1.3990734420630078,1.0438655659000835,0.0666608310473069
68.1052870329747,-0.43945731221784295,-1.7487032900258712,66.98438471146727,-2.50617484312655,-2.795182646284468,1.432665262186153,0.05856481512588585,0.3261464309095721,0.5687635281997596,0.10817216161375251,1.5445996461927913,0.9625175955828607,0.05953439103429963
