f0,A0,w0,f2,A2,w2,B,f0_err,A0_err,w0_err,f2_err,A2_err,w2_err,B_err
33.340797388054575,0.206628755807302,-2.5479206751616137,32.65519266488995,0.2512425382663688,-1.4540234128646636,1.4101420703588021,0.011943737086323718,0.12850597366497055,0.45560833748183244,0.026874409721299897,0.0965273673197314,0.21536566590494619,0.0999048704061428
37.623467611797814,0.4782986510478088,-1.8926850974501983,36.9632757652196,0.19791051296485188,-1.2893170653257475,1.4426004488555089,0.01788237449781241,0.0937113681250758,0.30875491197915356,0.05339322853011047,0.12835281290053527,0.12028808723630796,0.0820322833847333
41.87355680313617,0.1914935969023061,-1.5861275141343547,41.180915263968224,0.3536433834946963,-1.3158803465335849,1.4249106909083997,0.028985188179591143,0.11705349896779803,0.28048534569355665,0.03552198791221996,0.10351540240834445,0.1417463248332681,0.09568966303343063
29.272478266658453,-0.09230630973312126,-2.9726888318432407,28.70292141609008,-0.44144549783972087,-2.7051192994540516,1.4451803400647791,0.011259415753100651,0.1592004519843967,0.49311658695252375,0.01885141295792209,0.20699836013442252,0.7454995704691373,0.06727443490139008
25.247149455180764,-0.7607215747189531,-2.6989011047641402,24.73279191963196,-2.017730358215845,-2.541034183505892,1.34354798098593,0.025371365281537602,0.2920844618825487,0.6637942926438043,0.055467762561977725,1.6713363518253743,0.974139863001361,0.11219361784824908
46.35997638866161,-0.5057188350826299,-1.7166160863463318,45.569390956360806,-0.20446530984019418,-1.3436176995349476,1.444105650177509,0.06493678611287995,0.297548806174897,0.5841824887349762,0.06815493661750648,0.24587683781869268,0.2713855660370074,0.06674302268190112
