f0,A0,w0,f2,A2,w2,B,f0_err,A0_err,w0_err,f2_err,A2_err,w2_err,B_err
59.13605568148952,0.41738124606308485,-2.8592124948623114,58.26060433742521,0.06758655638079228,-2.6121471017584503,0.9779870944567088,0.009709291543879669,0.15252049461881165,0.4280229295148995,0.012866955860699442,0.1459960258272165,0.46256095785988527,0.10645114048330481
65.69445023906133,0.6276530159339009,-2.0589854405191907,64.83011048524058,0.25637650965598535,-1.6561346814230171,0.9009020266083358,0.01497775618672001,0.09704685210521402,0.2677319340548131,0.01867588766493722,0.10354414068476182,0.31367792684090023,0.13216352082159338
72.07639406659641,0.5450977220001123,-1.5440315761195613,71.27806825044577,0.5222678431522295,-2.047656366417253,0.9362685006375966,0.02355268288244603,0.08943373704391132,0.21417294621816396,0.035517921824552566,0.2545183842237244,0.29401685248028736,0.12168692972077606
78.64650625529211,0.5496628648128846,-1.7945043413227757,77.728775652344,0.2009127225151548,-1.4985231872041198,1.0848806342172677,0.025405406811288906,0.10033061165451089,0.32062578679347764,0.11629164714797247,0.657775047436261,0.5901870746001799,0.1602060271775791
52.95162878703524,-0.11198914674990895,-1.9877978439910402,52.01400572954145,-0.5114393189608526,-2.9073672034161753,0.9844254228205324,0.02147731785715251,0.1430939148203617,0.47066009645929907,0.020832874572646837,0.23655860670112286,0.6176598015354343,0.1175034673824801
46.66333297358762,-0.6629544633066191,-3.177356469316088,45.74974485231377,-0.5513539093376936,-2.071433022663504,1.0639276768336725,0.016656942559274735,0.24928638989700183,0.7010174766824835,0.036274263345782716,0.33529300110184984,0.6075442375519781,0.11235400309396171
85.33615834875202,-0.19136160505228988,-1.423159737651997,84.31817523337169,-0.4664223540362562,-1.6358701307499826,1.0871141081857987,0.06096476509539069,0.2611550160555143,0.44595312138145193,0.1462902424478182,1.2249064999515424,0.7898419288860575,0.15004910112650807
92.0191555485033,-1.1699710105116856,-2.257765584623952,90.80974601144916,-3.076358417696638,-2.7242722184628656,1.2526566465482936,0.10183227509350937,1.3352711030690467,0.9546247375700808,0.15991440281987657,1.660610882097258,0.9946059463312585,0.08200155375638363
