f0,A0,w0,f2,A2,w2,B,f0_err,A0_err,w0_err,f2_err,A2_err,w2_err,B_err
48.303666622445654,0.304778700629906,-2.018123703695972,47.644997953377484,0.016152781149655744,-1.5223302553223235,0.9203996895434382,0.01584518987749173,0.09532027876542573,0.29311728538111,0.029476646341597888,0.49329733754710964,0.38079474244207545,0.13736826047177286
53.18165505803628,0.34883070357224577,-1.4125560949209544,52.460001562007676,-0.04505747754331566,-1.367041743257631,1.2612234752007354,0.030686374868426472,0.104090825579044,0.22528686576956433,0.029559148745316163,0.23548835445464836,0.4590029532261428,0.13705537726403066
58.06070613650566,0.4765701634892198,-1.7612428192306955,57.39912820385561,0.03456515793295456,-1.510037225248699,1.4457012401430442,0.022327053764015593,0.09460310994063889,0.27637565498568584,0.03630855806433559,0.22570212322585947,0.5671829361315619,0.061231630971779055
62.92292118278183,0.13330861143811212,-1.739123810656652,62.112284109059075,-0.2952232241667986,-1.3685155935168987,1.4534137025154756,0.025543152067234873,0.1188333441600117,0.3261038989446298,0.0585575484393022,0.44319523572469843,0.7355857593029558,0.05438889262188672
43.64329320279366,-0.04781286002674172,-1.6745025676863057,42.947600525518624,-0.8411089976708135,-1.6924352933546998,1.15618849843895,0.030238114983019107,0.13310836554769578,0.3537748808687099,0.08284311901766353,1.3399847663710573,0.8301115364136908,0.16866594409247426
38.78600237266967,-1.0895953953314805,-2.2649520636933045,38.166288613512066,-1.5205700985355697,-2.2607035073973476,1.2046692780100827,0.09253464318558265,0.5248349093859861,0.7999895580033719,0.08077098558985357,1.1756578715245307,0.6806654767093937,0.12328406733302678
67.59641402511079,0.2883999931842773,-1.299731464659153,66.76921338878734,-2.360095108503361,-2.38282091342759,1.341383887236875,0.02409526963824675,0.09693615049046203,0.11542495519258922,0.12200638678917149,1.208528660915168,0.9899101204063391,0.0886876654480891
72.96242100062318,-0.7360102139416791,-1.920050442016688,72.08013360019227,-0.5708159332766679,-1.5491878178388794,1.0821784288224983,0.06014929425856537,0.47210176316212393,0.7563841292408898,0.06826749744295421,0.5664553034590544,0.600107700703017,0.10376446213302531
