f0,A0,w0,f2,A2,w2,B,f0_err,A0_err,w0_err,f2_err,A2_err,w2_err,B_err
31.54250464640536,-0.1406628763001524,-2.592134672403498,30.92578359980033,-0.7913967616916184,-2.040465830325206,1.228882497217007,0.016205370242708614,0.1775715677443408,0.464831158713577,0.049185944864706226,1.1149025640857824,0.8669778646208882,0.17151447208431214
35.72371854094212,0.24354973211640968,-1.8949891942272128,35.01486733763869,-0.2883935077287475,-1.7056918704901811,1.4016551452962878,0.02299497602262421,0.12173781312490464,0.36516233926310965,0.04714732889592225,0.2460804279390154,0.6841712973216237,0.1015070232176288
40.225942749587865,0.2262890964140385,-2.0120402470565213,39.60529254571235,0.4012048711931025,-1.9555107515140235,1.1151970531766948,0.020817702033237403,0.12667495876358506,0.38657750850436323,0.019225996126566267,0.11338137157735147,0.30538525607186107,0.18871476412592045
44.808221553807144,0.4258209091422935,-2.462877437309566,44.23795365174627,0.29196320822466504,-1.31254698273817,1.406007982430836,0.013791693831608024,0.12980503182029568,0.4076368160046247,0.039746664903681644,0.12903236086365477,0.14554873398097853,0.09796442959587522
49.30658589060812,0.25280788821464373,-1.4044186161136112,48.64015239131453,0.06657618464508203,-1.692138956688792,1.4418800039916164,0.043276176245773075,0.12683268074192353,0.23441347061188703,0.02230959506632789,0.16007541614627058,0.4108430703764769,0.07177824100679442
54.26660019159177,-0.5283834048514912,-2.361731529401262,53.34796710126889,0.07056731595045862,-1.3158569830767528,1.1823804852910573,0.04529572908666876,0.7146236964773763,0.8892731657370391,0.061848301923555546,0.6031382180541972,0.29633584139224733,0.18779086205631754
27.383303308401857,-1.0302126668030815,-2.634113437911314,26.88708094056109,-1.0687642912055688,-2.321385557917167,1.089206374070609,0.04190214860750967,0.9862938101996791,0.9255309798347161,0.042092788237484406,1.2854788587131991,0.9617766750101864,0.18839509108853988
58.42327651504165,-0.38270080732172396,-1.5882411340027014,57.67348130087207,-1.952955198224423,-2.527116516072579,1.1580965229157216,0.057926254120936826,0.4107967972814605,0.6762085911378892,0.10672424048741115,1.5898403149925204,1.0144812465528554,0.13272035736192714
