f0,A0,w0,f2,A2,w2,B,f0_err,A0_err,w0_err,f2_err,A2_err,w2_err,B_err
29.980291204384613,0.40827893853406866,-2.1363751456952587,29.385246375737765,0.3866317139577585,-1.35702943461464,1.3156543317422662,0.0155500941332441,0.09744973416636032,0.29744872092857927,0.02997822758566319,0.09302803474123796,0.14404286144559658,0.17382872534734037
33.908520213796685,0.4775221882993625,-1.5271588906452074,33.31780519993339,0.27652025595914115,-1.3901408518745897,1.4174734434935252,0.026880160823250968,0.10946777785205855,0.22765569508788144,0.03488069054150441,0.7631392301039547,0.2568984529838064,0.0969358974740567
37.75459947192212,0.17630286209021218,-1.690867037707369,37.10320958732682,0.35351498645243207,-1.2780573747783184,1.3708122233913749,0.026172288368475332,0.11608149251926862,0.3249560433973531,0.04246020100767723,0.10263286284740133,0.10462232160107518,0.14059852248933552
26.320994284953898,0.10161249682554882,-1.8167112730200141,25.748790457645903,0.07173781677420031,-1.577409189645676,1.2055470222233489,0.022902804853781746,0.11789807307835751,0.32810588765807935,0.014242528526194315,0.12006320173123605,0.2757167790718785,0.21512658665154408
22.652058408773314,-0.34727597191330206,-2.2286198175381693,22.198711481508678,-1.7038702423666279,-2.1387863364185917,1.4241907642724128,0.024259667184371843,0.18040930884296055,0.5470347627402871,0.056695359323499665,1.5449920548818976,0.9813712513257065,0.11135729972393488
