f0,A0,w0,f2,A2,w2,B,f0_err,A0_err,w0_err,f2_err,A2_err,w2_err,B_err
31.075292740703635,0.5985186963156381,-2.199245819173955,30.446148460351523,-0.02891426450834958,-1.4333337197362577,1.2528594501246788,0.01247513082589924,0.09272191635227883,0.2586690671153294,0.03477625140158489,0.6268264632336402,0.3640596893984646,0.19411903104832848
27.250090595535653,0.13274151301467849,-2.4824729682638806,26.669407839243558,0.10465717501890381,-1.4870911747039994,0.861575091478178,0.011522792191242045,0.12686532657148208,0.3714403326771947,0.02549536291475924,0.1026383329796608,0.20390024340582474,0.19817026544689814
35.11340862044941,0.5422454031587728,-2.5268247101620886,34.50905220991578,0.18894982370106583,-1.3010848045404617,1.4546426290093428,0.01122623328843886,0.11335479071246368,0.29998908122712853,0.046848809817695736,0.12184302363333009,0.1353254453306332,0.05733327193753942
39.06020397549148,-0.00837917244335038,-1.4005589880553133,38.47129602417346,-0.03812215913388653,-1.362476199514399,1.4681950001487454,0.04790295243795455,0.16427764381926618,0.28342150110894176,0.04993038155427869,0.440151957673789,0.540223140269548,0.038029044333438136
43.18050970255555,-0.44488031681534407,-2.214099173204369,42.49841419051113,0.12252276150808114,-1.2676777777868948,1.4743369281077452,0.0280728510630595,0.22826295650168996,0.644123781227728,0.07411413228265266,0.12312823233180387,0.09812972427888558,0.039920188426978725
23.52022476186969,-0.8480618821566388,-3.455584821648239,23.054759675333173,-0.9456557518588662,-1.723859395328141,1.4226873102672006,0.01711936122759375,0.41105562529148104,0.7525348670464924,0.052766249199965885,0.7901505203451094,0.9231618477506615,0.09032071567925465
