f0,A0,w0,f2,A2,w2,B,f0_err,A0_err,w0_err,f2_err,A2_err,w2_err,B_err
34.47955350478958,0.780158541420062,-2.91511607787697,33.94476745025856,0.47940486922538256,-3.0711421882786816,1.2996453707498625,0.0077237605168561825,0.13662440066409606,0.34516763811647305,0.005241758145486032,0.14042502648824903,0.3694112349682988,0.13196772972150636
30.61799427599165,0.2088419874019693,-2.1977784358624133,30.068148373226187,0.2422439134155973,-2.6188709869372895,1.1023725625557232,0.015397209304556101,0.110408996998699,0.3487604988393849,0.011313437204590637,0.12309869192674357,0.3713350152102249,0.1754995526579097
26.894124639218948,0.1726278777700902,-1.9053929772199936,26.37906427124723,-0.4468643208770941,-2.3005099857251397,1.0774845241759456,0.019788629833474056,0.1094097228826631,0.38156717385532113,0.026300859866168272,0.2431411706439199,0.7307375734928715,0.21884597381789372
23.267533618595888,-0.8309662836867806,-3.382755901128255,22.822380587670025,-1.891015422531091,-2.4383399950671945,1.3332108306419732,0.014986900729655167,0.32561551472159683,0.7484861824665355,0.04885877779468462,1.3235297670797557,0.9419048980925814,0.11953557048420024
38.33016425666569,0.43407485815003366,-2.1866499589153476,37.80215529388681,0.1425817255883427,-2.1550995540455444,1.2456382011315406,0.014187724428657853,0.10038789489676393,0.284599742764183,0.014216714392369711,0.11361183363817079,0.35443424871248586,0.14057163758503372
42.013546894022284,0.32189462931253837,-1.288435773091037,41.53453591279513,-1.4762547862677418,-1.6332759930244498,1.1990204642159226,0.035067173077788776,0.1723639937477771,0.15677096463710785,0.09494867425455514,1.7588540869151612,0.7722688104770898,0.15128861097449775
