f0,A0,w0,f2,A2,w2,B,f0_err,A0_err,w0_err,f2_err,A2_err,w2_err,B_err
33.708590608610756,0.3575513526477278,-2.092055661522667,33.04989283362546,0.15173854768759662,-1.9145443591504205,1.0223506022496125,0.016319308862231832,0.10527924907821351,0.3419286796597588,0.021574556567973614,0.12456416054500777,0.3477428871217844,0.22006037598920614
38.053393196919245,0.6959987470049783,-2.5939733347323926,37.403550979759125,0.27493157113522526,-1.4049345063191296,1.3683341666222613,0.011071833596445639,0.12105241685436935,0.32875128526238545,0.034484875451920645,0.11695368217066233,0.19792924602287665,0.1212048100180563
42.32557854854593,0.5349114373093942,-1.309874736473792,41.61606476225699,0.4081388739360257,-1.4475569109667639,1.1363652807484144,0.033780090942021924,0.10513824451350247,0.12538593754238805,0.028534488620053484,0.11332801167160682,0.2350891579385104,0.23101790316569204
29.703767507214383,-0.24799259430790985,-2.4948631682992337,29.153624928974335,-0.9050945183457891,-3.3646083590458415,1.3534198688744723,0.019330539603514794,0.18045287948306343,0.5906075100745513,0.026222573896748973,0.502804678139474,0.8795707894949183,0.11737043551805726
25.526520491013322,-0.3998744905749492,-2.403972494359233,24.984420268264348,-1.4397693903815885,-2.087313965314876,1.1761015244201576,0.025347595797896548,0.21508046186405905,0.6491906396197152,0.06773234204493032,1.2840674978570263,0.7382220451450991,0.1786609005579526
46.61627731903606,0.20895411641107606,-1.4825349598081028,45.894530973684795,-0.10597156895560454,-1.4970301622727495,1.4299349586987575,0.0318008560626736,0.11439589023753775,0.24539327014009285,0.04808154359974289,0.1771545460213726,0.3334891062434108,0.08571680412415757
51.002685206753526,-0.6408049586498517,-1.7783047262554263,50.35184158470967,-0.5236247519824384,-1.553537967813475,1.3191331618313005,0.0632105103737235,0.5555292383258514,0.8395342205599635,0.059719136934396184,0.49545237137269776,0.6788532074016655,0.1394550669978128
