f0,A0,w0,f2,A2,w2,B,f0_err,A0_err,w0_err,f2_err,A2_err,w2_err,B_err
42.63677017781457,0.3948502739386138,-2.138538315286702,42.02480560146734,0.43258973503980624,-1.4073846274729183,1.387358269134179,0.016302913813250136,0.10898604184474073,0.32787373417062027,0.027306160763177843,0.09952130730553511,0.19442339186455768,0.11133203048535334
46.92556303707198,0.27095485210238235,-1.89651608015012,46.308167208526356,-0.002578418225713766,-1.4163439667845559,1.431346718672105,0.0215402578391515,0.11443855927328025,0.354509350924332,0.02189489862933703,0.13726210830574903,0.22223881172633259,0.07387033732206898
38.24514121616548,0.38615178964930175,-1.9296175236726485,37.603806744033335,0.04564737123956797,-2.5230518479012876,1.2908986387701717,0.01811224323721217,0.10154486710119287,0.30161289072080555,0.014846526262240556,0.14930004598602917,0.4673627417349907,0.14947955805927937
34.066118387233615,0.13077085965824603,-1.7158757727050178,33.39723637140675,-0.13771155483500386,-2.241966615800313,1.3400284180986801,0.025577898378032485,0.11640637635578634,0.3162798671710303,0.021001580911907347,0.17096787079851677,0.6210315309075356,0.1598691670779355
29.995099358804758,-0.5028259497906248,-1.9974754734562268,29.389058547694063,-1.1056195296964293,-2.4158108980576847,1.338807914214622,0.03579900886063562,0.2519469875993153,0.7004468010483137,0.06070237780819158,0.9863460211339673,0.8854979306972156,0.1331019458130573
51.2529776344064,-0.121335870451479,-1.4203915258600157,50.449469199264556,-2.8288873007416697,-2.6254442833289677,1.4416029580110958,0.05611974930924111,0.18555922274765324,0.3192549484434917,0.09495273652121974,1.7800031779123866,1.0269846188907452,0.06138173669333903
55.65968353698857,-1.2894862179015805,-2.3558280335126955,54.847243601069216,-2.4711748605875004,-2.465073422294918,1.32883058856463,0.09857323184706956,1.0527956675098924,0.9256628047580909,0.11210910585486605,1.3060648263088517,0.9149372209118106,0.09453277400322646
25.830637339835302,-1.3420367047760435,-2.822426251093738,25.370344238784313,-2.240115471583316,-2.4325603103915574,1.2381077686431885,0.0477723842249064,0.68055004482341,0.8561023107056794,0.06352764335592714,1.3769703216849472,0.9422455178069925,0.13538367164855666
