f0,A0,w0,f2,A2,w2,B,f0_err,A0_err,w0_err,f2_err,A2_err,w2_err,B_err
42.43377341884305,0.34263513732523165,-1.9703829030081104,41.689565662942044,0.1545547693138012,-1.8891408742690694,0.9989399093393068,0.015576395384997317,0.09584472101274549,0.2782652414143104,0.01940375833345639,0.10117228594799156,0.29379358681912426,0.1600131555063724
37.774083745597146,-0.13089459973269787,-2.1219359410483003,37.1201743949478,-0.21407115784460962,-1.4702769746738729,1.3481626338377177,0.02096029699465112,0.1359449842394101,0.4445500012860251,0.045339741574124445,0.16283918491685698,0.2883630086873817,0.1233710890699961
33.315925115477484,-0.33698452975768234,-2.6707363096196857,32.66493906351137,-1.3216986187952722,-2.0382894799579985,1.3403352335279113,0.01584066938167048,0.18000937930845773,0.5432407159857658,0.06810646358732682,1.5104999156283292,0.9029079815712525,0.13843893915613703
47.24557617768717,0.3448342880001164,-1.8397235442102131,46.51127891147071,0.32052348387038965,-1.3049482154989294,1.3293798055198525,0.018523080290716275,0.09350376119129436,0.29000691500804465,0.035818438912409024,0.09954870655784083,0.15855524307205135,0.14062589509612053
51.948081668821615,0.46011526131562513,-2.0695123578967705,51.263743425896784,0.5187941396830917,-1.2863915005649362,1.4731210218870046,0.015329076708215074,0.10131976665246119,0.2967427143257984,0.019688978737629887,0.08895857754530767,0.11553139875138746,0.03488079994384531
56.85791249139051,-0.24468179865973674,-1.5456247160277892,56.07678221408193,0.13098797547834445,-1.3602091389908093,1.3950982840611443,0.05269544420192532,0.37460966656088546,0.5111293095981511,0.036986258293515956,0.11537014766626079,0.17659383452568023,0.09922768203831787
61.46750174250055,-1.2369958172339164,-2.147032733659541,60.545431112968984,-1.7894217512573367,-2.7972321785436107,1.4097874347896227,0.1074644084456036,1.2720442677998995,1.0480870279060746,0.13179147603661906,1.3521349125277224,0.9400642663483864,0.08593737833078328
