f0,A0,w0,f2,A2,w2,B,f0_err,A0_err,w0_err,f2_err,A2_err,w2_err,B_err
36.605631298594204,0.6590785647907206,-2.4612119412596263,36.067844505543285,0.4357259722151368,-2.479291761481649,0.8091638690939515,0.011694794474663397,0.12816883756346173,0.3382164422290683,0.00783138677983577,0.1266810892279582,0.3709270866449547,0.1569195345067456
40.62848682995843,0.3411107946907185,-2.3905916280390134,40.04457840878885,0.4988354245829831,-1.6509118062884065,0.7896691885134255,0.013907394142747295,0.123973496290595,0.3699109497181026,0.010197107481901037,0.09145730013662352,0.2723726500500863,0.17174358998635145
32.51972216804021,0.47039150102696936,-2.7654258819829987,31.896327185291568,0.1553845632741464,-1.7157600756049556,0.8272417178361845,0.010536822002510673,0.1439653189642669,0.4123816325818177,0.02296626912626425,0.11715056326453699,0.32519432206658344,0.2001447279310015
28.6277337705126,-0.05554354308816329,-2.8323178485790588,28.08627029837672,-0.6784118612646141,-2.419973838431962,1.1187091596392378,0.013305865907656233,0.17910798357842164,0.5384844660810281,0.03685603162215962,0.35846941349618866,0.7181535365148134,0.17365843669531839
44.75449023595462,-0.5410615050879595,-1.9380629097083266,44.16128913108827,0.08602419024366735,-1.3354237072360984,1.324597623138804,0.06336830819282321,0.5546039579800894,0.8479571122935713,0.046544568176679076,0.5299210909107998,0.5479739304056471,0.13384728488014344
49.011797014129215,-0.1823241738502172,-1.431107609643438,48.46081496121947,-0.28000595274464013,-2.193456574170047,0.8578142423375745,0.0332688853422464,0.1602554883553564,0.28146823654921455,0.014649593366036821,0.16537154406151677,0.5243016553309038,0.11513023102479852
24.729357758089606,-0.9033531621966528,-3.395430825453081,24.262523144875146,-3.965636623752317,-2.903331922007399,1.2713074519688583,0.02051519103347938,0.4126124882215134,0.8001012248712873,0.054132996492867604,1.5164566204527332,1.0043350291804414,0.11673154609287702
