f0,A0,w0,f2,A2,w2,B,f0_err,A0_err,w0_err,f2_err,A2_err,w2_err,B_err
57.502802613573735,0.5184173930379383,-2.2395872114821436,56.78237277241685,0.5180054519420273,-2.1262839361898607,0.8032231465495349,0.013550328202624433,0.11621391810226626,0.3165034488850782,0.007341723630941711,0.10935003324184564,0.31622844347466544,0.12139823749109385
63.188533993666766,0.5891956986385469,-1.8209889020322405,62.4557308687773,0.6220584782400538,-1.678761517286611,0.9053036576191075,0.02015390897391937,0.2349129092708291,0.28223718457845925,0.05029501226947132,0.74412516518813,0.29106318564221445,0.17007846082095848
68.9551939055353,0.3569425368490652,-1.3656446591205735,68.07634213963449,0.218654590713633,-1.3481037246557455,0.9805006729888041,0.04732392236558963,0.12242677912820933,0.18331513164334592,0.13444789582403105,0.8360627376982912,0.9743408030688852,0.2193636516379114
51.75337453847209,0.2467346554410434,-1.4940787283493826,51.001553469128865,0.013490244174735044,-2.1225898268483476,0.7598947975847428,0.026740241786724562,0.09411690518163905,0.21596215126511034,0.019554687696911363,0.1303077602900431,0.4159666757338532,0.11986289482295441
46.2961295308863,-0.3213579165015165,-1.8156996991445307,45.550023884935044,-0.6481118829949073,-2.5065018985594643,1.0733557625613546,0.03545499442032124,0.18379082323551732,0.450666647275112,0.031502524477084466,0.43734922026960826,0.7752080674261783,0.1302812670181382
74.7551802194957,-0.030898452093849033,-1.3065479838024137,74.01078890997952,0.08307895596238776,-1.3429912055876705,1.006276305680758,0.062578203437544,0.1750904733428717,0.27133243283224867,0.019834948048781793,0.5100624786584154,0.31654075205877186,0.13555718316189147
81.08788132051937,-1.1041944419479937,-2.7562134752649796,79.98887423245964,-0.6540481404135994,-1.7470421629088584,0.9811436884722682,0.09845645065275074,1.3645693342881047,0.8265222153392145,0.07918445204900347,0.7456889259114624,0.6069964811637688,0.08942268121600037
