f0,A0,w0,f2,A2,w2,B,f0_err,A0_err,w0_err,f2_err,A2_err,w2_err,B_err
39.466691227817016,0.5532338610093842,-1.7762285416535044,38.88942659558312,0.31818392834475356,-1.5329980348779828,1.3848350356669494,0.019816394199943254,0.09142369374234231,0.2671332351357445,0.022699014905196477,0.10577033395775187,0.2779041525512679,0.12210267085232986
35.449335260601856,0.237777628981304,-1.9007791243251164,34.858026400459615,0.23825076104540072,-1.8738505151228622,1.3556432032796726,0.019684508090355893,0.10506429903852575,0.30519300299964697,0.02030186404582693,0.10483180475133491,0.3174197806482341,0.1281612573794684
31.439448207737563,0.14849776458064956,-2.287480676589933,30.891914892816402,0.24856754089170574,-1.4582193843704732,1.4096333334146371,0.015017155539773954,0.12204854440897848,0.35169828656505225,0.028333430730382723,0.09925209279837226,0.2263619263900746,0.10182737160823664
27.71839029338293,-0.2075679097419223,-2.7144559352290125,27.162392618551166,-0.3054053545445463,-1.739538957222098,1.2641906035397787,0.013319126050779206,0.16581627077608851,0.5114167816732618,0.032615975950346834,0.17612992711396377,0.39473785724007443,0.15736432084377788
43.46866429373223,0.15013953686840847,-1.8513303647504857,42.798722729597856,0.3912814979430027,-1.2838346894589168,1.4558227819594205,0.03098240711813817,0.13861322382772248,0.4143526457734392,0.04842885011194532,0.4396479286668298,0.45660011463943395,0.06142117953357884
47.61356660010097,-0.8516373246989335,-2.955271637049693,46.9710092393177,-0.10977079163899478,-1.4399924432072797,1.4321901874113268,0.03811780638106079,0.652429686613761,0.8851212835017069,0.04829179720079696,0.8582666984009515,0.28058461285144637,0.067346982288909
23.789422683393813,-1.0617641682647143,-3.472050418487813,23.23687710262783,-1.0215881883959634,-2.26257416550361,1.093760136440503,0.022570111054649792,0.7255975675130176,0.7852554388019729,0.046822243810937726,1.189372359675316,0.821819111797383,0.17067647338841124
