f0,A0,w0,f2,A2,w2,B,f0_err,A0_err,w0_err,f2_err,A2_err,w2_err,B_err
50.08125796535464,0.7308168748038968,-2.722694822115444,49.448322560536766,0.34683326384346014,-2.187983980022235,1.0304507717118891,0.009057789146915903,0.11629606044353742,0.29752865039640947,0.010734104856524157,0.10278578704372608,0.32389342368993795,0.13205404692069372
54.98635168657094,0.5609757323263631,-1.677629872974404,54.24418833133688,0.4622452849024153,-1.286942871191087,0.8848672075114439,0.062069602873913,0.18657084532438284,0.2892077673798411,0.0632178149971547,0.7958857246237504,0.14551845841868688,0.16256775015868524
45.056117914506686,0.346619006215587,-2.9205934890697303,44.390288465513706,0.27244102381398766,-1.6212768973570102,0.9515904532331163,0.008410671896815465,0.14276509530112777,0.3706699899242424,0.021135823038214888,0.08881508758842961,0.2513064197342916,0.13439303367846908
40.23565322686444,-0.24183446170880157,-2.4802409377048953,39.591189189200016,-0.5727050440082395,-3.2435266123438034,1.335153415537363,0.01707697742297642,0.15839804148202682,0.5225506703372145,0.016670312958998255,0.22897627000029502,0.8182974920048567,0.11360023111221378
60.1480835810986,0.12786002067755245,-1.7737175639402765,59.42285169379709,0.1494482522355287,-1.619777256692899,0.9423942574851984,0.023027871677829805,0.10228571495820604,0.30682265193147656,0.011725620709153428,0.09646424211342604,0.28499218318146113,0.11152623033450162
35.715350172351,-1.3474464075582575,-2.4962710992775268,35.03420444197124,-2.1396437206408687,-2.2156211724195978,1.1655143326650375,0.08631469460403314,0.9215273149658412,0.9676716375105164,0.07826652724755694,1.4005074716726953,0.8747545133458586,0.10411444485921853
65.25283999416283,-0.3925298401064897,-1.4744308319607318,64.46414218333835,-0.38638046718932895,-1.445418062822737,1.2411835260444428,0.09200687314712513,0.5151995248231849,0.903040297813806,0.051093635986226495,0.3626407812475172,0.36686543885773404,0.1299709007637358
