f0,A0,w0,f2,A2,w2,B,f0_err,A0_err,w0_err,f2_err,A2_err,w2_err,B_err
29.294028548309413,0.22733012155381016,-2.1387225213230043,28.692604867296062,0.07301238752654102,-1.3551705125347098,1.1173185336262117,0.015457441487955843,0.11544699990277703,0.35972642196838533,0.012374327161053378,0.1267013861342427,0.1724479413923646,0.23704187484967187
33.53597619139075,0.3369300504344924,-2.1561090451597957,32.90642450142211,0.36737161695163173,-1.3172770685487045,1.2706969776085213,0.015757292720167196,0.1030140942247786,0.3258596900171935,0.033118059333164654,0.10719569858206417,0.1421106425837754,0.19890064562415843
37.795270868274415,0.39024041236532914,-1.6457065010260423,37.11032654968435,0.2519391476571996,-1.287893523972853,1.3277465340336478,0.021544964096684636,0.09605053258144648,0.2559930307081278,0.035816470592783506,0.1185470069049759,0.101652025515993,0.16055254251700643
25.349314485810186,-0.6885258498505692,-2.6248199399154823,24.811323494926043,-2.1654774278667506,-2.509958827029251,1.4358631933497068,0.02405759423084079,0.35131274516914013,0.8713259730754932,0.05506046060827679,1.723245884142485,0.9747384704699561,0.082888318905878
42.08693234531054,-0.09312337601279679,-1.3693202390963297,41.32025793862606,0.005122527166156299,-1.363831733670143,1.4275371156789818,0.06792349119984963,0.17354655211002262,0.24053800222282778,0.04449041540664972,0.2985700332645196,0.24674974526858734,0.08039806803285962
