f0,A0,w0,f2,A2,w2,B,f0_err,A0_err,w0_err,f2_err,A2_err,w2_err,B_err
26.321614277674392,0.35163541050760805,-2.2530609668698487,25.751083756493223,-0.06862125305836639,-1.415753879486787,1.3548408426179877,0.01534427732880202,0.10983732233910344,0.34746324225415615,0.05049667233659601,0.8957313830465039,0.9049384168984617,0.18199964705540506
22.751246330062838,0.10913624268006267,-1.9288071068343335,22.241487583081984,-0.6186337022747281,-1.9209934875665693,1.1683041592282066,0.014114914779515434,0.12156477601751832,0.4025755957060278,0.040145953506454966,0.45976349898714686,0.6485993354149324,0.23966965698172632
18.951696582156277,-0.2706910391418831,-2.2277712144817494,18.577313697771967,-3.4103609225825906,-2.8925315869873627,0.9590236416369469,0.017935120132975386,0.15258110018037957,0.46699918201218615,0.04614427199494878,1.6476106501406278,0.992188799278834,0.1482594486280353
30.283133372151813,0.3347550125095822,-1.492729905990449,29.65391764482017,0.3471880395524117,-1.3233102555189626,1.3000366895304212,0.034731860442963364,0.14512614659937334,0.31953858168791843,0.045223607678638617,0.6197692035103157,0.4431289798477047,0.199100735293573
34.13127786928331,0.07514131786756373,-1.3876307657213973,33.514068264464726,-0.19879414304494847,-1.4555609295148817,1.4094547349105084,0.034986018191727655,0.12051260704613094,0.21498019227380202,0.04681038879968795,0.22558892558681123,0.41400542744845714,0.10924962650396973
37.744828402478866,-1.5527903889518742,-2.606055931179353,37.11132945811082,-0.918624482590626,-2.326010840280336,1.4499159974234517,0.06651196069393786,1.249890199353498,0.9876304452044852,0.05394362388005053,1.0989993034014423,0.9598285450701375,0.06031612714564977
