f0,A0,w0,f2,A2,w2,B,f0_err,A0_err,w0_err,f2_err,A2_err,w2_err,B_err
30.39905747907789,0.5619076623941993,-1.97141479951805,29.770388857089678,-0.0032704623121609724,-1.9435241337968128,1.3699936629659406,0.014407533156528003,0.0915015005100101,0.3086920545089791,0.015065585161048054,0.13322472542151323,0.42503988941310394,0.15607203142317252
34.305252688477644,0.5188703361236693,-1.5600324264360805,33.669809056420405,0.11701647124096766,-1.4004629238645618,1.2105824891749284,0.024268360471523552,0.08547011117047572,0.22196844923239534,0.03511426255985314,0.16827095990613408,0.24030044074356635,0.21297782857642417
26.492907918537014,0.06807042305819745,-2.080750883712011,25.965025723568242,-0.03998720003227895,-1.3989956450011167,1.28882393083464,0.01880530596491115,0.12928703883695913,0.46487141358251427,0.03138305200061928,0.15131607878381617,0.23095513809678558,0.192218294907225
22.96412106904907,-0.3575716459873385,-1.9452478621033107,22.468438224526857,-0.5585523930897153,-1.5472335042904026,1.3448643224035952,0.030396587137148857,0.18277780925621864,0.5305904626402566,0.040067022396276,0.7627761196896201,0.7603435698608063,0.17928902946913564
38.19135086543851,-0.19339847575581665,-2.7547414711699005,37.61973999327982,0.10796658377503202,-1.443893281922434,1.4398029880662748,0.01380961731866626,0.16647353737136927,0.5391314952127325,0.027748062894623626,0.11100686645589164,0.22308597432702354,0.06859637789647245
42.33786506646161,-0.7950654953608994,-2.504155372007191,41.68747400641543,-1.4087727164048278,-2.268849302248684,1.4154199475460534,0.032340184670203324,0.45784354552520035,0.8305880324288079,0.07380928093454173,1.3824359991558963,0.9863488007816705,0.07709203314786497
