f0,A0,w0,f2,A2,w2,B,f0_err,A0_err,w0_err,f2_err,A2_err,w2_err,B_err
25.68697176885685,0.23317120959918902,-2.011483343296165,25.130697844497906,0.1588796108732913,-1.5870391305484477,1.3822289875987877,0.018410372851841005,0.1119438742187106,0.3791246722106165,0.009394143736299787,0.1267486587311904,0.3177093083601346,0.14946506809221907
29.538577152991174,0.3763148567673882,-2.478333299403523,28.93162631562656,0.2485057084536035,-1.5937226007165382,1.396807457847022,0.012039608863088294,0.11490836640451084,0.3767821797684595,0.019118418135773627,0.09868717632254011,0.26381670123949635,0.1116465519438958
33.25419959698381,0.12182706051402017,-1.8416169425688707,32.6713797497951,0.30937538495235495,-1.2950852176052607,1.4163419850880974,0.02346814484822316,0.12708158063403976,0.4263790295539376,0.038523828053122836,0.1049388829937271,0.14062744737315055,0.10312481124723215
37.056157312399066,-0.06742813838344645,-1.4364767831727097,36.45131456990835,-0.40155844863664536,-1.748613583688717,1.4242234372200728,0.04096445910921654,0.3131679627448589,0.31114413678433284,0.04567492978978373,0.700389309646808,0.6161628111390867,0.08951281920484716
40.87593295945908,-0.3833488928817112,-2.9664656250492083,40.16589821090941,-1.4451470429916875,-2.5090479204389866,1.301602537905024,0.014218293660063688,0.1836184502888195,0.5913168623753641,0.06960288206610653,1.5047149343757222,1.0220089090332125,0.11870948742336458
22.346481430776997,-0.7528575901783292,-1.9962633497701474,21.917028871752237,-2.2188935167379444,-2.6014807757013507,1.4461593905085242,0.045077778655063405,0.66020912698836,0.7403244582900099,0.04820202670653154,1.4999491435394228,1.0129010868189212,0.06961434990099033
