f0,A0,w0,f2,A2,w2,B,f0_err,A0_err,w0_err,f2_err,A2_err,w2_err,B_err
27.740323803748435,0.243347478510839,-2.3009277390562306,27.164689175254008,0.023850739812927742,-1.516970096138053,1.4165120336392423,0.014713235977485065,0.11632604315805052,0.4363891737213935,0.031187405109479267,0.12754045061295627,0.2861477005271109,0.10306607357190917
31.855147173621063,0.5010650170510604,-2.2430824742159476,31.187933532922838,0.4688051338600364,-1.3169137823534185,1.311940398217439,0.015089388924879066,0.10662088226674954,0.36888115118663134,0.02711849255706322,0.1417384541302923,0.11446530242855787,0.2103254156108524
35.923372747084564,0.4832277473836443,-1.4848771739733773,35.23057471999918,0.490084227761014,-1.310902955295304,1.3973834073693192,0.025071245279801087,0.08600272622813121,0.2040250230627273,0.02188703290205697,0.09529357413519898,0.12618307259082018,0.1257775867936464
39.90271770575984,0.030202472392802215,-1.3850661278455767,39.28267997301532,-0.12112655852679755,-1.5062785874875033,1.435602691814434,0.04831775564896355,0.1631979825660464,0.3246277000808915,0.04389408467424842,0.2926592608041815,0.7277249377818611,0.07856841061384609
24.020364006397504,-0.5088849328074855,-2.031384222611729,23.582200608441152,-1.614973120984523,-2.3647410434667164,1.391819946473364,0.02827623456251385,0.21460062948298092,0.5711203781889017,0.05586476102473582,1.4469469451870642,0.9849601209278487,0.10487128820921458
44.271628598698875,-1.3065369508730869,-2.737476418868276,43.67223220691098,-1.6018660860138696,-2.727170144225198,1.2882228369939708,0.08017473484289625,0.9878506898317938,1.039904947455998,0.07029087247711717,1.6141507261183632,0.9729494149502732,0.10490317386699279
