f0,A0,w0,f2,A2,w2,B,f0_err,A0_err,w0_err,f2_err,A2_err,w2_err,B_err
63.72274238679008,0.7417992080135252,-2.533185590043812,62.88741981639435,0.6177516729815291,-2.6368954946138805,1.0958502125905862,0.010618157214258407,0.12350473505797387,0.3330880104270229,0.007320022058100381,0.1382567799214275,0.4120123035969479,0.14164389614846398
69.99455243292181,0.6464877039894004,-1.896865644453169,69.19746490216292,0.615700262846356,-2.1232745795300447,0.911163843015794,0.01677794966956945,0.09068909610420064,0.2530929621863929,0.014560443855272135,0.1080935055316968,0.2930135289771895,0.11139445303807709
57.39159820395996,0.44457925150483757,-2.6398425812285633,56.502895866306325,-0.08169382342168063,-2.834403881208808,1.244603934628307,0.010789741175436818,0.13692171214504562,0.38763900183600797,0.013159980144865588,0.17335950243178236,0.5544825767132123,0.12251900836152262
51.15584518609751,-0.21550652700548112,-2.1374029475303753,50.37558575154803,-0.5047736199053129,-2.409483553234577,1.142827136796762,0.02366468913428066,0.20048125697977429,0.7637340339871045,0.018674333452950467,0.22621087538694518,0.6570069196923255,0.14802608912975754
45.19468250552485,-0.9089462673215786,-2.1772912524599937,44.36319182684407,-0.7088082450737812,-2.6629532236044264,1.1126471697198015,0.06179912133869063,1.0584906636535438,0.885933570952261,0.03102223385097513,0.7994016823771017,0.7805892274555145,0.13321641299934756
76.38556310113644,-0.21844156196040238,-1.841216819783306,75.5044363917285,-0.4601347482526007,-1.7804012662017876,1.4259862012643778,0.033475222294411675,0.189957463369593,0.38878556738421993,0.19335392746587404,0.392709128678308,0.5761529615625711,0.07270691138132046
82.86063228963354,-1.32055744883699,-2.403018549779645,81.78814671065071,-2.3495707848608847,-2.313748424571512,1.3761160801412415,0.1249254990081197,1.2309579164788733,0.9652324410949832,0.15725670349401227,1.6855647203883268,0.9640407138307072,0.08854848489820424
