f0,A0,w0,f2,A2,w2,B,f0_err,A0_err,w0_err,f2_err,A2_err,w2_err,B_err
39.66568024002059,0.4586182149411417,-2.22151606910246,38.990046278620895,0.3316444545686781,-1.5833706657336855,1.2621891314447422,0.013521888559114357,0.10151100537541768,0.2923613264388302,0.02340737504044092,0.0960249153265789,0.2711850685433308,0.16013962281423572
44.11612764026782,0.3384483117603907,-1.5695757989236434,43.49689119779309,0.06803224585455653,-1.922970439149251,1.4377396789605836,0.025186251181439922,0.09683310508343727,0.2734238531001524,0.022895031011495436,0.12948640528049932,0.45809679560867084,0.07152482271479405
48.56098243207442,0.12356843101396073,-1.473708578217774,47.884429752836645,0.0939999117656718,-1.4579236371506632,1.4208208854759343,0.03868119738157233,0.11046122582518857,0.21288418788398128,0.031158483550623114,0.12814576141704778,0.2702404337740733,0.07979013458795589
35.19269175099856,0.16583237639443896,-1.5552088529615764,34.54037114570332,-0.16717478867083818,-1.7978468353532304,1.3429489204017744,0.026999737593709907,0.10449430852820843,0.2660454974125523,0.02959841761997824,0.15094758937617705,0.41862971425929163,0.1300639227567122
31.08482273689914,-0.1829313523687897,-2.221362410649475,30.454012476762625,-0.5438963647471635,-2.0216289360148236,1.1439333334624642,0.0184073911421143,0.1410613470495246,0.44797925142896494,0.020196216890111588,0.5340832986170634,0.9269590313589302,0.2014039890669371
26.729049163124436,-1.1525945719283173,-3.060368412247415,26.194280280450148,-3.9239480807859626,-2.7213294465082787,1.2212235436226622,0.029431877096756015,0.7434862713813704,0.8491172385363905,0.05716513350710453,1.5939114770410863,0.9603985708461239,0.11332516912509541
53.1281180140366,-0.1610091478008648,-1.4148055950223124,52.501422261478545,-0.8603689088775441,-2.1342939394227316,1.361350734660613,0.04236931273211815,0.15571797151175626,0.22229550393789765,0.0786303086086743,0.45351969344856874,1.0290705520566004,0.09544951230131901
57.72400051499428,-1.4896853131773211,-2.346867717266753,56.829911886326194,-2.5674841643943203,-2.9725599284471045,1.1720417304234576,0.07401102242882085,0.9346194878335775,0.8369826749741488,0.12189935480382158,1.4278466816590842,0.9679824210108583,0.07794543094143534
