f0,A0,w0,f2,A2,w2,B,f0_err,A0_err,w0_err,f2_err,A2_err,w2_err,B_err
36.46537571958342,0.5261395585613929,-1.6798440342640213,35.82527255092321,0.24023263017395072,-1.4754801247159484,1.373083752017988,0.02261890852791003,0.10007699037247456,0.3157353430324093,0.03269031737617703,0.1343636862306372,0.3039949935864785,0.14013851982109318
32.26646005149584,0.3251792775571537,-1.6127389210187209,31.66574308913006,0.02736433987734911,-1.7000471037767166,1.3989680549057593,0.026695972899142953,0.11962371884972603,0.34346294448319825,0.025196346501891696,0.19501382809483334,0.6513385337718897,0.12420794984990209
28.31121907668468,-0.1284574585524505,-1.9990203539386868,27.79657355962418,-0.20060731240053714,-1.5491282741533978,1.408835752223068,0.026315517313130816,0.1893919720653805,0.6091476373536743,0.04253882271082395,0.5659972183437958,0.43061386022682413,0.10236429824136045
24.39240537237022,-0.7273345950306119,-2.2833864074885533,23.90074985802035,-0.8817572312469837,-2.57962094220376,1.4305480582016425,0.0399792524117873,0.5479427871856885,0.8177670196683106,0.041671394949851656,0.5477500569138475,0.9662811263757117,0.08271414121381655
40.59897454877322,-0.09018139930485086,-1.690402478242448,39.96898949165185,0.19167354163162006,-1.304912245671687,1.4349931894255883,0.048370524655667456,0.2483399842835342,0.47108725081749964,0.07276825380058302,0.20313882125513624,0.20120862160259348,0.07674023882180242
44.64702833891934,-0.32380947626355616,-1.7160474608825977,43.9740792537328,-1.8080644626200657,-2.4107499650102695,1.148622076036215,0.04246490845637594,0.20697098432405317,0.47943708271089075,0.09120645834647009,1.5486975476570202,0.9839558506994497,0.13767536969765032
20.61547750400863,-0.8746070858494238,-2.5079560084570165,20.208111821749625,-1.8695050385877088,-2.6829090700723293,1.3709550479311359,0.03889915441351176,0.6485675192160809,0.7790467024788227,0.05065155610148315,1.218656923879051,0.8967510255743293,0.12213481134684805
49.11014151116529,-1.7502321793795932,-3.0298073663095817,48.349520470933285,-2.787430123434495,-2.50985104078777,1.0886988338604953,0.0732853614288381,1.2762587143723698,1.0172955396448886,0.09529800728592662,1.5266789089200674,0.9761101219765006,0.08865923598865
