f0,A0,w0,f2,A2,w2,B,f0_err,A0_err,w0_err,f2_err,A2_err,w2_err,B_err
43.12268672701087,0.6439150679338962,-3.6847741232024376,42.45288529066219,0.5702928860906609,-2.7188944549264145,1.1343221702846216,0.005175359104308439,0.16956590065283642,0.3961548235460999,0.008903643058511683,0.12201425934020257,0.32879729035770905,0.12890668322683893
47.872062916575516,0.5973804484587559,-2.9215548819731314,47.252649734207395,0.6231733153887663,-2.0908220101231847,1.1494890572053615,0.0083500777847486,0.13415429775817636,0.3773506774494788,0.013304491599577209,0.09052186166056261,0.29718616096783335,0.14964139325428508
52.675452475725585,0.4517885662136997,-1.969449622548143,51.9904040700084,0.3433277556069765,-1.884734774189361,1.086988647970929,0.01577546088063062,0.09177209036477374,0.2815010746534831,0.006679624593719289,0.09536608062126894,0.2842786427949895,0.13528934209237836
38.353698075532186,0.09574214169229008,-1.9495726548109285,37.68894873673613,-0.01971020824216628,-2.520167971769837,1.1139693816821887,0.018136504080673948,0.11335787521234801,0.3283672654511512,0.013588581456708096,0.12916437007591394,0.4079325564609128,0.15293502902667228
33.874758182762115,-0.7283937478195714,-2.35267275407365,33.177461948457015,-0.757810345553917,-2.187383792007191,1.2804018857346782,0.03316093467276786,0.4748607299099386,0.7744051841148403,0.042385270315729556,0.5790395635917569,0.7824019885719085,0.14342821525939883
57.46940014106206,-0.03159317499647641,-1.3544216509864773,56.860875480102884,-0.43740283599948815,-1.4621758724909708,1.231866697959742,0.04574204427339508,0.20521057238713564,0.21319888645729465,0.1047270105175525,0.812847654510814,0.9207731720077615,0.14051086591914494
62.591284840654644,-0.8022398654969297,-2.1164073376793437,61.80356986496872,-0.9339574010259061,-1.81471669336387,1.1776203780541192,0.059225464514854075,0.9662120979573805,0.8744392438113565,0.09182942042543134,1.4469074626091467,0.982876743826892,0.12896971009385733
29.249683742700036,-0.5072885159361826,-1.90824908140249,28.763494962642483,-2.890293239909414,-2.9382958713342773,1.0664420643447396,0.034940886700329465,0.24617386782365647,0.640743112654109,0.06390327730891703,1.6399263366204737,0.9905903107855649,0.13921841720413017
