f0,A0,w0,f2,A2,w2,B,f0_err,A0_err,w0_err,f2_err,A2_err,w2_err,B_err
45.70702589064908,0.34442932751684335,-1.5183571032540806,45.01602027102757,0.40016669598087856,-1.4245186968428067,1.1566124994378906,0.024769794549577246,0.09077307819638054,0.23689264779717328,0.024172693415364998,0.09243061417199452,0.1863841727876194,0.18421612810995036
50.2812624978572,0.5028694418079489,-1.7431892521912669,49.611585815075955,0.48234539233785734,-1.4076766873746245,1.420002936871099,0.024030963641436347,0.09578206438492179,0.256231747584354,0.020647890513628354,0.13710299438026335,0.23266952321952916,0.08452877067464153
54.88403690245185,0.27076858019301486,-1.9377359573283568,54.16818774598924,-0.07164471970814244,-1.4184448097466218,1.4613233568380304,0.018672440351204016,0.10078530804994085,0.3241977844435657,0.019886155678979636,0.1403381347604213,0.25296532102030084,0.047454903614829756
41.01325259968423,0.2898786237191322,-2.3529312353855407,40.39033050292835,0.1508192738091892,-1.6744109006666539,1.3836939237716592,0.013439563298000551,0.10949943306785229,0.30691457538642714,0.022564807677831204,0.10821621633791549,0.3354132485504314,0.11161233969731191
36.65079858542267,-0.017846972551240264,-1.8808989385454227,35.94626348113771,-0.40380684590149746,-2.2995109106580225,1.2000975429210157,0.022434051724232962,0.12523068786854483,0.387530464256036,0.02214339597521395,0.17957554710072338,0.4518021225537134,0.1499721988541827
32.25819186731606,-1.04712920770825,-2.2377088609576914,31.641407190716095,-1.8687237013626183,-2.7623425971557634,1.2852213668795367,0.053289337641063805,1.0304124750821215,0.9125040625400327,0.05850654517337207,1.453208846749813,0.9609201176559148,0.12557086563779213
59.73921755035636,-0.6879948043319382,-1.7892903602254346,58.963335100972124,-0.5321322913031963,-1.7481291261296106,1.425612710243303,0.08103687567161268,0.6091823132530231,0.8456310142790273,0.06620420013184347,0.9765314180369761,0.7429635613167295,0.08678455740166967