f0,A0,w0,f2,A2,w2,B,f0_err,A0_err,w0_err,f2_err,A2_err,w2_err,B_err
16.55849519256389,0.2745329249702158,-2.1388896930816994,16.2122038304039,0.04750034933293956,-3.120803305312483,0.7077849377785321,0.0183119731153981,0.12778973849350508,0.3770913658172728,0.010886690649317486,0.19118946535904724,0.5377772039884517,0.19699400855089727
19.041222868967452,0.3483316194490729,-1.9795248515013193,18.671515949865864,-0.2385118712833169,-2.5330582668620876,0.9834624960919782,0.019511592515596463,0.12501941224680496,0.388343338783198,0.024819273382799042,0.27577566942829634,0.7056455729489755,0.25636621817371885
21.437409133639548,0.23720185833164525,-2.70495488140776,21.057067935490885,0.2392822475481674,-1.589364146244312,1.0738143599627938,0.01528099515212809,0.17290379615066892,0.5153195701931064,0.023247303575519223,0.13585342119058816,0.33728754550895984,0.264044357024534
14.321984736849569,-0.4540917291959986,-2.150633139503547,13.965636753520439,-1.2561479496042942,-2.867548417090137,1.1685085565020688,0.03174295362200912,0.2901900546307842,0.6386788335492662,0.03433159358159521,0.8643896757978766,0.945955997484175,0.233084691555079
23.940776275516676,-0.4069012153366578,-1.8425954226777257,23.57619677769785,-1.0291731854119714,-2.6247927851736916,1.1685751797192518,0.0420087841928014,0.5276682260195263,0.7362205436416147,0.04531880904554389,0.9086631389401857,0.896853408491927,0.20194567762679347
