f0,A0,w0,f2,A2,w2,B,f0_err,A0_err,w0_err,f2_err,A2_err,w2_err,B_err
160.96182398907575,0.8972709567498093,-2.7735008688913885,159.2862216754218,0.37767764619674493,-1.95199683379388,1.2369215773188738,0.008150551485474103,0.12864319242994712,0.2988146516579578,0.016245572785411524,0.0888818310539213,0.2827025865388609,0.06815098696147584
173.98550847146134,1.061847631545315,-2.3871991174850975,172.37217774669352,0.8561953550256828,-1.3429367618006829,1.0189185541444068,0.04921281020243071,0.1327399557995755,0.31556462340353086,0.12956649820544705,1.0400505474973962,0.5628302172952224,0.08518148176140869
187.12432303319068,0.6488287649083222,-1.6764575496286964,185.46185640143355,0.7972008268673332,-1.2535982249982156,1.0200176767903182,0.020033199424620556,0.07378034069659097,0.20619532862851786,0.1276500305580462,0.5606821583192025,0.2675942449873166,0.10759447373565813
147.82086050779225,0.3026159728075719,-2.38934770643371,146.22751975724094,0.06652043424912094,-1.3176859781561998,0.9477994957286823,0.011578661532356802,0.10806215179732957,0.29275908094836817,0.035439350226944194,0.09631426775466641,0.13342101476543872,0.055221335510447285
200.42945904805464,0.10072910437352459,-1.3254270107336548,198.54552429992887,-0.10033274601789269,-1.3472278995691558,1.2347264103390496,0.03735630294734943,0.119722284036164,0.17118078001211812,0.3109197337253405,1.8044595001566328,0.9800334248125008,0.12050141711278521
135.0142866958859,0.007682784578044388,-1.4735615434132936,133.39652126624253,-0.37780248640647784,-1.4415995366984138,0.9112309380299288,0.027143303198554427,0.09848370616007042,0.2077250847973669,0.04984957651038056,0.16910041068751577,0.3656315760192223,0.05944564794801164
213.70073165993665,-0.9227527715768145,-1.6863281864500184,211.91308928794047,-0.6860435213466056,-1.52012242422591,1.0535622234149542,0.1667426949433089,1.3045587629114712,0.8619349459999953,0.23552359644390203,1.5341679778521615,0.8861133174299222,0.0553635190864609
