f0,A0,w0,f2,A2,w2,B,f0_err,A0_err,w0_err,f2_err,A2_err,w2_err,B_err
116.39082610609762,-0.10224040339523455,-1.3905025852607156,115.16449041260186,-0.015171097224817735,-1.3530322441594835,1.0552809288477307,0.04491179858403623,0.12892829601448313,0.19339702773696257,0.04819560183384784,0.2061036125316192,0.20416648328104947,0.08641521987982953
107.43794336910196,-0.1037283798126005,-1.3420978103530747,106.30088734059329,-0.4743216736522093,-1.411162741866823,1.0173661759385444,0.04427156175555439,0.1554626655152125,0.23727667334281607,0.1112288652314125,0.6674717953461098,0.7358750309012294,0.09966978901952726
125.06832210084619,-0.10006033759684446,-1.4507146506548507,123.84052554640537,-0.7266560236264605,-1.8160643503923768,1.294354417196806,0.12881442225700732,2.0857490869204622,0.5128360150498051,0.2233941022174971,2.203476934410045,1.0384710145897946,0.15350855274695524
134.07269224287046,-0.39195870649996273,-1.6192744018396805,132.24093941463894,-3.1523961371881355,-2.879710081430652,1.3802014736561046,0.06579448346317802,0.7768426793554686,0.5117886266366117,0.22147033734973406,1.580772567466668,0.9874606050944182,0.061132818310001294
142.99364173784662,-0.15184287287218778,-1.4014473068073938,141.27712009986305,-2.6799914697360068,-2.6980805710644056,1.2017953463573736,0.049509236669673405,0.21372364542637348,0.279822246540489,0.23196584267862463,1.392475589881989,0.9968555565614036,0.06680203033509238
98.62309838194543,-0.21961928377620488,-1.6144275291406776,97.39494193856486,-0.5411487683363971,-1.5534685692268901,0.9522470129681349,0.03320132740746168,0.12578054193964913,0.303631168217526,0.0686876764877089,0.5628123571411962,0.5398437334645584,0.08086495636549909
90.08834950806076,-0.5444164920754408,-2.241058874266742,88.89094595574038,-1.074664859652045,-3.0438205544918633,1.0213660010266596,0.027481471999743087,0.2067049543279667,0.6232377315773676,0.1221448238295609,0.5579923870606351,0.8712282706801777,0.07384330926510875
152.40500478317784,-1.8497165905950272,-2.6109223165741113,150.51667360853304,-2.8660825765726967,-2.996442854834046,1.0067087265363674,0.20634132168903685,1.351944875465681,1.017207421294813,0.2357434088598107,1.5208619143175282,0.9773265967503474,0.044304759379127735
