f0,A0,w0,f2,A2,w2,B,f0_err,A0_err,w0_err,f2_err,A2_err,w2_err,B_err
141.1762796175152,0.7850908492191274,-1.8931833655912897,139.87327923486905,0.4580280125019627,-1.5356592517137266,0.854947253680371,0.014447722098632997,0.08470036659900602,0.19215156340778314,0.17500414273090775,0.8414002079065468,0.4483957564151988,0.17477114259690882
130.59881348024865,0.8913873044793438,-2.373778727992941,129.21797757505252,0.4376133255837511,-1.523960945333823,0.7711134072005372,0.010551196798311081,0.12100900780397039,0.36135476058618643,0.19790406952564502,0.7294086124177812,0.41371427592109816,0.23064862510782072
119.88003970911302,0.5216821956001647,-2.2881137677962373,118.51994969217833,0.05883085879381221,-1.6839437509627913,0.865539561572038,0.011457669159372715,0.0977824395649644,0.27472041537627395,0.02110624169920985,0.09394671101828153,0.28474840516115174,0.060953369179657005
109.31273158662498,0.1429175759575097,-1.956570461346308,107.95386482236161,-0.4188867795874748,-2.0329600039291225,0.9099812993869767,0.016420689670532975,0.09631791058095382,0.30230327143242003,0.023389229565878484,0.15656718253677032,0.5830610012873567,0.06642443190747167
99.13478989209204,-0.5003297241226066,-2.7549335147620893,97.76988488548346,-0.8784690995342881,-2.784122668066024,1.0155225962149577,0.015001934547955556,0.18420817778310958,0.6197308983981183,0.023718549072958024,0.4580684202700817,0.7089762672363936,0.05754793571534933
152.0003519424018,0.4854473465893529,-1.7279637834171786,150.54672109249697,0.24204094187307662,-1.270038494107211,0.9787856866315826,0.01667405137831199,0.08032313171177051,0.24529950994723373,0.011588735740395772,0.09169170957643137,0.08795393453563036,0.06311633323967486
162.86922360671775,-0.04509321936520253,-1.410576400684763,161.33117246244825,-0.03516708488669168,-1.3414346460990358,0.983232288452664,0.03550208932525366,0.1414326946788022,0.2673920617554623,0.24685927863488827,1.8459160048470755,0.9908434029381593,0.1383128449666777
173.67432077453154,-0.6786693078314139,-1.7639483183558011,171.59372714659736,-3.2211026714788806,-2.7338316699492204,1.0711945474052387,0.08715850409738571,0.7100349402672784,0.6866308928059522,0.2562495870359352,1.3922118881824075,0.9647105667088116,0.04951635522731122
