f0,A0,w0,f2,A2,w2,B,f0_err,A0_err,w0_err,f2_err,A2_err,w2_err,B_err
40.841503435010544,0.20796044789832668,-1.901677942242431,40.12437623223664,-0.2137696816884217,-1.487179989783173,1.3098257545654834,0.02359192295756418,0.12810153185483458,0.35891352386191716,0.05467281391807874,0.2548058393252662,0.39557991637243184,0.17035766713520817
45.50814765111225,0.4201991244958806,-2.7105682220420997,44.776759331096,0.6582515013637358,-1.2684364955775518,1.2865120879700678,0.013379535559851883,0.17231778889931446,0.5065445960554369,0.04072262457592319,0.09919388493702244,0.09018676711254221,0.18510846590090518
50.04578262416401,0.3951425761562017,-1.7514525343957106,49.327647987213865,0.1824510152697155,-1.4934485485014697,1.4357081685675372,0.025940247385876785,0.11400905597067204,0.3694864214479136,0.01613808745770936,0.14524035931003387,0.27670401287479784,0.07359387160747645
54.679139472909945,-0.24728643022146732,-1.6409661505808566,54.028786176880274,-0.08029297984402772,-1.4997553987857346,1.3517944517515341,0.0501881779081994,0.2232880234643179,0.45868843301358964,0.023864543902442834,0.17714747389020255,0.31544640684083053,0.11396440364267424
36.445832835377686,-0.3435565662416941,-2.0651280300598853,35.87341937066211,-0.39397638495387427,-1.891561094444517,1.3926170916881624,0.03787717153672245,0.3254489942250796,0.6280506956495137,0.04934290783532428,0.4545567709838679,0.7142300723542183,0.11067286875848444
32.12879076019398,-1.1561541685648342,-2.3915280985489233,31.500199378046563,-2.2008979520738516,-2.3465663544257387,1.1328330856017643,0.053424531214650496,1.0772237979199026,0.8634719082533939,0.0694770199222389,1.5255813596633359,0.88990167659131,0.13206344012243137
59.37936541120948,-0.7868175212901245,-2.0872998122864814,58.50859286196491,-1.3586067248949893,-2.3278887625180134,1.4275382197973738,0.07570207091605903,0.6158753386048975,0.8634155609386699,0.10255164820972372,1.6094565085166401,1.0676101784060839,0.08823453760078147
