f0,A0,w0,f2,A2,w2,B,f0_err,A0_err,w0_err,f2_err,A2_err,w2_err,B_err
42.27445139513725,0.3262983886438674,-2.182871371952563,41.58972185243312,0.0861520204592555,-1.404092546481162,0.8156372276775585,0.013937950942430749,0.09211320982432998,0.2724275341681541,0.028031402116640687,0.11030121660612248,0.19827520207385108,0.1451662412524194
47.03912272498879,0.42333237433362036,-1.419794932144167,46.30848449523268,-0.18422799324634798,-1.5629276672149388,1.453608283420783,0.028216008887007177,0.09411752541911293,0.21139768909835582,0.0370438676068965,0.25213497359999676,0.42069856156460816,0.05152438028533428
51.817743005824866,0.411981204706271,-1.5068045859991794,51.043287409333644,0.18627345381303806,-1.4525676309876858,1.3915672205406342,0.025176543277520436,0.08419608729409146,0.205851069302196,0.03499764389818131,0.12358229472712823,0.29775749580748,0.09864069002570833
56.60261042181808,0.22506755319517532,-1.6219084433292612,55.847360193487134,-0.09340069124197123,-2.0229364215462513,1.4133816167036577,0.025800573256029916,0.0959368158502642,0.2497925355393815,0.022065063699274353,0.13488470523436477,0.4207604621793331,0.07907560940056232
56.60394632097873,0.23381996969693367,-1.6256750462060183,55.84972155882272,-0.08926421815618082,-2.0920706442284973,1.4184640588248436,0.026009235006025425,0.0974324415815968,0.24819103839565043,0.021612825914206112,0.13786071180669682,0.4249941247444741,0.07546149766563928
61.286135151355666,0.12377329967315125,-1.3058051171580225,60.55710447020933,-0.4434929808533623,-1.4152193571801943,1.073880680626514,0.04243197087682633,0.12303432031023218,0.15371806691679837,0.06856731070368349,0.6654400309694147,0.7429341631414722,0.14714079250153875
37.83149786013516,-0.04813684154283078,-1.577955173419019,37.187291265818374,-0.9878547656326405,-2.236723213317436,1.3710450790905395,0.032670187266196214,0.12325352037163377,0.2751190208669955,0.055320550731874474,1.015129455083557,0.9556371832029731,0.11887174467847408
33.18913500190598,-0.5292553078735568,-2.4112128757961115,32.569934544479274,-1.5982013861971351,-2.4050471886757223,1.1404847054425538,0.022806159957080078,0.21887363636145488,0.6168245937674515,0.06978880776448865,1.243636796798971,0.9931658042945759,0.15716038872360827
