f0,A0,w0,f2,A2,w2,B,f0_err,A0_err,w0_err,f2_err,A2_err,w2_err,B_err
39.501662566015334,0.20600828423455056,-2.1547549817139355,38.70830599580914,-0.26602573577411304,-1.6823597690946233,0.905659807924527,0.016729022057402582,0.12811990522693398,0.3590908507164769,0.02826908175569654,0.19548075475103266,0.4154969335895321,0.17701090604011238
44.196029243188406,0.47251790026069324,-2.2403114109542734,43.466941244653185,0.08016683436137426,-1.5222368501847339,0.942040136982853,0.014752665275785122,0.1245466354371311,0.4155531538159798,0.03345328390994724,0.13621823222000126,0.2541098158327014,0.21717580411531742
49.254371713527696,0.3107481343240286,-1.5844640368986807,48.437870377283794,0.16080204640189416,-1.8929205021062354,1.3973340970250854,0.028030190457545272,0.10671830681304274,0.2952945240373719,0.02460791111627508,0.13261918675271853,0.4384526343131606,0.10129795914488399
54.1460855129073,0.46668840737064565,-1.768491789252987,53.447313749662136,-0.001200540027410082,-1.4320716347688704,1.3569973564394693,0.02346990892618402,0.11091609619397956,0.3192694361591649,0.09036694181099311,0.6523183298010229,0.8315367265340534,0.1248083997438497
59.06332896049924,0.20553379216156498,-1.3269402725969897,58.33081934923947,0.028867774438205762,-1.6255645884612577,1.4052900477823194,0.05260801859636482,0.46618662094463476,0.2045653980673758,0.024300287948297365,0.14887238918769835,0.36145366338483775,0.09071356361977403
34.7467709475431,-0.5486228692149887,-1.725065226261163,34.206072722662476,-1.7801722411351815,-2.5963348178907344,1.0791094495555023,0.05263582858145031,0.6162530433709527,0.7435202701877683,0.0575921625860441,1.416410987040354,0.9683118428193254,0.17168115159072636
64.27248167198402,-0.8361435985249857,-2.9136509346967516,63.39810492734266,-1.3492776291063637,-2.305849015097271,1.402126753774925,0.04220300671754968,0.7165898982200486,0.8793430874662536,0.1197656837893096,1.4819316349883027,0.9419918463096172,0.08391516007795863
