f0,A0,w0,f2,A2,w2,B,f0_err,A0_err,w0_err,f2_err,A2_err,w2_err,B_err
15.788855283255796,0.5552257070825758,-3.9917916623770875,15.42551766242414,0.11180593726598892,-2.908913229852738,1.0464609014188324,0.004526407679570352,0.16568759372625055,0.34608961705540414,0.010203836319361928,0.16198609231763633,0.4567498687752418,0.22387399229240745
18.13244683803779,0.23955128176127102,-3.4202374522735624,17.825894969205688,0.2965627622417228,-3.258911481109613,1.2451047566853586,0.007371810443139465,0.17609812296070496,0.4746261152888896,0.0070917879459136265,0.16639722192171583,0.4831232648460608,0.18403145861307865
13.666689213608711,-0.24548282607713767,-1.990101860556531,13.310442140023895,-0.7024816057248162,-3.3848683464197715,0.8206120736699691,0.020972456832754185,0.19851588914453097,0.6653078362710487,0.006039087292646587,0.2245622936898362,0.6002971872791775,0.25056102488287085
20.429979964465005,-0.07872381358006392,-1.7728326621299542,20.102473609864006,-0.09554187103356765,-2.5363901552115165,1.3908051078448938,0.028650183102791847,0.19700466952594214,0.6006474563897267,0.009471542467413916,0.33786423210438865,0.6554245428638444,0.1313390569040125
22.822067961234104,-0.2679583385069396,-1.5670597859067321,22.475258681103874,-0.4349807283611668,-1.7884800144160902,1.395455430533395,0.04125931920078994,0.27705173508695996,0.6685314917029147,0.03994129576866355,0.9840179736839305,0.6918359835304593,0.11967589810291254
11.427994311027447,-1.0889628159577027,-2.2970899306504324,11.159310379179939,-1.2779231005376737,-2.2793503854132364,1.1899498230092131,0.031009562738793295,0.45121573976114887,0.8124925903223393,0.030737341232957276,0.7211658891093875,0.7759646649374283,0.20013871554829207