f0,A0,w0,f2,A2,w2,B,f0_err,A0_err,w0_err,f2_err,A2_err,w2_err,B_err
29.424920429932,0.7439857176231465,-2.962798415228571,28.86967324472861,0.6719921531791526,-2.999214691468804,1.181378636022124,0.008041214984066233,0.14355225212653863,0.37219551722079514,0.007580457693110031,0.1453742302930302,0.3864842448942602,0.17860403513290554
25.69646762816625,0.07547079770752116,-2.7380869271277,25.138106943542667,-0.14148161355821098,-2.9187935896146096,1.2018647671079274,0.011522150889273726,0.1495995638747876,0.43967158947084595,0.011848453872190974,0.15998978584846296,0.4339590615835783,0.15905100603563815
33.059473815985655,0.1425634937835003,-1.9698370763996178,32.56137654981839,0.30000033540212756,-2.4770341591703806,1.3422502084271164,0.019959696657902336,0.11728501724172069,0.33961624571212706,0.01225697354090556,0.12014838847442678,0.37965219199304695,0.12935106202905688
36.88382104669899,-0.0881831502373686,-1.7124272231626902,36.33093998933064,-0.12719893652352593,-1.918664375107796,1.297177799913391,0.029927237620853264,0.14013001238014242,0.3376468699874418,0.017996283864525637,0.14359049255366071,0.4073278601858168,0.14841007444551962
22.283137775856225,-0.5303290998400686,-2.3080765913355323,21.794811771368114,-1.017509855883852,-2.2611207969722686,1.0594100288430128,0.02412066959984577,0.25246975279464223,0.7966187343861392,0.03999918443393892,0.9082825358635647,0.8970635348047706,0.2215860873859031
