f0,A0,w0,f2,A2,w2,B,f0_err,A0_err,w0_err,f2_err,A2_err,w2_err,B_err
41.647985515679274,1.0315051531894717,-3.1494793734403816,41.01283758671541,0.5821092130995205,-3.0089672925354813,1.3468993745970725,0.007043466272017253,0.1527710450782596,0.3719089978002897,0.007809084092483728,0.15088601982993968,0.41291274358581015,0.11850759205538537
37.053703608225135,0.6031631426231213,-3.022168538404547,36.387083830474765,0.1337614027212959,-2.5779017569783154,1.2891928115375624,0.007704474208201853,0.14537856926655027,0.38886111619384955,0.011578599647421738,0.12545617872712853,0.37580662151831573,0.13647779101111554
32.52222842442562,-0.10221514880022084,-2.6185200328883926,31.926294823941852,-0.2806626950237388,-2.7041863405076425,1.147930818878327,0.014420969420069069,0.15182325242995406,0.5316371334014284,0.01340648971009449,0.1768692488042805,0.5846294672332806,0.1496954175124069
46.28807994820946,0.2094487613698619,-1.6957451946857725,45.61731664612865,0.06042544793145989,-1.9515395595745892,1.1339608610382883,0.02143456263718794,0.09843754142585791,0.282065026583803,0.020514405023288437,0.11432864494383813,0.3454039989083099,0.1604866793196125
50.97124026639091,-0.09125218853606053,-1.3772443813931607,50.39219063368421,-0.431392190264386,-1.6530111718690974,1.1140419132828043,0.04342907182142009,0.14042427966049242,0.21065042575814683,0.049337838849576245,0.5757742260615567,0.5494233191453555,0.13911223710488702
28.183145557136456,-0.38142111439565357,-2.368650001521871,27.600160835654325,-2.5838712498653758,-2.300197231689234,1.0986873096329446,0.019021631870789403,0.19535875112604353,0.713031960552837,0.06539695908718297,1.826734438201034,0.9321758419530991,0.1723245123173263
