f0,A0,w0,f2,A2,w2,B,f0_err,A0_err,w0_err,f2_err,A2_err,w2_err,B_err
25.77176376232597,0.3263971104164696,-2.0754550753931964,25.209282141148233,0.12466593487256157,-1.3393820923782287,1.2921789278631248,0.016758839110642337,0.102050575193673,0.3368532795306162,0.01866646614618367,0.13029078865186616,0.17076621955361299,0.20178241040216616
29.673247086428848,0.5076576224475606,-2.2071748927789248,29.05508045567817,0.2598621273972358,-1.380355712350339,1.2970072989733068,0.014101008931975892,0.10443369168098883,0.32185910169539866,0.02619148799213314,0.10725928856634978,0.16936321594113507,0.20059472966110983
33.51448985245215,0.24259965313411846,-1.4178725158712238,32.93360138192049,-0.053434660999169686,-1.603928527711128,1.2300148305521406,0.027755370344256642,0.10971262003493454,0.2273966090779656,0.028813105174644287,0.15885994111121093,0.3917400065812529,0.19120611031003484
22.229529968780966,0.04884585082693582,-2.5313810143762496,21.76919633768133,-1.0258961515248917,-1.6830148211578102,1.4475517395355901,0.012323901560663531,0.13255586835534797,0.44705536971596327,0.057064704434926776,1.57829390862835,0.8541727325808043,0.08171743779260879
18.563127373919247,-0.45887376324403684,-2.0316621196628546,18.213020236001434,-3.123473370082304,-2.711580848824755,1.330766486810221,0.027062335096991436,0.21758512806463096,0.5909402809590277,0.044827913412116255,1.4603565848158913,0.9904496158994422,0.1248003957650164
37.42970147788277,-0.6651334694121682,-1.8389987870483417,36.69301080393191,-0.37184762257318693,-1.3715864682266379,1.4098333789479902,0.052663977079434925,0.4258025917495049,0.6641286680817867,0.06326562368257578,0.8172667743762487,0.5145489771302271,0.10523277971881881
