f0,A0,w0,f2,A2,w2,B,f0_err,A0_err,w0_err,f2_err,A2_err,w2_err,B_err
28.025978005699663,0.4460232978997943,-2.014951691562807,27.41294175977793,0.04305265717927803,-1.2960241113987747,1.41611601238849,0.015244341462359657,0.09796957516621062,0.3109390392178363,0.03229654265725186,0.1477814466867073,0.14826148286887497,0.1121397747820523
32.17665393434547,0.30835771277749113,-1.5191113891481194,31.50210853800225,0.46421731732056026,-1.268715897703524,1.2997912100195146,0.029301239956732724,0.11106348100822831,0.27554832084726966,0.04082026668652043,0.1241106041377037,0.11098890017390015,0.20757780935328157
36.28651269679549,0.26271987338582203,-1.4459535437064885,35.60623789326593,0.36643484965342704,-1.292303390602746,1.432424843522325,0.03875832238046601,0.1359185174358826,0.2337643201474535,0.04935811253829404,0.9167220007666947,0.460584727730434,0.0870357979981914
40.53207921079422,-0.4246365480635704,-1.622251358321176,39.814156424882704,-0.9284143053139919,-2.4784634764797246,1.4400790926092553,0.04013200943913181,0.22007398362528996,0.5278171779369336,0.05556201468004278,0.8190918942756638,0.9298701316172961,0.07025397320106382
24.21396859097702,-0.3989876541825531,-1.925645307830543,23.721061559358326,-2.5720007036570065,-2.628342954715783,1.380185972736276,0.03382490024669193,0.190158822502217,0.48891394414361855,0.05472848727657543,1.4551917378658588,0.9766620516327653,0.0962215311139865