f0,A0,w0,f2,A2,w2,B,f0_err,A0_err,w0_err,f2_err,A2_err,w2_err,B_err
34.617969479752205,0.22217304481454353,-2.516686233667022,33.998141238841974,-0.31567510090943973,-2.202798175000872,1.3260861638286041,0.011743274243530845,0.12961817135536077,0.42661604732122754,0.022562299537327305,0.1642761949839432,0.43382552262834917,0.1295365713919919
39.03411478027785,0.27988112927977904,-2.3989463651084604,38.370009622196605,-0.08655499725515564,-1.8561211579405614,1.424566818922557,0.014122416756785062,0.1176911652923428,0.3733251989087679,0.02592921735719052,0.13080447820843222,0.35737199293857835,0.08409595381134286
43.37539522679482,0.40184177678029054,-1.6743634478031422,42.761855459442664,0.20530260201154205,-2.5424112235088523,1.2592331983733664,0.020662564152049076,0.08436060720831909,0.24695004041028035,0.009201103894610221,0.13097582571511993,0.5022692012710768,0.16237592126240652
47.80978548753141,0.12928837726555836,-1.6489367972982416,47.15366640369807,0.06552316481606836,-1.4805892144457602,1.0658131701428917,0.0282763417388692,0.1120171377808111,0.30101716361757863,0.02606144724843508,0.43113765915379404,0.2941019377839614,0.14656102013973013
52.15381069725303,-0.5571483229665606,-1.7092741224157502,51.45871291229527,-0.517140705058699,-1.5541431313370422,1.3536278842489957,0.05095123287302174,0.3278996123656239,0.5175453623440366,0.06968148188040514,1.0827665048626742,0.7528071462092242,0.11105093338875818
30.504913773404382,-0.5724343423195057,-1.9724713339728472,29.939346440331285,-1.834817227602695,-2.428479057384329,1.2562466153123073,0.03534429505136414,0.6143132908886422,0.6468553502089067,0.053603223632250695,1.7136795600468642,0.9320746886098208,0.16297797628770894
26.22595858284447,-0.7249598111663158,-2.517896408735202,25.706519358240346,-1.1168151547052851,-2.162305669492991,1.0781518820064149,0.023917880412164715,0.34250498701135945,0.6988668519358429,0.055052103044514286,0.9925162102471826,0.8226361426826655,0.16428743595781392
