f0,A0,w0,f2,A2,w2,B,f0_err,A0_err,w0_err,f2_err,A2_err,w2_err,B_err
59.84771795428178,0.8551335396212455,-2.6219503446391066,59.07367370361026,0.591629068296225,-2.8152221470490035,1.2852540474604779,0.008992990109333574,0.12045995110253085,0.298411752234912,0.008986306871273251,0.12772866127562554,0.3430105547920887,0.11532185206037134
53.94036410102866,0.5625058710257786,-2.3249844777572948,53.12148440419765,0.2506976978798331,-2.475870769609859,1.0348328963049878,0.011382548624735365,0.09881234452122328,0.2937768543558402,0.011257350637491935,0.11801201742199562,0.35581821998352775,0.13480501621267613
48.063840000639644,-0.031984256862011035,-1.682362423676388,47.27614441748984,-0.3424790985879198,-2.9883500247681964,1.1244680202841413,0.026232029896110225,0.12411445624773486,0.3141894266750589,0.012467048578715976,0.1874299713507366,0.702783461743053,0.13999152350242505
42.53807592707342,-0.16754956621138622,-1.844118728928989,41.673165333654666,-0.7682005443320605,-3.729884261235448,0.9517429075530269,0.02225058956995179,0.1229090765874409,0.3568783000153645,0.00849644271439056,0.2145036791909829,0.5454907271387227,0.09861390679778884
65.7327891565755,0.5311830933621551,-2.1700618060220016,64.98422375027116,0.4736188089452627,-2.1396625645840204,1.0298912752090352,0.013223795309136801,0.0907065738120519,0.24755867019144764,0.010360261210624373,0.09658588714023851,0.28725775133836323,0.10772805949026529
71.7643010594871,0.4039305753271809,-1.2604145646499405,70.88316260893822,-0.7801258503604901,-1.855012752621912,1.2239500965060552,0.046401535546703565,0.11335523573735426,0.11929275899534035,0.11823048738790647,1.2829313939783484,1.0096202834571937,0.1404707313252887
77.87021098863559,-0.8247076043895089,-2.1053809866854447,77.05603598531624,-0.48869103172381767,-1.4874578024392582,1.182728642160091,0.09014256060386554,0.8291211362584932,0.877240962072923,0.13363935785531103,1.1636200753825743,0.8328832127434732,0.13084455638511844
