f0,A0,w0,f2,A2,w2,B,f0_err,A0_err,w0_err,f2_err,A2_err,w2_err,B_err
91.31976969764293,0.9978231128017482,-2.4772974227690163,90.29786941819076,0.8288084919973042,-1.6983050088025846,0.9408734703640873,0.009240749037134637,0.10217546748100985,0.24804049708894918,0.015699215148565166,0.06960992384750884,0.21339513070492133,0.1028861776482463
83.20833822631732,0.580146398471441,-2.524529224102156,82.07699747496203,0.2914095767734931,-1.8048506471011425,1.1454627257621883,0.010503485597286642,0.11242889923276349,0.3075001108969567,0.01786044783881883,0.09467722986100026,0.2965586556924387,0.10627656955284241
74.95789175468535,0.0910433612331863,-1.7787293343383421,73.88217507940021,-0.031936772630053734,-1.9706962333360218,0.9583294661480721,0.019867823111207775,0.09576498386057762,0.26639437036922387,0.018886160516344085,0.12058197026970285,0.42070124496152705,0.09653927783837228
67.2583515611772,-0.5802410251945113,-2.810241328280557,66.1051465108535,-1.3754762812823578,-2.7260450849367057,1.1979747581992273,0.01759571047961288,0.20022065991159652,0.6033378775819341,0.11044566932080846,1.3920483390515208,0.9012408440073183,0.08108119857220618
99.49632240896094,0.5670145336155054,-2.43738363270353,98.40022988465809,0.451486363939938,-1.3144856473662556,1.3233293031822548,0.01095286820076309,0.10359997229229195,0.27293814922150744,0.00926751984088994,0.08688762360733425,0.1236957738824581,0.08624884145314503
107.95460363917923,0.12432300053444803,-1.5081314972414377,106.77265721704879,0.08318241955458498,-1.2966179241415159,1.2609779931448948,0.0278247440914704,0.10258434685789647,0.24798721976719004,0.02144076515768525,0.10908290483659742,0.12588583659177663,0.0883168426346071
116.19296354079613,-1.2509562243289094,-2.3075733250189847,114.63139429162572,-2.219007668270493,-2.5305346862007934,1.1852544760738475,0.20823601375440534,1.0943919157022888,0.9970577782578295,0.1982206152093375,1.2898439075334809,0.9638457520045135,0.06566403889822137
