f0,A0,w0,f2,A2,w2,B,f0_err,A0_err,w0_err,f2_err,A2_err,w2_err,B_err
142.50666205217092,0.3316444878106394,-1.859391508552477,140.64829330289734,0.01625519209336129,-1.5870439097020084,0.9522971193055844,0.018988688486306506,0.09912557018163158,0.28727009507071305,0.028245826145982516,0.11219040577086678,0.2688309118044054,0.06352134594547643
156.37944088341695,0.6655434560888835,-1.9589984727870284,154.47223551547322,0.4444042539501524,-1.521987255809925,0.9668490446967091,0.015588187853826853,0.09046755157688913,0.2635078417328655,0.022682785449650095,0.08899294969661409,0.2503947615892131,0.08060339137430207
170.08892376654376,1.1504935813263597,-2.6026755807685014,168.3055978844675,1.145817190642357,-1.6207595870615232,1.4864572966912748,0.010025033402699326,0.12412074382803494,0.32923350787854977,0.016885951430771175,0.07294694277677179,0.19640007093431336,0.020929268533143055
184.05640689650758,0.7978390086777072,-1.812621016856947,182.0839250605817,0.9524565306355145,-1.2824114197388368,0.8933626877332065,0.0830796947070798,0.3423053372428621,0.253814533105436,0.17986171411454033,0.8154948305506325,0.3263990152806447,0.13710869838054893
198.13244681768194,0.10905468925514755,-1.3333529650466414,196.3044252712802,0.10730314764205579,-1.4162303406214456,0.8870870011854871,0.040495771963114574,0.10700395333716631,0.14944819795660852,0.022273988291666675,0.10686847042183534,0.19626269224113554,0.05360200594571054
129.04573446557535,-0.10559819348256921,-1.9378945328379396,127.11282945917176,-0.6054294969020887,-1.6983816941578778,0.9133614889500736,0.022946963021814436,0.12373977348611954,0.36542957934094816,0.06632097574590615,0.29363590874920886,0.6465192643286537,0.06534769121608296
