f0,A0,w0,f2,A2,w2,B,f0_err,A0_err,w0_err,f2_err,A2_err,w2_err,B_err
21.59913206174989,0.2122964361823209,-2.257850987214429,21.161105913241283,-0.20257785992412142,-1.917351632345216,1.3256037490228842,0.014877049711874415,0.1132035878055619,0.3822775524791968,0.027144836423033003,0.16045926529980917,0.43528413663069127,0.16767295854680403
24.881206445992678,0.5922008126004843,-2.518293861375588,24.331330739580963,0.3523898805817167,-1.5376808790288432,0.9804467640223691,0.010446630858049793,0.11603631610138036,0.32345340496575975,0.0236910646600508,0.08734141022070548,0.22812877288807518,0.263499504022623
27.951357642034466,0.5170343500024367,-1.3999305149327084,27.413897411598995,-0.020154839902592536,-1.4168807456692856,1.4154574147249548,0.03710751277619712,0.1177311725000021,0.25034054347347473,0.05473347771370624,0.9393233713130147,1.1030138028132872,0.13902281405181643
18.668501061095377,-0.21487102259860075,-1.6715849717140698,18.227097761357573,-1.1358439476413191,-2.120652182303589,1.165202561670844,0.026790243642397533,0.17460486269843467,0.36934090479855786,0.03959166055672698,1.142812285218553,0.8829979831092631,0.24711921884120985
15.608379647892045,-0.9289646005408068,-2.9797034061740195,15.312737467595202,-2.977856046729917,-2.470205082327084,1.2955725489304548,0.01927441978946435,0.4583287086883832,0.793912806811742,0.03837961579212497,1.7448913309737237,0.9109388649948567,0.14352896441004528
31.399602694007367,-0.5463497641452459,-1.86674183697825,30.91170437547313,-0.1056253668204495,-1.511191847357951,1.3863972036213608,0.04987518484306753,0.6426978427620497,0.7879184818806418,0.02950395347477297,0.148876298292395,0.3177583013662789,0.1172443108750111
