f0,A0,w0,f2,A2,w2,B,f0_err,A0_err,w0_err,f2_err,A2_err,w2_err,B_err
45.82919540438913,0.888452616195609,-2.774537816017139,45.10638063383737,0.36080605120220494,-2.4716493591760478,1.216372322818939,0.010074991023098355,0.15938958972655246,0.4151937227025258,0.01522583491598851,0.14850711270059067,0.42185232581122345,0.16195611630492046
50.79069596662615,0.733965185238752,-2.1205611175790633,50.12996516989081,0.5309397702332876,-1.6215286572115075,1.0758308745919158,0.01686953548742978,0.11442734510973407,0.35353399605162156,0.016904564788179484,0.1082863989520946,0.32586992557341754,0.20672148400636534
55.89810566074764,0.2209604498468461,-1.7248301724656165,55.18921268012002,-0.09705682885083919,-1.5748573132070494,0.9799161947161172,0.027650788981791272,0.12129235542915458,0.35092136566262544,0.0167861367650437,0.1589390853883621,0.3519362604161434,0.14937169523787638
40.701798056621044,0.2557181241469326,-2.557806649559743,39.968509719677684,-0.09762555392765296,-2.299883967351312,1.278137324753427,0.014841051142524384,0.16651482926408315,0.4847783635170899,0.024339137717837363,0.19158782234277272,0.7178284121021151,0.17440126409654771
36.005219044089195,-0.8314546872014456,-2.969701270708496,35.27564945782774,-1.0044822841103047,-2.6521500722987965,1.336522877928777,0.03391665591767032,0.5204595221036629,0.8155802616943951,0.07825843272548214,1.2949653755998947,0.8234882172135347,0.12311304789929234
31.003965360080716,-0.8832312749887474,-2.5057725112324762,30.41437601212074,-2.440728739306555,-2.831371016374572,1.1909712635380176,0.044696226371778947,0.9174808965911555,0.8545070709433059,0.057119834213648656,1.593006194647554,0.9488912861513094,0.14828751495466141
61.132969285530386,-0.47916912406701634,-1.6886186435987194,60.34321759887662,-1.3419709219950686,-2.5281389667537115,1.3282745895781967,0.0790722304003048,0.8786131306952025,0.7471378615939854,0.13100194690314249,1.2016928444303216,1.0007555511058746,0.12696326273141695
