f0,A0,w0,f2,A2,w2,B,f0_err,A0_err,w0_err,f2_err,A2_err,w2_err,B_err
31.965988218318465,0.2646678493699225,-2.7704494645439506,31.330055626358252,0.15319035983557758,-2.1398552727102382,1.3723928915118888,0.01110901251472462,0.1503594203963802,0.4054439431139928,0.018541743834225827,0.12388699557440028,0.3945963961548326,0.11580800545562613
36.07145798911629,0.4559717143750661,-1.6035372033007085,35.56286136874023,0.22363092977535198,-1.383461051138942,1.4231409632933985,0.023079013668973254,0.1075392007183151,0.28361194337398365,0.038191210110203044,0.12827337496303498,0.19467362307106975,0.08665004027901022
27.95491764482132,0.002394329811757301,-2.095496587435166,27.365860140582885,-0.08486959538407833,-1.528592888931314,1.2705954048550965,0.02161855621446775,0.13866152924802042,0.45266371030681934,0.027778954422166765,0.16452279881730417,0.34817808433862857,0.1965286855860851
24.1961159037791,-0.5753043245478502,-3.291092618700427,23.731181403873222,-2.348203952762786,-2.7208742039392253,1.3995235670265256,0.014540162641999173,0.25484685304072124,0.6994205563067636,0.05002141025090861,1.486545504934537,1.0238124708651237,0.08943017985836782
39.9915210809761,0.05232666483025006,-1.6000462286558519,39.42309700911885,0.01232192668386279,-1.4086924579864155,1.437570922569256,0.03945010971659336,0.1731519217353738,0.4212502398969801,0.0609532054435286,0.8956143356783695,0.7901415027795936,0.07245459610362383
44.263106731625804,-0.7795341603624302,-2.215206590390893,43.62890817548821,-0.3279615523862649,-1.5565916492629355,1.3765273432359497,0.054483938697215656,0.862777058326938,0.8379132515574907,0.04469703121325093,0.7806777154872178,0.505944832436088,0.10919548978735873
