f0,A0,w0,f2,A2,w2,B,f0_err,A0_err,w0_err,f2_err,A2_err,w2_err,B_err
28.073084799688147,0.4380410252207444,-3.224259390864238,27.525554709561202,0.22504681020441997,-2.251117088554809,1.4086570629495825,0.007424272794615948,0.1550424709716367,0.4384946156224765,0.014189352139258602,0.11213214999451017,0.3231576976207431,0.09638538951057009
31.683705729337472,0.44405666096896046,-1.6175851694376115,31.128636569738646,0.4065542361373563,-1.5969079999465323,1.1933987460318138,0.023460776683993476,0.09222635900918598,0.24065011329409852,0.02330447816825098,0.09768087731298251,0.25640864490515086,0.21472015731644173
24.62184847714165,-0.008208032123555227,-2.372454855147127,24.15559288605666,-0.28445934828251335,-1.4584527838448782,1.4115416161020744,0.01807611407632505,0.14020305592282226,0.46361569188875545,0.03585131814956477,0.3094353154753731,0.6843395274734426,0.09705676133380992
21.209217152108003,-0.7774031803968794,-2.869164735873431,20.74436890576712,-1.8271281090981515,-2.651084291211392,1.338220262667093,0.02345521378523479,0.3556013295668346,0.8075964421804879,0.04989780947373343,1.506301665181433,0.9473253216210171,0.1301590332989614
35.24345676752914,0.24561798168408244,-1.6037203786018919,34.62441157283319,0.266371550665109,-1.2838043661586873,1.4349416369977948,0.02354113118957396,0.11954865333324166,0.29398034602449885,0.05770178748538115,0.2245147389066001,0.14926095214592902,0.09406880768477213
38.93389217886324,-0.4012887676026667,-1.6391673292693723,38.3398989085076,-0.15547883438674032,-1.3795000414489405,1.3876669293942119,0.04407023339559685,0.4765074681557371,0.4648093999968799,0.03361691564607031,0.2382122186422096,0.3063659782276376,0.108099483592453
