f0,A0,w0,f2,A2,w2,B,f0_err,A0_err,w0_err,f2_err,A2_err,w2_err,B_err
42.84192461210776,0.5333319363317074,-2.833358302574957,42.16416228337822,0.3503289206151216,-2.79324632020231,1.1053738090802792,0.008702103884958153,0.14217730206283902,0.39852742333887475,0.009363843776258185,0.1291860575200183,0.335333885275377,0.14334844102788435
47.559773246274474,0.6589353697951957,-2.134284026366993,46.88717300589703,0.44390644825348174,-1.6504907157871558,0.7638373698177665,0.01229727808071409,0.09213348845861086,0.2537940363561163,0.00952833811338904,0.08993377814550008,0.2659707969200356,0.15526881269685405
52.28107424242224,0.4935641797134576,-1.864566312431732,51.59274702362414,0.09242807446024616,-1.4270228239069231,1.0608499250667314,0.01985890860435743,0.09081455008968839,0.295880817828964,0.04331312744859252,0.6656286357591042,0.48399345641670943,0.16199847481149787
38.123708536056554,-0.014651799552060307,-2.2241382019129294,37.46333437088558,-0.10943061093503248,-2.077882077094622,0.8703874015943683,0.015592274914173601,0.12180059429589653,0.4011280022456372,0.018367193254722868,0.13620926487859847,0.44859233652394565,0.15406871255565674
33.65462960655934,-0.3261459674115119,-2.753617591486769,32.9997267014249,-1.023582772872886,-2.6617529915921923,1.2001933601724344,0.014894176784787124,0.18295189876303694,0.49243333245274784,0.044286210612429155,1.0665754328578856,0.9143928600028037,0.14272497292673592
57.133157745073035,0.006448500247444383,-1.417720595246369,56.39536708523562,-1.0466796778449776,-1.920452388648492,1.31461831636122,0.04693081531299381,0.14403729101153367,0.25968361296845904,0.12084763763887871,1.8650691680816576,1.07153839648776,0.1292784311790265
62.05347621450833,-1.3253845850099848,-2.3736558541559276,61.226688373158574,-1.908891986506089,-2.4195833199487327,1.3046637394210099,0.08829658496100921,1.0731791934694785,0.9466657403764959,0.11955747640500837,1.550101502331479,0.9486228322919561,0.10504810010290223
