f0,A0,w0,f2,A2,w2,B,f0_err,A0_err,w0_err,f2_err,A2_err,w2_err,B_err
82.18390835607335,0.9814000348859954,-2.289995142615143,81.20012492182481,0.8064273709500988,-2.08004989888272,0.9526139075454099,0.012436609609612152,0.11483090932172077,0.30396574536459986,0.008892064890690754,0.10012727161437113,0.30017779603175365,0.13712962167224155
74.8664739112244,1.0304090554505219,-2.5738673723498646,73.90231348328402,0.7003553407189528,-2.705552106042058,1.0626072410909666,0.010849540951541734,0.13731514152725183,0.33207177352056405,0.010671278155852662,0.14490321675626644,0.34036558502768616,0.11845855161737176
67.43313778564371,0.32009960628108114,-2.056063771639885,66.46511300440494,0.1633485379788463,-2.3172011665108174,0.8328743588401208,0.01724615683104836,0.10452818289923156,0.28997588339168734,0.01588682392503032,0.1261910331131308,0.4044192699777567,0.0984648007315038
60.422202041505734,-0.22209568135746768,-2.311083392257986,59.426993114366056,-0.23957336550584693,-2.143113547613699,1.0829122009157168,0.022203676843226237,0.20586895716319273,0.8090677060139158,0.024162564828156707,0.18240681044886825,0.5549033800338721,0.14465701115029458
89.61911293868448,0.7001587323227526,-2.3801211306163643,88.62054497324482,0.553431294914259,-1.5457835281807188,1.027792899147003,0.012305739829812683,0.11873598209047587,0.3375672568081846,0.007231759479269206,0.091604866942269,0.22782021495829824,0.11745621990639321
97.32958410657275,-0.4363259673544634,-2.6494435683712596,96.20488621630471,0.10180885238013665,-1.3317600708675528,1.2484633551424502,0.024941136197404137,0.3505765729686397,0.8754244779930295,0.03659539826747633,0.13944275848052842,0.16951402113826491,0.10736790390977363
104.708985884045,-2.160672299342246,-2.762054382998198,103.22888302792022,-3.141461956131365,-3.2123906090809218,1.3184970498482942,0.15635048734309717,1.616271295288822,1.0163971877964673,0.1673157711869802,1.4266923412867984,0.9448056112109156,0.07281005755948299
