f0,A0,w0,f2,A2,w2,B,f0_err,A0_err,w0_err,f2_err,A2_err,w2_err,B_err
19.440733448029086,0.349658975607349,-3.4204017017137645,18.98192051664578,0.16879275653908773,-3.3616038200944667,1.3049511821020783,0.005764669923130683,0.1571518629191408,0.41564428340546383,0.004854581503858016,0.16362468306190503,0.5187460979867795,0.16594878945371733
22.266149623646786,0.5067313370558624,-3.1779569706516835,21.853019065705944,0.5033414094360533,-3.0580683522913437,1.2943437120964347,0.007306124272249216,0.15671055240720475,0.38707705181648144,0.007977951665374884,0.14422910453498183,0.3639571274753631,0.1477173497630577
16.758573600273124,-0.14553053825556175,-3.451548276666693,16.342836816185475,-0.5449201510809387,-2.9640715398232875,1.1997145492596897,0.007920602325775123,0.1878808071318171,0.5864786967335929,0.01722647256528897,0.20961959537747338,0.7364296397925738,0.18875536387696845
25.1153542886089,0.23066088207975166,-2.240279658457943,24.688671976999977,-0.044393160703632514,-2.594481675597484,1.3496805552275823,0.015116598197869188,0.1105694219054424,0.3472771955499964,0.013383771539044503,0.14965174021441055,0.4537819350720407,0.1287081488670681
14.042610074540288,-1.3398329626846055,-3.3039119717204786,13.726424504066886,-2.927763006266042,-2.755944564474241,1.175969196033123,0.0226677293277528,0.8779138852247114,0.9096958525445279,0.03484333627013407,1.6191285897947019,0.9727675861303047,0.15011573485364355
27.919024086336663,-0.9542479136710532,-2.3503484993424553,27.532198588075527,-1.0626637583147684,-2.0610095121305316,1.3082817229523962,0.057479249588451214,0.5254830917962224,0.9816662924302206,0.05891192001011351,0.6926884749349016,0.8382579167326336,0.15202282978145196
