f0,A0,w0,f2,A2,w2,B,f0_err,A0_err,w0_err,f2_err,A2_err,w2_err,B_err
47.586048295423794,0.5875069289782132,-1.8444206700590988,46.91879914532027,0.5743469541009854,-1.8011193406119073,0.7788121173378069,0.015680562244647502,0.07895531896709668,0.26101109076811585,0.0039278812006910985,0.08016739337863303,0.226712626863976,0.14486469250498102
52.27872416227429,0.3274193844007945,-1.5758540420623448,51.613011696783886,0.28689487531346475,-1.4834533389518227,0.8942981058222685,0.023503829957530073,0.09653481403315727,0.2757645075346412,0.010677340029028407,0.09222430380062857,0.20209062669705646,0.12836659996640937
42.84813524667567,0.3926478304542249,-2.189416507196685,42.192377283210405,-0.07311238026710773,-2.818656537820573,1.1021095944492483,0.0139560782162912,0.10110185294688151,0.3235862849027487,0.011171811411543551,0.14935799053439058,0.5365725092267083,0.15137812671440543
38.19251157814918,0.0382748322492605,-1.6916386679103972,37.55805389495781,-0.2685754795143912,-3.2990788507353974,1.0286915622427086,0.02236801369894456,0.1153467486496187,0.31155376176572624,0.009296048607165458,0.19068557157471164,0.5831655568277053,0.14959108370850577
57.115437808386254,0.2242148714223803,-1.2924980172584624,56.44768503585789,-0.3434979638845237,-1.4033327520805061,0.9346715308514612,0.0414866359335359,0.09861621174328614,0.1314749103042474,0.0487547252727996,0.43895734678944515,0.47940165328622775,0.12752903556056336
62.15452228606085,-0.6306395408938815,-1.9180475269719124,61.37811835964527,-0.2221253690085145,-1.3562624713327691,1.2542678193792685,0.055704519233895675,0.7019584238776523,0.7811006795353251,0.06349489324736007,0.8537086716582087,0.385661572936402,0.1260360603960865
33.73566939779901,-0.7945086675311605,-2.4859760417966172,33.072202928366934,-1.081330843084183,-2.21957587284331,1.0053617942478577,0.028190114256045194,0.3102683706961163,0.7932206658755432,0.06198435448279955,0.9580998959212219,0.777894980544238,0.1437030150193591
