f0,A0,w0,f2,A2,w2,B,f0_err,A0_err,w0_err,f2_err,A2_err,w2_err,B_err
144.56042115617691,0.6204221210894639,-2.193725349112065,143.00581537545654,0.6191404134897447,-1.2429558260522735,1.162300059705599,0.012519972245256186,0.09475046255560984,0.3130960414453321,0.10364095114294794,0.40606366404947775,0.20729878555972428,0.09969122733935598
133.6502522260772,0.9035898815695598,-2.3099857152707886,132.32074009106287,0.7179827002878953,-1.935411729855497,1.2670948466089755,0.010977248048669914,0.0973541720730338,0.24108749748592648,0.014133801811596446,0.08160907126293734,0.2430060610697651,0.08249023522038426
122.7797913381778,0.6432260925379152,-2.131788079080357,121.39358743460471,0.521580589434345,-1.85805594161892,1.1280066498874306,0.013004563674012157,0.08938046808056245,0.2568761937502642,0.029148816104721934,0.17976105871983133,0.261158251133451,0.08184527412072301
111.84877313429918,0.21872647153494218,-2.2933927510372207,110.4394911365946,-0.21305697112685545,-2.6698086174156517,0.9942988044117712,0.01306300849058227,0.10327342934823423,0.31090101831169964,0.01294154167171876,0.1439307402149118,0.4613948131077228,0.060132139620124765
101.33710966061929,-0.23424576096370978,-1.6292944366621969,99.87775482935322,-0.6736655593746591,-1.7575753735609814,0.8507006434774944,0.028782357969540283,0.11423931700887158,0.2813185852267876,0.04830187888908934,0.3695176382331166,0.6103111764742374,0.059559676764432766
155.7350381405544,0.0025869011818360904,-1.418528633012715,154.1156718509555,-0.014600037032948071,-1.3945800316654862,1.189270508034114,0.04535922379267586,0.6381500866945277,0.22156070118096463,0.2534086764785546,1.4434424166672613,0.7609084878369816,0.1281351600325748
166.88576477591027,-0.4908050650895677,-1.420850883869252,164.8680620093579,-3.561840548430573,-2.9274799814618455,1.2108954552075035,0.12071925273631637,0.42023007762447906,0.5548797780362309,0.22650218922595267,1.6561942692145797,0.9997982290415612,0.058261971406712354
90.75851864268877,-0.9314764054548736,-2.7055940725379486,89.53729563284354,-3.866427210812028,-2.8759251463415434,1.0372594296043274,0.05411644852330282,0.8031611645922753,0.7711339419622253,0.15121583519174142,1.5395451460521783,0.9669431977337288,0.05303612614355063
