f0,A0,w0,f2,A2,w2,B,f0_err,A0_err,w0_err,f2_err,A2_err,w2_err,B_err
29.6446529263448,0.24595957619046865,-2.1033298142908654,29.035722815553946,0.016673538709945424,-2.252213194775883,1.4431287211378472,0.015842052448786233,0.11130111445694872,0.37877378386822735,0.01202408976631293,0.14331018464293022,0.5388627752144093,0.07723352198316796
33.48573032260061,0.2833764844014688,-2.0995141446576815,32.920870642110614,0.20675674146309406,-1.6165145192616528,1.310347694329236,0.016373201277370866,0.10235524381386361,0.3441513264333855,0.025054414581582207,0.10320421905887221,0.24845418859778143,0.15214746220076653
37.254977600179906,0.015267865169694389,-2.4183694983856667,36.69844054268373,0.289582537506443,-1.4896797229633818,1.4254937512461032,0.015750651489390123,0.1382150084963514,0.4616872479824871,0.023170850576789567,0.09630683099204525,0.24453314856908848,0.08395759341371646
25.98132857547509,-0.10769606548782497,-2.3071215354697214,25.47908640158575,-0.3269130809870955,-1.639265375938202,1.39924938227686,0.01751083228027327,0.1389700255366994,0.48245404767622646,0.03752009340729227,0.20311204673057937,0.4942669794475776,0.11323724084110291
22.391897218042136,-0.6424718268809876,-2.301842708107284,21.942704325794978,-0.9124630092921906,-2.2183412856281173,1.0399599030681208,0.026297881084442025,0.25284311467700593,0.31896961284276304,0.07103770948229127,0.14981709164717616,0.3675044812013131,0.1009898137762208
41.08771566933162,-0.44798994337328013,-1.6125652060574862,40.470027590219544,-0.913937500785004,-2.007828006542449,1.4451201368226791,0.08166979660890568,0.35316513318863074,0.8466627907664802,0.07667749854390833,0.9122722305197177,0.6650954561471528,0.09326375299742817
