f0,A0,w0,f2,A2,w2,B,f0_err,A0_err,w0_err,f2_err,A2_err,w2_err,B_err
26.806868634153453,0.475557746165929,-2.7491468856611307,26.348262703670695,0.5413337514254368,-2.9753899245979847,1.294566999536922,0.009419847608224285,0.13400462353077935,0.3806631250781017,0.007773437165423977,0.1438354166149036,0.3767932230240504,0.1455384460748648
30.141468841746022,0.5254683026770696,-1.892228334468182,29.665899152440588,0.188282639744829,-2.556840734068845,1.2236308385914165,0.0170318643739491,0.09015090406117825,0.2832461032390846,0.013555197069412077,0.1288869437910363,0.4175695381023565,0.17006373842913747
23.410863574586664,0.07583074374868315,-2.430570051850744,22.919294933109427,-0.22561094230137413,-1.749493727262489,1.3738002852884297,0.015060993645036597,0.12957114743307716,0.40196182865633207,0.02324194754608322,0.16253057800433854,0.39818630899178176,0.11724323274758802
20.27038435569765,-0.38244037078590354,-2.43714378260423,19.78598379959412,-0.4486410641009907,-2.7244016932088653,0.9716103094571839,0.017811597572040462,0.1681497063240716,0.5361620745890224,0.013720891381699192,0.1965962924687072,0.587735247972583,0.19209661213615328
33.65992309671953,-0.023197615554416906,-1.8616169850613988,33.188251222021194,0.024805653048080887,-1.9192358822977955,0.9438281710711407,0.02367338266373333,0.12391817592606133,0.3579293692627415,0.012382193576012553,0.11919283877424783,0.3758706832869404,0.16874115988676414
37.232291397899274,-1.2591795674743516,-2.496097228140048,36.71365516252692,-0.4257989749305213,-1.528964131763039,1.1009041042664536,0.05723225726221026,0.7640235752850625,0.9446807946762948,0.04049876169760622,0.5585918789657237,0.5870485953669007,0.14579347021185143
