f0,A0,w0,f2,A2,w2,B,f0_err,A0_err,w0_err,f2_err,A2_err,w2_err,B_err
40.842994596516085,0.3593150450798963,-2.4448732839266176,40.12805555930643,-0.05274857816247711,-2.1892974163122236,1.3386152303824277,0.011980806326650838,0.10914961546940671,0.32018545334644055,0.01811944849644201,0.13158729430055907,0.44159129677285025,0.12339673849044672
36.29629249545077,-0.119172725013348,-2.6593600379242615,35.64317947484505,-0.47428408535173316,-2.3549741426055917,1.3323872184591004,0.013408464873025416,0.14494085279619615,0.4847056274038323,0.022315657269774875,0.24174247216271588,0.81288041969045,0.13262162754411755
45.41082254571529,0.6029555856633355,-1.9960587510890822,44.797614378918176,0.19313898990904854,-1.858939567691925,1.2093508061369287,0.03785987964430213,0.14375059638038787,0.3653720226825778,0.056572988306757166,1.1591979245687418,0.7779767475648759,0.15259221954705438
49.93102215273563,0.37731901352728026,-1.363091193694484,49.27564767920883,-0.42432298148146713,-1.6573836123497423,1.321880582766342,0.027745796318093,0.0898156199185858,0.16694699683951025,0.05082370439802823,0.36953553846383486,0.5921408564473377,0.13005267559505929
32.01109328022855,-0.37542887697082156,-3.3149050840622687,31.39407525494782,-2.004701248477493,-2.6086355548439637,1.1593896126155532,0.009195808890926766,0.18131781338654837,0.5252491739083827,0.060764697235087664,1.455373174446695,0.9897497260574285,0.12289108261450407
54.74323124684308,-0.0024518102103394785,-1.693359757932477,53.96050588234902,-1.8242289350224397,-2.517664213552233,1.4128719784446193,0.03133505400122086,0.11949113738546302,0.30108014646057646,0.08995621000809581,1.654185931976669,1.0203402557010801,0.0752041674697209
