f0,A0,w0,f2,A2,w2,B,f0_err,A0_err,w0_err,f2_err,A2_err,w2_err,B_err
32.46743411381583,0.6309540113948657,-1.7829654062110973,31.82407043800806,-0.1314014718028692,-1.9370654844205204,1.3730253498988743,0.01971519628302959,0.09418550518394013,0.28355623033563987,0.028131687429909753,0.1654404733994965,0.4718878140439762,0.14437819761474363
36.6231395005541,0.526904581948341,-1.7845730710514098,35.95950667770493,0.31005775185357987,-1.4263946764764424,1.4330720022668773,0.02187176203458431,0.10062621087247745,0.32183375768896505,0.03166645908726341,0.12152084240728224,0.2278240852997928,0.08006962679005568
40.65372070847399,0.472206822264814,-1.5138832720108248,40.04292979051766,-0.1683341744927695,-1.5723585064188916,1.3596208645407488,0.025880234288755036,0.09166314369112671,0.23566054045463022,0.04608635087959657,0.21368373586934844,0.45191861861707344,0.1312639571817369
28.36586311333799,0.1126451376490467,-1.939189972577519,27.874001850909583,0.0632305758001824,-1.5532520443185582,1.3467833749390228,0.024422743586834685,0.12893693665437905,0.34685781209100897,0.03377505409254701,0.15882379803662516,0.3542494099229014,0.15823037784254024
24.531352466237916,-1.0620611875284565,-2.4285662591060255,24.02312868829903,-0.9771409103064612,-1.8470758812676191,1.3770380341330197,0.04327212611254817,0.9527220167867395,0.8347831897519282,0.05076539046111657,1.0557363057686735,0.9728133678781891,0.16378769498944773
