f0,A0,w0,f2,A2,w2,B,f0_err,A0_err,w0_err,f2_err,A2_err,w2_err,B_err
28.15860027717238,0.1611399887524475,-1.4574350931353977,27.542175869380703,0.0668242198165415,-1.4608814356819684,1.2644022355207565,0.026560500213194747,0.1233063830213074,0.2664324489439279,0.03670407516638362,0.4343513369312396,0.2809965399135725,0.22326009351914347
32.30616345044038,0.4384742565199269,-1.4313291430929005,31.60048081495464,0.10233245888200146,-1.463560731396395,1.4350301736798705,0.02559454702479571,0.09073179242969714,0.20420245494103265,0.021254339181235843,0.12411564656102844,0.26615338631177515,0.08115795785914924
36.36939289255856,0.5868704769080638,-1.675424984231009,35.78562144747724,0.07372398563680257,-1.3936563977721852,1.4267007846782418,0.022012890046229003,0.08822187747404109,0.2550036653599227,0.049759763468697475,0.3649491925359186,0.4593926641998499,0.08403171092626659
24.40637649836919,-0.4242222148585481,-3.0091415785927342,23.86427509318355,-1.5046754394235673,-2.26668783129153,1.3754617547163344,0.014530956044111186,0.20298089728553295,0.6093302725406446,0.05017533578963015,1.4896813354496399,1.0150081326760947,0.1400937695535307
40.730442601157236,-0.5855094899322756,-2.439672325149486,39.89482160021512,-0.23998245224374687,-1.394707975706393,1.4597345828186155,0.039269616403945565,0.3524529029081811,0.8707946008100209,0.03211053479902604,0.3449433386312271,0.2804593749723659,0.04791596091210096
