f0,A0,w0,f2,A2,w2,B,f0_err,A0_err,w0_err,f2_err,A2_err,w2_err,B_err
28.875469437596898,-0.09405951019838507,-2.677376642503047,28.247836816500026,-0.26825566728666506,-2.4392333299994853,1.2876023505511396,0.01391438147377592,0.155729140583163,0.4877254382859155,0.019649022577962718,0.1698545551025279,0.6303240384806308,0.14445881230909685
32.77243057918128,0.2935179342944018,-1.7783586675073022,32.161680823417896,-0.1985740262773908,-2.2043100941395637,1.4308217056876957,0.020404400844054805,0.10170324096591923,0.31237341147607534,0.02198497372513023,0.1624095915207436,0.5226328454586572,0.0844408582574961
37.06277468625703,0.33020420125329064,-2.2009279591312274,36.40897005668116,0.22727558477444337,-1.6327818987510112,1.4036640714795408,0.016757613163585913,0.11826124294565576,0.4044011635265807,0.02709444661693783,0.1107028212531938,0.31640980235884714,0.10672811983563624
41.17614304798422,0.34386284408501044,-2.0536483428755954,40.54831644765317,0.31507356315613716,-1.556259437014622,1.2658349598611052,0.017745758720480096,0.11161860973089034,0.33297847508724904,0.022125288221603284,0.10465212389733163,0.2517694349778386,0.15768260319516839
45.404663803151,0.009518537835052299,-1.5584634079922344,44.76698987867677,-0.44142391425409244,-2.1821785018157125,1.336910952456199,0.031431415518958505,0.12332063917491785,0.2747770652222718,0.03142816314046088,0.29935876730697586,0.9768681970534304,0.12370529168504683
49.832258584771864,-0.9774271352062218,-2.4485804991042164,49.156492564071,-0.5498773445767009,-1.751875294495978,1.3224766360164173,0.04795716322449402,0.6218974822438853,0.8413016669731485,0.06820708889680978,0.5031251166087292,0.8564429215998559,0.12418804659533127
24.937321741946743,-0.8378082471770366,-2.3413637806933876,24.51447015863074,-2.023196827873352,-2.2679372899622665,1.1760876896731929,0.0509538849561776,0.4955212290405888,0.7710995948921058,0.05719266587645407,1.2657620036049235,0.9085674117440306,0.15069783642771312
