f0,A0,w0,f2,A2,w2,B,f0_err,A0_err,w0_err,f2_err,A2_err,w2_err,B_err
34.01439959232179,0.05059887602537885,-1.999167385356833,33.41239130210808,-0.4697748054942965,-1.6937578511582112,1.1174146007989885,0.021792033655639174,0.14271120976637652,0.47216520362840686,0.047048319988905504,0.6100585247328687,0.7072858334103523,0.22794434779941206
38.24415439571821,0.305892005442678,-1.959684505330325,37.4937001701002,0.06795840582047984,-1.4848873122281878,0.8666969157387299,0.017823353338011414,0.11003393649419031,0.32848690242970563,0.023091193737729946,0.1252118684670369,0.25456186312550744,0.2074118087351199
42.58069714586287,0.435385792589241,-2.53939425007105,41.94490143571792,0.0396107659834276,-1.6932391995150904,1.0408780958249042,0.011700936417037502,0.13966579891212896,0.38321587930580325,0.028423343878922126,0.14109681840446053,0.38623445678035645,0.1747662575665137
46.85222335056113,0.14411036377062958,-1.9110715128432658,46.20151926982512,0.34193600992733486,-1.6730708523337252,1.0225713786414194,0.022876107881737016,0.12274825078507692,0.3641714757628012,0.009106247182423833,0.10654338699454756,0.29680815875306427,0.17741803335002446
51.32268928960422,-1.19380368147287,-2.3807833300549817,50.537337105468545,-1.355325726877414,-2.4822824478561807,1.423864560875043,0.07791891164407966,1.2844628649234986,0.8875549921263544,0.10473145127273165,1.2381117067913956,0.9913570791775184,0.07979833677010648
55.66311685879861,-0.9219809006943546,-2.485605638721398,54.828754351361766,-1.9760500580278215,-2.357151903522979,1.108166930439489,0.05363198930401703,0.7071985205014286,0.9134682921740342,0.1160886610583422,1.4154165464262272,0.8518350761768223,0.09814030925813355
29.989415004115273,-0.5744036145437265,-2.243004174956985,29.4029702256822,-1.8158200909924282,-2.368213081243967,1.1809250995880758,0.03207288455656314,0.28326605455768666,0.6869297017012659,0.06535076126756283,1.2399247756080034,0.9111419853841483,0.14085021422181587
