f0,A0,w0,f2,A2,w2,B,f0_err,A0_err,w0_err,f2_err,A2_err,w2_err,B_err
74.15369499560316,0.2879018002963445,-1.467991157167773,73.34605474112894,-0.12781096727954308,-1.6457493700163872,1.464074842161995,0.03267393089068927,0.10762242360811468,0.237957512977331,0.06982148489292957,0.999431263357882,0.4796750445589415,0.04362472975578964
68.38703419960541,0.4715464524248869,-1.5379138529054355,67.57814564363237,0.11301584576150694,-1.3544550102614226,1.3193916453719714,0.02468155838336344,0.09279724102419136,0.23365045523465822,0.01794366725619608,0.14536016953124692,0.17978042731549002,0.11319267542543887
62.70145696628427,0.4509080218050262,-1.6645795287568492,61.993505679261276,0.27454105533736556,-1.575139687856245,1.291944205041835,0.024199978472353646,0.0931544612547756,0.25011596976048156,0.02567057863326644,0.10357732117620083,0.249671962278764,0.12063992765589018
56.95235701432411,0.5376040718248135,-2.0079479357318077,56.115626708743214,-0.08653036413020046,-1.8345737276824141,1.3274693225246716,0.016099407278473882,0.09550460475824896,0.2712445562222923,0.029331955143474135,0.16464853268823915,0.5658894129643453,0.11856131983965697
51.34042817821672,0.1708578905755707,-1.812663373801299,50.5325890039491,0.09685568737065081,-1.3888306550500926,1.0067840643618173,0.02226806460355291,0.11062611530050646,0.31782072513574117,0.026394331354032078,0.1699071098940432,0.2729725665108442,0.16627250788322293
79.99363244189885,0.19097849213334,-1.3330700559726347,78.86693780293106,-2.9638353749856616,-2.8512615955789236,1.2267521985906085,0.046877613541692786,0.11511871426268595,0.15698009645648203,0.13340499388786364,1.7313026608895268,0.990637214354448,0.09986509469057234
46.09046668594635,-0.865793078095532,-2.306414255235099,45.31632839043891,-1.4685093033948804,-2.2387016836282685,1.3885409446731474,0.05251124279206825,0.9810755205644786,0.7597458844392184,0.09294824972908289,1.4760803785415246,0.9977028915465227,0.10963441120793868
40.34343010148745,-1.2387367882803522,-2.875992763874857,39.64424349248616,-2.5486483554172445,-2.6251954939685525,1.2723411640313247,0.050596295738142893,1.1942635203415288,0.9053665041896795,0.08712538064950587,1.5967094095085463,0.9658408979753785,0.10332918301646336
