f0,A0,w0,f2,A2,w2,B,f0_err,A0_err,w0_err,f2_err,A2_err,w2_err,B_err
28.69073551388494,0.6021400297429987,-1.3157017434756797,28.31248911555664,-0.4098077387639839,-2.0795277901923734,0.9316672543779474,0.03427425739803637,0.10552645178740408,0.1824582428251987,0.046321545174251424,0.7777833938843326,0.7944202015523929,0.21242040513489355
25.913661565849203,0.1466302073148493,-2.53671586023119,25.526986079657114,0.13629013445434784,-2.8098915363195447,1.3908373684537176,0.012630545071662927,0.13012942357862364,0.42760286356256827,0.0068835002340687035,0.14646038136378925,0.4153491537949091,0.10035703469756294
22.937617890957142,0.15054748789987693,-2.614209006189589,22.55345028699719,0.01338043207962146,-2.374783043144514,0.9608366247808687,0.010722348784514071,0.12828359165321926,0.41058856795965215,0.006911455660509956,0.12819451405678922,0.41988983842823896,0.1955496696237711
20.218420996982804,-0.5092505634271227,-2.5960815854932506,19.846931810834743,-1.0250262112592308,-3.098281144721717,1.3074623393612568,0.01924052552535257,0.19643265550660022,0.6189221050632995,0.03555583011592485,0.7467887747195425,0.9818104735711791,0.14382442800086764
31.631602637303047,0.3369157505473801,-1.3126350269227287,31.148619242887676,-2.8824819861607445,-2.6458456209025343,1.244326522795274,0.02809216969509318,0.11168688599178324,0.17533086923556823,0.06703659611668306,1.6654378050603202,1.0015292113262095,0.1536886059471644
34.79398513726296,-0.4462067151934519,-1.4562781441805497,34.37712180561893,-0.3219383174603775,-1.5111898846526561,0.6902920244704756,0.04804636041611908,0.5002861625845859,0.548451877990421,0.022647017315503247,0.2153499416544109,0.400535706816873,0.11623479478289461
37.69781353252482,-1.002019527340732,-1.8749773145095419,37.14518737569951,-1.6439483838847742,-2.674941473077669,0.9369857990483301,0.07923898266194003,0.9216630530013786,0.8184736164078554,0.06344895949497036,1.1596693110301,0.9911765529239799,0.11136321371706548
