f0,A0,w0,f2,A2,w2,B,f0_err,A0_err,w0_err,f2_err,A2_err,w2_err,B_err
42.74029729243113,0.3227115846952288,-2.8011240442325662,42.075227182416015,0.07686063277255499,-1.82891193306159,1.0102175096108128,0.009574491447122413,0.1408521301835385,0.399078733984441,0.021954377204351977,0.11585020704927017,0.3207579609512914,0.14567308602493345
47.49446255051734,0.5446343026529645,-1.939534643279345,46.89010369924494,0.3620609474799656,-2.123819529043289,0.8008330174364222,0.015393698884857289,0.08990017924568983,0.2610490825181966,0.010735522798072512,0.1045670834290957,0.3065596962214325,0.13089947677836608
52.17535796361522,0.43024600589985074,-1.7471096497801584,51.485860512905425,0.48830066006758055,-1.41295129961864,0.983002359745719,0.057264070014443835,0.22823118575702886,0.38059486397878145,0.07010444329777622,0.6819226641272066,0.22149498109065252,0.15222564484004342
38.03358596668634,0.05777586865056926,-2.005157083821501,37.43356035493888,-0.3390652818307408,-2.076209851464003,1.2417687841268463,0.02377651384299646,0.1386138694036616,0.5521930756663473,0.02908098264356813,0.18819552887745547,0.6119027085434857,0.15767940889413742
33.58627794864808,-0.6443766133654042,-2.2726517866604405,32.91530301322045,-0.7757503298034073,-2.087103969333874,1.0098998190747195,0.03243382552562863,0.5510723191892603,0.6285498394221035,0.04339625514345628,0.8146974971410748,0.754027937277072,0.1595320430237949
57.05901045650423,0.050052059758603884,-1.9046422151511964,56.30947318150768,-0.3469018795700453,-1.881043973732513,1.2230684450520168,0.02175419455375317,0.16663591679157197,0.4072111724897377,0.12948168189597972,0.41819698961707114,0.3721091038750727,0.18173333942712544
61.989330990951736,-0.5775692625910154,-2.1702835751565672,61.18165785828769,-0.662481484099286,-1.5226370396971187,0.9402844865337864,0.032896015397820576,0.6156998659368159,0.711806833821842,0.1044604719793988,1.000025030148446,0.7394895700473764,0.13961970942831395
