f0,A0,w0,f2,A2,w2,B,f0_err,A0_err,w0_err,f2_err,A2_err,w2_err,B_err
28.48168954300618,0.352796647444684,-2.3983330041645967,27.98608037522589,-0.5020485202241685,-2.2726626569615584,1.1374925652773702,0.012128576101651604,0.11414424570626003,0.33174859906323656,0.027791553877108913,0.26663642623410383,0.7028699754759569,0.1815442271352508
32.12206074208098,0.6009812810808287,-2.7607299816194724,31.634349279198446,0.2910197897294773,-2.2135126529667692,1.276396256867984,0.009292862012126639,0.1213484436604997,0.3355419429926048,0.015640276091471943,0.11302204300183341,0.3965979894488993,0.1649575042886074
35.678229907439075,0.38843162288555266,-2.2037882302533145,35.189200577631254,0.20070159094331377,-1.9836671443715517,0.8527190210950119,0.013698567598799819,0.10042645725850793,0.30072944445747524,0.014183841171272351,0.10826020320957863,0.31863163097061514,0.15641440526105022
25.09165010529903,-0.12161950296075465,-2.543815541953704,24.641621635305256,-0.37699893966444853,-1.60810719381636,0.9779172764470049,0.015183689483343784,0.15909625338289518,0.4386149039524314,0.04248712263221115,0.2434518164386001,0.48089614695953853,0.21081810209225463
39.33434443833112,-0.13078878383949388,-1.7183592181235428,38.78992684270532,-0.08146773651209763,-1.4171318280927065,1.2391626956891542,0.03702250880900962,0.16939500949858,0.46050123915091434,0.03667409915513611,0.35225126063060536,0.4071766648574523,0.15145984879438013
43.02051171488339,-0.8490952038093045,-3.1917398590176886,42.383841115405176,-1.6468374156873895,-2.5116498664613967,1.1800398527163296,0.022016256044052527,0.3678710286740408,0.8218814480550531,0.07360311804960337,1.5728117346808852,1.001656630996393,0.10847189306726335
21.617362065053502,-0.9855861095622781,-2.525527268734359,21.199630390202238,-1.4132161777397578,-2.0621000149149973,1.2872308685396057,0.032366183731558223,0.4589090807136919,0.8810471750876752,0.05112562272953808,1.0769088628882706,0.8959235140320919,0.15313974276273232
