f0,A0,w0,f2,A2,w2,B,f0_err,A0_err,w0_err,f2_err,A2_err,w2_err,B_err
171.61804340791898,-0.5931979624356989,-1.5394862846605935,169.63601749932815,-1.1683980050955505,-3.2557096905969476,0.853567589131542,0.10474850665924788,0.6156386472479477,0.5573410731927283,0.11663585099158845,0.9767888680986005,0.9391849229635104,0.04618030486922818
187.50668519828974,-0.07509433114116121,-1.7570661459823134,185.50964472598076,-0.7523352913670125,-1.6324056671113807,0.8861791507029356,0.024369017242000336,0.11247764899647923,0.29334632611905054,0.12708665012700956,0.44030906527225555,0.801240901463862,0.048113584298490664
203.90890808228403,0.3480843607835391,-1.7239128814694802,201.90055966295535,-0.10584638200420564,-1.7721196027308137,0.8770261082719719,0.020410952403238442,0.09276396043829997,0.24308286337138907,0.02467979115255399,0.11918393530890005,0.34336443812001977,0.04603202641570438
220.30884235201407,0.6433634542570891,-1.8827021910115325,218.38490696134627,0.21724230864099225,-1.3092330084175197,0.8274866755273393,0.015181913519247022,0.08084358452307845,0.22359954206513413,0.22781723053741418,0.5422503276974374,0.6588098867146671,0.08975250947537126
236.711660844709,0.5998764984464939,-2.038321799923586,234.71156429211445,0.13143730871965362,-1.3921376248735142,0.9145923906373038,0.014561636153113126,0.10594085378170531,0.2695276076308042,0.23760458086501995,1.248153065922776,0.9231840611413883,0.10696913277562946
253.2064849656512,0.2793528888887195,-1.4211891907905496,250.4927485355321,-3.425214165298929,-2.534986092120536,1.1245559754041827,0.02927298440056197,0.10090283012781114,0.2057002991468213,0.32243866959101747,1.6343440272605845,0.9787679954854103,0.05301453057603142
270.03422318247567,-0.0852392550015352,-1.322076036588338,266.96783097335293,-3.7713406008115444,-2.7645657076515975,0.9825483650638065,0.05459866131717727,0.1352915298478274,0.14778016776044112,0.33987621006319907,1.482106101121441,0.9931990590675223,0.041698681078735644
