f0,A0,w0,f2,A2,w2,B,f0_err,A0_err,w0_err,f2_err,A2_err,w2_err,B_err
37.96046877854332,0.35994170917626056,-1.5072596105574265,37.31865774619914,0.12938173595449534,-1.6455031853352864,1.449567788263609,0.024692843712154952,0.09385624884200193,0.23166398100906357,0.026723326347647198,0.1168000754525056,0.3436389473194362,0.06077306534334571
42.229926185176666,0.5028712656317509,-1.7283663664085287,41.5601749374245,0.30890650108600287,-1.4060545591046882,1.3749600687766594,0.019691726583893565,0.09438852931977933,0.25802676322871265,0.03192684148251446,0.10324418210055059,0.20669351957387203,0.12773909318002422
33.63441186587714,0.3110662635257268,-2.2619052910697777,32.97041939514827,-0.20722686134584645,-1.685729417780593,1.4053138873520923,0.014113675920454316,0.11178939773507984,0.31384146609741737,0.0352121143258725,0.16544987106833636,0.39340254498107796,0.0913430819642117
29.677842606016124,-0.27675468398843267,-2.489004368025313,29.10859209726728,-0.9339977039949731,-3.699864133203456,1.2850131535300993,0.01656777222539203,0.1600505287414181,0.4718703483715813,0.020364869057233337,0.6364958923311066,0.8988434787105507,0.13581373212225745
46.48407103487466,0.29723377315469585,-1.6345188224941212,45.77177530203913,0.047268189611622255,-1.362176554085367,1.2504946714851741,0.02309020116301473,0.10654570378301474,0.35517802781793784,0.04539391420595499,0.13474400974696912,0.18053291486560108,0.16666930678176456
51.039445255597506,-0.9534998985134266,-2.1051024472420536,50.34657362537161,-0.2077991523798035,-1.4000873858573355,1.374567934516166,0.07043574499179209,0.8244463247975075,0.8687598862315529,0.04078761750115675,0.17765393878889177,0.2735391248662383,0.10817163425751222
25.511420537032578,-0.9319959287858204,-3.1953572260385252,25.058242784376034,-1.7846320109194185,-2.500347479080419,1.3086133466298167,0.018156313435433623,0.3666108258392833,0.7612094779703006,0.0582466910968371,1.4542330465865574,0.9630574255778027,0.11891128772444735
55.265883742549825,-0.7917217636367765,-2.220073003229961,54.46913460819165,-1.4215725538077717,-2.369985216843823,1.1903269232511537,0.10127616191459834,0.1904731898043455,0.4064062011874078,0.13540559078126063,0.4414728031148584,0.5352516377397633,0.10609029917818505
