f0,A0,w0,f2,A2,w2,B,f0_err,A0_err,w0_err,f2_err,A2_err,w2_err,B_err
61.38468902407189,0.5606887234558239,-2.402433524727356,60.613812212296196,0.3445575363724915,-2.690082891939754,0.7768580649118633,0.010792138547130419,0.10495343691675617,0.2766734298861022,0.0052152598953673825,0.13472367323901757,0.3974893411947443,0.08627026313652356
55.27597029343643,0.24631342982299823,-3.2083661055913946,54.459238549995625,-0.11262356585451061,-2.7443109952514138,1.0208505388652895,0.007192107857247756,0.16710106919014545,0.461048115552406,0.013046965589376831,0.1481636394517434,0.5082269432235312,0.0982811607544366
49.39621100415789,-0.3630703035902747,-2.4466965536113348,48.52438900796274,-0.7226712778254966,-1.6721698301131804,1.050150499861533,0.017400341444473073,0.17207093508036522,0.5544021901053391,0.06208392747566391,0.899948461137843,0.7605482812390033,0.1369167106069938
67.4379053678744,0.29129025608886716,-1.8134172417627532,66.60868719953615,0.008594544281551014,-2.0447850684547415,0.9354540436508585,0.017383994486348614,0.08753054262496177,0.2548904218312881,0.04560481654967983,0.2951168586564647,0.35253346516075024,0.1118550773626924
73.6169413008487,-0.25580980036557577,-1.4537517217094627,72.80260733001225,-0.6303201088194934,-2.1163632302292306,1.0166206899174883,0.047256340709078255,0.16910567065213059,0.24920547249719177,0.04506503020287478,0.2877876478995061,0.6620724142651465,0.09008839676650404
79.97992922755957,-0.6790731191806972,-1.6773228416061066,78.94970110988453,-1.5627574187923836,-2.238310858890398,0.9543507613513027,0.071688103608611,0.5290176290684496,0.6859185465312547,0.14814618958966377,1.1392811592270935,0.8923381455441551,0.08042798431479291
43.906652402246024,-1.1794639313183484,-2.21641834392644,43.08551807609514,-2.8298093179311925,-2.559287700521536,1.0833164900633128,0.07932707023997633,0.5850235011674202,0.9275364444515394,0.08357653843378718,1.4937263784344235,0.9989902295144101,0.08948713741851126
86.15686532566772,-2.244240925046814,-2.6016443184580607,84.90078585293752,-3.318826808912317,-2.586999848454619,0.9687327971386258,0.12003538263509377,1.4473804331379132,0.9977817387473246,0.14539110840507247,1.4279675451896283,0.9964294523799219,0.052668945946053564
