f0,A0,w0,f2,A2,w2,B,f0_err,A0_err,w0_err,f2_err,A2_err,w2_err,B_err
20.507294134431163,0.0875815764891648,-2.1035464550966294,20.051364251190435,-0.09419495547097884,-1.9732784604459719,1.2445539682657725,0.02149825471078005,0.1478788416273143,0.5251351031350329,0.0159821878474785,0.1824598323063072,0.5083675007777912,0.22940829949522581
23.79778543196678,0.5270829444401834,-1.7474843441166292,23.27390211655895,-0.13032788281333127,-1.5336926566458906,1.2384874230347247,0.022666999254241312,0.10431167298688078,0.3044966376520889,0.027635907788794666,0.32196958799050523,0.4134635620441782,0.24993010142508712
17.118764139240227,-0.3135575669715534,-2.803960835940751,16.766461165824737,-2.8385247995218847,-2.739030822993163,1.3013405192583414,0.017579028529137813,0.2281310500420931,0.659307737123755,0.03950815853258961,1.4963500440573585,1.002766688466065,0.14922222274550326
27.476355071399166,0.01510101811018177,-2.7633974194524473,26.89094360917637,0.38387656911872314,-1.3684081960060634,1.3789521846579393,0.018018679421706943,0.20038194187797442,0.5887456418274931,0.017561796431975134,0.11636086943010873,0.19372298420723957,0.1452747897292599
31.029775823917028,0.161273942290032,-1.8107992530221155,30.401920772232053,0.10501091088343098,-1.411905154729013,1.3538599740346338,0.028851376124800734,0.14111095994793352,0.40518413066937486,0.02811305691630333,0.1760088563679335,0.34106886987221996,0.1597171797483139
34.634275939136586,-1.0664195488734374,-2.6203871064142072,34.003435784264035,-0.5565462806236574,-2.150873975745479,1.3763038848560167,0.051142011442820684,1.1683177628431403,0.923188717521704,0.038425064717688015,0.6244079140387013,0.8559503183121311,0.13072057775351945
