f0,A0,w0,f2,A2,w2,B,f0_err,A0_err,w0_err,f2_err,A2_err,w2_err,B_err
58.40823398636233,0.5367551924910432,-2.398821202154798,57.64578535193846,0.5384636533414296,-1.8994483079154318,0.9195793478934025,0.011245069703242303,0.09993301030093325,0.2779488985060476,0.0046354497236069684,0.08601475307952006,0.26605654836999343,0.11938211901321093
64.15995811290261,0.6706728130018732,-2.4419658219745104,63.407903522629326,0.4750497490645335,-1.7651008246514952,1.2074597525194282,0.011318772077195156,0.10862674116296173,0.2850670772650604,0.0053525257013380505,0.08459100934735106,0.2537350894885598,0.11729130003574946
69.98658564130194,0.349880902981187,-1.9606692570641406,69.17050807247576,0.448119620641011,-1.2742572209056346,0.9510087310005646,0.017538071650041887,0.09325196810534264,0.3021256955326224,0.006442305886903585,0.07795729538157159,0.08701232901507565,0.10765649755412486
52.56975936347989,0.1958346198183215,-1.8575082896141204,51.81156198567404,-0.05294579936334224,-2.0406787951660617,0.8850779704069127,0.018700025641188542,0.09947591586889815,0.2980549111420793,0.018183517113951712,0.12305885304908012,0.39668658423156905,0.11740195492404559
47.084412639113424,-0.1075611817975527,-1.7402804850609113,46.33385847041153,-0.6598804752599936,-2.483434253601713,0.9800513566611713,0.02284418645260439,0.116566592331935,0.35912559663550386,0.028706918153033865,0.23548255626008863,0.7054833131334084,0.11530164581503223
41.4958491871278,-0.6024820891645579,-2.4115629528199447,40.742446280147924,-2.073046055200326,-2.85406547228703,1.215414719262054,0.025457777894683377,0.2415935037532702,0.7244178527369157,0.08559907868487787,1.6397970561122874,0.9948881768497351,0.1207108598751113
75.9570004095275,0.015228552763563025,-1.5057303849238661,75.02781173739567,-0.38670296115954866,-1.564184533674572,1.244472602372179,0.031177105466192727,0.11909021199369248,0.25440287907760567,0.12248693042587304,1.1742376812241926,0.7095454273067995,0.13539878644193948
81.74121536442507,-0.08808795254317525,-1.2982894874180775,80.68651479218242,-2.36563978420065,-2.6555569007926265,1.04663014494983,0.04851865559878952,0.15960228021269826,0.2028079876552427,0.1317588235954631,1.5682931499913295,0.9870542423603235,0.09439065944654547
