f0,A0,w0,f2,A2,w2,B,f0_err,A0_err,w0_err,f2_err,A2_err,w2_err,B_err
45.92590358548212,0.4926932332633362,-1.8768954896154468,45.2230282643236,0.3141960684126602,-1.345604365162652,1.43570481486005,0.01733099946948791,0.09531422912267576,0.309241351814547,0.02314068840982766,0.10532614542524982,0.20061089369129087,0.07181059842955662
41.262172192625556,0.5084446099264901,-1.816433283116708,40.52079253256753,0.0952141690085705,-1.7391536981065199,1.095424348266113,0.01664619974431267,0.08300750700984345,0.2482964006632366,0.02414078860647017,0.11526141713818691,0.3188693335036833,0.1904640023433149
50.4794755647229,0.4397618341792863,-1.3878604013500562,49.759359855418126,0.17794719412352097,-1.4374080786629932,1.4700986350417122,0.03270602671203609,0.10499894415030545,0.20362860965133672,0.017913981355599077,0.15949434437455876,0.43008563152763346,0.042092821137805166
36.69476746410528,-0.23835303355738402,-1.7940600219362386,36.07150152701443,-0.0635417114084845,-1.6640399001560755,1.2320335571066257,0.028171664540672985,0.15406793297913696,0.4059703111893005,0.02339874192383663,0.1364844553680151,0.29562039886795366,0.15741057542168235
32.34658849349654,-1.160290956659095,-2.257491638996288,31.66296399324547,-0.7716626172332091,-3.10953472274385,1.3682341454763907,0.06421030791288113,1.0194314808134368,0.925937971658812,0.025017347986363948,0.5561039395105297,0.9561037562825528,0.11059251382539241
55.253029426467734,-0.18659209613427305,-1.413157070983179,54.50222155566153,-0.07800192663288566,-1.3570391106106163,1.3638968221647665,0.04741511881862077,0.16583132133841064,0.26887341441917334,0.015259413123308713,0.14738509562782756,0.20903700294998498,0.10972732756593587
55.25676085892828,-0.2257595921217648,-1.512231005875981,54.52839110743916,-0.07426473343484458,-1.3930837131635334,1.395949783450286,0.0483006507349532,0.17261844038107607,0.3373589944218466,0.016381643225787397,0.14973792490247687,0.2191366776397971,0.0917401412476174
59.8127745511517,-0.2916918886001927,-1.4358881194409827,59.071183470253075,-1.6135930510656493,-2.362232781674896,1.4026154696304887,0.0586980619489893,0.3909178543265577,0.43622113333058743,0.11107260402059324,1.1248944183310285,0.9333118092400592,0.07850176840259165
