f0,A0,w0,f2,A2,w2,B,f0_err,A0_err,w0_err,f2_err,A2_err,w2_err,B_err
19.15216292196573,-0.44290852290244326,-1.7330864412270568,18.79224176640946,-0.32798531152730925,-2.6971915190338898,0.8691157583212704,0.031232834363342756,0.2681366917147104,0.4849331647151782,0.013737261472682163,0.15959316211401356,0.4998737634286468,0.20349132946460455
21.623426867692885,0.014708758460553334,-2.804914637530185,21.24683893806628,-0.5493781163329785,-2.030591711052255,0.8359003275332662,0.010409218716555707,0.13874322539309727,0.46319600450481196,0.02858861066028928,0.27992250165323507,0.5625045648737917,0.1762941656153279
24.010470686193983,-0.3203913809034914,-1.6289869280834748,23.67557467447626,-0.7090182222137511,-2.3287485083910724,1.1179826737998855,0.035740231971601755,0.25990789084149757,0.634104344907032,0.02212026173725911,0.5587120820376124,0.8057664481157862,0.1862785530252668
16.827959639707498,-1.0707162091583813,-2.565311213680574,16.496268981251845,-2.486387138176078,-2.607462462335445,1.0595190675733885,0.027890245195565044,0.871485764960393,0.9197503028758116,0.037490112912133,1.4385695556419638,0.9990475006399089,0.14955067022147828
14.388073406506479,-0.6575868740214614,-2.1598890296846456,14.079979253347148,-2.9652434874324407,-2.4080247041771075,0.7400902335487718,0.02622022662801276,0.22505907701494426,0.729003073159686,0.03563089766423127,1.5152023369665544,0.9877337563348063,0.1363807346961662
26.55514602160787,-0.9176549650151464,-2.248795539387174,26.147690691078967,-0.87134967953298,-2.2170137663269203,0.8173119362086881,0.02941629284672917,0.5353260452070877,0.8532677721600246,0.02248909006993798,0.5876001777069609,0.9222323016135822,0.14289423033212537