f0,A0,w0,f2,A2,w2,B,f0_err,A0_err,w0_err,f2_err,A2_err,w2_err,B_err
231.62636731406997,1.2539091696018325,-2.692569022559277,229.41797221045394,1.1294210961396072,-2.30722860857648,1.4388472527773857,0.007847701701638544,0.11896719366985073,0.27478156807110177,0.010056085487033751,0.09924520260780337,0.27213094548976174,0.04995956174620778
214.3685876850917,0.5968090171091245,-2.655707858895389,211.27361765129822,-0.8560853561372631,-3.084841764240383,1.466212940606719,0.3656744828376174,1.2108901649040995,0.6713871945738717,0.3878342317971245,1.458575230640538,0.9072606833505579,0.18030536491235213
197.02784007372395,0.39374062157693734,-2.127310491701212,194.71696566410662,-0.08615677954376214,-1.72027330136748,0.9385702455197503,0.012978668227661467,0.0914260419183482,0.26086981062681597,0.024370644550299345,0.10422932583024808,0.26398989905293285,0.04522499077101326
248.94658247396217,0.768777961927593,-2.233760157194027,246.66603009410892,0.6495872712808486,-1.503773559171863,1.387478993462166,0.013474734937116584,0.1087098105966699,0.33766307532115925,0.3311564267025418,0.9781128976567577,0.4763489210099733,0.06758371195827446
266.5603370627016,0.293283079419403,-1.5126988821097884,263.93906542366426,-1.5018773801775867,-1.6902157789174928,1.3530401570114248,0.03200264305785547,0.09472863807769058,0.2154016126298289,0.4274517212847808,2.1061072024589738,1.1621627726627313,0.1073346692362832
180.07170893600363,-0.41350508856617874,-1.7177042580381348,177.76116516844425,-0.38148252617478673,-1.6394763606780143,0.9092945946330124,0.03674271313037382,0.131626971295465,0.33291472712955755,0.03117299868822413,0.14821763621030512,0.3651613940844048,0.04327456643252814
163.23549892712307,-0.8220866261250325,-2.4036003681457476,160.97684905235474,-1.2201326740949328,-2.241934078119428,0.9071239679589218,0.09016932909234236,0.5445473071032969,0.7646461536485917,0.21744274129708496,1.0311885624694386,0.8444395929721614,0.045985995947446894
