f0,A0,w0,f2,A2,w2,B,f0_err,A0_err,w0_err,f2_err,A2_err,w2_err,B_err
39.48022944386685,0.34215370530166084,-2.837380563753232,38.89207537762645,0.17434818519905224,-2.6067610013162623,0.9270335207536113,0.008922395547332658,0.13658657419872497,0.3652496839209097,0.006596250284900846,0.12227975099238426,0.3421151587383008,0.1087144850164916
43.90862792745166,0.6141146397842473,-2.4411456566417877,43.29135207078695,0.5332208574840062,-1.5552055307282595,0.8935848228735112,0.06195161271642146,0.2206918898433701,0.699167614562107,0.06432033143554525,1.027967103025576,0.42734738746411105,0.22233630480562067
48.25093681465398,0.482972131809575,-2.3053438413224825,47.62330053119645,0.2582377173325321,-1.4854050125615426,1.195564620772297,0.014584596370852826,0.1045360912424802,0.3333015573417024,0.029772150712192216,0.13660901992868812,0.25315208637000863,0.13708683978027192
52.614998322742274,0.4484928672612136,-1.2724970940757154,51.99471976718938,-1.397253821269434,-1.7082845806115095,1.1698695196485611,0.05748422044322027,0.1360045615083898,0.22246248922979106,0.09595026008278541,1.9562801746203873,0.9572817181103641,0.15144892006178845
35.221276189129014,-0.09421336200092575,-1.7725699246736293,34.665683386320374,-1.0629659673881746,-2.1755741501234787,1.1268952823686762,0.025150501379562963,0.12822889925738934,0.3432237864325588,0.05949820187981025,1.0371535935094056,0.867825488392906,0.1593307537357741
31.079564080175082,-0.8961404431801785,-3.0203514523639967,30.46922645825729,-1.3222772076376463,-2.954774901856074,1.0970866694414683,0.025778566729903418,0.34043984211197575,0.8780201360144259,0.04566143573539075,1.249729344184971,0.8891720018243227,0.11722858709818228
57.152624430635434,-0.2508235849241684,-1.5320102205156845,56.351755601324186,-2.325209489176345,-2.699661260847134,1.2732759538754905,0.045094266383888214,0.18335764327211979,0.3458139573591122,0.10349052473843653,1.4424762501295758,0.9737951075667677,0.10147269487563015
61.7896730796587,-1.0266481846501496,-2.8641602903418772,60.85498657032197,-1.3898284850382328,-2.4555975920092603,1.0866656715138714,0.07001900391691294,0.45515723245346085,0.9508784673192482,0.12154295060128778,0.9835994780919336,0.9690186461267469,0.08706223804433628
