f0,A0,w0,f2,A2,w2,B,f0_err,A0_err,w0_err,f2_err,A2_err,w2_err,B_err
27.288996675076305,0.22139956216401788,-1.8097711311847717,26.775617557579395,-0.04740853291566402,-1.4438736720988992,1.3709209361557506,0.021757095451485242,0.1019934746016542,0.2908822964193254,0.03833562361054953,0.17006421302173477,0.4090782299690779,0.14316993944897394
31.39844468038755,0.3160674764576812,-1.7912364685941582,30.761382351462146,0.25378352659201087,-1.3299208919045915,1.3984713321488105,0.02061835752706875,0.09680125840446907,0.2881023880504594,0.024170046377292555,0.11139501643591312,0.1380388151048706,0.13039558261731296
35.3039206551209,0.29509772163966436,-1.9426045240002554,34.643754095036606,0.4250244083171293,-1.2984069932916098,1.3654819334190502,0.018730436650897873,0.11057770007802317,0.35144116588141994,0.022033154265303504,0.09984157274219947,0.11308963007422407,0.14432303518234238
39.446223472875985,-0.22418852249171597,-1.7218796255851008,38.715045232079,0.13906309818283566,-1.3947602573559938,1.3081781425537446,0.041959142154271704,0.23566704412661904,0.848942073915186,0.032803055132798915,0.1297198056662613,0.2539290201750036,0.16883163112489855
23.634578424889177,-0.2477346851535342,-1.6330721776387844,23.130481632367697,-1.3570939886044928,-2.0646450761602644,1.408377071017358,0.03618186334746862,0.16102337421850707,0.41175375224606575,0.05043512306113657,1.4629173780508746,0.9302201364035122,0.11260165670749506
