f0,A0,w0,f2,A2,w2,B,f0_err,A0_err,w0_err,f2_err,A2_err,w2_err,B_err
51.4488645751841,0.9763384406913392,-2.551844339166722,50.657798683113974,0.8036000042902813,-2.7754075353511345,1.0667413645331387,0.010463113799052839,0.12495070611867805,0.3239922931702177,0.009388828904042109,0.1391857341266288,0.3581789266239167,0.18495252738449408
57.03372489081229,0.6763839715505738,-2.263514098262067,56.25513384093715,0.8468668717806407,-2.7438318011786826,1.0281901877559818,0.013250258344152116,0.10787361778951403,0.2876899276855439,0.009284378057918628,0.13875623936363055,0.35212605243779005,0.14069442600217538
62.82232073483306,0.24939184088493208,-1.5670686692142017,62.05408498749358,-0.015724433745924624,-1.611366948113527,1.0361830328737227,0.027389964051973383,0.10156712249192458,0.2536886884392721,0.01904019692584416,0.1414555291518669,0.34709539136397655,0.12903096289600594
45.743406837836005,0.21046625665794275,-2.494492151736308,44.920657972830384,0.04799497214885971,-1.855929865166198,0.8790957685136878,0.012916797345801161,0.14090338449440826,0.41173484492311857,0.022241397472187466,0.11689368827301085,0.32618673815670773,0.13604578324181876
40.393354648905046,-0.1711114935508371,-2.479459121180393,39.558925897471596,-0.3442332535089325,-2.740003365131274,1.2687715416225926,0.018078915199975225,0.17362126548967652,0.5219198549915767,0.018595868083299525,0.22708235418337944,0.8431951271616768,0.15758655176227027
68.6465793400604,-0.2630237400010529,-1.6201716999861167,67.79209775886177,-0.5464020155029972,-1.6842242582989313,1.0984548276726835,0.06641410329235758,0.24117968021065192,0.557974548305007,0.11501286828555808,0.6861580493130167,0.83074535718744,0.15946735269137083
34.757505804044186,-0.6837587854354501,-1.933991681789047,34.2178035286842,-1.611447523984763,-2.700802954396572,1.1478067794655744,0.06874341684369441,0.7581565318555785,0.8230753459866894,0.0650934479999738,1.149137999426997,0.9881727275725674,0.16146244138248778
