f0,A0,w0,f2,A2,w2,B,f0_err,A0_err,w0_err,f2_err,A2_err,w2_err,B_err
39.07581224478766,0.3544048483831783,-1.819474752619075,38.33866799226099,0.14530979989781187,-1.6301707165355823,1.3894204322998316,0.020544611721570676,0.10818492303369812,0.3151632082231866,0.019354669660889022,0.139177459947032,0.349971479603313,0.12691791791751647
43.352244458121326,0.5464558045796473,-1.4657796894946507,42.75998147917425,0.11772602815549688,-1.4466295553077408,1.4393969740698536,0.030558826015612182,0.10284328208381957,0.2585681184097313,0.038591604374953944,0.23419070048472457,0.37888312436607124,0.07302572806171262
34.622952534700595,0.02919550183288,-1.994553544652002,33.99320299221622,0.14263079638406012,-1.4190425023831312,1.4106962005327206,0.02308932214510537,0.1434807431385939,0.5703733004414684,0.03356934152591128,0.12369190120932988,0.23530730794827115,0.10548188881131938
47.782496224357075,0.24607694500489352,-1.4619918557914289,47.18230998447521,-0.27319939905375246,-2.947644845952433,1.4242232108930903,0.03177748832649851,0.11425624173257388,0.24874702397314444,0.017644482180104424,0.20370228237501914,0.7850249764636804,0.0836080245162991
52.20893543456613,-0.4491021338154143,-2.077629243284917,51.50077856865843,-0.38745841841448003,-1.9176954450892247,1.2072090393402966,0.03309595668597452,0.2587193738920908,0.7099296091180903,0.030644959763118512,0.1944521940058716,0.5740985592988692,0.13111323823829907
