f0,A0,w0,f2,A2,w2,B,f0_err,A0_err,w0_err,f2_err,A2_err,w2_err,B_err
44.91297898059397,0.53533460121564,-2.0464314572411677,44.23262404153084,0.2526032805371151,-1.5077101257538614,1.452285530993116,0.015263436037389354,0.09140217380038318,0.2823521780810925,0.025836891928584363,0.10708877763186427,0.27303164051837775,0.06030742626898966
49.43080751315239,0.3722738841438352,-1.4736379008206864,48.68614941549174,0.28814419209644837,-1.5242959462038748,1.4424560208975254,0.027452484741862553,0.09524567217240032,0.22221693981614393,0.02652082133376196,0.10069615996587293,0.24620609918320513,0.0658979068819444
40.34017480835731,0.45872880062786986,-2.5531854616686775,39.64064330019836,0.2105277873873108,-1.4090703203270158,1.4089994537505115,0.011655126599493663,0.11620576811919696,0.3599052699316706,0.026516616410165384,0.10514341263916983,0.19269590172724624,0.08980552264543702
35.923154428783796,0.12360293503088854,-1.7011228480804834,35.30402384570171,-0.09677287891790382,-1.4630007296796432,1.3767819678948436,0.025602203850652497,0.11169522421803355,0.30541772180560245,0.04206975232986322,0.6299133943750724,0.41561618659518157,0.11619912764466987
53.912635533164526,0.08406240620009173,-1.3741230913137756,53.26252856035203,-0.4297851058617785,-1.4962865647955201,1.4066048346748379,0.03878312489690984,0.13032332385353435,0.22392796696249492,0.08148474165133977,0.860729947778791,0.8316025872406511,0.09523271715177735
31.650620881637618,-0.5267106109841764,-2.887830151649351,31.049106169372315,-0.864258735893724,-1.704326550998713,1.2946153017258977,0.01500149520067555,0.2064829807172884,0.6244973239053709,0.05240921669109885,1.334254648589218,0.8619789831889014,0.16003627560315947
58.59668996319648,-1.03849703676984,-2.0962649737689842,57.76315205031999,-1.375242394957581,-1.901664554269867,1.4733410615062024,0.08691259127226762,0.7598714649741276,0.8796448392842047,0.11979738645082069,1.2700040350588784,1.0755194735867812,0.03633612909123894
