f0,A0,w0,f2,A2,w2,B,f0_err,A0_err,w0_err,f2_err,A2_err,w2_err,B_err
21.702337495429997,0.5778831838867544,-3.4455935698411726,21.29995019980055,0.09150560889590373,-3.0821585977631987,1.3941440155449891,0.0057883317226517395,0.1670969968888255,0.419574760966847,0.008803279018127165,0.1565276458596399,0.4491250404573355,0.10257835978705711
24.4098030446319,0.1764114717461474,-2.195430282657734,24.017223599207984,0.22524997497859905,-2.048957734513815,1.3555732193108427,0.017637928113793208,0.12604373975813996,0.4672236317345777,0.013634218713950031,0.11343635629799138,0.3839074517696609,0.14434566866093906
18.913517061621796,0.003923323838089007,-3.116524626426015,18.50405769258935,-0.19626867126786968,-3.6609541787361133,1.182687731418718,0.009176472259419335,0.1581542590403428,0.44940005322761645,0.00717253409434806,0.19297696689369,0.5279227919918318,0.17175423336432363
16.403793823242744,-0.39201145852074165,-3.272188653879729,16.006551762806783,-1.1041420080031092,-2.73065721916463,1.3701895287587407,0.010456333313037592,0.19677721640989568,0.5572140319431574,0.029087857547193077,1.1223242611141497,0.8260354808960375,0.13302335407519114
27.224137092507096,-0.01672757502059992,-1.767905308684597,26.839588885958033,-0.14272431113713444,-2.5137072087107644,1.279923908915244,0.024751200078193543,0.14115645403426805,0.3836307914844283,0.011762759239201195,0.15582887411679008,0.5330882026836369,0.15865663541905375
29.988740281317284,-0.37004330782940886,-1.6419454677300287,29.545969559827213,-1.4289668547757455,-1.8531660694677403,1.2570611643033103,0.04073390857871693,0.3762993498470544,0.6070583339022615,0.0762259252674941,1.3301346344887985,0.8830633632437869,0.1686840709109296
13.6427162336592,-0.8702551061956663,-2.61087453616717,13.347521907780639,-2.1549843900601653,-2.776194088031896,1.1530952376399217,0.021046304223644445,0.6937364412287982,0.8076918233620474,0.03294778783570215,1.4223720356135294,1.018430356868971,0.1824686412766174
32.94479704147657,-1.802489046248321,-2.5593251398836534,32.35455790886917,-2.334891543578402,-2.3577091883501295,1.0696278740231981,0.06110008691187589,1.0108183012308578,0.9462559486004031,0.07223687832000292,1.3438776192684896,0.9390709509873196,0.0996684598940574
