f0,A0,w0,f2,A2,w2,B,f0_err,A0_err,w0_err,f2_err,A2_err,w2_err,B_err
29.850848611122338,0.10503477044997939,-2.418778201706586,29.324801457427096,0.1904167348501467,-1.6633982226107848,1.3277049093880493,0.015691667473374932,0.14509384761129196,0.4900364906775329,0.022655980011167524,0.12698401903274378,0.34768440395815275,0.15569447994277127
33.74937152576703,0.3538415956559895,-1.6475234773678824,33.16022565042879,0.2391840594948945,-1.511946880979005,1.3594941572218444,0.026093872303082834,0.10294939156076871,0.27994251810688886,0.026124148312542266,0.12903667654794743,0.28730442543620766,0.14855459620770123
37.561830360902555,0.4097427157059667,-1.4789904632587962,37.03459994198009,0.3786272379052834,-1.4207940512830324,1.424218249841223,0.033459249376611856,0.1180689655856355,0.25484479107880087,0.020563345790766834,0.13574599749312144,0.2773375660420859,0.08556343954837732
41.377293605959316,0.2714215457044148,-1.3709663257498068,40.82750268204018,-0.4053253206420797,-1.6583518819191572,1.378714311434881,0.034481196918279416,0.12352578427626357,0.18711005895012622,0.0643977163127338,0.6594379049031039,0.7761114977809728,0.10743266418284232
26.387820169201063,-0.1268605606246635,-2.298664507202686,25.819880708194898,-0.9024571007550759,-2.252507622741263,1.4148876029980189,0.020287067224472148,0.15965002021239574,0.5366002238464189,0.04463941987703537,0.9813785276576419,0.9540781969403013,0.09383354177276934
22.661572944135965,-0.8525007739002575,-2.6685128971990473,22.20356758411096,-1.9241485963238814,-2.624004027001994,1.3701668804629517,0.029798084125293986,0.41008957411036595,0.8721721331648358,0.052504149291140154,1.6401060660495501,0.9472006410278911,0.1174428615653609
45.42493415124024,-0.38333385724688296,-1.9313220147081245,44.76118749300885,-0.9677296221749387,-1.8658575797425758,1.4159698971353922,0.035878926474964094,0.20949229025181396,0.5922982646741204,0.08383748271084943,1.4385882106817323,0.8861272910279177,0.08522498120215384
