f0,A0,w0,f2,A2,w2,B,f0_err,A0_err,w0_err,f2_err,A2_err,w2_err,B_err
48.39611081302655,0.2833728719353056,-2.3037186747600193,47.60959840182107,0.10030469282512793,-2.7794021382708753,1.27265822835222,0.015724950807440973,0.1280696043242548,0.3876703885369618,0.011607018052630055,0.14897931492807867,0.5248270676711689,0.13916037320770971
53.71779875282214,0.43357747230278143,-2.3263957034941782,52.99373037886096,0.4671965282880775,-1.6611917885988858,1.0492661671831218,0.01406075997562023,0.12219400633344855,0.35220900122925136,0.018849495250876147,0.10356012656920535,0.33261024186525834,0.18108775702839602
58.973749261915486,0.3328220090095574,-1.402063620314104,58.296810614871546,0.05140767417469631,-2.1223921515277215,0.8859341041297665,0.02834706166851103,0.09924592533383464,0.2057791492020885,0.01329692951629823,0.1391688253912363,0.47758379479719154,0.13752263734759446
43.05873049994507,0.11284563295831898,-2.1640192008429167,42.344665934715316,-0.12665659141913976,-2.1547813188336074,0.8781840890664513,0.016648315922239934,0.1303827519455395,0.48883075574123586,0.02027011826329133,0.14661518969032522,0.4114675962798054,0.15689328811391573
38.0780245700693,-1.4652174328029737,-2.9771086867686467,37.40187163524185,-1.0050764755760566,-1.9638236067101635,1.0106372267132786,0.04960620253634911,1.10607934608684,0.9756695111776993,0.07152633299203584,1.4031145048306515,0.9469443420702683,0.14031208273967663
64.53682592388053,-0.3218250580018648,-1.4789763714428823,63.70536972645262,-0.10842396063337761,-1.4337369289379411,1.1256494782536026,0.06703549457635034,0.21501787246419019,0.40300892720710757,0.028379424336259486,0.18037885995237915,0.30272706440127434,0.13992182773594103
70.30858819651549,-1.4807585135872665,-2.521412446995221,69.46867998822319,-1.1840431864914682,-1.9633442786193664,1.1198930844735078,0.10042402594096377,1.119124365250328,0.9435745237331443,0.11932459654716474,1.7006177865250307,1.0516455733387584,0.12256753100895187
