f0,A0,w0,f2,A2,w2,B,f0_err,A0_err,w0_err,f2_err,A2_err,w2_err,B_err
108.83610954473112,0.754580374048833,-2.37320414673092,107.69783142040814,0.1178257290520825,-1.8464130708412072,1.0415001432832744,0.011406708556531801,0.1149684521393725,0.2880774240175537,0.010369708671335411,0.11336869556197204,0.33530568859671106,0.08152077086484397
99.8826205729123,0.13202514839231083,-2.691313452841291,98.64771314514758,-0.022788734211474756,-1.3244656064517264,0.9519116013917348,0.01151936217367544,0.1467502743539992,0.4493783026249226,0.034052549653141966,0.12260424330529254,0.14380803592006117,0.0806199967121824
90.96491069224307,0.05265336541546201,-2.5998891033455234,89.9006722054699,-0.6232463923492706,-1.7946154746728755,0.9624462701187071,0.012998651552801664,0.14093053050241824,0.42059231182136414,0.060123082407563366,0.45327145099785565,0.5813342260415013,0.07700778719884369
117.7125515273076,0.19831993054969765,-2.3476788420051715,116.50311701772922,0.29316816231228976,-1.3160093432010855,0.9638803318740852,0.014027597759999056,0.11772107126583954,0.37407744848563174,0.008476155659094414,0.09373055199760054,0.12701957105265918,0.07893817678068452
82.4373726600457,-0.44266179186861576,-2.2482108761923776,81.21846951760446,-0.8104955158018449,-1.8753432566715769,0.9037244071682251,0.025409088794859626,0.17072657972737448,0.49131662422597727,0.060195892869471086,0.5949550436720289,0.748951826579293,0.07152159516570561
126.68775182928549,-0.17777309813312808,-1.3998313111674245,125.06806408414805,-2.9814798748005122,-2.6389363154624794,1.115046654129092,0.05545038803873524,0.16081722947685897,0.2565173091413822,0.18239261761691958,1.5973381935330342,0.9933644629768841,0.06992355099762217
135.82244039120073,-0.6512734834079468,-1.7135805875957293,134.11743962549227,-2.189945542928283,-2.5344874316108914,1.06810719597009,0.1862318730997408,0.7280495330347002,1.0171329420331083,0.21842599741320043,1.2508383639547398,0.95935569413368,0.07137564087385835
