f0,A0,w0,f2,A2,w2,B,f0_err,A0_err,w0_err,f2_err,A2_err,w2_err,B_err
43.8894597689724,0.2346510676754753,-1.455543035435852,43.192931166492436,0.7588894048834818,-1.2630802584511744,1.4495931055524462,0.04164892422645144,0.14781760127913024,0.3027882006817432,0.04185293301007877,0.09582488478695186,0.08538598963057178,0.07431035696497294
39.5895874847652,0.25555876537674915,-2.6284330165951064,38.86737267907317,0.4131188585325384,-1.5361871902840545,1.4119169415057982,0.014357485107859906,0.1616426823658696,0.5174246906213358,0.027747323175004928,0.1052100802168545,0.2629551573742536,0.09362993279731473
35.231912615142335,-0.3056214977940014,-1.6573538918985489,34.4859560711084,0.30235674501640286,-1.377861485056562,1.306614290938012,0.056627391981057124,1.0650740632201912,0.5601554688318671,0.04569959301509325,1.7304958031213773,0.535739341232845,0.2150318052694241
30.920450724827433,-0.36590490952095156,-2.826090101857228,30.426565001294943,-2.6981020860390856,-2.5926377636749454,1.4170500260385301,0.015701125678524334,0.20260171703808197,0.5295747183151652,0.06376787985461324,1.656291878540549,1.0319578943558574,0.09092849480842252
48.4432676637279,-0.579762788353023,-2.273878978688455,47.74483030472965,0.032108231668039576,-1.3507448350862457,1.4441762354476795,0.04199060683140006,0.7090166458388538,0.8862553160027073,0.06150666293233156,0.8097317561047052,0.44703575922239136,0.07184121436809703
52.71199576010194,-0.4926756306633056,-1.6915486028329083,52.00737482355709,-1.3881795501759842,-2.6258485941211465,1.2647518052058686,0.0660663480040952,0.6232339275068647,0.6155594037496067,0.11148664842879731,1.004636835895682,0.8656874736665559,0.12003711517869045
57.0444578308365,-2.5657110718740084,-2.770039684895135,56.21868381645314,-1.4510561991059627,-2.0780159403848524,1.1784629431170575,0.08765861204875143,1.515716955277663,1.0008760234977578,0.10645703088041912,1.751996698737144,0.999436796057504,0.12204926860543952
