f0,A0,w0,f2,A2,w2,B,f0_err,A0_err,w0_err,f2_err,A2_err,w2_err,B_err
31.453089411823974,0.469662758337601,-2.346959941072307,30.852138990331976,0.19273879935468693,-1.5126673232721703,1.4082603803879061,0.013040059639259038,0.11593831606181867,0.4053970880197107,0.027967882333136834,0.128628202982895,0.3410009566219107,0.1085227722783426
35.50044141776159,0.41836282200354463,-1.7381009159044236,34.83455582082463,0.44391740788110445,-1.3662535081906535,1.4201100014876096,0.020369579429678278,0.09456121239036132,0.33352387320743065,0.026998716996633865,0.09351103582308944,0.1680320525110407,0.0982404368741966
27.423807716443797,0.0007447864559312432,-1.4321431383236256,26.84737660327805,-0.2014282518516245,-1.4601020925496555,1.3766457766362743,0.03917908851083022,0.13347494516309596,0.20650246908746403,0.02594195233326691,0.3057194744343712,0.3340154233347973,0.13517927224429274
23.745933909774912,-0.502200857265924,-1.9128089676665474,23.23917442209317,-0.29075443452483113,-1.495878840266728,1.1582299556970073,0.033579076526078167,0.43289530028499623,0.5747441305740987,0.044092756871801406,0.3832928571482074,0.5875029139942785,0.2800164846536163
39.507859297797665,-0.05427134701608669,-1.4151647973114865,38.82379578014501,-0.3836354051286872,-1.8666606260893794,1.426011505375531,0.04173426007326953,0.14036982636054088,0.2512774782281855,0.04080327267959435,0.26114630482876533,0.8873974113355703,0.09111339908632403
