f0,A0,w0,f2,A2,w2,B,f0_err,A0_err,w0_err,f2_err,A2_err,w2_err,B_err
39.91366474943186,0.2025628635460966,-2.2782213310901858,39.31651141235944,0.36563965068309495,-1.3514989961649364,1.3204315871746368,0.015318776201603707,0.12402124931227383,0.42416936320946624,0.02938582719267615,0.09121989991777503,0.1586934299692654,0.13743655315572798
35.915599928283314,0.5025482837412703,-2.1263069960499483,35.34138765172112,0.4579889797210079,-1.4739304811672405,1.441290470828765,0.014504884093808219,0.10224496178532569,0.37067953087632344,0.02465097388245223,0.09821750298510579,0.24201959721153996,0.07513894000212908
31.78660423349945,0.38832286788911524,-2.398013626897674,31.17525774576095,0.2876771976849396,-1.4076443630003097,1.2975587378658417,0.011549133470669477,0.11015692666850647,0.34754267570305286,0.028357160284278676,0.10477479006034547,0.19844395102151907,0.17467298353166086
27.9238439214647,0.03323432179783599,-1.8539352701405738,27.312297316607946,-0.25867836818757073,-1.812908623828736,1.2653494760428656,0.021439645268552802,0.1181862929908582,0.34095799624322704,0.025884121401584963,0.18438241166326,0.4922117427177899,0.1902361608486817
44.05823622328133,-0.2530882578351482,-1.9496039324339336,43.47790422975412,-0.12137791482141677,-1.4084164098719858,1.4297772025008841,0.029940122735193943,0.1549912297779724,0.40180662297603864,0.033271494210481214,0.1530708270091357,0.2597668881250395,0.07480614889456848
23.945770853157104,-2.312343812619053,-2.87490716091683,23.434196338591565,-0.9196142851818854,-2.2510493218905747,1.3104909708738883,0.05044513766869077,1.5913889215593455,1.016686491356995,0.03746923135823621,1.0164928704985685,0.9258837347098998,0.15513712939750635
