f0,A0,w0,f2,A2,w2,B,f0_err,A0_err,w0_err,f2_err,A2_err,w2_err,B_err
45.23106248676518,0.6912979510684669,-2.9345703329452313,44.512580479316426,0.5009258406155624,-2.403087736741245,1.073259871858053,0.007956278460534797,0.13713467055331108,0.3459891220994437,0.011450424676244077,0.10298368437077048,0.30566818517264027,0.14297355944271728
50.17156171144816,0.5103205171328897,-1.9210485515338585,49.511024902220484,0.2929812631870362,-2.09740206847405,1.2025751360415127,0.01636013727931765,0.09123092750390363,0.2602351427234408,0.014919173763052377,0.11251985931154547,0.39174323712843234,0.1517707083776882
55.281594135861084,0.057395320758186576,-2.145980725598669,54.55022314261788,0.11487775034688796,-1.5398926920435436,1.0635021284481492,0.016908060958070206,0.11713627370702312,0.40370508074245676,0.009178925538708053,0.10268373687579091,0.2440745005533415,0.12590031968130797
40.17820559361974,0.04265639287721747,-3.0091749059666673,39.47697217722378,-0.025820739619800553,-2.187303982451213,1.040288747640655,0.009087127166341604,0.14474237514564994,0.4292792936697598,0.017019094139034154,0.11741549247544783,0.3956705357097452,0.13250957665643845
35.44176280868736,-0.2847470000817646,-1.9188720712619105,34.754929674322575,-0.6790668778188882,-3.4790063126181314,1.1747583028966262,0.024562629796237256,0.16212985708301206,0.4589892261652704,0.015056326280367682,0.26878408034857,0.8545896093691963,0.1493963491525486
60.43517342594892,-0.33347771213431926,-1.8138679989194093,59.675706248127284,-0.12947083956328834,-1.3479481312175654,1.0339216632620771,0.028769067913784637,0.15517600348716645,0.4430029116821273,0.035439403820675425,0.14161213032398776,0.2185567484425778,0.10988923379882228
65.58367014969733,-1.222639443505204,-2.1393309727579184,64.68724803138788,-1.4968471759518982,-2.2406184693903315,1.1283698914371445,0.10150429783613052,0.3777147886542503,0.542812899789779,0.15503727504870968,1.1467998303032159,0.5480563663586335,0.07566406967757108
