f0,A0,w0,f2,A2,w2,B,f0_err,A0_err,w0_err,f2_err,A2_err,w2_err,B_err
24.2894235031182,0.04819216145166577,-3.5847295743018313,23.768085678976362,-0.23966416035450552,-3.4667163490601918,1.0943830536741284,0.006343748084322542,0.16731521956929798,0.4659973558248217,0.007569104624028331,0.18146475161056388,0.5109818872681655,0.1461633485169425
27.84394918802671,0.4019097446920388,-2.776979578280706,27.332402088635334,0.2676258420068126,-2.8761912627779447,1.1030050719900513,0.009408159733706163,0.13628497747138396,0.3625959546249611,0.009185047430440808,0.14834462655538552,0.3941110019372462,0.1625065988577751
31.313599958114473,0.10093510424605077,-2.7236397699869555,30.783916757010715,0.3637993068947842,-1.6579501374979304,1.187846120617646,0.012246112446938986,0.15155537181321052,0.4443044363764326,0.019256875580005717,0.09309453350818775,0.28664640739253305,0.18463382503630504
34.85813586478373,-0.1634420738724175,-1.4787474729860381,34.35432038279534,-0.25262730508524267,-1.606842327780454,0.9336630327467639,0.04034626705103756,0.13908682801826266,0.2629204186449735,0.018216178551378637,0.17151052699734218,0.3139811637367567,0.15705207590090808
21.058511646639758,-0.3807983201221775,-3.184900931208084,20.541834319872166,-0.5385843893083726,-2.802227884148261,1.1864890771961643,0.010900936140010692,0.1997220479055214,0.5767838440429083,0.007850356499687959,0.2369742279912633,0.7320064768311478,0.17225008260081537
