f0,A0,w0,f2,A2,w2,B,f0_err,A0_err,w0_err,f2_err,A2_err,w2_err,B_err
134.51829920675993,0.9661596224048301,-2.5193200352184855,133.10137386958843,0.8801966411641198,-1.6951609916898636,1.3447363514709798,0.00896176529047437,0.10817822884843731,0.27710949954446873,0.0051353607981912824,0.07339267026658584,0.20743484679984697,0.07931889062130815
145.54499114430115,0.7896827656627368,-1.5912976959757617,144.10180298233502,0.607056080723734,-1.3327297995737915,0.989269658668293,0.016859251524005362,0.06599463240818346,0.1871294313674054,0.02371221998763894,0.06983645254258053,0.1291458845372902,0.07689802237806653
123.57300053427844,0.7308967777765412,-2.1518159413322424,122.0794394710568,0.4371320431693499,-1.751523519217356,1.000730774762674,0.011636576787006444,0.08944403155043155,0.25011709367879853,0.017956511853489187,0.08107553083299174,0.2269114925608479,0.07864307452076487
112.56293850282113,0.38796001341641023,-2.093147480981554,111.06641481265045,0.01286625607717658,-2.4696948049269905,1.0115615783980294,0.015038490520401864,0.09143602614283412,0.2313578328629501,0.013368605545679342,0.12354359518303801,0.48187336766661987,0.07369571250223911
101.88151853210661,-0.09863662650729839,-1.919453560690212,100.38888084535814,-0.19130037604779684,-1.4311606232721445,0.8954762424698356,0.021055892153622222,0.10742595105356757,0.2903788833349868,0.03676844981317561,0.12123106380410847,0.23130551219097864,0.06613507992460088
156.76034951687632,0.1528229950018084,-1.400170887034855,155.17628966772602,0.19990716042064308,-1.2597035297018064,1.214134657450264,0.03100420815530288,0.1070605251517044,0.19731798923757576,0.022473866110738813,0.12823801674846386,0.10744236261747109,0.07686434896659508
168.06682648482328,-0.6891567874944681,-1.6219601967828945,165.83483159000792,-3.0335016520051643,-2.919001379132017,1.1978430343884876,0.25133796508371126,0.7560484924734081,0.7845044953278615,0.2225269111485578,1.5295588916729324,0.9796262268201497,0.05890276298357008
