f0,A0,w0,f2,A2,w2,B,f0_err,A0_err,w0_err,f2_err,A2_err,w2_err,B_err
42.29514055188473,0.5258302165333875,-2.548388351374234,41.71807692020033,0.4354633248792727,-2.3582233747757786,1.242326000904096,0.012125774354317909,0.12989340867942195,0.3807100329289117,0.00484404381951881,0.1172014279599982,0.3464596074569789,0.14458238976933294
38.04352558099381,0.34076050942584357,-2.4319993614394004,37.45170021105589,0.12050522132930389,-3.150904325000197,1.2357990083409462,0.013048720064699789,0.1314459519925833,0.3985567739432565,0.009905004379438167,0.18401229963383764,0.48663538746731344,0.13533127025254113
33.85932526196062,0.03211377578614979,-2.4885606928861166,33.29054036067747,-0.24390511699075118,-1.9802258844271674,1.0992688809025473,0.015011235984840747,0.14647663867403213,0.46782273531285906,0.019293851816744846,0.22416759713518414,0.7644587993540545,0.21285995870819283
29.902324125594603,-0.600330996106679,-3.2921280062513127,29.320064321712152,-0.8394228249628443,-2.4474118375845375,1.222751663162418,0.014003734908873269,0.2589752966195013,0.6284055057750084,0.04296015551381169,1.0036460834204517,0.8659605837423581,0.14260665115074794
46.47327555864252,0.5424666635668579,-1.6635540784770408,45.86986412798306,0.2645656263771436,-1.487996287928668,0.9450362216237597,0.023710566324619035,0.09881596057986465,0.29372004000505464,0.010400610032006442,0.13128256329332147,0.2537639479708936,0.17180300810424332
50.78561821715416,-0.5686809479219109,-2.004722777925365,50.11958951275272,-0.3137171063812614,-1.6848874408625913,1.381381847010959,0.049545912921179984,0.3405424012726476,0.7631647524475189,0.052235628948697516,0.5724722031342042,0.8201113367978622,0.11421047417626007
55.06886678017708,-1.5142239528391885,-2.7443203596467267,54.20616534026113,-2.646925121733199,-2.7675544778975425,1.342293843940084,0.08957128971732739,1.4834055945016518,0.9640561668834159,0.10403108770223439,1.4143173359653949,1.0090230598739875,0.08795375017293527
