f0,A0,w0,f2,A2,w2,B,f0_err,A0_err,w0_err,f2_err,A2_err,w2_err,B_err
31.83304124799741,0.3302079440299982,-2.6287377593010364,31.335987448798242,0.41813538203979483,-2.440936727293572,1.0458397173019676,0.011317135667391237,0.12426451677624153,0.3611642689345893,0.007478943248662087,0.12128729877872806,0.32882104099601683,0.17370595825476678
35.32570819560946,0.41541088199822795,-2.2298778378531416,34.83416569079806,0.03191251629598485,-1.5145499028412956,1.224749060357454,0.01956721810210027,0.10762211909961447,0.3331912326526894,0.040220017232916475,0.7944528591652379,0.31317717178159193,0.16884512951935104
28.23746458638959,0.38233024361968504,-2.3293798844002325,27.746569763645113,0.08296431981710796,-2.202948687923314,0.9003534546796861,0.012235908721642739,0.11114292991040549,0.34215411136359075,0.017038801941977627,0.12434885320146762,0.41335091242290173,0.20752424338973083
24.92669882725243,-0.29993540165449994,-2.1781507386051637,24.38821698808566,-0.9872924158594347,-3.33158769902406,1.235375449021332,0.02315172370281599,0.172394821863635,0.5671068176354458,0.02700858040940908,0.6760389248868304,0.7572626418861428,0.16141398797409456
38.9210917269716,0.00019630263729569775,-2.279198514510105,38.413477721121666,0.15004152954688138,-1.5811842747488773,1.2233477662365282,0.01759911654756508,0.14155974427813553,0.45366254706339415,0.014002402445609451,0.2241783399785222,0.33864631171650633,0.146570076219103
42.562657589901114,-0.12362465076885523,-1.40212144323508,41.86985617971075,-1.217374532420213,-2.2825106938878754,1.4176594932415647,0.04808431764181093,0.1778270997698507,0.33337329642511604,0.08023238063607581,1.5528068549423368,1.0568443801006795,0.082810155540995
21.47421509373876,-1.7002337012594635,-2.6174718987623375,21.070109341843676,-1.847408283412122,-2.424356528864125,1.2324605397617105,0.04450385384248622,1.233201719060029,0.9663154742430545,0.046657459651465255,1.572500377857188,0.9446996321609604,0.14450993435479526
46.117226132818786,-2.6106387069319177,-2.848532466556195,45.373603546988186,-2.259457854900702,-2.8480968665938375,1.238653610818344,0.0901846693252894,1.6674872384282042,0.9901613736646676,0.07200121614714078,1.4782340912354839,0.9377969022239838,0.09261092465405842
