f0,A0,w0,f2,A2,w2,B,f0_err,A0_err,w0_err,f2_err,A2_err,w2_err,B_err
28.557561861989818,0.3361038643130735,-2.132464660717156,27.996021629143108,-0.5679483306551576,-1.6807207453098478,1.4416870450092172,0.016579958006544323,0.11540182004585618,0.38024961555079934,0.04769251037572684,0.590288171915951,0.8542482211936486,0.07750988026047073
32.61116212634999,0.39953344054004347,-1.8440082462045133,31.995877063509916,0.3554371789797427,-1.4481616878475432,1.0921043685196632,0.01919954180527559,0.1098810460242807,0.33629482998897503,0.010149794562485093,0.11095599396906317,0.21761800692577488,0.24147756003822576
36.81179654296716,0.17721530685551573,-1.512245604355848,36.13084674702514,0.47808182097102386,-1.31174592775881,1.3580571574594351,0.04093267217560088,0.13578164071198204,0.30468731319889597,0.03625600803265739,0.11013005299992493,0.1415913619401468,0.15456876530736027
36.81955363233181,0.18669827861429883,-1.462549790302983,36.13155917493053,0.46614594476995264,-1.3106859005919527,1.3564097692492,0.0404859672687068,0.13725275156346897,0.2715590876496939,0.03472666978281052,0.10813973467574427,0.1407530415887696,0.1543278550866599
40.9228963559803,0.026509368753934254,-1.9991309592984856,40.32010932730974,0.2854116547149533,-1.3386130025117386,1.3980959569123887,0.02434519312472329,0.1567577380393121,0.46426632853755767,0.03860366372502833,0.11193748689859859,0.1501309305437337,0.10611835424104807
24.662411372736784,-0.5751359138272658,-2.7953827485336866,24.227709011998755,-2.6059411802351344,-2.690478664412402,1.3416358323189292,0.02142453588296625,0.262456660731964,0.6124708923600164,0.0525908382165109,1.73132981021321,1.0006039027781233,0.11862373943430336
45.33915975878868,-1.3306108171321327,-2.5161625483875247,44.600443161554246,-1.040621714651264,-2.000450714137194,1.4308125374438434,0.08624705363086074,1.334771321785698,1.0080632007769224,0.07385314438403459,1.0770100291452456,0.9320339905700152,0.09581307585553797
