f0,A0,w0,f2,A2,w2,B,f0_err,A0_err,w0_err,f2_err,A2_err,w2_err,B_err
42.87742810767822,0.4604318899349922,-1.5692406179142737,42.21021245140764,0.32464102519264126,-1.4017745161287292,1.4428690040891539,0.02400622579047592,0.09232658304678384,0.26697730628185745,0.02893800360969667,0.10474903963231808,0.21058840577425494,0.06491910197343012
38.61797519709587,0.24705719772385784,-1.9171838069610239,37.91673402665655,0.2069158011287185,-1.7301509613557648,1.2821224920536038,0.018806959070570527,0.10448490154130347,0.3270948567696628,0.021712286314709835,0.10568527273757446,0.2913291270748144,0.15768539867017212
34.172601882420395,0.2337007238745015,-1.8183749554134327,33.536751098779334,0.18401456942673372,-1.6355498885980881,1.1012370361507486,0.018693406536815484,0.11835105483727172,0.3586232904976716,0.02525623272415433,0.11424179930304955,0.3083582314597516,0.2303356364259546
30.13940484580641,-0.23759167922387886,-1.848854627176263,29.508158529403506,-0.6832355611719836,-1.75093742528201,1.1410939872792862,0.02630976553125999,0.16312809573974119,0.37750960038746467,0.05370522101592599,0.6536078491870917,0.7817813794110607,0.21141449756778033
47.29694562241209,0.014516770527359613,-1.3997839322148702,46.665082425418255,-0.027658325402660604,-1.5631293163852744,1.309647233465855,0.04060675205584806,0.13620453554449563,0.22706552202323607,0.023516590064198897,0.15074927031997434,0.4078776208095451,0.13633690515821406
52.07990244791171,-0.8280674507697798,-3.7050507015566607,51.32296314996627,-1.3027285303874874,-1.8721654654880835,1.3796544701195272,0.016968334673630354,0.28511635361516224,0.6782116452274681,0.09634841637765158,1.6255742207081814,0.8823569147224611,0.08338563264356581
25.91271967648244,-1.6393862801460244,-2.757451965290355,25.391253383977396,-1.2154433344719398,-2.0844082974828693,1.3312778326952897,0.04636617257793028,1.4483249689062607,0.9664376560036735,0.055566871512749666,1.2090056924981798,0.9634044099420133,0.1537884077020397
