f0,A0,w0,f2,A2,w2,B,f0_err,A0_err,w0_err,f2_err,A2_err,w2_err,B_err
30.21302923442758,0.45147330755251586,-2.380611722371172,29.71738772815525,-0.12016512703870252,-2.6799032273102137,1.1720467743861587,0.012121846618716587,0.11334804543570491,0.32085577287695605,0.009142997893609721,0.14855369137334784,0.48172495643302493,0.16149524310585547
33.607878019840314,0.29266696015766674,-2.3476620073327332,33.12321588712454,0.10939977566304943,-1.965008272316055,1.249953557138319,0.014724805972313517,0.12142406117951521,0.41787542110601134,0.008966363531477768,0.12497831454094716,0.37201803772795505,0.16879364304858985
26.84815683210864,-0.08396068530540518,-2.477177083039129,26.409018261606704,-0.43202582278185464,-1.756240255200527,1.0706405645243187,0.014980010567967076,0.14575940527132739,0.4383893906397963,0.037138358903118056,0.25276042285493716,0.5815972487435099,0.19324327897980673
23.68987003361437,-0.5101516038796171,-2.5701249069157215,23.239289216059518,-0.9108651187257157,-2.5078438272602344,1.0160159601457024,0.019718403440926523,0.20386709292541907,0.626822009359201,0.034753754263641856,0.8404089074176931,0.8239247671137522,0.1760844522107946
36.89613397177146,0.43848022208321,-1.433661095394955,36.46640210208966,0.108065850380079,-1.4817754006091544,0.8617418942052344,0.026301418608383326,0.1043139400808511,0.20166581684004906,0.012457378347415265,0.17596308531167099,0.2923274596795163,0.17028590777743619
36.899369398271,0.4230367926583145,-1.4345756694946907,36.466568980858305,0.1486841927651512,-1.471098830480066,0.8255268547724709,0.027599005980458856,0.10725904528540639,0.20373237074687756,0.013609741437913353,0.16595559982543814,0.2796864752299698,0.16094372911594726
40.391200944028796,0.12478308578195754,-1.3356894925076763,39.743655799713935,-1.409392650732683,-2.345609067010843,1.3380962674461592,0.04261274297605845,0.1258696891468112,0.19193201206310206,0.07433587561421122,1.3231714217800121,1.0163650127312895,0.13975744719764233
43.96174124765403,-0.7947879015399444,-2.0578826976676377,43.32445504552883,-1.232208069587631,-2.0041860936953064,1.2589942401360843,0.052070983847974615,0.6254400006639735,0.9429461165559987,0.09165453015431264,1.108308705090458,0.9408354867063178,0.14810805561282053
