f0,A0,w0,f2,A2,w2,B,f0_err,A0_err,w0_err,f2_err,A2_err,w2_err,B_err
37.014086698060616,0.3755140951821363,-2.2827821558698753,36.39298047337433,-0.19359167387020054,-2.1284927822472106,1.2444123282113657,0.01423888104604221,0.11852101916258136,0.3473833398744663,0.024492905003824585,0.187872906927177,0.5758798155018123,0.164456523031147
41.214891290786035,0.6350710981693609,-1.993530906293622,40.62060528448691,0.14095544769961194,-1.6951730503142248,1.1174499237039128,0.01783222181383201,0.09828675282240022,0.2986073206225273,0.014621753682696893,0.12996173316029067,0.32198548892434076,0.1826071843306966
32.88645816187338,-0.0014804863895578613,-1.952432741931716,32.34487671674397,-0.26414599903538166,-3.2732998241645372,1.3119879676805153,0.023732043933082494,0.13074326724396035,0.3566545831615337,0.010525172627857186,0.20269195478889215,0.5868866237481054,0.12452050315452151
45.38252019554791,0.08938930822325727,-1.8265217031488075,44.786196602336766,-0.4593738320783489,-1.9619798884573916,1.4007746116056472,0.02498374144732815,0.13096157447752405,0.37876701881877656,0.04939611732382416,0.8274215756510505,0.6541353543683834,0.09302288317024768
49.55520489044692,-0.35888359933007713,-1.540568384426241,48.84310196063625,-1.2549409159256844,-2.4435373092212016,1.3946083925195971,0.057966926411193546,0.6232038669804209,0.5053976157084856,0.06749418891172908,1.2237697851135143,0.9753865105396413,0.1017597938831833
29.04953201105546,-0.6502542509412848,-2.8122499943735937,28.449326097150806,-2.509280597034003,-2.715660891414449,1.4234992274400948,0.023321128103651972,0.38880284960672123,0.7735879336329757,0.06276815811978684,1.7114597575294324,0.9810893678158025,0.07281881134210154
53.70488342480969,-0.8484440234115285,-2.1762871510272275,53.086772595045936,-1.260398772611354,-2.1430114339534185,1.3123573997578302,0.08236469587594612,0.7516689332042658,0.8674150403932006,0.08929407567347328,1.4808423804373378,0.9876640419537993,0.12898338388429004
24.91841773650865,-0.9517776921730227,-2.1843610986656685,24.416541025298145,-1.5059003055169036,-2.1159264643928437,1.2597032620670454,0.05388091202464633,0.7271826977425321,0.7117990547937364,0.05457507809816923,0.9364463626523707,0.8648910069797915,0.16072077188564018
