f0,A0,w0,f2,A2,w2,B,f0_err,A0_err,w0_err,f2_err,A2_err,w2_err,B_err
31.589043271842943,0.4127542390222141,-2.069370402825754,30.963719966147988,0.12893322594128737,-2.04222840706693,1.3619264080748597,0.014415629655225129,0.09959238438646364,0.29941536326601026,0.01916595192795614,0.11864059626888339,0.39125173692043325,0.15457932046021933
27.814352705521483,-0.06481638790964796,-2.0835620631696234,27.227348511804262,-0.3315993583471209,-1.9196310241180803,1.3617654835877535,0.019405237699068052,0.135372139115143,0.4499570996909425,0.022840704877607386,0.19081526785052963,0.505064367609561,0.13710653624509983
35.68847780052501,0.6248760615852773,-1.6173950611108234,35.061115114426066,0.4978179077692364,-1.2887854730144432,1.4199209946216593,0.020223901319195058,0.08441496281125709,0.26223877158966474,0.03296842058114072,0.09743822347697349,0.11687150963115964,0.10410391775696066
39.64277798025304,0.5767134080089077,-1.3814488077300175,39.02554730055627,0.4120435902733783,-1.424069490577472,1.4430040796085608,0.026232798337183894,0.08781614109749314,0.18172953210293807,0.024588579372212045,0.10100869349005788,0.24528627677902023,0.07265726055559515
43.72221973306701,0.22207792159808956,-1.3921098278027568,43.090562609595246,0.02244097005795557,-1.319467252613142,1.397376854021059,0.024753790869176805,0.10644372844248884,0.20891158381001218,0.06598127992603461,0.15165752467580654,0.1505357254565945,0.10385921204370811
47.78464418430127,-0.16736355878254155,-1.3673772944756917,47.005186045304626,-3.599439412051664,-2.6601095331076916,1.4456662584304907,0.07138687371288284,0.31271448923707973,0.22797634076841927,0.09547306091137685,1.6357027439965126,1.024206872444985,0.057760480053994444
23.91589221265461,-0.6513022941993509,-2.3568461096681865,23.491637634097252,-4.094163985622777,-2.953096467961572,1.361902482099501,0.031209447974589095,0.2541721724337922,0.6751386631176778,0.05130471656331734,1.4868138496433432,1.0102723198356243,0.0998778588615829
