f0,A0,w0,f2,A2,w2,B,f0_err,A0_err,w0_err,f2_err,A2_err,w2_err,B_err
37.466504171020276,0.662749671071462,-2.505892014296768,36.889009730728496,0.5765863891606935,-2.5159702309724827,0.9966159785212878,0.011476444477714195,0.1310919465103801,0.35871100892397983,0.011553102962428459,0.12752366875294585,0.361348241297646,0.19844747077149863
33.31542459157593,0.5617018430171318,-2.9511203303877394,32.68332840989964,0.26057511718244264,-2.2504485673204973,1.1856890567756495,0.009174431244506474,0.16380641005051014,0.40927090381511366,0.01562345351766247,0.12627045087784192,0.38872714868257513,0.180392840438319
29.26348956617614,0.09614773342382413,-2.5806639950002146,28.683498521976382,-0.8147258829316233,-2.4515917983551363,1.407248128081324,0.014018934440873295,0.14965905261457962,0.4719528455040942,0.045403076998334006,0.761248768009066,0.865722953899728,0.10798034756094485
41.63618268680808,0.3571018989048886,-2.195612536692625,41.076756533977175,0.3654272300616458,-1.7199504835905737,1.1042798369166804,0.016875154887330324,0.12060976356816688,0.34709864983650834,0.02015765256385008,0.10379980286074784,0.285607801808771,0.17773947371187232
45.895243983815206,-0.12759738940349713,-1.9739730215256368,45.25693321160762,-0.6037950995290027,-1.8603058361960165,1.3449790930686547,0.05815654286844266,0.2893782293443108,0.5500420725436317,0.1024285177909474,0.6113461697127522,0.5011444791241394,0.13097285320841143
25.296981631276903,-1.3976226393767117,-2.48027127422075,24.794033826664407,-1.7616939239097755,-2.3049658881121493,1.1279003636901215,0.05843414788228875,0.9246180373275876,0.9867095623633664,0.05742175114761017,1.2274923777001394,0.8410719069609527,0.14533567510103482
21.371863069578744,-0.8029484507808771,-2.9010249615961623,20.962993052647168,-1.9985686975223855,-2.9990304189364116,1.2072428472907495,0.02371688980112736,0.43158013322279287,0.8260445205317434,0.0432508149392192,1.5344083507526898,0.9648664064457652,0.14084582149894084
50.19382704155068,-1.1979965303206945,-2.176684446050037,49.449900626074516,-2.183340363885554,-2.510838318919237,1.3124822689436595,0.07614451380865232,0.855518458283895,0.9298376738943694,0.10768190095405787,1.5181341462653888,1.0021444793241872,0.11076973948579377
