f0,A0,w0,f2,A2,w2,B,f0_err,A0_err,w0_err,f2_err,A2_err,w2_err,B_err
122.78216525410117,0.7229999856448455,-2.249216660510119,121.39432595100642,0.5905675931099399,-1.8914997557267599,1.1354761474499449,0.011095390278520445,0.09014265062211008,0.23914989546683282,0.012697833591309068,0.07343452143535974,0.21801849541652563,0.07585455370137187
133.64553860246974,0.9324985150352095,-2.2976967801750714,132.214577481751,0.7957102497445968,-1.5857309757903697,1.241285293919366,0.010864466978935191,0.08895871461403042,0.23372102720619228,0.0032652165187881488,0.07022337193844058,0.1988189870079525,0.08345106111105591
144.5578027565286,0.6902675337595386,-2.1486344319963524,143.15764119715118,0.6017791764863089,-1.453520395358745,1.0997114914118384,0.015492456251338632,0.09432679365889864,0.296889169016722,0.2604895965658665,1.299776879278809,0.7578383238167584,0.16023326225511875
111.84843607302304,0.26679319320891065,-2.255387618573133,110.43641981418774,-0.1299172062302681,-2.6131870462390965,0.9443288751928391,0.01200066641497012,0.10039689308120012,0.29628445725219954,0.011235532178832443,0.12269348768966147,0.372900930548795,0.05671472213853391
101.34172020008249,-0.13143002654768526,-1.6179968598597476,99.8857314177886,-0.6227343869505628,-1.857491767761052,0.8242338147181494,0.024324449441430876,0.10166470705589006,0.23760781280279045,0.029433262524414996,0.1833521015243652,0.5468524291497942,0.0550353577018547
90.75845240891104,-0.7143828540350109,-2.631233204465902,89.28310968257162,-2.0432426893691744,-3.1504066629563297,1.0394093676189835,0.02036232555749921,0.19854920583715466,0.6201989538234555,0.16965941006152846,1.67479244909405,0.9086497343892646,0.05203481797552861
155.7323988813624,-0.0020814284863263713,-1.4356313361367259,154.24574794784598,0.20274358914446386,-1.3520847855057216,1.1386576134264836,0.04033964278454388,0.46072141966377844,0.2655693428992462,0.1998992865820692,0.9514134860670402,0.49856140812675187,0.12448737553911175
166.99119707753476,-0.5162386279841249,-1.7517488925739855,164.9577315257452,-1.5071937087369833,-3.1043720539926705,1.1744039767638363,0.10182631706877625,0.20550709504752612,0.5101843261069694,0.1596044013934978,1.5969260068742324,0.96963216637234,0.04972993053217941
