f0,A0,w0,f2,A2,w2,B,f0_err,A0_err,w0_err,f2_err,A2_err,w2_err,B_err
38.10076337197283,0.5637183556780313,-1.9410797012978425,37.44686557034349,0.3764623441034004,-1.4810070815692706,1.1566769305025897,0.02039981735508517,0.08986757224413819,0.28784746084568447,0.026279948769308354,0.223223188994996,0.23144158344946153,0.22424517120701437
33.73991407462378,0.35906618642267896,-1.758001556224666,33.0604829877903,0.1465098729113888,-2.289043939503541,1.414279863624939,0.01891815638060617,0.09070148247424918,0.27704018646952777,0.015356105262558302,0.1201275710622684,0.3814134727571853,0.09888793803978473
42.37322969483483,0.47201255294526423,-1.388957827874532,41.62112555364884,0.31118162515238085,-1.38084906274801,1.4210389478198029,0.028242397423652397,0.09839938730190544,0.17528382770044018,0.02758213815687379,0.4437329057024234,0.38330600815843746,0.08666662340536001
29.626474538762686,0.060164482936295255,-2.2116757186791016,29.086867093390627,-0.438208708726224,-2.126916848582109,1.388734543205647,0.016752291560831082,0.11617239635404654,0.3434459291208781,0.026555001718058725,0.24164447181966453,0.640126724096405,0.10613080713538192
46.78535295641608,-0.3022752131596043,-1.539411535383255,46.138926568548186,-0.31561468841623813,-1.6955621356245514,1.4314521366928636,0.030939976222705817,0.17223246929749253,0.3505420433787371,0.03748482557613261,0.1937817071949203,0.4960106307466242,0.07477179300869238
25.53760766846292,-0.9887660556407893,-2.477882607131485,24.980070372062322,-1.9558910818589355,-2.8028691350987236,1.3094924788125306,0.03174809032875709,0.7201658754082895,0.881361315977544,0.05693205927289794,1.5466736866674315,1.0079898673317718,0.14169893089442256
