f0,A0,w0,f2,A2,w2,B,f0_err,A0_err,w0_err,f2_err,A2_err,w2_err,B_err
52.72196612277463,0.5660820187775075,-1.9758279691580043,52.03565006261579,0.6129611591920137,-2.0885895235566556,1.0843705715279175,0.015380133069230898,0.09222399901022323,0.2812078353242598,0.014572479497889292,0.0992789965711357,0.28382036772308067,0.15426030531502974
47.52297680073699,0.6998787210726736,-3.0936368251547086,46.82638874578157,0.10081292574020713,-2.6410752417327155,1.1340995637276245,0.007423758257468843,0.15850563264660356,0.37905747853421595,0.01210855307313368,0.14642015772986025,0.5469980165818139,0.14565887073710818
42.26546727711419,0.08089537153194498,-1.8888396853711935,41.51144793911701,-0.37108312808234994,-3.243766222193027,1.2062776096135284,0.021177437740661362,0.11901458682426447,0.36978800625685515,0.011011332909765376,0.1980649627413491,0.6270982648460909,0.13832177819460673
37.32977062030862,-0.3350966518688065,-2.8460573777660567,36.6406637443434,-0.9343722480929586,-2.5150165820024366,1.021553740928448,0.012197120030265926,0.17544825945988318,0.5807919259773706,0.038551071449828306,0.9092455031108138,0.92213290299546,0.13319351521171494
57.991756947826374,0.3470970119727721,-1.610049688258608,57.314940255007485,0.20733637433531,-1.7438122905568123,1.1111931233148256,0.02539559186014849,0.09282846071610201,0.27785161646921874,0.012855167942902711,0.11702392122276023,0.3849254866868676,0.14317420486185573
63.372584770977916,-0.15892791853713728,-1.3879191426781858,62.55641584971885,-0.14657314450002418,-1.346864042396734,1.2150486978936235,0.0592012363727804,0.17454617931177882,0.264610197199154,0.08598515056730718,0.8381176264511341,0.6763225305181455,0.15033829208531177
69.10106617644263,-1.6463736430058211,-2.479331548145163,68.14673853951615,-1.0029321943718195,-1.8422451719056365,1.112712339209941,0.10652498768920084,1.2262590772165487,0.9678040109701411,0.0971382678076332,1.3774860411077445,0.8741133613974726,0.10112757170472524
