f0,A0,w0,f2,A2,w2,B,f0_err,A0_err,w0_err,f2_err,A2_err,w2_err,B_err
38.41473926512504,0.6017730072376415,-2.808430728052956,37.75598194588158,0.23168901842045753,-1.7890803751863174,1.3857209865142828,0.009703315067144754,0.15149220286575849,0.4127497740201504,0.023913817929567982,0.11972899831992763,0.3870652000740074,0.11279593167669266
42.6932832269924,0.6078474557674314,-1.3952256298965773,42.05306390648622,0.37819343251216925,-1.6226970964541105,1.200577008188107,0.028233090883280586,0.09218483073035207,0.181230420961648,0.029013119726607334,0.11122843193546335,0.27638464109574484,0.20938616865945997
34.01123118734242,0.19273009933828397,-2.4403202885937327,33.31900995219404,-0.0409027240596629,-2.2583325713042557,1.271124978991884,0.014708537996570917,0.1417574942318416,0.39278228356742845,0.017775442061076077,0.1700555872580113,0.5371141126404102,0.17128113897461397
30.0280951881949,-0.22575096162365169,-2.615747678174506,29.426925778879923,-0.20336917180734004,-1.4404313961234843,1.2259875892041365,0.017292632401841267,0.1852281336187264,0.6087917482687402,0.02363851019278008,0.20044057881075683,0.2747983057931975,0.1785627280143448
47.171571521834885,-0.19327281953711375,-1.5347052619860766,46.566856837303725,0.16881703477511237,-1.3168863391681929,1.3946546050321262,0.06503176247369474,0.29382834367746163,0.6257914833188682,0.057808027908948394,0.15690071828451765,0.14375107056086894,0.1164354321948048
51.49239869386616,-0.3775779093301078,-1.6713161894535749,50.74584026614921,-1.7761142920702564,-2.074156667234041,1.3843704826173449,0.05671964594142509,0.32962745821663214,0.7045088028427157,0.09819410178105266,1.373422702026113,0.9844246042192387,0.11132589840862714
