f0,A0,w0,f2,A2,w2,B,f0_err,A0_err,w0_err,f2_err,A2_err,w2_err,B_err
93.26365779345741,0.815917257765574,-2.1921870694415415,92.14625292463668,0.7940368866443122,-1.6040034102350733,1.0399839697067033,0.029263702994234392,0.09580496305542807,0.24634739372289113,0.0716217156477001,0.5496909224795749,0.20028667138637593,0.11552907726158901
84.9812448524893,0.73945877227259,-2.434042419358151,83.83342329113613,0.4675664133075784,-1.6897968139610713,1.0553171106220938,0.010413030414240729,0.09901140152657488,0.26414710356547677,0.017908164734478864,0.08049626697037428,0.23637287895565837,0.10371093068455416
76.63487096887205,0.2660157120709348,-2.217765972711092,75.52669330114153,-0.09962877172063637,-1.5126757758138243,0.8321437083966228,0.012865682365286164,0.1031907720120714,0.28745612134875337,0.0269546540842756,0.1159591241572476,0.2505031398824032,0.0830195002902574
68.71275545585043,-0.18055396355447512,-2.204974623629886,67.56807212199799,-0.7997525733210616,-1.9166755971544331,0.9275786200209286,0.01685344802310226,0.13683877040795392,0.4621398018171269,0.05367132072626095,0.8428229643342257,0.7470399611093143,0.09283340681360769
101.61992968626717,0.6133015564492701,-2.118686253978785,100.56266569886714,0.5914358253210349,-1.5769486041209908,1.1840527579461673,0.013555629969412416,0.08883019575336158,0.2431645842519802,0.01514859793780411,0.07852391850538647,0.23064835898746383,0.09953567581306073
110.08817113244328,0.014996755568447498,-1.5390056532887835,108.92551972600602,-0.35106167122857806,-1.4239051775883902,1.2634453509041297,0.02613166601216138,0.11222212246907491,0.2526076222190817,0.14522441486293583,0.8838356337832975,0.7989915394513277,0.10815251540939558
