f0,A0,w0,f2,A2,w2,B,f0_err,A0_err,w0_err,f2_err,A2_err,w2_err,B_err
33.690635235838116,0.25281353665454404,-2.3006063521721125,33.04974119042829,-0.5365852072780344,-1.8869851747659212,1.292759682097885,0.01656029285019323,0.12661948590463348,0.3833042100895931,0.04636134391317849,0.4472193085981412,0.6977632982571195,0.16021328162889883
38.031874497090854,0.43411808689326736,-2.0797054764537544,37.36931476441838,0.07775411369443042,-1.688396017204564,1.2796011854926266,0.01640360815685495,0.10752652424950447,0.33729723204079226,0.03174168734601809,0.12681302090303256,0.30644813399041937,0.1586195840193966
42.26426329469385,0.37441693295154777,-2.0683101280572966,41.65416328125633,-0.078413599841941,-1.847042518264759,1.135394379638171,0.01745399329514775,0.10694110852675728,0.328948265549237,0.028055077978354506,0.15211210377647236,0.4328889099857145,0.1637787604659869
46.61350614231181,0.24013949577868607,-1.4091091353585916,45.96440263341359,-0.010971259927880339,-2.0534042511155466,1.355196491072494,0.03715292526394892,0.11162872717862983,0.21158237283709655,0.01908730142240863,0.178386706257831,0.6811989572985226,0.12976740696283653
29.68753432177029,0.10728678884127817,-1.7422753830278028,29.071830614327084,-0.7361953288018359,-2.5830833820151664,1.290999355438068,0.0249941102128842,0.12270456922423136,0.37326542220157116,0.027818152981067504,1.0496455360063577,0.8510523466858955,0.18041640705437795
50.91228995058356,-0.2771207888166587,-1.6072783831643367,50.199824782869165,-2.2567053534402093,-2.4765473410027177,1.1509535383599367,0.039388227240775786,0.5839462740982436,0.42788474080012756,0.0935627036915438,1.5352820623113934,0.9551862640898356,0.12442858819199112
25.497763325361202,-0.7334744491006155,-2.465461340476943,25.079878422303672,-1.6554822496506136,-2.5808727894726617,1.0367858431319212,0.034947670196098346,0.4181685750384561,0.7702798425144759,0.05531481976839265,1.3340963554237453,0.9475273150627808,0.15378533244821055
55.356178067799064,-1.1952189894980458,-2.684232941089948,54.558979143199586,-2.887264227155822,-2.7153670862793593,1.0478243879659528,0.05910513172199793,1.0384146348680159,0.8517532452373295,0.1025445625230712,1.4705277875945297,1.0154960037938672,0.08519010530621748
