f0,A0,w0,f2,A2,w2,B,f0_err,A0_err,w0_err,f2_err,A2_err,w2_err,B_err
61.80974671461552,-0.016530982432552757,-1.7946405978526083,61.015848541514764,-0.5213317776532937,-1.6388823541142288,1.4028949187457904,0.030163473807162527,0.12442437292721147,0.34373874676583555,0.07255522405725195,0.8653483841025659,0.6858469394540966,0.0863708617810075
67.79621809724769,0.46716461895958816,-1.8544019734697192,66.8881512385235,-0.6456485596207815,-1.6351331781033718,1.348633126447299,0.020184034154304635,0.10523757126505547,0.30899068155807335,0.12656218448090858,1.5088720599364895,0.9999593796883703,0.12040807852786649
74.09345104833403,0.3722484056840147,-1.3667686733940088,73.24078322039747,-0.11480671138749682,-1.4135048668404664,1.401027810456902,0.05240592854132625,0.1623577158912761,0.232174990294932,0.14853278571333914,0.7916568857994877,0.9791919073263743,0.09454616215141054
80.30497076281503,0.5225036691516973,-1.3244379465634308,79.41727899614808,-0.058765179112228366,-1.3445882172042858,1.3924431688659658,0.03925650204128834,0.10810911041223578,0.1461644558226639,0.08419572410038818,0.42289426918344875,0.2587209428917403,0.09365221645395479
86.53786406351635,0.3891066759220374,-1.303462890673964,85.6215144035444,-0.8430197371544061,-2.0532043943079237,1.313651253332893,0.04368633630401996,0.2148099955788419,0.14039835123978048,0.12650177013101693,1.2960550122301862,0.9539220953564121,0.12145884894088621
92.78640189683682,-0.2663856446598496,-1.5101843318818968,91.64329404328743,-2.656129947026601,-2.811192870937618,1.373245832945522,0.07042017094224642,0.22627136956893212,0.488142196639023,0.1594650559526402,1.7180888648541133,0.9960570211734439,0.07949290464445774
56.03491749354588,-0.15688540965701536,-1.6561395356986708,55.25214360048901,-0.7436045080231627,-1.9230080707716901,0.9890476947511981,0.035016282297850976,0.1426501346215115,0.37324677137868656,0.05936247553235066,0.6313046152020316,0.6926030365231852,0.1201078288488645
49.727868725362136,-0.4003485368180465,-1.7749306126987645,48.84901962125229,-1.8404550415729979,-2.5068235831726406,1.0486722302319458,0.04420795251076963,0.25988170290627643,0.6783780004556103,0.10349955335095551,1.366113360691334,0.8847501830033477,0.11788544516083177
