f0,A0,w0,f2,A2,w2,B,f0_err,A0_err,w0_err,f2_err,A2_err,w2_err,B_err
196.57866770023531,0.9028323660991078,-1.9574495872304851,194.74708527127285,0.8823269784865111,-2.0253897530917087,1.0032299746568423,0.01296040472057344,0.07730097232451547,0.2125688012022569,0.012858225991916137,0.08291994588914516,0.26834795560348623,0.07076285010006406
211.33564398969364,0.4972130943560585,-2.0409787791950067,209.33854072160506,0.6012420178322904,-1.2426783975304148,1.2860154444440821,0.014944975046324515,0.09357930843643639,0.25180831672110937,0.07476432710273957,0.33962738378563345,0.17733817023371784,0.07304644381225646
181.88099466418493,0.8467201867205641,-1.957508282490361,179.9724201583993,0.6193237210127795,-1.4548490109271859,0.7836572854395537,0.014785841330334192,0.0802982390912623,0.23149666230290478,0.19452845835176272,0.7474785507593168,0.6655025961633129,0.19089533798614353
167.09341818728143,0.27280581531059467,-1.8024216578301213,165.17651025040172,-0.055642524839989195,-1.5026600081024064,0.7370427764942314,0.01650927496544845,0.07885125946189311,0.2396525090256413,0.024635179240829086,0.0975268407120923,0.24374403864925542,0.04582069630876046
152.58337349773615,-0.2678598649462602,-1.9041796593941165,150.704338145133,-0.6288421356193599,-1.449519653666895,0.8520671559849721,0.023138430582443904,0.11580378116371096,0.3407470770652727,0.0822239026497715,0.40993505851582734,0.39706889294516334,0.045555437779332714
226.29129133432767,-0.2999462812553164,-1.4758202573051271,223.559138074151,-2.255839303983578,-2.477039749116326,1.2972020030547724,0.07483712087420362,0.7045804212924889,0.3933752002028444,0.33471518040522885,1.6014683527342741,0.9745328000936799,0.05364825285113014
138.4033661512213,-0.5632665824731363,-1.7412335950878686,136.43256804024287,-0.8485492188855306,-1.70223456521831,0.7929412619239369,0.03327405251462474,0.16085150721859,0.3958815915321039,0.07602819958773052,0.4178421998179441,0.6151601107836381,0.04784625720019435
