f0,A0,w0,f2,A2,w2,B,f0_err,A0_err,w0_err,f2_err,A2_err,w2_err,B_err
30.25266164881088,0.04975924431010669,-3.1186060261871553,29.662573148678145,-0.16155854900718053,-2.435851378776624,1.1160482423554223,0.008488868333614051,0.16154622516984052,0.44558796506303083,0.014892629052943026,0.1469291056987059,0.48320498921661215,0.15425185488882
34.069080381840735,0.2204187251120256,-2.7233960555598085,33.53751772131751,0.24959679448997127,-2.729347057037374,1.32429401119018,0.010990332026993678,0.13129830710988166,0.4014521271817355,0.010460527156470367,0.127194101176141,0.4050844456751174,0.12808486658796905
37.823967041336324,-0.17032295258901742,-1.8213666275537017,37.33492770138979,-0.10060125377445188,-2.1292353588701842,1.1162931543874364,0.027607571820376122,0.1502510580966395,0.4016875879293482,0.00801622922090311,0.12753676631839064,0.4126516200391985,0.1340788494350299
26.548687239802028,-0.4552774093772528,-2.1028836184905773,26.058338657093,-0.7862137156146832,-3.3681855930916322,1.0761575076728005,0.02661725062484446,0.21151655624461435,0.6382332101488238,0.013622744206035164,0.26086401422948763,0.710541345042246,0.15168899570334843
41.844429443859156,-0.6632590522205344,-1.7223584834700705,41.25457823975127,-0.2364328223917313,-2.3366188986803365,1.206101035884665,0.05766521167419124,0.6351512080135172,0.6933099387002859,0.01738792538828108,0.14988076718068535,0.44705425412736965,0.1397032595666929
45.662096261132604,-1.3320868827863763,-2.523461659641349,44.99548303935543,-2.372107000700294,-2.3768448853821167,1.0027608006080524,0.058016727455632536,0.9301374653734493,0.8590071623805905,0.09746739554904292,1.5812953564976522,0.8693178378442162,0.0805270152277445
