f0,A0,w0,f2,A2,w2,B,f0_err,A0_err,w0_err,f2_err,A2_err,w2_err,B_err
30.555695022584764,0.20845487904799576,-2.3238476456399844,29.951734947749983,0.02220309516038507,-2.1825147867086425,1.405790280045312,0.014399077424963078,0.11672991758846449,0.36841346530327057,0.013801833793577996,0.12941141645329274,0.4445291725332809,0.10227056379047916
26.62955861637967,0.10125168078939918,-2.1252606599930153,26.101791024998093,-0.17390832673739098,-1.7065437203676377,1.3333505926896503,0.01822090219219083,0.11291388160745928,0.35487346144411613,0.03109025809812539,0.14458647775121639,0.3409723954301381,0.14055161733502353
34.446884354110374,0.4292530068790125,-1.481029838836214,33.788983458889085,0.32682764949567045,-1.6615470582093266,1.333663885816129,0.024878446746491933,0.09090490436771075,0.20543914877745978,0.020841510589405688,0.10547211554708329,0.30475092095240436,0.18689053143919565
38.42436449666402,0.15126874604156063,-1.6322289567692652,37.68409947272358,-0.17670404189027136,-1.6222229436125277,1.3428471775359068,0.02510262752602414,0.10891474239464043,0.30321621656492287,0.03184821693798364,0.3756799730596579,0.4401215616158073,0.13586253306349197
23.07221419518632,-0.8129930771030554,-2.2187026978299813,22.58183240954679,-1.376730495401064,-2.073699794904238,1.3296856474872185,0.04135163330150872,0.4675954261541764,0.8819354833793985,0.05482006814452214,1.067213438658888,0.9123354483626739,0.15193002956474572
42.27466291552178,-1.1669089317830055,-2.2927428604743225,41.568570005034985,-1.901231756943355,-2.2341255057175866,1.4479309342872715,0.06255738364250972,0.9208281674021618,0.9967639654318937,0.08592084656618516,1.8876513699507675,1.069724983949164,0.08273822740797196
