f0,A0,w0,f2,A2,w2,B,f0_err,A0_err,w0_err,f2_err,A2_err,w2_err,B_err
45.42900548001372,0.491977259062386,-2.2962885246819718,44.69901262923892,0.42975322367353486,-1.3553348061896706,1.4375687741919645,0.013875537339635218,0.11462266448300569,0.32244105911165283,0.02962508449112628,0.09275592970562656,0.15958165389746898,0.06715014035888256
40.78970930106614,0.30016550135079867,-1.9096591141660224,40.12813113682111,0.23831577224863046,-1.5603253423726433,0.9946910510522942,0.01711345721419497,0.10374867345682731,0.33731345850034605,0.02452776185827051,0.1011587067878814,0.25655728128607413,0.18657479135988547
36.32705823823579,-0.049964797567061646,-1.897048675921122,35.6606374319579,-0.356236536567331,-1.4894566007534034,1.2818866768969028,0.02380133602488967,0.12751381204087536,0.35570345307844503,0.06602993791925905,0.7176631613978436,0.7426310492845136,0.1804261743451943
32.067733160560266,-0.7347935111163312,-2.414505231818607,31.467965884281984,-2.3636092518739553,-2.626597029795973,1.3777782765897255,0.03949803817577803,0.5928058435407914,0.8248376050761947,0.06827652838888341,1.4503540294270347,1.0225456832160993,0.10932096813459428
49.993538750794826,0.20696746359140078,-1.3947994661332863,49.269732772433485,0.12753079191134012,-1.4723308143457092,1.4175784426352496,0.03570179000000362,0.11501671157741834,0.19868189692259755,0.018096911802376766,0.12393059507253261,0.24874953130656646,0.08363950764880755
54.66220671947811,-0.2043784545287226,-1.744285868238292,53.95516223075682,-0.13369574989070065,-1.4757323912255158,1.3373052891117134,0.03593773410358216,0.17014965649703812,0.48143314904730683,0.022431543994638457,0.18604321108574257,0.43160755637172443,0.11320129446643935
