f0,A0,w0,f2,A2,w2,B,f0_err,A0_err,w0_err,f2_err,A2_err,w2_err,B_err
91.3135999659554,0.45941230314161796,-1.357293300991972,90.29952104582578,0.2097162603057675,-1.3674587939309866,1.4419097807227528,0.05638007295032559,0.15810535339033674,0.19267715833686663,0.17021946640028776,1.9003077907537735,0.9543699440063635,0.0627531371726056
98.93422512500851,0.6525489334864493,-1.3409018990958026,97.84917515952912,0.4908949632404821,-1.2958140160514617,1.2453974516334432,0.046247981950332265,0.09505383149541086,0.1713247347324373,0.04574132534444063,0.5580918389805347,0.44484727469757246,0.10665579093200356
106.50135663816312,0.5252041736409337,-1.3011470752403498,105.38041558751841,0.08578967502869556,-1.3259873761868939,1.397234874787972,0.042798223558362034,0.11499466463261694,0.1351897642399457,0.1156824709899446,0.7342322753604115,0.7255064200243211,0.07586227733875418
83.71938336863332,0.40847673026244746,-1.537206925052577,82.76455889525471,-0.007625806997475842,-1.4667213891492348,1.0947746554260658,0.023310507932927597,0.0805829747113044,0.19738253291727795,0.013015398884553017,0.117342161359714,0.2230960980782869,0.09887763949164222
76.3938277913143,-0.16715281588585085,-1.6437060297393329,75.45221727206952,-0.6063147343934726,-1.9747509696698997,1.2135315232976194,0.03262435564607241,0.13445286492263486,0.337340417926146,0.03811514183632972,0.3055324567787135,0.6303827228061128,0.10748849930024089
69.2445839214069,-0.5782012909248766,-1.9972031967030097,68.11853433210769,-2.2130730358829407,-2.705168042047884,1.0984762567119775,0.03567523529104417,0.22203537624020775,0.5567705828329083,0.12849504022507993,1.6042649150967103,0.9770276059166789,0.07652316658726237
114.19086949307201,-0.059446106644254884,-1.4709624765477667,112.58485963146897,-2.3726312775893037,-2.535311442891401,1.4590981437046213,0.035058555346392475,0.12452531548293179,0.2814489990234128,0.18255439414560312,1.633100008533728,1.049121549319623,0.04262752909238949
121.59023380056598,-0.6453742136676323,-1.644236710769166,120.07911509730346,-2.9996080272721057,-2.7705229856366205,1.383217584423574,0.11003452838749703,0.8556362313260863,0.7993307336643906,0.19760116677496853,1.399044509303902,0.9793921482634023,0.0627775908408955
