f0,A0,w0,f2,A2,w2,B,f0_err,A0_err,w0_err,f2_err,A2_err,w2_err,B_err
40.73385803987227,0.16799566426827678,-2.488797360212792,40.05039313539368,0.13107304704969502,-3.1834352186294135,1.1666850365808332,0.014472099343413624,0.14840244430797733,0.45438141191958753,0.00902866119377713,0.18236613127313075,0.47661386978589804,0.1425522065008797
45.840872873770834,0.5740781272386615,-2.662659255010591,45.14043364771843,0.379691013748728,-2.1788554597247383,1.0056125879258726,0.0104261930665097,0.13915702872269792,0.37595590301272935,0.015117631722096157,0.11136632722580214,0.3589125706876134,0.15451341633490862
50.84994255875475,0.5875045604055134,-2.7041932390575236,50.179983688799986,0.47018296253337577,-1.7465426717788424,1.1247847124683714,0.00980111600140127,0.13558836110906636,0.37651654483265073,0.010688661067111332,0.09893534246826301,0.29274869969558603,0.1619520224575728
55.988799832132,0.20696738863530534,-2.111328903461684,55.32129784151017,-0.20915171763449653,-1.7296176513550916,1.0439531910654902,0.017177840245999488,0.1117763985105466,0.3292577922537197,0.040988346415191015,0.5139844357207551,0.576348738829305,0.13560308872965585
35.9947732051391,-0.5873173450917206,-3.3922213369001364,35.33964216671562,-1.3355254857954573,-2.2033543786170338,1.0809844340012058,0.011442276424406584,0.2367159270499898,0.5437367588626304,0.05940851052734041,1.5198468336100863,0.89199575166476,0.12606514363229196
31.043936563755928,-0.9182578615308086,-2.4078923113820565,30.497552193573036,-1.807302072992988,-2.491014888877643,1.0783197425066555,0.03927244137447286,0.5186322674674216,0.6988160909545442,0.07192776232820598,1.3297010053050053,0.8905161947015974,0.12510859101153496
61.08610538759637,-0.0660055853670793,-1.4288276523322225,60.42724702092623,0.08542946245058866,-1.35987099537971,1.035184702313989,0.0612853448472696,0.6434161414041586,0.46700150112287986,0.07201840465367333,1.1201633927554382,0.5876352860973901,0.17434351332880013
66.61297982002075,-1.144673982898112,-2.526574742223166,65.65040738230181,-1.6716356018020173,-2.3360778130162103,1.1239116785569194,0.07980816460038849,1.3227514276438912,0.9192830452624146,0.1190371377273716,1.1483806632916815,0.9057757287646498,0.09390858345939991
