f0,A0,w0,f2,A2,w2,B,f0_err,A0_err,w0_err,f2_err,A2_err,w2_err,B_err
21.455304738739677,0.29724306236126247,-2.9987494645141486,21.05527963107135,-0.09018563578112304,-2.6627375912780566,1.077872202606826,0.008844441766225248,0.14762991671201886,0.42426672736967674,0.010650791097396152,0.15212252679532484,0.4809586984146079,0.20386212997218245
24.19176288212175,0.4040105252321691,-2.3055712248855436,23.812419174350396,0.04138569782591234,-2.05914076782644,0.7719119533581933,0.013071814442214473,0.1102713692569926,0.3117040710850464,0.00985415464677616,0.13034232409698862,0.3927161366728273,0.19885243504321726
26.893675118202673,0.01149405929800467,-2.286939815257703,26.51001784670669,-0.02980035767457257,-2.3333958528179966,1.1265276545547431,0.017224229207812174,0.13228282778866976,0.3934582213865337,0.007521800403087445,0.13862675405905533,0.4575648940979473,0.1664784025330553
18.8159755228486,-0.07401157447518136,-2.500866862746162,18.46262384037103,-0.36522574516011685,-1.7940944611135006,1.2139473719509437,0.017426247894993002,0.15907277119888916,0.5749419095339979,0.032962945779528206,0.264829900068898,0.5128222925424609,0.1966463833992612
16.224320655173933,-0.9245935222305801,-2.473437558115987,15.818152338089446,-0.9874476697790029,-3.5125954058199342,1.174617349496475,0.024882014690263042,0.637814256688,0.8977428583423577,0.01792410280499932,0.5597993796113755,0.8307440001186284,0.19756055861732533
29.58460015983119,0.07928806105598027,-1.3757111450285453,29.142979441687697,-2.634650649250645,-2.729656025948094,1.0731820477453404,0.019301857434780967,0.1280841738881182,0.16216452666768402,0.06606101720229617,1.523338699817697,1.009997971810977,0.1656583533062354
