f0,A0,w0,f2,A2,w2,B,f0_err,A0_err,w0_err,f2_err,A2_err,w2_err,B_err
48.140627548802726,0.6148286616266952,-2.477012318883915,47.39394378972636,0.3702155059354278,-2.0901838637037806,1.085052996667161,0.010774289028280823,0.10605168606031394,0.2947469540200541,0.01433217450559003,0.10289588808217401,0.3535752424304072,0.1667243562408587
53.395724071273335,0.588960526496825,-2.1064336940624617,52.67882289469332,0.6259572235081423,-2.9038149009551963,1.0192135744940387,0.013621131076085112,0.08634732603829279,0.23092950643839608,0.007774029393194285,0.13387943310232092,0.35394498033425653,0.11451647562545018
58.72704522447817,0.3867157952069839,-1.5031634541424084,57.93486315983633,0.42374199741225255,-1.3048856902195096,0.83338283601653,0.0229943281820994,0.08438864788663013,0.21341590576789402,0.0077710417380483015,0.08668926309148824,0.12785313490242317,0.13710657847906613
42.79724416901801,0.2495669681379212,-1.9113688043210288,42.05857776898244,0.05844673574891886,-2.278437796281608,0.8793024442757396,0.01624725987510378,0.0936473423618048,0.2907916730098222,0.014280977314668106,0.11107219823261918,0.3367364622638312,0.13576408373119708
37.82668164550873,-0.3173643554471992,-2.562730234195675,37.100126538770446,-0.7113732146097984,-1.7621142693398175,1.0060138854478187,0.01566316943373949,0.1605424215181224,0.4877997275019975,0.041553601345155546,0.9143638575018811,0.7060554225436219,0.14466196695053044
64.14265012753857,-0.3956186469804063,-1.630219351037124,63.37369376301768,-0.27585170694911376,-1.4233586647369139,1.136021750640805,0.04231437302217175,0.26739671964146405,0.6267783688581346,0.06402571936880623,0.7151433683914239,0.4944675897602917,0.1437990437814395
69.91027453471303,-2.792224786188687,-2.681025681844681,69.00225318167035,-0.5602750186675118,-1.7324652573563544,1.0091317099320736,0.10544183660125576,1.747098531944221,0.9620315942826659,0.041763168988901776,0.24296620937491525,0.5302204336767636,0.07542668281946059
