f0,A0,w0,f2,A2,w2,B,f0_err,A0_err,w0_err,f2_err,A2_err,w2_err,B_err
20.453744263833734,0.36740956001101566,-3.039110537627118,20.163010333895908,0.09227694379941367,-3.070328761640452,1.3136141090688789,0.008329676418482814,0.14689703779756247,0.3980827404545421,0.004435519792352652,0.16602871553524684,0.46214086992732833,0.13099481797349638
22.757578451316498,0.2989684389783595,-2.363764798017185,22.44030891378737,0.1688496169411547,-1.7633909433091501,0.8814363132389338,0.015532575501520459,0.12633446830377945,0.44261362389753717,0.0067606161726246955,0.12697626064008252,0.2934205548674601,0.20907692973165595
18.115035933193862,-0.1763811128075652,-2.8589210539966565,17.78424116978772,0.03599231887814158,-2.547318540339774,1.1540759538367826,0.013082666906889457,0.18088921471622932,0.7062553577920502,0.013281527764973195,0.13910523293463203,0.45676682285606923,0.20043242468039268
15.920313144469159,-0.3835453218106655,-2.3631459462594333,15.58366185848999,-0.145097067985539,-2.1371645416686,0.995966641338993,0.021400728138703775,0.20355050686586051,0.6069673938913298,0.01990455953623757,0.1524619233156613,0.44954473853825244,0.23867466700979637
25.13137211945828,0.06480420433446105,-1.3687177144622844,24.71618187784183,-3.700242030831995,-2.829471103819504,1.3178586208794172,0.023976495545541137,0.1166787659171607,0.1789839150732851,0.05747597030560729,1.6079949294139582,0.9722620763018347,0.14461685068776722
