f0,A0,w0,f2,A2,w2,B,f0_err,A0_err,w0_err,f2_err,A2_err,w2_err,B_err
29.5719071821258,0.27526757239797534,-2.19040978400717,28.99576169849569,0.33639735366082724,-1.4554317615608297,1.3012334177211287,0.019141936030031007,0.13849796610299203,0.4281013604181155,0.02201825684693661,0.1177100694732034,0.2545856617004422,0.18107306761430825
33.47916451983601,0.6004361244218737,-2.1562984619124084,32.89256222309598,0.27350034483189156,-1.6882384311706526,1.4551937475960552,0.01514763532522111,0.11203545177776977,0.3645437448670275,0.026389447414554505,0.12262764695141122,0.3623014105403459,0.0648907396496627
26.0077044401956,0.062334101232668526,-1.9181250025184666,25.514850783595648,-0.15540126285997474,-1.957693941179826,1.2967645663545593,0.024871516058404305,0.1383758974528645,0.41681340958275986,0.027127914816351364,0.17721176864869204,0.5607107155699346,0.17791212287502975
37.22917271700258,0.043942972505551015,-1.8451001115224197,36.68099876180495,0.37031303658753106,-1.293082526715814,1.4375775326647617,0.031462446709877474,0.1948844982875952,0.7476434312555077,0.04104257897461443,0.14864395147616283,0.18134285203226663,0.0793591716261229
41.075833487826756,0.07525408454881649,-1.7532700907140821,40.33206124227573,-0.49144249340303175,-1.4470591322355018,1.3740516443579291,0.027803164113120966,0.13095447922386302,0.3772999245382047,0.07859069043010937,0.9794734285941231,0.9952227280612851,0.16961176903381062
