f0,A0,w0,f2,A2,w2,B,f0_err,A0_err,w0_err,f2_err,A2_err,w2_err,B_err
31.943125695377987,0.2865611740095546,-2.5670344289166405,31.311327477320734,0.35020660967625,-1.6758664520996471,1.3071824099932248,0.011414799709481895,0.13045265358342478,0.37664917692255734,0.013862905529593933,0.09134949374872782,0.2751801282576621,0.15171796699195786
36.003851189183116,0.38628383115358866,-1.901490832561092,35.363525512567065,0.309371269382398,-1.4235982626769106,1.4005750572576543,0.01900819947807274,0.09878003658021825,0.3187857350330756,0.02612965121744593,0.10574983410603034,0.23215185944975433,0.10542475261772197
40.12196001289644,0.19412288900282973,-1.551120734728434,39.43798926329042,-0.06950892562971508,-1.3980071130353648,1.3005088289080988,0.025171539921375663,0.11028701296608978,0.28742281002967063,0.04600216722037063,0.15070516766753433,0.23535953658377487,0.16584360396362477
27.897312295244355,0.06042367860576463,-1.5568107136711835,27.320653574914534,-0.09391611996716129,-1.390564432736773,1.3642448631124668,0.02986284941397841,0.12934760632746908,0.32616262152375625,0.027788011775405227,0.16272146448349695,0.2209482862971188,0.1436852828779508
24.193933759703135,-0.5175380209624583,-2.4969850351214107,23.738504363942447,-1.9121036083570937,-2.3354373442804173,1.336883532280456,0.025339894951860523,0.22700252476030847,0.6150229577079255,0.06005993980303194,1.1556884142288533,0.9461244874524996,0.1374762182099682
44.08595283681732,-0.8840877036613166,-2.4104302820940746,43.45898105207291,-1.4080567688142014,-2.2024212400272676,1.4482374903252437,0.04507559080982278,0.7480723837450021,0.8995540802188932,0.08476824205115666,1.3735444041096845,0.9694748447496722,0.058432593344343545
