f0,A0,w0,f2,A2,w2,B,f0_err,A0_err,w0_err,f2_err,A2_err,w2_err,B_err
26.817146423387175,0.3638829179942311,-2.446890730884455,26.258993333502037,-0.03467059657571411,-1.3182004026326042,1.3768791539217342,0.01264630607796348,0.11216281175656775,0.3040080752458233,0.019617956148636803,0.14603507818549574,0.14148202187572964,0.12652875156844032
30.858912933185223,0.5088709122862752,-1.5930472690607178,30.224921988403175,0.38827285690331476,-1.3000497864448528,1.1523562077935725,0.0223197291872594,0.09747510708018613,0.27584338168951406,0.0306538411419413,0.23846812732336126,0.1989277281191969,0.2470354558063002
34.75170173034857,0.4321740012850577,-1.5935476880951565,34.11155303137235,0.04927109945046819,-1.3180636817977707,1.3529052010466354,0.02196365295436724,0.09225475967794716,0.2541020360785591,0.053615554961372526,0.14150208826111177,0.167730907986911,0.15082769345704342
23.192882497192205,-0.2156357262798977,-1.9730306060749885,22.68191677447105,-1.0969921691811444,-1.9076497940440862,1.350380224293549,0.02489806812397595,0.14520932995619554,0.4098539748223177,0.04897694118449167,1.2315365668876335,0.9132631205545589,0.15634808302487815
38.82428775651407,-0.06447235280832145,-1.453378252239188,38.18787278433042,-0.7187211244146273,-1.62303061264176,1.2880637976734692,0.02898963533734102,0.1417911349873497,0.22594370871135677,0.0730486343854766,0.5297763136874215,0.9070581397125161,0.19459930739114795
19.364545044438024,-1.0445918718283138,-2.812191641661184,19.001289885590257,-3.095066712116147,-2.771818020717941,1.3344419433229178,0.02875654444952161,0.7598294427966658,0.7640240746927129,0.04493973565112489,1.581167477069143,0.9757911609273231,0.11331928930607092
