f0,A0,w0,f2,A2,w2,B,f0_err,A0_err,w0_err,f2_err,A2_err,w2_err,B_err
50.736940284297646,0.5149850832893582,-2.094309803203652,50.055978694705175,0.42720543710077286,-1.3132272127262716,1.3593419099840707,0.01535501824970996,0.10629505887571658,0.40464167956319963,0.035912813269544513,0.09030928529634075,0.12142849060504324,0.134053641005577
55.77298040618838,0.484462706454372,-1.947204774029824,54.993104129265554,0.4669990380783879,-1.5691312815829286,1.4155644904784712,0.016742430942759335,0.08668519256953729,0.2509444597266828,0.007878001237877432,0.08221092080935198,0.23556718993737424,0.08371655053026524
60.88334602970983,0.28485594652795,-1.3960328498234347,60.15280050017647,-0.2144490919854713,-1.6251465540155667,1.4321065682252978,0.036439010797193604,0.10383767489710982,0.18168689965904347,0.06934886477259036,1.4722647070626442,0.4711161370681711,0.06982612631106233
45.55327498488488,0.20699879438619453,-1.9762304386366518,44.836197572624904,-0.28620734740810005,-1.7270044541817835,1.2914033524712047,0.01865808976474988,0.1037180878979341,0.331427826840447,0.027783532095100053,0.200267144286806,0.5616504465506484,0.14131583283920401
40.754815781704664,-0.15225900447760632,-1.6990464197051982,40.025910587097876,-0.7702827322137848,-1.740508810689467,1.3817006228788997,0.03141158063662709,0.1290566560459392,0.2956630572906831,0.06523432366397988,0.7279750425721027,0.798474557389875,0.1064952792767632
35.74493086399856,-0.5749384655828195,-2.1566598349452883,35.16752111998737,-0.9524494922565028,-2.8893341953381824,0.9631491053260073,0.026691608733357852,0.20773529212216957,0.6549461711025506,0.023899325995514822,0.3727211785197216,0.8374501461589494,0.1130048702483424
66.09992180273542,-0.0662847149235359,-1.6600769964295043,65.20215594785012,-1.326320983705145,-2.4711504677034726,1.4504477427892652,0.03024396210859689,0.12810415537552883,0.34002802275728816,0.11810518370170103,1.1806529878549865,0.9521650349187574,0.05216628585585532
71.01343426570789,-0.581212955908529,-1.724431719029775,69.76846336090709,-0.6573621868518009,-2.417106675502523,1.2300153024010099,0.054402992873360964,0.49843700227394727,0.6488024086087949,0.09186065479064537,0.5274718114118344,0.5436243525487534,0.10820236873932379
