f0,A0,w0,f2,A2,w2,B,f0_err,A0_err,w0_err,f2_err,A2_err,w2_err,B_err
25.227372344525005,0.5669589883857316,-2.846471623324338,24.79843931275313,0.36860347225276324,-2.4599769959771294,0.7970003454040109,0.007934498784967232,0.13409899634298053,0.37508455953992675,0.009944232383137174,0.11446050179897,0.331427780016172,0.18870912417565236
22.017467679029355,0.1965405675741349,-2.927976087852879,21.537721987463033,-0.06377162218904765,-2.2723713122391325,1.1772543793837005,0.009317985929266566,0.13844375216093854,0.38052039101675433,0.01607084335108772,0.1429875919930935,0.4402495593783631,0.17988340225839577
19.080582483904326,-0.632298479090091,-3.27558906626791,18.62681352953276,-0.7856202013135576,-1.7565187384040208,1.1582340150813026,0.011676021337345768,0.23882076582741096,0.6353605334508544,0.034035511949344836,0.9438800785624629,0.8128948760767339,0.2462384860313511
28.358414469836983,0.3785198614966834,-2.6529764271651946,27.92046795750054,0.242373967956826,-2.6184070116771183,1.286238477958626,0.010280453116792864,0.12101228133066044,0.3834953281667052,0.008515435542529794,0.12695885499151616,0.3674805204047823,0.14608095022419415
31.654717553555468,0.12753418000996017,-1.534688088438033,31.196546095599256,-0.11816591511573571,-1.6663047998763025,0.8272411625478218,0.026522410191679554,0.12224976348332223,0.2971426901566469,0.014075644778998619,0.15123626527221312,0.3349031241465692,0.1718912348471495
