f0,A0,w0,f2,A2,w2,B,f0_err,A0_err,w0_err,f2_err,A2_err,w2_err,B_err
28.504828766806042,0.40050546742626175,-2.897321766240249,28.001367705028898,-0.10993473818440821,-2.2335781272990474,0.9678230757226806,0.008319180588079797,0.14067375527193707,0.3688383192043041,0.01794075725052145,0.13257647731072292,0.38267404165994034,0.15378875472934445
32.13202203182655,0.6007723220415929,-2.6590818062982007,31.644064940360312,0.0810870769929099,-2.6541635548094002,1.3588467929474108,0.009552102104393863,0.12539128226440296,0.3224466439254192,0.011623213092479382,0.1370951773213671,0.4515917998676355,0.11512947749514187
35.68003800665865,0.24627143112756633,-2.1312671304313633,35.18124508894041,-0.024720510906627413,-2.0188185612306904,1.1660455696677903,0.015183824107817002,0.10710735488646415,0.3824193618068831,0.009967784845115398,0.12770199950086777,0.3700514558443276,0.15978009652794312
39.252936260059116,0.03833001490268037,-1.3552760003309665,38.74575338116205,-0.756533772705151,-1.6353009334922575,1.215714180368698,0.0531252598590339,0.17660245287808102,0.28678531917974154,0.07788949996897254,0.8058774303285595,1.022427776344113,0.1936457026581532
25.055593806778678,-0.3874339069178853,-2.352385469410123,24.541601359807014,-0.5109471810616348,-2.1258630394837814,1.2115688410549708,0.021760640816367974,0.18608938230105765,0.5494843605265097,0.025930438520569334,0.2293043044286824,0.5707511205584118,0.17593275864745916
21.656241028716376,-0.9590303910420588,-2.7482900752370854,21.231627915522974,-2.927039631020469,-2.747726988356521,1.3819393353590068,0.03228531334532426,0.6034062839316396,0.7704385585791398,0.050674685556173875,1.50391050130332,0.9859536586902642,0.10219315449084375
42.814872454042515,-1.7417851687306896,-2.245212114003489,42.127725734878176,-3.1484761332064775,-2.492533030099207,1.4218562849411547,0.08723501702382036,1.2531463678803931,0.9117980129115938,0.08812421437641998,1.375797474374216,0.9745423654953699,0.061652513493674316
