f0,A0,w0,f2,A2,w2,B,f0_err,A0_err,w0_err,f2_err,A2_err,w2_err,B_err
26.43878519637974,0.3832470666796759,-2.14876169957645,25.909918466439663,-0.39410634107291675,-1.5728592878321757,1.3784754576967746,0.015402918931758556,0.1029698054349892,0.3312705045619577,0.02447393953132969,0.5289882931531212,0.5951796944519933,0.13769704144560435
30.307782498146437,0.3629320146458541,-1.4811829577815114,29.691783225923903,0.43717595028187317,-1.3906448349653528,1.2613008225641085,0.028560084110087924,0.12034353235077562,0.2539241463873326,0.01931181089684339,0.1136930115385299,0.23727656749392767,0.20609217777960484
34.19705133333214,0.3455495272345352,-1.5853183876205734,33.601049009307154,0.21112699506460153,-1.5286263041089885,1.2766122535635893,0.025922463426809515,0.10135643966070786,0.26087089678805064,0.027963338471613718,0.13549634836921431,0.354700381067712,0.19230305585208698
38.22554568502781,-0.2833428542499654,-1.7982413325551574,37.5668313853059,-0.3755325663808624,-1.4346388761003053,1.4023471872502153,0.03537370492618235,0.19934719000762394,0.6180554887372085,0.06616859796731162,0.4273303250089776,0.45177407953842047,0.11500061898833543
22.84798294304624,-0.6952661941412346,-2.0768411924702055,22.40413348930222,-1.6974999445679129,-2.5982579066162774,1.4358364208796504,0.03726587670046026,0.32670997072003954,0.8057873201603687,0.04813325033723845,1.4269469699839186,1.0537976529579394,0.09326720102994909
41.98617707401459,-1.7066076607391225,-2.8115522503236603,41.374318931369764,-1.9198350142115839,-2.3792139650177573,1.2788064628175602,0.06546357644729695,1.394818902363473,0.996233435614758,0.08968454238708944,1.4861624338710966,0.9947135577823094,0.11002605165971575
