f0,A0,w0,f2,A2,w2,B,f0_err,A0_err,w0_err,f2_err,A2_err,w2_err,B_err
152.34216326877078,0.893815828934657,-2.311064356830258,150.68968751064165,0.25102813623350806,-1.381936303847392,0.9129594055440438,0.010729150941040943,0.09026264833659572,0.22610916627344174,0.07276991725875581,0.13132663180284548,0.19392735596658314,0.07173558136951498
164.6390708369423,1.1050978199392305,-2.1751934212678803,163.09504090793573,0.6987550855915345,-1.4465406536921248,0.8264769285547069,0.011398039634706985,0.11002577410337101,0.23352921594641435,0.12469834104939859,0.16141852393507006,0.46071909764526725,0.1123613640402967
139.86409802771487,0.3672082594862786,-1.9546872626396687,138.17488334555992,-0.018833467196967955,-1.3836399300189197,0.8122221119131882,0.013822375796018013,0.08725248282212103,0.24384555238497713,0.12392555800460102,0.8744514828680894,0.3735417480725592,0.08481683066314935
177.12157676188426,0.7225758497368675,-1.4625812776987495,175.38998327435016,0.32414480502552906,-1.267485758450325,0.8071255542923113,0.019574582501222987,0.07139703415111379,0.2214298299525896,0.19406492117661442,0.5100381827906721,0.7889598956362905,0.1351561265410977
189.79485031900958,0.24150817946637954,-1.3151026845602727,188.09919464575046,-0.10205100584508967,-1.2715897690555589,1.0197530413895055,0.03285538745665728,0.08171468283170245,0.11863737412086799,0.10950612300899279,0.5542430609654755,0.37196582147653756,0.06780724423460367
127.68732203159038,-0.07764039713551862,-2.107085026410009,126.14206896185446,-0.3896310203032022,-1.60113830953098,0.8974497781731452,0.017548004359383588,0.10476284646647858,0.3145359226332779,0.03596819589362412,0.15283859109518463,0.3899529967463839,0.05660205857820579
115.77774233445972,-0.7370823120375496,-3.0033435661677013,114.28963701515258,-2.576584787181625,-2.7002826267782054,0.9692764640021531,0.01695954496283056,0.22680073820675575,0.6952095712161671,0.17677548108470315,1.4923348569454777,0.9909738724051489,0.04527402736878328
202.47610895474259,-0.3878343099712678,-1.3586105677204314,200.1329658537224,-3.585517904976446,-2.989641844235103,1.0533725040904118,0.0784620026404347,0.1811500915036268,0.254498259645546,0.2695263193155224,1.4604014863165786,0.9785889571426434,0.04420458630866145