f0,A0,w0,f2,A2,w2,B,f0_err,A0_err,w0_err,f2_err,A2_err,w2_err,B_err
37.214423867089096,0.44494101583480133,-2.0173288807821663,36.54157964487234,0.46864255029139046,-1.3863292609973084,1.4000108302677723,0.01838489527243638,0.12105131950773845,0.3912140179005588,0.031180040886425103,0.10139983644714656,0.17701570339886732,0.11469776757723221
32.959357226460995,0.34716524933774506,-1.9395679923736393,32.263193096423876,0.22693450964951178,-1.5732387352086086,1.3913361255871566,0.02045386270073195,0.11748586380380599,0.3597088235867224,0.021505779556093008,0.1298322844390464,0.36405452465278465,0.12085615069098235
28.90999754250865,0.2804234040778918,-2.4454362122149322,28.304300470604357,0.07241478093500242,-1.5151608082687804,1.1156652996848644,0.014722453393476756,0.1507137101746439,0.5093493059495513,0.022583577755898115,0.13899861170312214,0.27326835149324175,0.23831972967131065
24.994708147377466,-1.043019840004127,-2.3784449716729372,24.495227968456803,-2.4383658485002484,-2.24743538774422,1.363109637738895,0.053850176962782215,0.7813656917236952,0.7455323094636266,0.05840364073853656,1.5671266738438332,1.003297613253633,0.11884960156919581
41.31189698968776,-0.2080273805391659,-1.5933489804633039,40.72462268029881,0.3138302811812768,-1.2996194393795308,1.4404732713868729,0.04958294900040795,0.29361532829850295,0.5448559423272488,0.04336778691935847,0.13358151460953052,0.138467340978285,0.06495038684334946
45.79830273627247,-0.3394290345011637,-2.2170741980718134,45.19430578462707,-0.1775901395870659,-1.3523334013256454,1.2504388631372807,0.023012325043916523,0.19838502582899353,0.5250822145792686,0.08772531614759041,0.39876639980851214,0.407061870729132,0.15618800451835116
49.77443483025464,-1.0296571129416876,-2.9737970681663963,48.97659518033525,-1.9512576147168095,-2.2611028628523844,1.3392558140050117,0.05047926830442801,1.016436848922668,0.9106149513443199,0.10111575560574254,1.426252319484124,1.0013868180386383,0.09817551692021347
