f0,A0,w0,f2,A2,w2,B,f0_err,A0_err,w0_err,f2_err,A2_err,w2_err,B_err
32.11527447119134,0.401564140716381,-1.9700385224928914,31.47343040684324,0.18147558111151263,-2.2420124411986793,1.1490566622229361,0.015754301489020062,0.09603747340313866,0.3393337959228046,0.013898159878969635,0.12590468744950303,0.4232881039129982,0.22947318881852485
36.269967662937546,0.38131349144271737,-1.6596129023710504,35.60141924803298,0.22505366302193963,-1.4434500208321162,1.4416182689697665,0.021078010364037208,0.09705342001439335,0.27116427416107164,0.028130948698725573,0.11389394623497093,0.24337181521579818,0.074752404060501
40.32693343104559,0.35044498346204733,-1.5463348246564994,39.71453398885175,0.18899284977414227,-1.4161070149642125,1.3196700241893207,0.025973809046195832,0.10615044290600792,0.2223238157189313,0.04873736186009863,0.19544207334999625,0.5384019281384042,0.15464357756831593
28.089938490352974,0.05561156794716343,-2.008057957685509,27.524692369691213,-0.474427561823918,-2.2583958072576253,1.3683607917309235,0.020118184555682424,0.11836502449563858,0.43731326138216636,0.028761020455105278,0.2568551307860726,0.7807755023185493,0.1363595571710596
24.295464843449004,-0.4979002261119982,-3.05359405933973,23.792747253495858,-2.9689773555384447,-2.8307233242841052,1.407451546696358,0.012905599238382357,0.20803279603000407,0.5917635943916182,0.05109124021380712,1.7036344515673498,1.0119051171230196,0.07922292935460457
44.49014054425514,-0.9751878437688037,-1.9903907695808098,43.86972967572418,-0.39398394451621,-1.9977294038763072,1.4535026972651306,0.07271806886744334,1.2062541073284077,0.8760632742003709,0.02615111882099278,0.24379671192138355,0.8120559706474857,0.0604142400654962
20.347919634084196,-1.4209031216223238,-2.010576305640045,19.934184892038616,-1.75189321793745,-2.5104812511383834,1.2837257399449857,0.051358708221029954,1.1465793190897966,0.8549972601083048,0.043982325105842504,1.2867164567854983,0.9679647387171055,0.15463965175562575
