f0,A0,w0,f2,A2,w2,B,f0_err,A0_err,w0_err,f2_err,A2_err,w2_err,B_err
23.25000744125758,-0.20888195292484807,-2.5794323073237164,22.786282735646147,-2.256068018706335,-2.6083697871709575,1.2376508396388328,0.014511778520229276,0.15740855116079777,0.49916295131827826,0.05424713869550022,1.53001222397978,0.9570775005582134,0.1485600213373598
26.869379758452006,0.17198172119571933,-1.856919035183573,26.32575741618244,-0.2252779685783594,-1.7536928147841886,1.351799303600793,0.020935627157924443,0.11002736294337463,0.3110525553687931,0.02277162912462276,0.21059131186396216,0.5860848451576215,0.17222839135514909
30.88060398570084,0.21183214761152874,-2.115041421895187,30.283509644701283,0.45867560278775976,-1.3563017343130748,1.220489127271674,0.018296423425143156,0.12253653901917515,0.4275686971691666,0.013611508011853407,0.09859090308229547,0.18100995593384395,0.20615504414923308
34.73053171208794,0.4099231263213554,-1.9422300147594473,34.097991337487734,0.24714356402225576,-1.3315008280837888,1.416563003721701,0.01704115817703128,0.1005392402112322,0.31376224791764407,0.03511424008607276,0.11298232442708937,0.20005343015823218,0.11133776432920663
38.822727591519424,-0.43994674457922195,-2.4653430515919146,38.150585936326344,-0.1214210569091264,-1.3476831349096998,1.4045627381564576,0.03968979156471391,0.24113809536478925,0.8615348527706536,0.06506987852564503,0.18496008079629075,0.2991606050599315,0.09748664048957136
