f0,A0,w0,f2,A2,w2,B,f0_err,A0_err,w0_err,f2_err,A2_err,w2_err,B_err
101.04324818286116,0.6296519790828193,-1.6013605374598985,99.91375698746884,0.2984438530060738,-1.3512928012303371,1.0277990454663644,0.018290384690258392,0.07711015747472946,0.2062210833545956,0.050942400642690254,0.43220271313119557,0.29454402056597845,0.11267805757455406
109.29876122996478,0.5311893667925381,-1.6930957951239982,108.16070167139135,0.28568627734857643,-1.3289497350208899,1.4479337692037642,0.02066855528497041,0.085381949425298,0.25537010580735653,0.026894943848075052,0.22818800901810066,0.2659394953737904,0.04747837597348092
92.62270719348173,0.40150619308919333,-2.1083228063426747,91.36979639291216,-0.17722163163497884,-1.4745031940937325,1.3820309396543702,0.014833693359633728,0.1087270158707158,0.2724345275173613,0.16595195439673813,1.8382904511452203,0.8700794982252181,0.09775007911465378
84.46153589669724,0.20900854316511594,-1.886215250325144,83.40029769330103,-0.3724857040717787,-1.9726266252213762,1.084056822932351,0.01834981342965571,0.09633293951395618,0.3052477783835621,0.026114981002140235,0.2426470678525317,0.9926491538565781,0.1065323220686521
76.49759335930389,-0.6438442629085893,-1.776306237337956,75.37987113987634,-0.6378937643170363,-1.8513029387006819,1.112189218050519,0.053607023622658734,0.4669354189304638,0.579154766097176,0.04789131590370805,0.5471938876108816,0.5894081658878729,0.09470764438202056
117.57007980532181,0.4935953026102835,-1.3049530052330942,116.14555749862286,-3.247731414726317,-2.698108647947552,1.4866823947627874,0.04246690672760579,0.10623720669459986,0.20639304113102497,0.2008465321173563,2.37582194722693,1.194287941756055,0.034455002020951836
126.20571034689434,0.07764584865056914,-1.3496208861799166,124.916399904288,-0.21898424349281104,-1.3952697521644537,1.4273367993560409,0.04114395663698096,0.11135789461603145,0.1713827143022678,0.1518847041840155,1.6678662496595977,0.7520343987089374,0.06523270494063269
134.21012352919223,-0.437687518925686,-1.5720233871213312,132.66620091781544,-2.9609409748048323,-2.7324518645522238,1.2586444585007341,0.06520434489915107,0.645625188278835,0.8233098574518353,0.19804504721345442,1.2954212498385602,0.9889668337088275,0.07171539648741926
