f0,A0,w0,f2,A2,w2,B,f0_err,A0_err,w0_err,f2_err,A2_err,w2_err,B_err
49.92548877943396,0.6174865948348986,-2.488350079786425,49.23679329827456,0.43276729367360367,-2.1451176446789795,1.013640882934824,0.017427046841607504,0.13572867675674982,0.37782098336868697,0.04948763697533381,0.23973168404149756,0.3337446154137196,0.1485458037690871
44.90581780819396,0.42490179854620636,-2.2105669007888893,44.25794351309545,0.13294310299340684,-3.4606703710315787,0.9220394812919415,0.012850653360416743,0.09513233522545587,0.2723090155735816,0.006725503807513671,0.17392881651757225,0.4453525700688308,0.11132815102446192
40.09046512607631,0.07707818363232097,-2.1044883009352695,39.44627486009381,-0.37175587397826904,-3.1851104431274564,1.2640296363608474,0.018323009480016795,0.11551795330460825,0.3274580166643511,0.013090719155648496,0.20586079386299125,0.6873181070798434,0.12794595438888867
54.841326836566935,0.5622829977850541,-1.987469292276142,54.159054914279565,0.38317083763219306,-1.6459510575978278,0.8912721932980798,0.015451905147425988,0.08894428041391417,0.25886799434823266,0.01841215316738572,0.18041545945215567,0.2595214670796647,0.1379484864772486
59.90281655482367,0.35103405927572207,-1.6048609673159369,59.126421699473376,0.13605189011207733,-1.2975567939155341,0.8959257027789311,0.02170455257997231,0.09701011664432495,0.2492469676752317,0.05480975483455079,0.5918755257342673,0.26751782313576256,0.1613701653771952
65.14868478847127,-0.1752419689495755,-1.5890656922674713,64.39877197389339,-0.23156185046397615,-1.3881758358483351,0.8970803951191475,0.03614641383237375,0.1360949780774382,0.36070702257655907,0.02226987505244591,0.14925477003754065,0.21649456851430093,0.09146643647582398
35.341618171336364,-1.254716631659385,-2.6928853016008505,34.73462135230524,-2.784215099028112,-2.696914238321135,1.0580258567522425,0.044118064708362936,1.0370085192014415,0.9346703619048627,0.078542532529586,1.6304470796892205,0.9755710835162512,0.10078060854143449
70.12843819514563,-1.7643260244412393,-2.5681767960878825,69.26103054495341,-1.4858657641875874,-1.9683220449368706,1.1686112540575735,0.11298626618902638,1.4071295537427153,0.9719763032756374,0.1298486846286274,1.4965456961560097,1.0237463705012066,0.10028348167216049
