f0,A0,w0,f2,A2,w2,B,f0_err,A0_err,w0_err,f2_err,A2_err,w2_err,B_err
38.64518563213851,0.4209613476076616,-1.4958905815257268,37.95467463435744,0.39118027075753126,-1.5967603973360878,1.401181470458479,0.026729547103026507,0.11006122171318111,0.2939988415118936,0.024681741163699575,0.12024495636529847,0.3079940746295265,0.11876746378302304
43.01000547105889,0.36690237622180766,-1.4828260774905662,42.30427789708634,0.22607980123585797,-1.762725945506399,1.400323215957116,0.031378896136434464,0.10692017080158384,0.2439981591240302,0.02526833157281946,0.12181524420937348,0.35027655811245173,0.11009153110477671
34.212201935461664,0.3040793553401895,-1.8151959644995006,33.58198055140477,0.14356711570923975,-1.6710235632814037,1.3327419296074203,0.024633959887234255,0.11650305585055522,0.396955549878596,0.0316032892136026,0.14433209871928007,0.40589449685783435,0.15330556102707818
30.098039843026527,-0.21302429902657638,-2.1068667139756907,29.507961626161606,-0.1963625989991222,-1.6607036829551987,1.018822491670135,0.024609236715464684,0.1897392782760754,0.5707464527218228,0.039231120552512516,0.23996009322620676,0.7595301019811946,0.24689097549729605
25.968377754420334,-1.0847187430457417,-2.81455604770311,25.449676395606357,-2.218529872911279,-2.5413462467084567,1.2944166113822966,0.03651197680591492,0.8349276629057245,0.9063156083848174,0.05558850848455395,1.6616601832119728,1.0098059167245006,0.146192797045873
47.51169612979384,0.059061881211709855,-1.5630131682829025,46.65679171012705,0.31437140066227554,-1.3730002719574679,0.8591593743430685,0.03223813585166285,0.1252986948735445,0.26644267841286257,0.029675098325256114,0.10209771262894739,0.1613385047175811,0.1889555645620452
