f0,A0,w0,f2,A2,w2,B,f0_err,A0_err,w0_err,f2_err,A2_err,w2_err,B_err
27.289395872984386,0.3610658662957719,-2.613137746987202,26.66800515932918,0.15035153426984432,-1.410437597963262,1.0302646344463635,0.012488747094234426,0.14672451100064335,0.44021009485881013,0.026800919693055397,0.13190537891099627,0.20597441071350725,0.2579502218573719
31.35842780973576,0.5780019228320998,-2.2513651861544,30.712391986264596,0.21951571782323828,-1.4562680490389373,1.4000165013640709,0.013800271946643355,0.11649367217364136,0.33412151571101684,0.01773763389408047,0.12277225839262922,0.2399075891158623,0.11358982675605644
35.3169282735111,0.52672055458139,-1.579717431517757,34.64918704245434,0.35583546052065795,-1.427064220431709,1.314772368157831,0.025212184829595558,0.09481376497922521,0.2428203982409928,0.028379771281548977,0.14641710999131996,0.46420583123620773,0.208786964438493
39.363107063225016,0.013785718750861736,-1.495095188939801,38.76594296194766,-0.3290378492048409,-2.056239744989437,1.4078228690534762,0.03916099776873662,0.14880963929196467,0.28265217425451084,0.040275402400487256,0.8390245526780741,0.6213896239681167,0.1018179664759756
23.631918835701626,-0.3002249300050605,-1.8551984077614403,23.108266261590817,-1.266074994924626,-2.811625716841305,1.4141521984415593,0.031250916569907645,0.18889972585351986,0.4997998816509465,0.046098529961173015,1.124351854562065,0.9565861047384742,0.10393609373618395
19.73536745479165,-0.8031642418552052,-2.292165114688385,19.32135199910406,-3.153556014051603,-2.8338965779651875,1.0319484051834396,0.03564084408654138,0.6309749149014192,0.8633316856553338,0.04459855488364907,1.5082998096028966,1.0064446419796786,0.16165281292089462
43.677867297298924,-2.0054190257466575,-2.588725370250174,43.01939603302914,-1.4141083779468713,-2.2671572502060444,1.2935075492467192,0.09384582608936623,1.3848835925934344,0.9895976327315593,0.0947231402944852,1.421837875422316,0.9362790907499942,0.11374051038613245
