f0,A0,w0,f2,A2,w2,B,f0_err,A0_err,w0_err,f2_err,A2_err,w2_err,B_err
43.0230583270709,0.3437386924213689,-1.5833985339405658,42.32144008293933,-0.16521456115695388,-1.8663740604247205,1.3706017718129098,0.02579616576708865,0.10291829508113587,0.2571860375022041,0.03224389055609867,0.1812718514263268,0.5484158694925884,0.1303662244644793
47.97949919279889,0.5530802947407227,-1.7282442131327234,47.25840094362519,0.2343213609768738,-1.5943995493515635,1.400260855923583,0.02379597730668914,0.09839246894391863,0.31044312145042025,0.025801920764570274,0.12943768965538416,0.3267412544314024,0.09877812373108304
52.70384914665732,0.36583344443428634,-1.4490911629794696,52.05909956645073,0.25076319531819335,-1.4747745985599763,1.3767679985273809,0.030218533320208633,0.11381009510220913,0.22404816027989835,0.027023442634337178,0.13285701713543016,0.34072413860837064,0.11777431694747834
38.414398094869405,-0.21030782277712795,-2.15744887126995,37.723663919301316,-0.6980331660709413,-1.9665699908708976,1.3172144373392085,0.02338815318534935,0.1685796768431269,0.5598059710772777,0.052792608458750535,0.7112369187710443,0.8082805261479552,0.15399858565606692
57.723079131087516,0.18287481966541347,-1.469133175509305,56.930640777841774,-0.2971687606610578,-1.8340913917556185,1.3822679230940276,0.03480556062093071,0.12262477191891025,0.23724351934496088,0.04592171520324147,0.20976414526894546,0.7052728736575374,0.09962000140099177
33.88422260980047,-1.0383812528307748,-2.253499381700781,33.31538361266874,-1.2816886973251544,-2.104706351605802,1.4070005839728992,0.06419724577407997,1.161336610053315,0.8849494328563938,0.06076314997306792,1.0878451209221887,0.9470945352521499,0.09406408840977575
