f0,A0,w0,f2,A2,w2,B,f0_err,A0_err,w0_err,f2_err,A2_err,w2_err,B_err
40.79592949780566,0.470247100199567,-2.051771139145612,40.15384516172675,0.17579583537014384,-1.6415911897591897,0.7799001650590157,0.01698070215286769,0.10413219163844079,0.28695023560513583,0.027433594655252524,0.12055018295874305,0.3561677396615873,0.17151428535745689
45.4283258854023,0.36414036474469047,-2.1929533364768807,44.77620099942779,0.25829566311258606,-1.382001923248021,1.4202172866455183,0.018724711060012767,0.13061994921962147,0.40175614178882907,0.033374923658318935,0.1239961178795178,0.19880289130708828,0.0859368562101188
50.04145407404771,0.3143756441693011,-1.3869834919221349,49.37780459331748,0.227841404007905,-1.4291500874234901,1.1603297358274438,0.04065732729779759,0.11635460736376553,0.19422959289421504,0.0240444527292466,0.1267928447520757,0.23619675443259655,0.17146264248263707
54.773628669226596,-0.023947021333796843,-1.3890549588879062,54.041377618210134,-0.09427701715510814,-1.4774492975197064,1.3637047987095599,0.05138245214444981,0.8019258034585762,0.43683887024837065,0.059056759033586,0.2207634223975112,0.34516398337175314,0.11751193652254815
36.376602142153786,0.04277350266409302,-2.218837213607247,35.78811234174423,-0.5279974917493824,-2.8755650495379306,1.368887215863601,0.020189204002438406,0.14488442771432228,0.43201002919724235,0.027614411347229736,0.28504947909695827,0.9313266812998567,0.11613326544842294
59.516330234889,-0.44252044924006984,-1.6707850451289408,58.756961067831334,-0.7966217198508876,-2.1953186834211893,1.3464610588423906,0.07316818958635429,0.44257863989122,0.7151315674497395,0.09049471651200945,0.9575207408484502,1.0779917795727825,0.11368746229501718
31.98886257450221,-1.452347883161731,-2.421972184890141,31.40401326942739,-1.0546592828756522,-2.5877356414583463,1.3769530228251259,0.06948609132603938,1.2128860869131983,0.9609570261888856,0.05358030666910391,1.1417468593182498,0.9146794578481159,0.12175439624651589
