f0,A0,w0,f2,A2,w2,B,f0_err,A0_err,w0_err,f2_err,A2_err,w2_err,B_err
81.99446927574931,1.0202509297960694,-2.4742752803287864,81.05835078593881,0.41632300114525145,-1.786794608720383,0.9601331536846621,0.010351511259693273,0.12230084845201974,0.31059273118509206,0.00897471194525429,0.09553775491401362,0.28426005473630056,0.11980808675792097
74.69562737096781,0.8283457872228346,-2.7264503250557146,73.65623082014685,0.06284028390280605,-1.6199521419903062,1.045004641268896,0.009655546914128023,0.13501148058763193,0.3295884865255816,0.0311630347818396,0.13179967703313422,0.36602308950043755,0.12723314020124252
67.29150685722864,0.2166199912593654,-1.88055610446297,66.28307032981024,-0.20254506998119215,-1.9496969164538949,0.900515523437114,0.01892394803382153,0.10550489893598357,0.341494207897182,0.028942826619254833,0.16507164420609372,0.6316354920348376,0.11875002086237496
89.38874653193231,0.7653252204486385,-2.3025567040510038,88.35939996997044,0.14156483671946635,-1.4189925697742312,0.9900723854004322,0.011964293917242866,0.11159379345664434,0.302604637462468,0.08049965145163157,0.6924030523059159,0.1963255237968107,0.13471606233129957
96.883720487398,0.11992104145554533,-1.3915902042970307,95.75398980173854,-1.7105999653293327,-2.4866428337297313,1.3186770016354645,0.04483114715462852,0.1292419544897766,0.21346600200516344,0.18602523545691377,1.8143925415305011,1.005235996096411,0.11232574373681745
60.305614234801126,-0.38375145435630226,-2.190031097311603,59.330020864973335,-0.8168280549682992,-2.8834785144746626,1.017937197884365,0.0255853301028133,0.18067973491461692,0.5304270382013428,0.03773504246187787,0.8030176402785164,0.9574700701896733,0.1062599483204636
52.934235309487114,-1.8073722647230859,-2.566935615960648,52.059727232417494,-0.9952299886018574,-2.2877728149318792,1.1357522904382151,0.09037269597887505,1.5578468401416583,0.9884906439198523,0.06485919128039992,0.9821956591238415,0.922577125851474,0.11218649211062372
104.44152469796504,-1.0435284475298654,-3.2726682678516426,103.19541212376181,-1.2319098392512267,-2.061410058741449,1.1501733671899093,0.10964960478543215,1.1180674136611697,0.9884720907523546,0.12259388026916218,1.6422754059327582,0.9752898982792526,0.08166381813191383
