f0,A0,w0,f2,A2,w2,B,f0_err,A0_err,w0_err,f2_err,A2_err,w2_err,B_err
8.076511944889983,0.06679156199122593,-3.774423802654336,7.840120055709209,0.07508314881054666,-3.5407918573227284,0.995911286052988,0.004917908591356002,0.1624622138041997,0.41831418371172285,0.003978486706797489,0.1758286597608354,0.42047413139735007,0.2447062280499873
9.529473923989785,-0.06794676369005817,-3.258209306183886,9.289257726686289,-0.04335011780673281,-2.4158536650524587,1.121206243314394,0.00892473058465853,0.17838330944423988,0.5173114721416576,0.013211112004500848,0.14958574463747334,0.5249664674344376,0.25972998048855694
6.761622056523619,-0.520862583087021,-3.914250048855313,6.56662500364722,-1.1588734128185663,-3.4057171793153,1.1965288283103646,0.005990978919808384,0.21584568092319992,0.5097391590465696,0.013800670315201286,0.8511374767814415,0.8790406178147089,0.2064991438022204
10.940195323396626,-1.3696283048623266,-2.714032054192252,10.694617244148374,-1.012332355282021,-2.3255678470779766,1.2611249789496597,0.02392935843533148,0.9878173235889739,1.0115223588540636,0.025710593878739342,1.0521149126266476,0.8873115097838609,0.2272420369877974
