f0,A0,w0,f2,A2,w2,B,f0_err,A0_err,w0_err,f2_err,A2_err,w2_err,B_err
37.65242919841885,0.47444618799842875,-2.987486020063945,37.045476033753914,-0.11180143218453786,-2.8977767436591093,1.2118546625792466,0.008872030893995289,0.16499653145776513,0.40587728202609524,0.012958082911130332,0.19084282755970375,0.6446177336939897,0.15080481585624958
41.79674239544995,0.6339921577926797,-2.6327853287296423,41.26068969717738,0.5737974213357209,-2.4579689078301907,0.9496492657796565,0.01027813692811927,0.13193843675548675,0.3649981335998355,0.011874570312170787,0.13261137109510773,0.33785453639236823,0.1519062539952011
45.93414450336525,0.42365498975271193,-1.4197689504164988,45.30601591868412,-0.12321771687425673,-1.4423036801934426,0.8393094990565719,0.028332619122627738,0.09078688007080478,0.19645210624579007,0.032256626480084885,0.33000099678370404,0.38456596858402453,0.16795781668031723
33.45532927929195,0.20511713056712397,-1.7882221979106414,32.91243231860694,-0.55335072656783,-3.2032939707993515,1.2206836385568463,0.023063723697215453,0.11936607896970747,0.40907161427161737,0.01396861240468196,0.2620601231445937,0.7430586410471076,0.1720671561767298
29.613563418923665,-0.6845972679355563,-2.2964186896441334,29.055828514276264,-2.65848492826463,-2.624603435770204,1.3447807892121335,0.03517233306864134,0.5512538699773702,0.7019901375829138,0.06653610433023374,1.6805010069077588,0.9321612784169648,0.1275866841770023
50.22861514290393,-0.0043462421131856,-1.5329252540087734,49.640892301237116,-0.028978427934851975,-1.5414207666009274,0.7907575483587749,0.034434139070074365,0.15424769104704258,0.42854097953575127,0.09691345344841203,0.4637000665981796,0.7037757689960665,0.21854948360486007
54.635531975234144,-0.6828836831801915,-2.0835486773400027,53.84679070469346,-1.1514236253805366,-2.02481133144405,1.1127028266320405,0.03810459002207507,0.34281915236211985,0.7564991668222085,0.1217946606706247,0.43731275067127706,0.716182809325361,0.11187475115717113
