f0,A0,w0,f2,A2,w2,B,f0_err,A0_err,w0_err,f2_err,A2_err,w2_err,B_err
28.968174988307332,0.35424447643781665,-2.573296898620002,28.45968312573731,0.19926244268820847,-1.9376458941449035,0.9053890929272466,0.011664051880309697,0.12823646516400078,0.3544316352774526,0.01932901586065545,0.11041877630408893,0.3384811907923416,0.20508230014416998
32.62384898220641,0.5371314964543304,-2.322764473918357,32.11707337044148,-0.05510733121426159,-3.0258473479065198,1.0845366912027148,0.01279458311791501,0.10901999046441381,0.3063867974412968,0.003680716548468275,0.17196439351888584,0.4712572906471694,0.1563968724912592
36.25799572573961,0.22076095176760346,-2.488607662718888,35.70134354430526,0.043038742432180185,-1.4672060816868213,1.4145936748877797,0.013689188594350862,0.12655956523690126,0.35249900394117345,0.038339574714747214,0.1264999649092921,0.2681276278542269,0.08701084399761054
25.444785208944587,-0.2099356903370881,-1.6524071747896982,24.93277172733644,-0.5012745003581522,-2.58038032500314,0.9860899170926127,0.029941363754882717,0.17345731663175895,0.4326954052063125,0.020557181061971963,0.24320802891310536,0.6318295214992735,0.2094016932313582
40.022971900453406,0.03344778928304076,-1.4305279243305002,39.46653341717745,-0.3781973619936924,-1.9529509099470286,1.348255416416087,0.03976027413464524,0.1395114386547178,0.23594691653894226,0.03064779466172842,0.2795888926979542,0.6931416522544303,0.1258066474801553
21.984902109870777,-1.1167976625232299,-2.396872365128758,21.569751193169658,-2.1963984574367306,-2.8846177654614684,1.323610323066283,0.044270391635520136,0.6001507473897391,0.907094096803583,0.05259538582132383,1.3598307634503712,0.9808141925351723,0.1321672132334509
43.693560484039125,-1.2267117805266932,-2.26489152224735,42.99577960464057,-2.697921706965172,-2.3628733062243095,1.252983627263187,0.06300734328714348,0.8416014659070625,0.9202344473492599,0.08803916111422005,1.602925841696062,0.9806415207034637,0.10782636248595154
