f0,A0,w0,f2,A2,w2,B,f0_err,A0_err,w0_err,f2_err,A2_err,w2_err,B_err
104.1689464486023,0.42097635923683824,-1.6934043142096602,102.95059467575042,0.12885344108348246,-1.4021390000051897,0.9819504568516723,0.018517066175391755,0.08899586766589984,0.23477129935637572,0.1831543273717721,1.534264818253827,0.9530481462311394,0.23610573514173144
95.57092718891907,0.3309676622872356,-1.8289325229675024,94.44337810264048,-0.07329842533668987,-1.4229261340625619,0.894076008460476,0.01710523786898876,0.08156283424902629,0.2497305930618471,0.03266215552062581,0.5877831786704952,0.23586693587182772,0.08725311185405399
87.28485179971148,-0.04627502074340961,-1.5535218261343045,86.24307543695592,-0.21625942810036017,-1.4749915740350432,0.8618774575948421,0.027832680729825036,0.09611552245065595,0.2277211290379091,0.030854532359409992,0.13346746196590206,0.28146472196882677,0.07065415249852852
112.79030920476829,0.633942070207812,-1.6019525243286865,111.64636393152419,0.5610849470929673,-1.26722985318102,0.8523084551245987,0.0173500356454228,0.07178783004192175,0.20281181408179155,0.0062774578003394884,0.07338720491598975,0.07830499765399701,0.07522039177029656
121.29145261887734,0.723327416148494,-1.3027830133657743,119.93239810091534,-1.4213333193603537,-1.737527659561848,1.3364469184503243,0.035371012254543255,0.08129721363211509,0.13076698837023695,0.2137052610932552,1.5851211284831856,1.182816860520525,0.18039248605326327
129.98036517804897,0.41972731645490136,-1.2909860599555179,128.57207653957494,0.12523661077886591,-1.2579145774973466,1.0199108517135937,0.030383041219103384,0.08553494608958284,0.11685133670345593,0.04225438606575024,0.2281040892032039,0.2672698735513106,0.1029479654481187
139.04883939404473,-0.49944686936515387,-1.4928402448878482,137.35157007752568,-2.5241023808108407,-2.4353566655297105,1.1132590397571287,0.1185166152573489,0.26216758170961935,0.5719300084308434,0.23902517323718997,1.692507560652604,1.0595228434683568,0.06420606336816
147.41800076606089,-1.2193344980130458,-2.518286781862942,145.577704419153,-2.4702851797625125,-2.775151538973252,1.03306242595734,0.13165278301178737,1.2016477327652215,1.0511657250969297,0.21528034349565717,1.537639810722305,0.9965031772112135,0.0502003820725929
