f0,A0,w0,f2,A2,w2,B,f0_err,A0_err,w0_err,f2_err,A2_err,w2_err,B_err
53.11300855318056,0.5668813047808365,-2.1313047660438103,52.31114004112767,0.3155409451471164,-1.438041409573795,0.7921779337990837,0.012058806985757278,0.09273985104285425,0.2505783570453076,0.023408324063985464,0.0826537625133407,0.18845600552021116,0.12141621416569578
58.42254427447973,0.6558041640961881,-2.03825699149287,57.64752830452203,0.4136228054520728,-1.45018871847507,0.8786998205130684,0.012914974521731218,0.08898282719005952,0.24913032263890306,0.02225881835723313,0.08290887937656577,0.18890698559995087,0.13062447673423838
47.75424875965386,0.22684498599364133,-1.7312543796364646,46.98778835386689,-0.15813514121425143,-2.0389120217586445,0.9365024130031072,0.019803747770449593,0.08972933608093062,0.2622516667153302,0.019947008477097558,0.12621492368146386,0.37660735615947305,0.12370373470743391
42.70147291381741,-0.6604906008105801,-2.3015901269025716,41.964634144249224,-0.5044596075178334,-1.6801967774941124,1.087979671323877,0.027257336508887155,0.3004621579549154,0.9933170018336913,0.04345439642402165,0.2714858197549375,0.5619426246356379,0.16304213257703706
63.742498649169185,0.26193777414137087,-1.8867874668290778,62.97517294351557,0.04365227944918029,-1.4749470995972778,1.2321922343009117,0.019106210058806618,0.10254274350655304,0.29985447974988805,0.025395039998030885,0.11759608331317105,0.26718535889668266,0.12018313456424554
68.87207338443106,-0.1877613483727067,-1.333429902929248,67.90444920452147,-1.7908835304596995,-2.8051305149907804,1.4514397316885017,0.09845993898700549,0.49220774629144987,0.4301309944045981,0.10176477144368985,1.1720489494785096,0.9729074061031089,0.05898652308637153
37.53608549679666,-0.8121434076009157,-1.9872590323394164,36.80138602181958,-1.7345645298877252,-2.54428033673343,1.175751567361988,0.046471554056655553,0.6314153149405721,0.9865983756300151,0.07480663890579978,1.3397287240138522,0.9827611997389069,0.1590641095146427
74.43759282570802,-1.460296501098635,-2.293696804331786,73.30594132659074,-3.1215488296070992,-2.5766058535274343,1.1985718105189511,0.11051163941316053,1.349553930714253,0.9811455135104998,0.1388848837751206,1.4704125694019605,0.9639295818399212,0.08100209157864212
