f0,A0,w0,f2,A2,w2,B,f0_err,A0_err,w0_err,f2_err,A2_err,w2_err,B_err
58.40022981931571,0.7921613869768929,-3.172641659495806,57.670121069049806,0.4020901906152746,-2.1701789276527097,1.0772133497166412,0.00668572495381911,0.14171639366462155,0.35555163660947603,0.012524986758341974,0.0950807738555634,0.2803896317854952,0.10612126150855147
64.13328281318316,0.8317738936393031,-2.026287473450701,63.332239222434836,0.4713992793971709,-1.755020980680888,0.9748786297177204,0.012706690863265752,0.08705309030152245,0.22451498298694014,0.026850150009119625,0.14308753654438008,0.2714296162281697,0.126231915957476
52.57116564181843,0.3352437136288114,-1.8768391826602087,51.75557328517395,0.002514236798470161,-1.785749730269714,0.8290088773324085,0.01608004391524044,0.08788054056699658,0.27026193690328915,0.022381238705182622,0.1126875731981035,0.3144372090729235,0.11693726976137413
47.014498709701755,-0.19318210868819502,-1.989821232987965,46.3022595201156,-0.3129386251548094,-1.5649571065814756,0.8975854351058816,0.02086134707813697,0.12522846902061238,0.3659253489176079,0.03475566567869298,0.16253018309528705,0.3629831931943327,0.11868172937537944
69.97944960666675,0.33723904115094755,-1.6679322388455642,69.09397010137582,0.31660519302142165,-1.3188213287784565,1.136905926934003,0.04599775536927015,0.14840305566038745,0.35821647897276404,0.12617408891070223,1.4055977803991564,1.1954466595797266,0.1954568527599213
75.94482795452299,-0.034623351841152096,-1.3998954945953266,75.07555521013619,-0.42459220388546814,-1.4161539814526742,1.0923468945121515,0.03833424549754654,0.12532332116212447,0.2040458085304648,0.08371269532037418,0.8860309454817146,0.6230577459434626,0.11598352841415067
41.42344903448234,-0.9049875898072343,-2.391948070253995,40.58062218963036,-0.6816580665130084,-2.3750272007997544,1.0663160259377493,0.044923337344429284,0.78490020444696,0.8105716612299636,0.03585996424059371,0.42421964511647847,0.6409723987625587,0.12122989243787384
81.88492089121286,-1.145515767805612,-2.1064418501031286,80.69543753725733,-3.53725320508621,-2.7846455284417884,1.1443957607918283,0.10075866125326154,1.0604290540933345,0.9569396453128121,0.13755183025797937,1.5707029683603737,1.0318628167990913,0.07291279890518633