f0,A0,w0,f2,A2,w2,B,f0_err,A0_err,w0_err,f2_err,A2_err,w2_err,B_err
44.31300873535879,0.4038177094959994,-2.4787963710538508,43.735158668780514,0.35170131764982837,-1.9067045457123837,1.0280403252761365,0.011570645716285168,0.13496836674787308,0.3428918184358796,0.02427093607292909,0.36752566905114803,0.3644513238201182,0.16014098547283764
48.76024997145612,0.43385553095032936,-2.375911285542792,48.12638469297084,0.2733563768853723,-1.7243466178827829,1.1350870204881311,0.01256636780278453,0.11167525471874769,0.3476161675519688,0.008022839511128465,0.097341859874481,0.29878000821591527,0.14115629445318442
39.86877230553319,0.011919766781812502,-2.432874319833984,39.282642025589254,-0.14859500119195856,-2.408702622526398,1.287656415173378,0.0139744145379717,0.13010711481001908,0.4463170352506741,0.017131505970376246,0.1473317138899696,0.46051614353965065,0.12393709093420772
35.555136323120294,-0.33365361429551,-2.2459166290745585,34.987822485449755,-0.5202286196300117,-2.082565094379939,1.3609130815046244,0.022469845456526263,0.17363165075892464,0.5582975903817033,0.028768979592573206,0.2729891723351977,0.7630763645700768,0.11424215109495872
53.21643522478789,-0.15706866283538234,-1.4120436289678482,52.58665347269192,-0.0443496796332527,-1.344724059869448,0.8230237868197335,0.04469130457185106,0.14392625302108195,0.2609209099619803,0.01574480625927313,0.1218940655629318,0.1802806957430384,0.1024155476528781
57.99471778433797,-1.9643034459448698,-2.4624856520161242,57.27748420960692,-0.17522988266403816,-1.4031603601360128,1.1376548456367788,0.1061600432004207,1.4989021088897498,0.9826185589042751,0.02463290393528393,0.20471054195495783,0.24186961410406624,0.11114705950835913
31.364219671256805,-1.0286864189953444,-2.3435881869501776,30.782060024445123,-0.9436284105020105,-2.19535567060102,1.0498231679955454,0.04099145223904235,1.1239313998679266,0.9272819232794641,0.04498245099313073,1.0649140715755927,0.8197275713927087,0.17144293019794582
