f0,A0,w0,f2,A2,w2,B,f0_err,A0_err,w0_err,f2_err,A2_err,w2_err,B_err
35.09061746499739,-0.4979080399738998,-2.23311524293972,34.540213145713324,-2.3466163341660513,-2.521329298112906,1.2236316307720267,0.029016493721263328,0.21183549733696663,0.5925934737799398,0.07457589774610332,1.5814471128576688,1.0061438739342599,0.12125472323628994
39.562743519456745,-0.2692654280913982,-1.633296334200449,38.985755728369284,-1.6473132540405013,-2.8815041102289927,1.0871955619689453,0.037420574381076946,0.15516051443684906,0.38884645422729874,0.06980764243922553,1.513073622682025,0.9776006240255122,0.12231861133321296
44.061304103800765,-0.3875130281200949,-1.8044501917831213,43.26696285770663,-0.9032296799452384,-1.8795800802466136,1.302773548130125,0.0485816248144735,0.21814433632522692,0.6320428280575829,0.09174490452961653,1.4650168558613414,0.7631126308655438,0.15919089691022012
48.5814500393238,-0.8362002080837004,-2.088286439410603,47.88246409065412,-1.3197365120638531,-2.2842131644178485,1.0238350192154795,0.08060459458459156,0.3578112155575259,0.4949281524996728,0.10178544693708706,0.6216511263227035,0.7164978912196219,0.1017554216773068
30.902618064205186,-1.8449294711318747,-2.616653699276706,30.36308420071637,-2.8449129078673723,-2.7346335271316966,1.0805576038967746,0.06111905793724079,1.225469738441705,0.9864721001779391,0.06808084213436859,1.5241683947272548,0.9797146525698542,0.0988722848413896
