f0,A0,w0,f2,A2,w2,B,f0_err,A0_err,w0_err,f2_err,A2_err,w2_err,B_err
29.32705264421405,-0.12134279909095091,-1.98894594116967,28.71188831268481,-0.6560914376837285,-2.1715879462445744,1.3446515641506496,0.027230510390580446,0.13725596463406955,0.4377064079938467,0.043447949017867665,0.6822788705333946,0.9759882700297347,0.14950065370769014
33.134971896175976,-0.22642937315696668,-1.689040581860258,32.49917215160153,-0.893611564192279,-1.8154006739158133,1.4468589301629189,0.03486192167228389,0.16094205048736898,0.4279905977195203,0.06930989029875863,1.1436358963704918,0.9046489188974293,0.0670448820498116
36.97965642474376,-0.12207247678676952,-1.6371546643021946,36.45642916155097,-2.731489318259266,-2.8854694081663275,1.247568407976734,0.026346439998421404,0.14299429751885143,0.3249925040679918,0.0739990737649998,1.7985198132301963,0.9671309352327355,0.13398706659586918
25.695768423584184,-0.6342952585500193,-2.8298422685299904,25.31790347114731,-1.1122891547977618,-2.5979368348479452,1.4324188241356044,0.022410857797170496,0.5701796834641594,0.8196339404169566,0.047514800716593544,0.8828964369537666,0.9603713615087781,0.0789801459130699
22.205596054501612,-1.538112793233933,-2.488379354890101,21.764152152810045,-2.017302157202504,-2.4891401414233645,1.237442369755446,0.046938047653745055,1.1933435860273982,0.9208285797772242,0.05036583813566803,1.1916606298670867,0.9647318129510599,0.13248397076787524
40.81086448720477,-0.8377497159162052,-2.32436577642968,40.13559327118959,-1.1081901540649408,-2.251877250993082,1.078785884207311,0.04813164546861615,0.20187376070285984,0.14188088464060059,0.11414791723560913,0.10773845432689153,0.14378547012208387,0.05492497818876334
