f0,A0,w0,f2,A2,w2,B,f0_err,A0_err,w0_err,f2_err,A2_err,w2_err,B_err
25.356599206606695,0.18966000648139153,-2.6234862195820856,24.80934060749886,-0.12105681138666807,-1.638440352775365,1.37918890755686,0.011772521541771523,0.14349353619863495,0.4773579546555519,0.022972049373250435,0.15682883301822723,0.458433029451468,0.14524449874836926
29.07738717310415,0.28005635060464296,-2.6990857088676448,28.471698871300323,0.07670927910863823,-1.4927009540082459,1.1387386312192185,0.01171995838007291,0.1357692141606954,0.3811653757652429,0.022568570308547187,0.13449455694058227,0.29962696647086673,0.21528407720021853
32.78322325530283,0.30429228218394405,-1.4803597704876674,32.17657012729555,0.09405683546545462,-1.5426835789293205,1.3715145185773612,0.027649101710280143,0.11490230802603105,0.25820983939138153,0.03344077228982003,0.13893920408017865,0.30771675622459604,0.14007512636509722
21.94520090299902,-0.8215571559382755,-2.7361056502551473,21.483880476042053,-1.8941421856919343,-2.4023194638305654,1.3865736613723443,0.02938881020071637,0.43297631715364426,0.740135583301734,0.055701781594074955,1.5265681770968071,1.0177684544178234,0.11888318818167941
36.547510556977194,-0.020832286257533333,-1.470718327921477,35.93981023386616,-0.09127546817838875,-1.3888762929881597,1.4299238394815774,0.03836274367641994,0.18672709746346425,0.3678631626383792,0.05445112715579268,0.18740512417088728,0.2761614621547347,0.07993652492104103
40.48031792621197,-1.6178731829923632,-2.4594316907426537,39.7754206026356,-1.0432839052189422,-2.375413487240069,1.3365232933850932,0.07550290713053358,1.2833559372015428,0.9844490800239929,0.05605502631338201,1.2340581819043517,0.9594092890566194,0.10875173219406845
