f0,A0,w0,f2,A2,w2,B,f0_err,A0_err,w0_err,f2_err,A2_err,w2_err,B_err
36.92512652354991,0.6151095766137863,-2.779386822864616,36.381198343918314,0.2213869357978127,-1.8168406717332526,0.8383888794561758,0.008748534800435349,0.13056622029472406,0.35885402069108263,0.0202802980511834,0.09602971182095485,0.2798848626566357,0.1582425058216227
32.807183626284896,0.32388988723060835,-2.7640583705135664,32.19044791108741,0.003280618480199615,-2.429145496288645,1.201634543316352,0.009714456528594937,0.13781562701496886,0.3757615262372907,0.015155811729498416,0.14970385684596638,0.5391745321077656,0.17912492415457115
28.925282090405357,-0.33066959389778383,-2.355944574637613,28.32307113431744,-0.9682411444554582,-2.60883325684299,1.3381441824619769,0.02110690927075039,0.18743967584666082,0.5656200084724187,0.05178744277361303,0.6475253494673245,0.9449301246255738,0.14132839423932292
40.95208367743463,0.4209011762966853,-1.8129823671550942,40.402451813829224,0.4214096198402501,-2.1498025197787514,1.049940513125013,0.03344860945413939,0.1734049629357956,0.3570014364488607,0.0245656331731792,0.6189900544193717,0.3228950906310585,0.1860788034404331
45.21333926417722,0.014414762180551498,-1.7915998661334067,44.607501090947395,0.11150162999741726,-1.7808964101048927,1.0148199265619413,0.024432213530306994,0.12101088585646458,0.35211705067381016,0.021981696963511346,0.10611206890586096,0.3090332208181642,0.14711147397804736
49.43381988330004,-0.0552807277057378,-1.4986866824760967,48.79458104626504,-0.17311142996307388,-1.466814553051285,0.9882451013881217,0.03661154308969515,0.12735094547727585,0.31176592283080756,0.024744465429499596,0.167408073070502,0.31702888409149943,0.14260806804005183
