f0,A0,w0,f2,A2,w2,B,f0_err,A0_err,w0_err,f2_err,A2_err,w2_err,B_err
32.489732346918046,0.3717063706132696,-2.1322254499841646,31.825529629848432,0.15345044726948937,-1.4531263897927473,1.3029593614419892,0.016837512851601597,0.11581233493355986,0.3449255965298291,0.02724171775717231,0.1373877958262558,0.2653214780585394,0.18353767171268642
36.70874313253885,0.3013694818385314,-1.9996252691402363,36.02592483899366,0.5804327518206172,-1.3236316308787437,1.3070067332743989,0.02024969570444537,0.1277124515917941,0.3974971133617224,0.03183261434499415,0.0907454356165925,0.12641127963676274,0.19443101578580835
40.772282033036525,0.06371192388198099,-1.5318699877906496,40.13300209085006,0.17259564474869654,-1.3243512455722404,1.4387650274184332,0.03790178157187652,0.14291145529135785,0.2958037975631835,0.053630600398786074,0.13547752297888674,0.2105960180213113,0.07813660491488683
28.497717880979536,0.00784499055254646,-1.884854656217186,27.94104059934877,-0.38700894374507866,-1.7306853609283088,1.2867100968189815,0.024318064771729684,0.1519449907549212,0.43248730130200214,0.04201495237775413,0.30434673818303215,0.7178811636467061,0.20151543374698325
24.5951297189354,-0.41799366206445565,-2.5703102965509554,24.149335149581223,-1.8915426497333254,-2.645326890501747,1.2491820232888644,0.022878938887080136,0.23005545257239443,0.5586682661818674,0.056649864339370665,1.356427720980826,0.9866603734501215,0.15173945065665412
44.88625589792765,0.09611967523279003,-1.544688803641265,44.177704883722406,-1.5332103961814154,-2.378136944888211,1.4261644972495222,0.032867444547673506,0.12618153552842365,0.3065250051914557,0.07495558978400943,1.6738626670957268,1.017249151023785,0.0803314430518487
49.35854963472736,-1.1983347870625536,-2.7789744671677705,48.62906901236494,-1.3549383862941156,-2.7164512628773245,1.056631816308565,0.05237189645293538,0.9885782408667316,0.8937657656944518,0.08540766423578354,1.1681738041888534,0.9107174956262885,0.09800898269654874
