f0,A0,w0,f2,A2,w2,B,f0_err,A0_err,w0_err,f2_err,A2_err,w2_err,B_err
57.479916865691095,0.779454895629414,-2.5540869073815795,56.73192659359362,0.275340176148633,-2.4559619666241295,0.9075735232925839,0.010891277348134384,0.11648871671572919,0.30682566306707676,0.01364469941985847,0.12359570165383836,0.34864454319620647,0.11491131811592764
63.12682274324793,0.5473898809838835,-1.765825284868137,62.35921625435243,0.6125867484000236,-1.6392029941568955,0.7914855606963895,0.042107831970252585,0.23315857302082182,0.30115338151712107,0.09175911845936308,0.5787470283746318,0.23356426283867066,0.1403182518604363
68.82808448966449,0.467286228832298,-1.5009258606540485,67.98399247072446,0.28248447057393605,-1.376472985128023,0.7204409043887299,0.031095736036011984,0.11489213688535312,0.25399985220239846,0.08701398993932535,0.44395108664207716,0.35615085891657833,0.1698840363672912
51.72508196001862,0.1660853954395446,-2.159134245736627,50.98480585722926,0.08051081272961422,-1.7274877305043146,0.9417844934182483,0.017098184040482203,0.12038736439857627,0.4021889590179381,0.024046611537140807,0.11153277802697811,0.3157250615632412,0.1388323207249785
46.40207544460213,-0.20662933640582212,-2.006525108696788,45.5760046011856,-0.45647162877704817,-2.5701470672008027,0.8068896423099492,0.022036517643595332,0.1400096442474993,0.38350706374928206,0.020000897384837565,0.1778472958243791,0.518920439269719,0.09436266312903271
74.74765069043877,0.128819368811238,-1.6214496873962834,73.91513402210336,-0.1694372039785328,-1.3321414451029794,1.1309548438495665,0.029062184553470902,0.11761373720304301,0.3174886163874168,0.07642105186327577,0.3014370922837795,0.4205748098433507,0.1331264353935203
80.23504334480066,-1.1706987554951944,-2.4435547436952243,79.04041756898386,-2.7383530315827183,-2.6803746505603963,1.366203335163073,0.1176529264276669,0.9489624459598346,1.0087689763491718,0.1318132788207234,1.4640547836430404,1.0009990328754594,0.0765806306043227
40.770189262151426,-0.8694415346413701,-2.4467073231960446,39.99808689892367,-2.0284256969434793,-2.832922892437649,1.0752618661489195,0.040753957494629005,1.0458258073174078,0.8579129769133003,0.07057520692901878,1.573878189228977,0.9275458764171113,0.11678469060327397
