f0,A0,w0,f2,A2,w2,B,f0_err,A0_err,w0_err,f2_err,A2_err,w2_err,B_err
25.159078735490148,0.19249475249296005,-1.8104093058492787,24.679472970972817,0.057341008036913665,-2.467803969568581,1.2455884336587897,0.020602214643043577,0.10691740150867378,0.3238893893336953,0.01551117671109799,0.14945912456960223,0.4506533616495044,0.1866853358341741
28.467945972756716,0.2675527112369442,-2.9860239944687077,28.009519200167404,0.33086473788608983,-2.0446443017093707,1.415187969861317,0.009231087996549835,0.15631660537529443,0.44382257225729455,0.0154229959720958,0.10275057502835563,0.3750368808529681,0.09691081348217179
31.646706393190883,0.16623822559841545,-1.685420921572994,31.20986485200201,0.06239289046464094,-2.011286912423274,1.4060470110394672,0.028141996974967626,0.12692547484508854,0.3471970701444873,0.017967967647635412,0.14320825991421593,0.47268392261342485,0.09411489252882908
34.83767241439875,-0.1889195395640614,-1.6675368408225135,34.37240786048571,-0.07217206058853746,-1.6463023235752228,1.3155960272575578,0.03414881656774408,0.20535233807294467,0.4933983674456445,0.017385379288844843,0.1578890782873865,0.35742219444276135,0.1396050468608165
22.07820960251008,-0.20437574788086105,-2.072359091979522,21.68236539482759,-0.440147381339284,-1.9087038515697965,1.3715592355492636,0.02207379749129351,0.188548842965442,0.5930789358677364,0.03396648777569382,0.2419610592494632,0.6232278085417635,0.15378526887921762
19.022171457978118,-0.7210192366583614,-3.479694072153909,18.620969782523296,-2.407073121228163,-2.784948878628788,1.2854762797956276,0.012622840467708323,0.2710651319013781,0.7200000299265562,0.042863984703420774,1.532038088806869,0.997678579375331,0.12571520856268054
38.227327520931745,-0.8854646641101112,-1.8464016574430437,37.630761035682134,-2.5147846324841465,-2.824383210171677,1.451280571648316,0.07612681929546147,0.9976023190453728,0.8934830654661282,0.06838976803756595,1.4592001979782598,0.9874972192830879,0.052333207311763594
