f0,A0,w0,f2,A2,w2,B,f0_err,A0_err,w0_err,f2_err,A2_err,w2_err,B_err
9.230162927212348,-0.29650515620125784,-2.515159393546784,9.021249952565563,-0.5898788473748808,-2.0316171651502297,0.9481167385650462,0.013980224965213155,0.18268441206040847,0.536362329293342,0.02410566402689756,0.5869891208033872,0.7077624039364149,0.27585821662854737
10.858765274882826,0.046932790843282536,-2.5360851183947264,10.601207649962214,-0.20810044945010378,-2.4829400898441607,1.051286301001449,0.012821364263453148,0.13918461303820218,0.4923777664965169,0.016586524601856615,0.18751231694477738,0.5444526426735082,0.2674617532583228
12.455578504993486,0.0726617756212827,-1.5906612509420524,12.222329009661744,-0.727244087843314,-2.1322898146159766,1.1801073716267245,0.0261999870329075,0.21147950299047016,0.4155909915086678,0.03164909764022029,1.3032754614108182,0.874374873254976,0.24848898057983923
7.726987733361267,-0.7021075073500469,-2.6225050906643554,7.499144486120548,-1.0680061798986165,-2.222309186849435,1.2811203120200982,0.0173203842559136,0.28617764464973905,0.9306232838273144,0.020573926076155016,0.7632515387284093,0.7983162491829056,0.21901725893922344
