f0,A0,w0,f2,A2,w2,B,f0_err,A0_err,w0_err,f2_err,A2_err,w2_err,B_err
32.96434475976481,0.2069886848159662,-2.3856517720388224,32.381439982096275,0.13475488824978593,-1.912007370078995,1.3343470023800557,0.014227137913853827,0.11589400018559178,0.3445830190453182,0.021421312236511173,0.11713759295388461,0.34746367280526474,0.1378331474973251
37.25051473723081,0.4443202901366675,-2.4653410179794584,36.60739286281907,0.4936308581602108,-1.2904593461539777,1.4003269434407901,0.011720633995198697,0.11845215093239063,0.3720275455042414,0.03332650307823464,0.08799228837560485,0.12462508640154582,0.10644136507564503
41.3528894723685,0.3702437502309427,-2.201181617549536,40.80171499912787,0.4485008079698713,-1.63068032050501,1.417491292447227,0.015472861323941586,0.10657430741226773,0.3447484456017778,0.013985966383492775,0.09627088362113125,0.26552500029289794,0.0850966392392422
45.68451400592852,0.032496630282702804,-1.8109611854121188,45.067260780247544,0.1954436157323597,-1.615087151291005,1.4570218963237078,0.028091401638671777,0.13853539346365834,0.3461753460122885,0.018116676940947627,0.16219052575277618,0.3989553075810972,0.052043056391269917
29.053024644621942,-0.07061290206464016,-1.919683404772733,28.512759492254396,-0.6543255766868978,-3.63340220250587,1.2871391765583038,0.02317044563277209,0.12907194816366863,0.3776810321461959,0.011170432593960994,0.2439007420941535,0.6834689137297515,0.1346595953876372
24.973058650675135,-0.477877626612181,-2.6005145583248366,24.531629181336395,-1.404249563157836,-2.2165087055602477,1.1975365457911116,0.020393637153597325,0.209710813794147,0.6242442254956454,0.06082721173283457,0.9877724961739004,0.9695028794075474,0.15938063449805115
