f0,A0,w0,f2,A2,w2,B,f0_err,A0_err,w0_err,f2_err,A2_err,w2_err,B_err
40.3927688703188,0.2961844029985537,-2.130203483219548,39.73291166134683,-0.2854661517242876,-2.1190569993619492,1.2795247913794823,0.015485922622376526,0.10283219475575758,0.3025738554115867,0.023891917922872683,0.1647837830771631,0.45255747115151246,0.1292682294364441
44.992755051483684,0.46089283535231007,-1.838436207519159,44.370876499537275,0.2047653297217497,-1.3618104699415015,1.0225837150833863,0.016327455929314495,0.09096943523715766,0.2889800968115775,0.030754764207528713,0.10377571758688045,0.15804586329792075,0.17167540933278347
49.53510063390682,0.4696601833560994,-1.7225065268867203,48.879816365244885,0.2014494917600612,-1.345289339250347,1.0049280783611116,0.022697194454543344,0.08999306949683981,0.28626859423337014,0.023313210693465113,0.11543076514434729,0.1654399323069644,0.15473269513847668
36.098243568356146,-0.268104900734627,-2.909330868772105,35.501755466681296,-0.3895748587884621,-2.0388209015251646,1.248728116576114,0.013109438064513763,0.1820369128636612,0.7086070139068192,0.026616511497481652,0.1837908040400929,0.4927505406835315,0.14294315245453942
54.08669248266066,0.10273796625202558,-1.4966245277229058,53.39728515564098,-0.13401598568628503,-1.4258136155720824,1.3115916948582682,0.03735759007226462,0.12380939100502804,0.2843979284990922,0.026912333343711094,0.2037861437856183,0.34232170616531254,0.11945551545966766
58.651810021963485,-0.21694248297426671,-1.656357231784427,57.70061975515024,-2.1365406808015024,-2.804726413310954,1.3265883736860538,0.03237304273366999,0.15526460720706808,0.39736028877122875,0.09505705130032473,1.703017487723473,0.995289456774882,0.09991508031849594
63.54858939165183,-1.6532809962309898,-2.931243769398804,62.667793818998966,-0.7230118959990083,-1.815452480118278,1.1198760904249871,0.07955086055233702,1.6125929419794587,0.9587041952336574,0.05638471560205106,0.7295699446397155,0.8973151566217996,0.10279940045722977
31.747208129122015,-1.2631631217141535,-2.171795089832711,31.17334007690108,-2.9098560760768892,-2.800775129205745,1.2620480863060537,0.057799705875825565,0.9610027417548231,0.8930949936153268,0.06555475329953228,1.4471328253550906,1.0145099557186075,0.11530819081930081
