f0,A0,w0,f2,A2,w2,B,f0_err,A0_err,w0_err,f2_err,A2_err,w2_err,B_err
38.82538773996735,0.3826751102264296,-1.6705199436979499,38.23522000702705,0.3873518956356366,-1.5290647087408056,1.373843383133135,0.02246500701085947,0.09564728300305367,0.26966205845782326,0.023588644128241076,0.09168220853273047,0.2463983526846147,0.12074821425046826
34.9316276311521,0.45037350718312924,-1.8976636923039796,34.30872358417608,0.36719664160914467,-1.3122548065817177,1.3978024359782428,0.01667336521531252,0.09616583063162498,0.2913985859608717,0.025096436292179447,0.10660239621215892,0.12640514051721227,0.11476746135674734
30.919967568655967,0.493362897832193,-2.186103448551653,30.29212545092068,0.10903193702436753,-1.6076456841910916,0.9719504285322291,0.012876838076149364,0.09990722106643075,0.2692913710555412,0.024734467194709824,0.11675869620932554,0.29117258759660625,0.2287012156426002
27.217887793866428,0.04456984802961664,-2.2694158486053477,26.67358789368935,-0.6282903373239725,-2.5777716861670195,1.3426197441794772,0.015255961318916645,0.12423729117082973,0.3921813229881226,0.026800359403305097,0.282043736805742,0.7669262087059122,0.15037815618073858
23.377832204016926,-0.6595106689888374,-2.6259071456746197,22.91437099523902,-2.902832414022197,-2.8244837135856433,1.2930944795673602,0.022854991765831424,0.24023668724469693,0.7800740292051481,0.055714877356849414,1.4635516109561866,1.0416255447062521,0.11900542205383595
42.894108794265414,-0.1292664172152369,-2.1416843173784152,42.12809703678136,-0.10951290775887826,-1.3928617537466499,1.3215678509235091,0.02090692302930635,0.14553297857116967,0.5257077849065503,0.031134394458683254,0.16069031661347383,0.28013441870198735,0.14718842809101032
