f0,A0,w0,f2,A2,w2,B,f0_err,A0_err,w0_err,f2_err,A2_err,w2_err,B_err
78.30234427990887,0.10448869643355202,-2.3774900060884954,77.40095997596401,0.24770552836951562,-3.042938707621302,1.0715349391934326,0.013276266046030948,0.11448670099524293,0.35101471290206043,0.008541720095597055,0.1491353541779178,0.4237697820786972,0.08016836768437201
71.32084618563033,0.47698333576493074,-2.697909211554003,70.41624878012283,-0.06687570767498197,-2.653903184279108,1.0070121183176506,0.008843439431595324,0.12363461695802397,0.3178752160985875,0.011651835562091779,0.1425366342496361,0.429833047576624,0.0873273864890978
64.24621140378797,-0.19073753254381282,-2.8740334575821365,63.27342068308243,-0.35944546419900647,-2.1950184946912814,0.9463165133445153,0.0108905586209671,0.15551361255254578,0.522833741322342,0.019630873861692523,0.15557109599829344,0.5637942008695026,0.08909921520662295
57.55362391368046,-0.89617977209393,-2.1698588589463887,56.61044506845569,-0.8305827157315475,-2.7074392422460107,1.0992295690846952,0.052848769294943254,0.7423234611872395,0.7103052523928628,0.0322476581785973,0.7218662263830812,0.887544398357777,0.09838919547924493
85.38805871234305,-0.05690981800032632,-1.8795936670557267,84.3646948869534,-0.3576268565557012,-1.5292646134422556,1.098338330696855,0.02039317391578654,0.11764776034537269,0.34292020032466075,0.02796994270966331,0.1770549026718372,0.3131976643216696,0.09032107552209695
92.59108704559412,-0.9342858215199177,-2.092574237205599,91.55264470220087,-1.104230451457381,-1.8984028343761679,1.092097954036517,0.07543279452230514,0.7414631697107081,0.8004755053189845,0.17965809484344739,1.7065682564350046,0.9239036899858267,0.09443354928527138
50.73914492763308,-1.5189742150806214,-2.5560418360292427,49.77266979787028,-1.6111256146031714,-2.246905199461891,1.0052349741522346,0.06727688176939625,1.1808026629844006,0.9249586207429527,0.10922592788801211,1.2673981974247275,0.8228826642264235,0.08218092580347494
