f0,A0,w0,f2,A2,w2,B,f0_err,A0_err,w0_err,f2_err,A2_err,w2_err,B_err
26.164769004014314,0.5235688938012589,-2.214830874256426,25.588746779497555,0.33781767816426056,-1.308800049632365,1.3872927847592196,0.015526882843721236,0.11738629883069335,0.3850639198697443,0.029122990884292984,0.5911756692225062,0.430853944004621,0.15219392596701678
22.457040804537943,0.17919063384883763,-1.3744403404422847,22.026411062644026,-0.9374004502263982,-1.9581506512146067,1.413755884498992,0.03726282626578509,0.13640542485856222,0.22280936011391567,0.04999938103283682,1.3711439937361807,1.017598812970612,0.12878803529952315
30.024065259341935,0.5398013249313157,-1.3286088368876334,29.412891475292845,0.23292569797819984,-1.3392903946696648,1.3722879130441812,0.032787074505112083,0.4745889049017392,0.32739385864080384,0.0463275694079932,0.28356855715908497,0.16538959775543474,0.15794110519767737
33.86608151682789,0.045506183466929424,-1.3050863570819584,33.19080313455018,-0.16700393728498097,-1.4299188807144776,1.4328052040225403,0.05817305103708941,0.13104315972336592,0.15791246362080766,0.03921650025396122,0.2345565477441983,0.6690271787944786,0.08639674342701695
