f0,A0,w0,f2,A2,w2,B,f0_err,A0_err,w0_err,f2_err,A2_err,w2_err,B_err
40.07356713903048,0.24959027108956955,-1.4555490393694364,39.315943867555376,0.17186626866317548,-1.3132175180365444,1.2689512380128714,0.02943338554451332,0.10103629587001327,0.21789233512701237,0.03349096737165954,0.11598540076597756,0.12227716970610122,0.16691032956392862
35.575727878265326,0.1280554477958707,-2.5176291117067815,34.93366077465201,-0.14098885743718392,-1.5500750463472222,1.3301765572251134,0.013082074162291927,0.12670584555313796,0.39936837628988675,0.03679459473049108,0.15701003232866992,0.3695055790329962,0.14029854657502405
31.43530219748667,-0.6519352673924418,-3.000516459273518,30.823424683308428,-2.128350810243579,-2.7078279200160047,1.298210144939265,0.017927578548832188,0.22289017883954854,0.7250312179247244,0.05635087224834967,1.6740900020288907,1.030494696464317,0.12852782058114318
44.62470878763457,0.518940866180863,-2.1693487012015646,43.875270430163184,0.3965175551299407,-1.2859432398525827,1.198963311006001,0.013789962009042143,0.10427350997544892,0.31446738732305707,0.03412910418506543,0.0942510771660515,0.09616553529227322,0.18926382692828939
49.063367362456056,0.2530763928905202,-1.408911451108478,48.37800952178088,0.0924057901889461,-1.3394908071345333,1.4067517153977596,0.03662202666257843,0.10223156622188262,0.17075002928915184,0.053747533312889686,0.13606080350455935,0.18044081111031487,0.09159138040683844
53.63920776248822,-0.3840077318520093,-1.62071835197483,52.851169112022546,-0.45590642943028087,-1.6723594892229348,1.4502100798129067,0.05153141502078576,0.2027338447125986,0.4003705929702173,0.03848963599254014,0.2429778536005402,0.6159169247036175,0.050838066158434676
27.09121124390758,-0.9274109027871261,-1.8612753591293965,26.64774528896882,-1.9351977326514802,-1.9582687954463809,1.2987574801634634,0.059665167825019856,0.7150641397798005,0.7554895459794747,0.06624717301962897,1.0442102835707747,0.699313650672136,0.13969049422871627
