f0,A0,w0,f2,A2,w2,B,f0_err,A0_err,w0_err,f2_err,A2_err,w2_err,B_err
37.20800335098329,0.5436432466000428,-2.5501130747138685,36.57010660119812,0.34017506048235296,-1.3319947594943384,1.4205804237710267,0.011494540694395323,0.1128852672182586,0.34573113026259145,0.0330619676717271,0.09573648130043917,0.15319152809151151,0.09456025810995271
41.36555655957564,0.3003762675948791,-1.5254280290128674,40.7105908033591,0.22869027432278966,-1.6063419861667008,1.2385554567566222,0.025091507509750248,0.09828405073373457,0.24770390921609242,0.024179505328415774,0.10930472660167369,0.30670110294240893,0.1777017343603396
32.936396243079116,0.08101233686722273,-2.171411393912079,32.27218474584263,-0.09199591230007324,-2.132860040309681,1.397454335485422,0.018487068621930502,0.1105920573775663,0.36235877598385063,0.007875545995904384,0.13310552349230118,0.417215365990724,0.1118707568023813
28.966720225101234,-0.1598654840873563,-1.840649208079217,28.396194437653072,-0.2956174190520736,-1.5446888450669691,1.3749211331367537,0.024584747221221153,0.1531407252419342,0.43762897116301885,0.023893699735623088,0.1805778390079209,0.3968861744919156,0.12277253188009983
24.97031323529406,-0.9222390585063078,-2.4977327957236795,24.470229912593233,-2.190898847960808,-2.755117598196349,1.3889120132928061,0.03993558615247808,0.47167050083932044,0.9569733425226036,0.05363734088269519,1.3206187466227046,0.9999447814601349,0.09730750764151248
45.59660304062307,-0.13305892081557258,-1.4261557953849735,44.98639828069774,-0.17004856521184325,-1.8644053311205568,1.174089366284766,0.04499902625683009,0.14899277501938643,0.25731935114452825,0.020048812762067478,0.1570007621876029,0.4394879875061887,0.13883502715716137
50.23990473437913,-1.6600243771356515,-2.694430771845451,49.4367142512247,-1.8402076022329803,-2.52966263680242,1.3742594743757404,0.07593616915876723,1.2158150934135192,0.9832687788537505,0.0889769294440189,1.6035578082274835,1.0530332562415017,0.08921594719284628
