f0,A0,w0,f2,A2,w2,B,f0_err,A0_err,w0_err,f2_err,A2_err,w2_err,B_err
29.059922490702565,0.40932002263548506,-2.13894924134849,28.439243114962917,0.13355224661626072,-1.3080999971386709,1.4065415795451004,0.015320901764545562,0.1103527387635727,0.33150290251681336,0.04168847448143228,0.13066080973616273,0.13259048380815974,0.11129399392108741
33.42456286371194,0.5710700435293783,-1.6795990496653828,32.683653345973575,0.46321776362696016,-1.3041374969924693,1.3649192281523945,0.03231915608084438,0.1899215474207545,0.30790876723657185,0.054448438641744853,1.6582506033930773,1.032635131948527,0.19539901989201428
37.63678511847127,0.3844830018968273,-1.3723075249894063,36.99716641803486,-0.1523398574364393,-1.474286206791219,1.4142509228420617,0.029159465358711528,0.11266102709119166,0.21371902507098653,0.05118647355201283,1.3204365312405015,0.8392965378073635,0.102796845129163
25.157491872131157,-0.20940525925753029,-2.3020189681624057,24.688837319504287,-1.2169410312984938,-2.9608819503602994,1.4154451278642182,0.021301230025705966,0.14241775387376052,0.45128503268375514,0.03968845151464359,1.2858232633863191,0.929990412370167,0.08196793151255245
42.100985652213396,-0.3929719443857461,-1.594585993416857,41.54382361960097,-0.9905835019580085,-2.1525729014881367,1.2964077103023577,0.053237689527961894,0.25437597416390667,0.7118462193709063,0.06728235169239616,0.909978259355149,0.9159013261043949,0.1479435564764841
20.966642993652105,-0.7993137374484827,-2.2579169448023144,20.555528887475806,-1.3810956241359467,-2.2679232744750655,1.1269922446274923,0.03204651653551824,0.4006150988966026,0.4839609660746164,0.05383093392151833,1.095841023707059,0.9029802133742931,0.15516459221603468
46.02595860833221,-0.9037855850605699,-2.312295652622283,45.32402575633124,-3.17112225960584,-2.7864840481255797,1.1607633225554475,0.0502253953010745,0.8554192927381108,0.8245372522217184,0.08840417894650893,1.5486444538887585,1.0035160628777178,0.10215835557214044
