f0,A0,w0,f2,A2,w2,B,f0_err,A0_err,w0_err,f2_err,A2_err,w2_err,B_err
41.91721976310015,0.5409391306873792,-2.173718721442712,41.165113374638935,0.2311073768605465,-1.3500228695038181,1.345299002228013,0.01612771856870029,0.1135588243914074,0.33937639439564266,0.03788645996633044,0.12877022037098074,0.2060895199623307,0.15216440126443656
46.685434292832966,0.3413831278293117,-1.8164408154681753,45.94718037803936,0.30279165965189914,-1.4391130849938074,1.4415297572581593,0.021358528575466867,0.1131306883301178,0.3626785259609519,0.03909897101145154,0.11294646797189396,0.2442516298908059,0.07249214768922974
51.32440310232164,0.5125685290568107,-2.0185315133309514,50.58636107335868,0.20444364006932025,-1.6219389357387284,1.3986569115531344,0.01699805613211494,0.10776572604763993,0.35810474057690034,0.03029985012084287,0.11375945922694485,0.2983446070746511,0.10033668405606523
37.172172790725654,0.12487700864403443,-1.5250944040018293,36.582139165392576,-0.5076106339221524,-2.6402224336404734,1.331048295748409,0.03422550369612843,0.11330631934923865,0.2636416280535437,0.025486115718775,0.33406474200450936,0.7358637346986442,0.12888284746098272
32.92108725386372,-0.3271626219555601,-2.3913756648087516,32.2133027478913,-1.5580049513591905,-2.7534130485642256,1.1481129658781009,0.02261925747479831,0.1872078222811978,0.582263656310709,0.052658441969640514,1.468025551487661,0.9268001677372337,0.150339308525657
56.01777138952249,-0.02058647853017402,-1.4045749397646374,55.35194826246483,-0.3490524315978519,-1.736452643296452,1.3679102041670046,0.0333646266939708,0.1537235052905862,0.26284453781259487,0.054111799750035515,0.26227544362888755,0.6889441825347363,0.12372077249467896
