f0,A0,w0,f2,A2,w2,B,f0_err,A0_err,w0_err,f2_err,A2_err,w2_err,B_err
51.06203950343078,0.05305326171807498,-1.5938450555615342,50.361182554527915,-0.6082162870595798,-2.002331258327394,1.3927665433231045,0.02919012077130882,0.10906329274714799,0.27630191870105875,0.05259678307140102,0.7086705111534406,0.7533824322433952,0.08686830070280636
56.60397385065263,0.24882898390716646,-2.9260699261567744,55.747571612462174,0.12140588308304834,-1.7256958855836269,1.4312763475105958,0.009030361255221775,0.14705801514591646,0.3875422027021225,0.029871360717376994,0.10665721013407282,0.35647519897498153,0.06805941711864219
62.24230575368143,0.5401307544629579,-1.536751634074287,61.44898498254162,0.3377370180138347,-1.3079281588888239,1.1134644906418305,0.028974642567383548,0.09886692543591692,0.23367876645337562,0.12136460029455896,0.5118286968226617,0.5211288900628881,0.17907684274485633
67.9429234653193,0.6731453959787366,-1.473068997196664,67.1768600563457,0.3798416803725275,-1.936124633540281,1.448801844707376,0.05175519850598254,0.2866912756607185,0.41747553067210863,0.13344528762863067,2.7011120627896386,0.9316817922933466,0.08586700623411783
73.39856110937377,0.45143141111421214,-1.2784281077921003,72.6874760597383,-0.8491925723837473,-2.7688860997446474,1.4353476512106804,0.05448467443663948,0.30347323421390765,0.463715245947699,0.11054015025770014,1.1559983579479818,1.0555989448722747,0.06932566802566963
79.29137995899852,-0.1046084123246371,-1.402799305630348,78.22203908324752,-2.883699482031274,-2.9322949289886333,1.4616125650060223,0.04511140680039281,0.15899489208536807,0.32678431151644866,0.14487796703604996,1.3043892896362925,1.002493745063599,0.040683042937249524
45.72678851116467,-0.5233576309037937,-2.885743544886465,44.8888350741619,-0.9544459181317724,-3.2668423809753406,1.2010780012393396,0.015631873797536444,0.2348022172736838,0.812512511097021,0.04341505772115644,0.6035124315882029,0.7929310183666692,0.10963562888082219
85.48739942341786,-0.8473039768774843,-2.3155231576945767,84.18272954127858,-1.9821940309731851,-2.6971182294778986,1.1270918862720138,0.14210314812144298,0.2921351760232372,0.697572784967515,0.11859333567173899,1.482908165724056,0.8862473291547532,0.07995470565780931
