f0,A0,w0,f2,A2,w2,B,f0_err,A0_err,w0_err,f2_err,A2_err,w2_err,B_err
50.94587849431175,0.5363738453307809,-1.4197523325629189,50.30631087507463,0.03131926936385091,-1.5403793969472102,1.3841681831393735,0.048287467542680006,0.1468341459309746,0.1953194525008947,0.12043101437939599,0.8141620173132302,0.5867885411777088,0.10362829522687748
55.797404649998214,0.23501081409986074,-1.7973413451236504,55.13557185400468,0.19065831712392683,-1.3704822921662003,1.3861380895634847,0.04311397060163119,0.21017639989280087,0.3881082165943659,0.10141188420845133,1.1213470692117913,0.8479039672812443,0.09700199702386768
60.18545444944035,0.5445924066625957,-1.25505282805761,59.253500610587466,-1.332955214266767,-1.7844666643923741,1.4507175793939155,0.025431224387028623,0.08232986646825244,0.08048628677901198,0.11098721343129885,1.7124856079840662,1.090942260814188,0.05592920279014535
65.23683352430474,-0.3215558225805493,-1.4615799988624407,64.41194569370968,-0.10661459988425097,-1.6938825902464911,1.4182838001240086,0.08132575061028142,0.2178892416209583,0.4753369268172795,0.02524597897130183,0.14679027281407037,0.42350163310509453,0.07478720536465
46.272346600620395,-0.08380686966810938,-2.0591622839642225,45.620489457918765,0.08679955347284057,-1.3073781842795857,1.4303664599179073,0.022296492344012913,0.14007467544179952,0.4207228854252406,0.03673803124499363,0.38077763606190307,0.1419834861765148,0.07271009285975144
41.89039167848382,0.0007837078029232503,-1.8298746704720061,41.323468352657414,-0.22302315761069433,-1.4188467597233352,1.231778961741222,0.02681943290216187,0.12310141816887214,0.3525654141412867,0.026162963641739503,0.21535411944823657,0.2755176477833909,0.14149803492217128
37.33757792468201,-1.237379764685692,-2.718393210177947,36.67038570367243,-2.059116489193172,-2.4379107538265137,1.3274390644514997,0.0628745919212982,0.9018323992140762,0.963448736023876,0.07250500385785523,1.593693854342642,1.0069979839459378,0.11472185913444398
