f0,A0,w0,f2,A2,w2,B,f0_err,A0_err,w0_err,f2_err,A2_err,w2_err,B_err
53.07720226298919,0.3864971709730387,-1.8138148069097086,52.383002452827995,0.30044523939585144,-1.4220701034154575,1.1438747357884451,0.030044000489239983,0.10972273955776268,0.3212994548978277,0.03329851735753341,0.3484372570056543,0.3173001408744273,0.155806218273847
58.0550173915827,0.30726113001261823,-1.6641909593411082,57.35775998795127,-0.0046669325101220405,-1.3746216175870298,1.0140524186357884,0.026294715697876225,0.10981390743119354,0.2892971189445287,0.09455983743813225,0.5715901363397853,0.6594847118025277,0.1662115681123394
48.33225784875391,0.6391018193996344,-2.2609762111268097,47.72131803066573,0.5886688040595689,-2.4460204721077394,0.9496484090064322,0.012235399100999992,0.10498658727792576,0.2763180646851546,0.010904412367427087,0.11431441412375824,0.3090046304101588,0.14351073739591744
43.46218908415743,0.37316356768751296,-2.530689848471348,42.79933063823977,-0.14672006755133868,-2.102181663525182,1.135860806832101,0.011305221515767497,0.11648437730270501,0.3401912079758571,0.023138776005124997,0.13439641658246043,0.3797355592610843,0.13892601669277121
38.77246986525276,0.058977016525121925,-1.9172983779510004,38.13657979639928,-0.06538368419606436,-2.1323725946336993,0.9227676545166938,0.019813183409169533,0.11388869261002996,0.3698520657854821,0.01830578321834038,0.14515969289970404,0.4758217364712597,0.16983036355453712
34.31719359959293,-0.8188011348165424,-2.2831082500756663,33.7305830574951,-1.1284620481086653,-2.294508545465801,1.031253677911423,0.08007023265155437,0.11712826560363639,0.126847179729834,0.09807246767244826,0.19485335200551596,0.09313989420062706,0.041700841409213284
63.117378714246485,-0.8962436254720907,-1.770106305272095,62.333353767435035,-0.29459572165854775,-1.674427188034213,1.1723501153348574,0.11111954202875857,0.7477024084706345,0.8308091831358123,0.04850216058558525,0.23955928977438343,0.48900720737224174,0.13179221835968116
