f0,A0,w0,f2,A2,w2,B,f0_err,A0_err,w0_err,f2_err,A2_err,w2_err,B_err
31.630683956560084,0.35096945698992754,-1.4832463882845248,31.036874259753464,0.19024789689502175,-1.4473399789769996,1.2553265224968988,0.029541250539345282,0.10608594500205687,0.25495238840528095,0.030642843852952985,0.14079524262553758,0.25903100805256707,0.20103515971957178
35.831444308750484,0.3200533441540801,-1.887550905772014,35.22259768880288,0.33489935836944323,-1.3152367166662826,1.4107264982316012,0.02427223390042204,0.11853693240402718,0.3358729486988067,0.04557744299079332,0.11811309363932121,0.15019480839167224,0.09776440521470485
39.854080330937805,0.11951966140519332,-1.539603785079833,39.16175159681005,0.13159774962173715,-1.3211231459384791,1.2710683721479739,0.04052871632487065,0.15264933845742265,0.3909272885271419,0.06737066305730365,0.1638325262447485,0.2544052005753291,0.18647483061377984
27.855158879855516,-0.033442652071682066,-1.533957405251386,27.37782944043318,-0.507079694267867,-1.6905760338524713,1.377843674286202,0.03152772901669546,0.16791593916834602,0.4383578492734484,0.053346295691771885,0.5868056398380016,0.7595256303608235,0.16527929112123374
43.87262938965612,-0.036158376544057486,-1.5207731603775025,43.22297771560672,-2.994196307270694,-2.777074546500071,1.4380476081903146,0.03785298534138561,0.1441317899256218,0.2743079402588575,0.08729375751024966,1.7673201462485315,1.027501064612705,0.07034460229588696
24.046511573124288,-0.8627576739304713,-2.2274452313518607,23.57077851993688,-1.1896473229369122,-2.2687321876837534,1.195349398622553,0.06098454750986715,0.31632246024691185,0.55141647063848,0.06399343092376296,0.6462249585536409,0.41999093290536615,0.14203016840273194
