f0,A0,w0,f2,A2,w2,B,f0_err,A0_err,w0_err,f2_err,A2_err,w2_err,B_err
31.23396799543771,0.5897700372350545,-2.647459948278158,30.770466749937565,0.38495076890086966,-2.8178687826076665,1.2526716193356566,0.0123543489496625,0.15131510302192747,0.42395189501872804,0.012112341323850761,0.1814283530459816,0.48485609162560117,0.16870008871257489
34.70534926165111,0.12879472697964844,-1.5634016069137022,34.214771902760695,0.24906806319302044,-1.6677385816925212,1.2143079605831193,0.064077688086947,0.8055851816702377,0.46499756598719827,0.06750399250941548,1.2341741282218461,0.9677574308592481,0.2197594463604509
27.762913845802437,0.20220269120562007,-2.88918280921801,27.286643885973692,0.06444884384789352,-2.400192505746933,1.1318888508462372,0.0122902457222503,0.1718191252933907,0.517516794633351,0.0165582788653126,0.16079109929929977,0.48795854352343093,0.18470412255745405
24.39815712959227,-0.13601507429348353,-2.791851089380686,23.861466636457415,-0.41292241033212085,-2.654609989531087,1.383010691226442,0.015885681134462065,0.1908354712655096,0.5937979513529936,0.01644346169167467,0.2606723830027709,0.7948892700224488,0.12254340509805074
21.108969766563717,-0.8204114292575654,-2.6379908981964055,20.649155818126502,-2.1547737220783643,-2.3030095824128254,1.359952247125806,0.033668772195501386,0.832584877045297,0.8542544131499001,0.04966897560703166,1.7533567433703519,1.0031610844295684,0.1513906768432681
38.411955492482114,-0.14501782270332336,-2.385008055840583,37.85517820654815,-1.0066679893495971,-2.8182130549559394,1.3115835509015792,0.022211138400453568,0.17390043966763039,0.4857094292430718,0.047955835395351906,1.0410049126767085,0.9013661227783164,0.12559201291016858
41.80145625062628,-1.1617093287550948,-3.251339726447118,41.216985456717424,-2.8328856333652452,-2.8612957882147647,1.2402628393053476,0.07547984183685846,0.9118681531277147,1.0010690897719232,0.08031008740775412,1.3784290833813881,1.032228544826745,0.1049932021048847
