f0,A0,w0,f2,A2,w2,B,f0_err,A0_err,w0_err,f2_err,A2_err,w2_err,B_err
180.63454910833556,-0.4827240386779655,-1.8618287657461376,178.220679617312,-0.32307816867687456,-1.9991578932069083,0.9523976343950574,0.03239694312696295,0.16685017813310088,0.40967960659916874,0.09097884676470039,0.2113500663064048,0.33807877433512473,0.044458281402368655
205.76556164699062,0.6914974279107476,-1.2620570413413321,203.33876533103177,0.22628079134511597,-2.396208691323647,0.8203124179717368,0.026512506657578674,0.05801413135921981,0.07327905617662298,0.01155026020216421,0.11261107691812573,0.35159962868231837,0.046601661906342254
231.32136229496635,-0.2762703460552729,-2.7444669659737033,228.30131980212656,0.1469044931099049,-2.409145902697931,0.963873043896988,0.39671998750575804,0.31703677972541017,0.8899899603488091,0.01202542222079425,0.12247300865546942,0.3313661960698497,0.06890739069107965
256.57764290912706,-0.6135521633338378,-2.1511147250879903,253.40654561545543,-0.31108315488567656,-1.8522401955104006,0.888343129047034,0.11317943281829904,0.3724151843311733,0.6593810476571693,0.2074737566351867,0.7778185234187336,0.46017551179956584,0.04610629379180066
155.96035101964154,-1.7935675443712038,-2.552939355024566,154.24213687853631,-2.894500733250037,-2.7959327623831887,0.9207230467709834,0.20300239990491964,1.2212910206007577,1.0167354308013525,0.22128664143469787,1.239342079893338,1.028044278404592,0.040097084466997654
