f0,A0,w0,f2,A2,w2,B,f0_err,A0_err,w0_err,f2_err,A2_err,w2_err,B_err
31.56324864025548,0.4597776428020467,-1.9548169511470102,30.950211729992983,-0.4060960526758435,-3.2001344445112965,1.1553862342277745,0.01739890022586604,0.09899169647195766,0.2748644084317442,0.013148858080179366,0.231979230312956,0.7845301995909493,0.1692126960339566
35.72053611079179,0.39479641027342544,-2.2630696213125425,35.10606216538886,0.25047151011139157,-1.5012625736329,0.9780153201543242,0.014397560204355545,0.11718831063235638,0.37484160246930404,0.02911222866380364,0.1115874550079268,0.24582749831001283,0.22140261384765988
39.75556988262432,0.22135265885658517,-2.2792494742620155,39.149908959532,0.3208985271877722,-1.4585237696070796,1.3956000436332505,0.01856320381393732,0.13816379355059033,0.43423016482538945,0.02668464430414779,0.11207877032777931,0.24696694988764836,0.10095221269028794
43.77181909032168,0.08505739762160061,-1.6201708834296231,43.15935163357901,-0.04092121321325606,-1.53293022206315,1.3774542973767474,0.03293371602527691,0.1462234169926029,0.3707532921052977,0.03851937728442448,0.15967100807503212,0.3890120590832972,0.1126269176582308
27.877409710301812,-0.400022631052243,-1.9247873826300743,27.28106420862387,-0.3736622733238619,-2.74983339120119,1.4097262855397608,0.03121506948865279,0.2518794878317049,0.7160145477635582,0.01908271821314533,0.21768423975645274,0.6388516311680387,0.11096131969158902
47.817811085890995,-0.5896640233316245,-1.8729500915236863,47.15532111067916,-0.4631951209738465,-1.5777458175331032,1.3461945697231692,0.06025321829294581,0.5161787735535814,0.7972450089450187,0.05514792586907426,0.8101706316402622,0.7388775010637612,0.14757479228811896
23.8634583197464,-0.42534605793550556,-1.5914164229561725,23.39281069654801,-2.0906537114787316,-2.2457554906135444,0.9947870870803605,0.04420851774562638,0.48078371626780675,0.5061553074719706,0.05351421826630667,1.3975112463650663,0.8947888262985897,0.19938457015928424
