f0,A0,w0,f2,A2,w2,B,f0_err,A0_err,w0_err,f2_err,A2_err,w2_err,B_err
15.304719248777921,0.3297041597613254,-2.842559988125977,14.956478608866815,0.24784777617830567,-3.546713038094929,1.0665334816073662,0.010278131307800304,0.15002520221274765,0.4148799322892255,0.006899284702465438,0.1910956108211802,0.471954362641857,0.2270352938316382
17.54003996836563,0.15631203599761967,-1.774941350103428,17.225709067679205,0.0008979288837598076,-1.910683758617471,1.02592900790497,0.04242759051915425,0.22129840522053099,0.6281648056205354,0.0296445286506498,0.4143813404325899,0.550250650381812,0.25374914398498044
19.827065225144576,0.054176978693094076,-2.171799341847631,19.49939444863118,-0.07383071906866762,-2.6015785591984844,1.0953917094135017,0.020387931489536215,0.14334000189216628,0.44007520155428115,0.013912292274862606,0.17641177050051843,0.6529696420549829,0.23496503634896843
13.178090951102067,-0.23879069799983343,-2.890662452443717,12.912867687141496,-0.9590533101358846,-2.133139725312584,1.0892473757124805,0.015316734763266148,0.1984026155582393,0.7056753670732446,0.029542329660186897,1.0275466153542243,0.8854512094192332,0.2557153736215501
22.153537543376938,-0.48262051628003044,-2.2288451576328203,21.839083228375927,-0.40810580175171385,-2.0200890947705012,1.1143964705521876,0.036918887022324855,0.3798331969713772,0.5764992725204863,0.0338046676477019,0.29156823204122756,0.4253335501561518,0.1914024263583974
