f0,A0,w0,f2,A2,w2,B,f0_err,A0_err,w0_err,f2_err,A2_err,w2_err,B_err
51.782467906590405,0.46420841199249174,-1.8000604198412582,51.00309427382178,0.25204475931456616,-1.3253194858023116,0.9937841279354676,0.01823654002079784,0.09364733902171243,0.2802859988800068,0.03431196923172378,0.10626447863049052,0.13488345437373192,0.174204609537266
56.972170609317104,0.435091263051254,-2.0423956985815654,56.22110547901527,0.35146915499225817,-1.423996988499288,1.4207998227212593,0.01632428183450125,0.0977764778992076,0.28053967230434707,0.018871957820935557,0.09313035241788035,0.1709602044614255,0.07047676680455381
46.49451653572493,0.3736325666486749,-1.474798929940657,45.76170522787474,0.08801259561296254,-1.4331652706303537,0.9478532242505697,0.024149656302564992,0.08836780448612586,0.2220297105027187,0.03369337819750267,0.435478525854488,0.3124922461991143,0.18746893896509237
41.63985299819141,-0.18681535288909304,-1.972379514849776,40.92847389167423,-0.44240094502280364,-1.960402858157531,1.0144990582112492,0.02476755838512986,0.1466454512270083,0.5004456032884111,0.03140711727628904,0.19623847113583,0.5012123464950232,0.1477931725566089
36.59189160595116,-0.6031065456770706,-2.032535898784084,35.993297760375036,-3.0568636743417246,-2.763230042398787,1.2152228075766787,0.03744544657925905,0.2907855210558165,0.6088383177100194,0.07506194932444984,1.5284570102501684,0.9551312817713247,0.11843400676021178
61.86760802846937,0.40668978673854506,-1.2668493456263603,61.202591280474174,-0.9280829757961716,-2.0120153178655835,1.381103011997575,0.028485846539142528,0.10291493561451695,0.08407736512861176,0.11314600765882332,1.2462035340480206,0.8889246337378103,0.0981380132889946
67.31623338387037,-0.051572671576818524,-1.7042054799136124,66.50161932604234,-0.9271450245941848,-1.9720119698433143,1.440248450042051,0.030629256879358822,0.13355822139280066,0.3545286923571274,0.11649470860994338,1.7153300711620454,0.9379233369756516,0.07125557285407556
72.59420480846326,-0.7235849095844422,-2.0038853496154925,71.66415252438465,-2.4904899964046354,-2.7947306868237853,1.3726304393514637,0.06217206330043497,0.9199760931775585,0.7411553016105028,0.1172622539253533,1.7390748837709882,1.023493990941158,0.0845082960306565
