f0,A0,w0,f2,A2,w2,B,f0_err,A0_err,w0_err,f2_err,A2_err,w2_err,B_err
29.343905599864534,0.07677922044355451,-1.7897546161981603,28.92359868417543,-0.4597348644018507,-1.6656997749580733,1.265271472009991,0.02416419107618266,0.1282334688426135,0.37548998003261036,0.04952720878988885,0.5698350071989637,0.7519371585848418,0.16283259382807325
33.0160931894149,0.27985491599064705,-1.3733034195041791,32.52086482992234,-1.1961324141032605,-1.8126510537706437,1.435266749361195,0.025752815308225,0.12086368721768628,0.3543977071310091,0.07949927745915696,1.5814904234259664,1.1805243686160207,0.09066644789945488
25.535579490314756,-0.033876013124751886,-2.0085980357923594,25.05267894197762,-1.6414266773267168,-2.4976995741789585,1.4003850848470878,0.02039166202797006,0.13223808421186614,0.4387062659328228,0.05038829174532729,1.4586570771528187,1.010565671763849,0.1124710887530576
22.06458681222411,-0.4136146277112418,-2.0828612419158783,21.652311743409626,-3.4489641119396426,-2.9970173281011347,1.2905768342615027,0.02555161578411561,0.1852728951240748,0.5845919197453096,0.052563486245272496,1.5345394114277533,0.9559676812207348,0.14216754675364618
36.81542217250403,-0.36750302374380134,-1.5890813628544433,36.1436617588533,-2.4353883829857317,-2.7148688652681887,1.328436524142328,0.05258820361014318,0.27483630858848984,0.48539698861826214,0.07338024647231678,1.33957741995471,0.9607504980602796,0.11164688929540463
40.76279940701798,-0.9784682277541479,-2.1742918867285295,40.140331138156064,-1.5290851538427361,-2.5835605432262967,1.406780329848208,0.0567846812450014,0.6275671295487965,0.9098959191637485,0.0854141373026043,0.9981650964908771,1.0282522940839438,0.07948518607131211
