f0,A0,w0,f2,A2,w2,B,f0_err,A0_err,w0_err,f2_err,A2_err,w2_err,B_err
66.325390873485,0.8569391705058207,-2.5781066182258106,65.47024454407713,0.6787501002914436,-2.590591125033039,1.0007153536624724,0.010349132905436457,0.12894999249081035,0.317311718286801,0.010510968576895202,0.1278008485125219,0.3274766486508351,0.11489569970648177
72.79421800637735,0.6289597803897067,-2.5357230949150154,71.93828834728933,0.9220048194110189,-2.1046152782434655,1.1564367548850687,0.011676568871605229,0.12617999345080513,0.3302234293921289,0.0031575721572274468,0.09771079756466008,0.2646167650236397,0.12711239077664846
79.44978846237333,0.43130490909428687,-2.2677365045289517,78.48206011828862,0.5622907313995686,-1.2725090571959212,0.9572096944156239,0.013789777466546605,0.11692885455851765,0.33021459396370806,0.006804376709677845,0.08773791102216458,0.08263808043929355,0.12407945866898658
59.710281270315065,0.3726762274015724,-1.7621793087113626,58.82311375703875,-0.1500488286197858,-1.7858292471556558,0.8960274275680756,0.01947921832514014,0.09306316882019992,0.25639615332514315,0.02923431105059117,0.13821161528584072,0.35537844320525863,0.11726783545981487
53.466914008276866,-0.3989018024845978,-2.6792028939563686,52.597246810300916,-0.3136471410849736,-2.2346300674898973,1.1222845995768944,0.017655101144845645,0.21701291694584965,0.7794522966285169,0.022853916837297553,0.17994456534698475,0.5384679960121799,0.12718457929630628
86.26334774692498,0.05018355418981371,-1.883564378136539,85.2906774068118,-0.03593137797565388,-1.3900155039020037,1.0207583923062267,0.024661282874341082,0.11884828416954699,0.3640330862128525,0.01868063152728679,0.13291453578494256,0.19211819636210384,0.09481781152218134
