f0,A0,w0,f2,A2,w2,B,f0_err,A0_err,w0_err,f2_err,A2_err,w2_err,B_err
51.63484556967269,0.7375632016059114,-2.873451032096186,50.83612641139831,0.47173083052847564,-2.371216472110718,1.3341001313800875,0.009431517316694107,0.149771051073307,0.3933817790639766,0.01381534360296638,0.11984385700000885,0.3429419001451111,0.12429199626570757
57.28459930680778,0.6830456277481451,-2.12018035932309,56.46082593478128,0.5872675574209694,-1.787158679682284,1.1944984366029847,0.01482573904368069,0.10267234894140036,0.3229448095391999,0.01924788234545385,0.09319095575353503,0.28689384568180026,0.1731123505664608
63.04156556063562,0.30759654859692087,-1.7984533949376986,62.2181372468313,0.22151153703191998,-1.6917770028059755,1.0647336709683632,0.021238358639681362,0.1117910839007377,0.35161399339106536,0.02178909669834337,0.11197206401272035,0.30379626420142536,0.1495209182091283
45.92815494583134,0.450483218242568,-2.8995056760398903,45.10930018093887,-0.11642717273246805,-3.612325019468847,1.3246629244812156,0.010061830299818806,0.1619439461687645,0.41685371379371977,0.008716919793333746,0.2077514743892095,0.6366433615594522,0.1179219322495669
40.55409408137639,-0.30486274142167696,-2.2259780776288736,39.719520153020355,-0.5605995399276408,-3.4843269778027812,1.1866087898646287,0.023208786196793448,0.18449528394613326,0.6138748835746357,0.010116873213082802,0.24415483297703744,0.5808593434547831,0.1275291886163241
69.05485989969233,-0.9111523656611501,-2.003232395800961,68.1641021791632,-0.20959577517645983,-1.461771309394328,1.1895830936591072,0.07719914834870098,1.056596475069291,0.9814711648862577,0.036307982478256944,0.19466375691144705,0.326871705135241,0.1340593632834849
34.98965621653819,-0.3752992270158074,-2.3314081169188183,34.31227898692725,-0.6715445231243786,-2.3282876505568115,1.1665873569517773,0.02453326466706493,0.20509721628877756,0.20165833360260774,0.102384567627445,0.1988040602991206,0.16429128166221282,0.159770723954614
74.45373478953826,-0.9684754107213918,-2.912134866549977,73.38912563996523,-2.780013772594787,-2.828076276495465,1.1637559593029279,0.059758575081183776,0.5848257552236953,0.9421876861956542,0.13483345972292993,1.6241797222964003,0.9913110178080057,0.08194319573279506
