f0,A0,w0,f2,A2,w2,B,f0_err,A0_err,w0_err,f2_err,A2_err,w2_err,B_err
47.877753376672835,0.6047497143682321,-1.6221039826973966,47.12347198079006,0.5115540392105463,-1.4710908437957209,1.399214279826702,0.023133663671007977,0.08747264365193742,0.24364821178919957,0.02727585353033488,0.09992285196113117,0.22155249955291198,0.10657983310929081
42.97566580435619,0.32899507825770635,-1.6384066390403642,42.18519986785648,0.1780569889661238,-1.4654018933051849,1.3847328049143646,0.0257477563186285,0.10119876821512043,0.27943668925144255,0.03232015663065737,0.12331118190068124,0.23195553729715718,0.11635553878857452
38.32549658036988,-0.08193612657112953,-2.5199434005007024,37.70398978161225,-0.8459783167297379,-2.5595527479096383,1.4024444120231856,0.016382657389486566,0.16720728602143023,0.5047021952872012,0.04468033307167179,0.6965887459911819,0.87203616844881,0.08976296983689729
52.65317623505844,0.3058953833716873,-2.7805739537486462,51.954101692817616,0.3787462696398693,-1.3004759227077638,1.4263761365710401,0.010998018787509774,0.15780481042797567,0.4682979497852273,0.032386460050716194,0.1071393708458312,0.11759170021723836,0.07687137934208838
57.56673013634931,-0.041055593676378406,-1.5432955422007475,56.813958945856,0.14148669309809606,-1.4830346380353099,1.4257942808810342,0.043152914925151435,0.15971534324351322,0.3350397603281826,0.02156169301892402,0.1317207716545357,0.344889409318688,0.08165745292700259
33.77714936843729,-0.5118378279925941,-3.157336683879193,33.122133259873685,-0.41717267243180384,-1.4720847989396113,1.2869889228206168,0.013542083124496899,0.22505108605856233,0.6671848311985578,0.046918353382796214,0.9431583653289219,0.6592915158264726,0.16915726338368578
62.355501092243756,-0.6907786920164121,-1.9970793547298094,61.49536413413788,-2.2189523615169815,-2.6014930984116735,1.4024973302394015,0.06848313626754166,0.9102647658955375,0.9456754579928969,0.11146641484560889,1.4996680893819303,0.9977479500469673,0.07488871761603591
