f0,A0,w0,f2,A2,w2,B,f0_err,A0_err,w0_err,f2_err,A2_err,w2_err,B_err
57.54136713279807,0.8357740440975412,-2.759244404220175,56.80811682260712,0.8955379173039716,-3.0202201697254587,1.3532805770048228,0.009170520933264741,0.1257578890506139,0.3108330419324488,0.00791216133026285,0.14956889165711693,0.37313036953618955,0.10258158838136465
51.85251154277017,0.4444918291339519,-2.898729547877477,51.06379804527604,0.372305874686434,-2.222862407065806,1.2560387416327596,0.009167955909987164,0.1431582108886459,0.3976517287055726,0.013590621765172131,0.11270870446134461,0.3140172060717017,0.12788262951442525
46.218303907680344,0.09191094287936519,-2.517026418564198,45.430551486619066,-0.28816812359716115,-1.9854533920275133,1.1898479678569318,0.012791662851314532,0.1330546238885448,0.4210688747847398,0.02660055948874255,0.17391209300988905,0.544002865456822,0.14632464513015794
63.22896504697671,0.7584533024640975,-2.341045813185896,62.49770648992295,0.4893619828181702,-1.6905117341965035,0.9955545999540703,0.011812153463318969,0.10240124706652258,0.27910342295074814,0.019713191508766506,0.08306153485214858,0.2363661151692003,0.127675669852748
68.90890930582198,0.42201490342288267,-1.268478967879746,68.22687362161271,-0.8130280533385719,-2.197543145016467,1.2599871666074671,0.046598823134314016,0.1569395589639254,0.09975149921683116,0.14242789239064058,1.0958885349771041,0.6969673109412051,0.13520044296623815
40.87766302353149,-0.5942693050264234,-2.5437886362734266,40.093474607440825,-2.4970561383080634,-2.679842235877011,1.2388971088184666,0.024525440775836526,0.4220513734128182,0.766421336244501,0.0841576239222473,1.6922343839929088,0.945990112928611,0.11319315871744139
74.8742708585025,-0.4881491192124704,-2.0724453492016686,73.77815461119361,-3.793087665570099,-2.6008869920756084,1.3842554125235316,0.036179010377108904,0.5184144426575997,0.7320326290345137,0.12342616640222273,1.5694886200502571,0.9656058563372525,0.07285475859554535
