f0,A0,w0,f2,A2,w2,B,f0_err,A0_err,w0_err,f2_err,A2_err,w2_err,B_err
27.33400243374114,0.15517861872277056,-2.1014561390559017,26.737653858196932,0.024241247964458118,-1.4832350168607622,1.3658432133352028,0.017082914478916827,0.11405865712337011,0.3913595033164449,0.023178939553963596,0.12995137010602378,0.2816364827994341,0.15977603439346869
31.32310655754093,0.5190294996941853,-1.9024090333993158,30.6828453723873,0.09640840175759569,-1.5640132986038997,1.4022104073165282,0.016130987557763817,0.08780911476339857,0.2790324706048098,0.028654148828751863,0.13017768059803983,0.37737630580382975,0.1283355552101417
35.278868528584724,0.41930352841128576,-1.6359953423698648,34.69770819108499,0.31498301901974823,-1.390535153355733,1.340249689844475,0.02316160562453429,0.10096384085082441,0.2934853824165128,0.03439120142944338,0.10618077284008362,0.18367439151570408,0.14536778952853452
23.68346437707584,-0.7737903654417836,-2.673738811602005,23.175713263705376,-2.0122957863651374,-2.4522577124388945,1.3216265848895432,0.034399193227969915,0.5846407854018321,0.8573490214177762,0.053456825086401434,1.288425759995638,1.0174079761006714,0.12502970233754104
39.33955002484052,-0.334973302374833,-1.4946201274016706,38.660129086761955,0.23668230748818792,-1.2806751851517246,1.3903247561622267,0.04619273061589621,0.2696843253750288,0.4063809189926851,0.04702991815966603,0.10900580733925555,0.10243785162532532,0.12459897148937411
43.46912976525152,-0.9598575667524555,-2.2281596485073205,42.71928328035362,-1.4836110636527824,-2.4128555358182098,1.3708389957944231,0.06564907039287736,0.42245642878804845,0.37969047889224744,0.10582785396380764,0.9942320013535583,0.7978367895110906,0.08589654020778163
