f0,A0,w0,f2,A2,w2,B,f0_err,A0_err,w0_err,f2_err,A2_err,w2_err,B_err
32.883370645575106,0.23844604960931132,-2.5862283383907823,32.30765248578017,0.03436826647254905,-1.9355061927828097,1.374309693287633,0.011469723467105175,0.12818586133061186,0.41103435159885493,0.021938589429606265,0.1274534300726762,0.39660122973521217,0.11275997792385929
37.101998656018125,0.33590591404626946,-1.637917783865922,36.45398476464532,0.22310305755420773,-1.9563918786156185,1.2658391611908857,0.02305690916786682,0.09397217672189828,0.2381299211826853,0.018334833847889757,0.10643991826288603,0.3040772861408363,0.15669113906646281
41.271387093082666,0.3239230818362002,-1.9733139332937961,40.6801272989371,0.4265158627738501,-1.4050186379379535,1.4251140011422363,0.017968399764628645,0.11241180554359945,0.3656381592203358,0.023985560847996117,0.09327735014097277,0.18885787104939464,0.08642374472784436
45.4217076793516,0.3201316235028816,-1.4697028220763235,44.78188224549292,-0.04323570037711791,-1.6455130509147686,1.4320823961020022,0.02760105970637439,0.0899628238247767,0.2105486062664362,0.03102836049069592,0.15491523515454056,0.4058703125503115,0.07333066594397623
29.004269278444394,-0.5774654294422255,-2.6644897613093264,28.432945778605244,-0.5383052622565434,-1.5384728734743987,1.2123900171581314,0.02023033442007982,0.26455788899122323,0.8131855862733546,0.044799862433213065,0.601511768829061,0.8105344958806293,0.22977085499433522
49.583917255301486,0.04062309198653913,-1.3235103374537416,48.80858620919585,-0.5197938301044781,-3.728042501777835,1.445946354723743,0.04209457133246715,0.11900065056918656,0.1635457096751813,0.02050923164727423,0.21583391096487484,0.5872171860238721,0.05552402630923955
