f0,A0,w0,f2,A2,w2,B,f0_err,A0_err,w0_err,f2_err,A2_err,w2_err,B_err
49.0963961665128,0.7170124204903872,-2.5864506762460038,48.45834711148153,0.4532922563813473,-2.0476388164393726,0.9694450356636877,0.009435794975552738,0.11075890104299158,0.3066568777989021,0.010234006806154624,0.09530735246556393,0.2942172558480933,0.14207792614932044
53.90994579010153,0.617010393703228,-2.1430749815775743,53.22168161926375,0.21578217994134935,-1.5339609364188151,1.1485913494263675,0.017055215751226652,0.09664068981682813,0.2822856723765718,0.030367054628342008,0.2426665070933821,0.2947004777427333,0.13767879653557977
58.87811961755189,0.4302139463677713,-1.5987094724226683,58.167544151458856,-0.0370897160976587,-1.4265332910317716,1.0260005657347862,0.02519228796575129,0.08629185293869836,0.24424641819440363,0.08709557159126854,0.7892449379602613,1.0580990978996991,0.18252643787638342
44.16468590168718,0.13076164616100014,-2.216849895428708,43.4829213300507,0.060826414471952785,-2.072694495549863,1.095865501767142,0.014870073122905714,0.11101829951149984,0.36772783578153345,0.017174186704724155,0.10995454839763852,0.3685591649766512,0.15314244765689586
39.427490509617286,-0.1490992613420193,-2.2051629726765256,38.7832751572805,-0.282370923589104,-2.6251146405673866,1.1668192189811837,0.01869143379770599,0.1408710573629849,0.4926558326474933,0.014571220955830522,0.1555319807996709,0.480651167052475,0.13433754993247748
34.77661786007657,-0.36275356803015935,-2.8439603175095534,34.20654532716754,-3.494370416770302,-2.7121827713459026,1.2810993485974194,0.013902849373344763,0.17702673211605072,0.5815788675707282,0.07223496886576418,1.5269775197885402,0.9759996673408117,0.10826489714103486
63.70027126078396,0.1365297004551984,-1.2743894874022783,62.85961901903116,-2.322278463607618,-2.534225977481849,1.0336535421683406,0.02018972685271819,0.11791498709939019,0.0966700073253826,0.10882645856226153,1.2897080111391377,0.9818155309279529,0.09735134680847768
68.81219832200874,-0.6375733607778263,-1.6559226542654195,67.90603221559256,-2.9080150091824133,-2.7901692183507913,1.1474935759291727,0.05959544683651145,0.5794881147706252,0.7703324136760566,0.12715065473095413,1.498377565372608,0.9944537667867628,0.09279221973516692
