f0,A0,w0,f2,A2,w2,B,f0_err,A0_err,w0_err,f2_err,A2_err,w2_err,B_err
61.41610838876356,1.0089965522479691,-2.786375432675332,60.597970442783186,0.8130644396336709,-2.1986435042615016,1.17281871090663,0.009083395281160875,0.14082502268136254,0.31490965798102327,0.012782283128718451,0.10550895163740963,0.3095096918527958,0.15531219631121315
55.41639289747211,0.9679992339343093,-2.979651009258595,54.55056799759676,0.47948118748040336,-2.1941237099095856,1.3810323371407798,0.008238038098158732,0.15175231164044634,0.3725443317252791,0.016377072211865906,0.10966863442973755,0.3353540862884335,0.10009670034488
49.2800679468457,0.40002512036446886,-2.488294572181995,48.433300224323844,0.15605729973773216,-2.9948443468942063,1.219253587775635,0.012593488934288377,0.1317760896792319,0.3822106904462146,0.009985548914884249,0.1708824166725634,0.45657011593706065,0.1272169018592235
67.66846313146758,0.16784335126068722,-1.956646113775189,66.8221614068855,0.4245315973995848,-1.4766200109498346,1.346026717965593,0.023449127161236084,0.13143780390871185,0.39514046774911005,0.010454280380513145,0.09129444802923889,0.20825651403247,0.10612901420628591
73.81146004954,-0.16915918487496884,-1.6069838036951571,73.0047126286224,-0.14672560479290195,-1.5156326062555132,1.147145565085876,0.037821297235890346,0.16163720048822972,0.3883603763503194,0.02264195760311169,0.1494097905041209,0.2656986460834365,0.11539597805425046
43.42578824441724,-0.6402683665853306,-1.9983456136480382,42.659867303592165,-0.7835318265381942,-3.392508838323847,1.213994183151662,0.04132200654984083,0.5035578771758572,0.8941672197601458,0.02843883649880743,0.41114025112075797,0.8844308122395115,0.13720565078047087
