f0,A0,w0,f2,A2,w2,B,f0_err,A0_err,w0_err,f2_err,A2_err,w2_err,B_err
34.36168674317081,0.1266128488215798,-2.4506003543521313,33.82335621961997,-0.30188332125353967,-2.427055817107554,1.4127301573834155,0.015333242034716957,0.14903374126456134,0.4857965997060892,0.03115457079249593,0.22431203453645698,0.8975680278907364,0.10019241495453159
38.66153540516905,0.27372613583202793,-1.9037914399110596,37.91905538842418,-0.14182400941225112,-1.56321581329827,1.2505258315518046,0.021341522613797792,0.11320635245131788,0.3548564702328321,0.03448203647141203,0.18249767050196092,0.33506367840578455,0.17427847087751028
43.017777016160416,0.5595870547657485,-1.4818860972819947,42.39154697494053,0.09909964826847031,-3.4098569264509404,1.4297452896846035,0.02365693898031679,0.08656167641820132,0.2320093443291274,0.009112368817814331,0.1973467694864463,0.6406330148421536,0.07770143465100222
30.273012037038022,-0.4947958022828335,-2.5960114814050064,29.721251306027305,-1.975903181751806,-2.612133316944444,1.324060722197134,0.028611723868857405,0.25526020287309065,0.7785139817240315,0.06437991863637087,1.352497287093717,0.9899463513860534,0.12116599643455685
47.41980064422035,0.08003633602755997,-1.6996919161256594,46.6971585957284,-0.05091565331202688,-1.4084113144464299,1.449638087700791,0.030011436680540612,0.1474786662849715,0.45470548149869205,0.051505095988238034,0.16608740038764222,0.2805054322868429,0.05844948111918352
51.79646359477424,-0.13729529983557537,-1.5157124585297763,51.04387883140857,-0.20358996280709638,-1.3870019408212788,1.2319064821521297,0.04164128303505355,0.1724540344692807,0.41704483997135045,0.061411853556308814,0.23004498712213414,0.4395537177360999,0.16233847906856005
