f0,A0,w0,f2,A2,w2,B,f0_err,A0_err,w0_err,f2_err,A2_err,w2_err,B_err
67.1341808140552,0.31499168992469523,-1.6389685845250486,66.15619082867923,-0.2962786352197066,-1.42836276559037,0.9843442475730988,0.023925298886426423,0.0994703714680816,0.2611097252705808,0.05686112002528093,0.933901975610981,0.40080457854898405,0.14709044329148332
73.87635380223152,0.5577108736367637,-2.4209702536909257,72.98421273677008,0.08723640115904924,-1.4627047121936685,0.8751856986716657,0.01180129941238103,0.11861581367900323,0.3131236896429586,0.013195133838779832,0.1105874194910644,0.22222575335701952,0.09125786029854646
80.4654386487089,0.5437520431381865,-1.611541724265682,79.48970317355891,0.2080186396346613,-1.296095331018279,1.109563760866022,0.02253983778579792,0.09348420821451882,0.2800618729836807,0.041131736330074276,0.2566747179092482,0.27838654578175515,0.15691895724308094
87.11256587420907,0.416558811667643,-1.4927389137598404,86.1529258843763,0.22650464276534396,-1.3926989230642544,0.9749069847662335,0.026584229963852336,0.1029783982311912,0.23743798867169139,0.08164513206395695,0.3515629504396005,0.4354436899332893,0.16039261828453508
93.90985371088286,0.1724530766629944,-1.5197377767334979,92.8953093310503,-0.17123662372657394,-1.4266866150289041,1.0967483726496463,0.030707600256464258,0.11000660262740304,0.2696268381248417,0.15882827178911899,1.3703789719677844,0.7245159572349558,0.14159638713286862
60.71760005006013,-0.14632521184384312,-2.0781132793430457,59.83566242122191,-1.4418940049354763,-2.802782963095324,1.1996084372244376,0.024095924375454852,0.15852661500548265,0.5594539856983245,0.06924558497812634,1.566597946977403,0.9836444445258617,0.11883482015654151
101.00571561349693,-0.8881311808515182,-1.9120672839596171,99.7042402328346,-0.7629630372149778,-2.953254473306897,1.3014676123396716,0.11052699750676803,1.0422899972257262,0.8900055582036501,0.08511974761407198,0.6259935096338944,0.8755286268583989,0.08911643245895282
