f0,A0,w0,f2,A2,w2,B,f0_err,A0_err,w0_err,f2_err,A2_err,w2_err,B_err
29.49622626915444,0.3311739054887415,-2.6933233158233603,28.983347739458083,0.2511614729982781,-1.3603822294696089,1.302194345177903,0.010913551183511805,0.12946703928776554,0.3662373890101558,0.03324080522699593,0.10873518413007019,0.19693424008264165,0.15956823448007176
33.22233942664063,0.3666186155346153,-1.8368115655356978,32.63249832254394,0.11913222203224638,-1.3334027963232995,1.3802832191813663,0.01882602019059055,0.0974464489459129,0.32530700750878006,0.04346302601624823,0.1675669038804652,0.1956160987018296,0.14584965983763215
25.621327088049558,-0.052890352394310634,-2.305370482488039,25.060702013283734,0.21591805167370542,-1.3860813628849002,1.298944408919713,0.017267575785600214,0.13967620184721152,0.40551944760821107,0.01910120484827072,0.10186591794300184,0.17910015445367128,0.1805453383311724
22.206227740151608,-0.2980808970299993,-1.974867028931348,21.78781952874958,-1.3362684974410801,-2.2436997651862174,1.3634407424770028,0.025091635462837908,0.16139178441053134,0.4680164799754668,0.05045656876828391,1.4286503192452313,1.0015066268163844,0.15354316683646044
37.07158153629744,-0.0931647062651456,-1.5194014941321594,36.460770766150766,-0.8108938013848928,-1.8227003341163988,1.3779416724078386,0.03659696704723901,0.14849313434773218,0.2885172887233193,0.05282443798638286,0.7963943765959189,0.8044529724869087,0.11727945488649505
40.95268646791817,-0.9264735174613739,-2.504283392978926,40.29869558796379,-3.0030547512706796,-2.889277345575091,1.2997201639976343,0.043356524031357584,0.5345136863603203,0.8381416616915045,0.08247603219856146,1.5083093444553703,0.9909273341448265,0.09649392709646286
44.68004729089818,-1.2832404719139823,-2.6484980422780047,43.927080068430875,-2.85346362200133,-2.761251007729007,1.1276017942860712,0.051884441826510024,1.0790775975041982,0.8957991455902506,0.08436044150769938,1.577982759680164,0.9917620135544302,0.09435688909297543
18.524394060912282,-1.3323625083973596,-2.5844542119407974,18.12753096208337,-1.9067772937477852,-2.5237483618258656,1.3272685045528834,0.04262030472547108,1.249530669948898,0.9104913638771768,0.04409614425802484,1.3753441720575545,0.9696774741924411,0.153977904773867
