f0,A0,w0,f2,A2,w2,B,f0_err,A0_err,w0_err,f2_err,A2_err,w2_err,B_err
91.31314556492394,0.17116711776498156,-2.5905255684917994,90.2664219353108,-0.16500085113919866,-2.534770554975303,1.076488329626112,0.011083399210705253,0.13392607337107315,0.3182562872545135,0.15610264377295033,0.4300969765045317,0.4998265571489401,0.11063902529641419
83.17547034957305,0.0826521943628521,-2.271704305783771,82.06219156371637,-0.22015942883622458,-2.2962226287102974,0.946832476610203,0.014272305630075068,0.10604436007207893,0.2970355047386663,0.016513351607357153,0.13085684638481174,0.4459571609456271,0.07313227284573089
75.03692685347765,-0.5252318046218303,-2.702272085409391,73.9264478338882,-1.4274686652629878,-2.481903848069419,1.0023657258283303,0.017108959722328936,0.18326354271472803,0.5849436658553868,0.09210674044968949,1.532404269025556,0.9109113309097574,0.07042089174109892
99.42928174278451,-0.0055188044057698366,-1.9056634937770451,98.33869360579621,-0.4270824520389079,-1.5292506489835411,1.0429030911781214,0.019176742793637184,0.10894981937579926,0.3186322467416839,0.0678680737151936,0.3298272608273157,0.3617962257745613,0.08247574616527148
107.92749903790158,-0.7834367004602197,-2.1009212519876663,106.38055314890099,-1.9989240227244296,-2.50439025333191,1.2013839565806923,0.12970408826607213,0.6298832082734215,0.6051936561589136,0.18417609246905056,1.0657524592524468,0.9311336892199487,0.06776939223629398
116.41154490078765,-1.7265068373326575,-2.809841752192116,114.80671659625283,-2.2092123575182256,-2.242796711103693,1.0891718124723389,0.1208103074744133,1.3626480255653504,0.8961201716880404,0.21132152957359623,1.3912687384360043,0.8034664228010533,0.06174835278468825
67.26025746178178,-2.4801599584934717,-2.461198630792075,66.22159090496623,-2.212851843089872,-2.975185366367618,0.9637253076161717,0.10437538610463298,1.4149012175862734,0.9631399601830232,0.09547787761578612,1.4692795106194854,0.9669083221857336,0.0558343745201326
