f0,A0,w0,f2,A2,w2,B,f0_err,A0_err,w0_err,f2_err,A2_err,w2_err,B_err
30.223445943885302,0.3185614936394543,-1.689578091624928,29.595933115391297,-0.07856810624355758,-1.7829340864983365,1.0734131396033226,0.01950852563572011,0.0940605891819534,0.29186298257862553,0.012606411152613461,0.14993689960427864,0.3658071162386871,0.2416174587802329
34.13470512383919,0.3124443758329345,-1.823791523045319,33.581099991008145,0.3857331773979201,-1.397094522579727,1.3997419043926933,0.02065900528824046,0.10894474114463101,0.31253384332226763,0.02602669243120107,0.09514687980280113,0.18795233351495935,0.115211376757761
37.92783899914819,-0.05360431282580453,-2.206477126390207,37.38683175107069,0.14094771447759197,-1.5112778131661142,1.4158593700065851,0.019051583506076677,0.14900770488072973,0.5247476611061015,0.016613746020063193,0.1209977465310244,0.2892733044805307,0.08878383477454799
26.47264223281409,-0.144455052595692,-2.3869055043205707,25.948695692911564,-0.49834565961226673,-2.3404081176040883,1.2646401167653947,0.01672777838325987,0.14074935561937277,0.4544811099190217,0.025540481751413536,0.30589553859905705,0.6296152814794147,0.1607422011731276
41.96408937581215,-0.09114899746303232,-1.527303944926443,41.241140615064616,-1.1844277632801241,-2.142442043579452,1.4035903537470757,0.03706598897452843,0.15197524898173984,0.312563080461307,0.07647223856960615,1.2143364274883923,1.0109637156533875,0.10530298667009036
22.826790319969703,-0.5611315421281509,-2.266003482806534,22.34269360836906,-1.6935266595326692,-2.552112615476732,1.348293786579935,0.028990095043464063,0.2508375433833563,0.6869705308516859,0.05014495946688333,1.573846450900121,0.9559088997314827,0.12299255519132392
45.956984448603976,-1.8585439182656778,-2.7705911621668684,45.22189769755894,-1.1861449817648495,-2.437274448024524,1.1335238351636119,0.06784587236568436,1.5630493657798692,0.9335055903900658,0.0641206322372437,1.1632336624597788,0.9354518968338673,0.10776800873474213
