f0,A0,w0,f2,A2,w2,B,f0_err,A0_err,w0_err,f2_err,A2_err,w2_err,B_err
33.57895068528425,0.15429311200005114,-2.8880178322050547,33.013876550691634,0.2616734252236478,-1.4180703020784282,1.2194493942646107,0.010323540320920692,0.14272563815353534,0.44039577506429856,0.027609263499063234,0.098819012330104,0.1922808449501293,0.1677038858538458
29.69729553978228,0.23906694227401398,-2.493554761480108,29.119506244516046,-0.054499246471924286,-2.4393875593353087,1.2731106749894,0.012179194943008972,0.11863425311642814,0.3493764705053831,0.01566346121296096,0.1411934182321617,0.41242417125760655,0.14590463495104958
37.30260960182647,0.2763610712418474,-1.5576953957358004,36.760481273608875,-0.03050567495639643,-1.486788928345008,1.2067488628069643,0.024964983518493918,0.10271731412880653,0.26476029899340503,0.032109675251400696,0.2663033247995804,0.586187155873729,0.1829903281602206
26.115618376777707,-0.1756308927658282,-2.0675576675701928,25.606493114976832,-0.7123587890220433,-1.7720971740194646,1.3293091594875777,0.02266479750642048,0.13935219660636794,0.41843229242210417,0.05496910428588669,0.9289930009330112,0.8927191217766112,0.16875575177557667
22.561444522759004,-0.6293939556346201,-2.023629815699226,22.142249555197328,-1.5132858889155636,-1.9993272929313448,1.2181181038086542,0.041850302263232816,0.3551720928576203,0.6528969395154989,0.05467573656537623,0.6593773525449842,0.7125030225083144,0.16025275786162715
41.291498947581886,-0.5039085596179266,-2.2229479619813652,40.60480940862194,-0.36140768140267143,-1.4535366119231061,1.4351146538081072,0.02655881496703098,0.21771782734528017,0.6154917352155959,0.06117416654942921,0.7536963319651484,0.5694715687743939,0.07106906176978732
45.22603173169607,-1.7332845461276987,-2.683003532422412,44.529464295669946,-1.141586654986805,-2.4238389182343103,1.3210213043088084,0.07816799000663627,1.2757213609697917,0.9765852757083062,0.06395843315990231,1.3912573332396927,0.914697018679516,0.10339568721579485
