f0,A0,w0,f2,A2,w2,B,f0_err,A0_err,w0_err,f2_err,A2_err,w2_err,B_err
30.31242615105272,0.2456067346000977,-2.2515452631388055,29.858053033810027,0.2715762444115557,-1.402877377710237,1.3358507867677623,0.018689838246939122,0.136462659127514,0.45463067944210045,0.01760001505469437,0.29194153730051764,0.2670243836037168,0.14441361125158617
33.70690939431588,0.17120475939845645,-1.4728320284078664,33.04868920597451,-0.5209164111856758,-1.9151670623346444,1.4241156899693133,0.031085663520210024,0.11049874111385624,0.24842434451732054,0.06442539348384009,0.4008679490190716,0.8845772993746818,0.09225826754919515
26.82956075671558,0.34179310298619625,-1.9191688556727737,26.335460089438822,0.261121019724496,-1.41165554476386,1.28451760578521,0.028326190146556292,0.18102576835338596,0.37163315569046623,0.04053405254664154,0.9900995092789403,0.6856958649571098,0.1966834462095403
23.447254440912687,-0.09311580064931214,-2.411124120573345,23.00197933246603,-0.7195734299972559,-2.1488555227966097,1.4009401629400777,0.016064061760343428,0.14033629379880247,0.425601313309772,0.03550681760713642,0.5854184229192725,0.8065652495114841,0.10537303551315669
20.27662303700659,-0.7662362876696053,-2.815594205086254,19.857799652742095,-2.53533757636946,-2.601238712782431,1.411986704993698,0.023845550522082978,0.34609770529682843,0.7296065977641522,0.04750514626912734,1.6577389774097184,1.0046827502587068,0.09623248307379895
37.284151515696465,-0.5304426055223884,-1.6356258577482472,36.71419757190945,-1.2286325053741374,-2.36459645329762,1.420773875727433,0.056079522095216085,0.33145552201934364,0.7055561534351779,0.0625093254698468,1.0432645677830532,0.9747445223689505,0.08846494557860064
