f0,A0,w0,f2,A2,w2,B,f0_err,A0_err,w0_err,f2_err,A2_err,w2_err,B_err
6.662329637394775,-0.5776082514527761,-3.3175360421166715,6.5100589113433225,-0.5179432979535827,-3.1136892876959887,0.9946049039837487,0.01058334247251721,0.23093485761238414,0.7074887619107563,0.009337445030049813,0.2260774539854565,0.6827345893209797,0.251274847483594
5.61290021904379,-0.3734033909058901,-2.359203460811814,5.457386342903724,-0.7487197448021672,-2.3084559437820236,1.0071547735149766,0.0135462402445814,0.13411109046734446,0.42518118141728733,0.020684180377539857,0.3750237701892434,0.3073940547998974,0.19211035968281293
4.682808287646712,-0.5965346677162527,-2.3474013132823384,4.548112439374545,-1.0327475350408644,-2.3062313543995696,1.0232787383267228,0.01268613750099899,0.21864871014761855,0.554644176427543,0.01706662154966786,0.5382980690550843,0.6229572288959953,0.2108195804958631
7.663127185728475,-0.9420264862161067,-2.6880857955013386,7.476332512868118,-1.5479806826002247,-2.2200673601102805,1.1300993354669884,0.017519979074575906,0.5100991741630945,0.8273349014550304,0.022947180844107913,1.2283021674480468,0.7858818583022578,0.20798073649729878
3.679890956846047,-0.7610814849435634,-2.332601302940899,3.574535725922803,-1.0007224203834117,-2.380631567643491,0.8942466332645099,0.012167101917383573,0.19425019139425265,0.2730328668550512,0.01528131172063146,0.2316953275349317,0.4019043471567039,0.1881199404169884
