f0,A0,w0,f2,A2,w2,B,f0_err,A0_err,w0_err,f2_err,A2_err,w2_err,B_err
64.62559154304327,0.1775995019106861,-3.2931637769398456,63.79386020917795,-0.25907535618964384,-3.070810235168839,0.7307941622338904,0.00807861657594486,0.18109423940211777,0.44677613918679643,0.007161788174747295,0.17700251937388148,0.4817540660707463,0.062106017890261246
70.96462106642518,0.21560787436045115,-2.9630388599878756,70.13522956622757,-0.27619887397954,-3.1367924229787945,0.6929507294118459,0.009071571811238001,0.16168420121744073,0.3949503788599801,0.07124211834888124,0.2924699979255178,0.554384866670057,0.08188098917607399
58.17729256058642,-0.7746896019892932,-3.9025473190067688,57.32890209440083,-0.6316483115909959,-3.2135277994866334,0.9653425529296328,0.007924047373962864,0.24560768696547808,0.538358054713677,0.014038244185122124,0.23666478610925604,0.7067864882856794,0.07693321439627825
77.57841006824728,-1.0429092953684038,-1.8085942285486853,76.68489197032814,-0.5112150284057255,-1.5955731002277491,0.7908582561712378,0.12133477149231,0.9138467537780196,0.8145023820868833,0.05641861151847851,0.4381388652189235,0.5037129962822806,0.08420488871494516
52.07296311773969,-1.278842741056757,-2.185950299624078,51.29351433822522,-1.3365595342835221,-2.426524305749307,1.192604777846503,0.11474008826977651,1.104532603498315,0.8634492759726079,0.07009589188209199,0.7118800775484152,0.7915749327473823,0.1190534803618597
45.82523492909298,-0.5983171786814978,-3.3729581567852907,45.16081461360943,-2.909982903761726,-2.685026583593248,0.9505180265284638,0.013956653822791489,0.2256270413567318,0.6460917159267084,0.087591861247208,1.5592326494670081,0.9759604637348356,0.08226049829057262
84.80829732194749,-1.0168721335134174,-2.2207078303969956,83.46249974963817,-1.5869880143958377,-2.2739338375216303,0.8179104575900789,0.07509729084967269,0.714253448117924,0.8430540458765547,0.1305373185353781,1.4316007522606273,1.0440591964306785,0.07189236855949588
