f0,A0,w0,f2,A2,w2,B,f0_err,A0_err,w0_err,f2_err,A2_err,w2_err,B_err
29.21561821860503,0.24929942469537364,-1.4670684769118512,28.655732876036012,-0.26858709279233,-1.4532967732176911,1.424463383921081,0.02911040320250023,0.1275963443607733,0.3898722205828694,0.05277704994840867,0.88368566328548,0.8909620624013465,0.13767465130433434
25.46221045432809,-0.02166512888582814,-2.186528297856131,24.99430003020401,-0.3405189293781945,-1.3510295992707477,1.337295908700444,0.01696906519974433,0.12081063252682524,0.38751390686446796,0.06086265738741092,0.3017977837983947,0.2737608962005783,0.15875413520871254
22.05750770666922,-0.41631602249154975,-2.3166297757697385,21.57767721487697,-2.9831378442720404,-2.7150791439846405,1.1977941258241984,0.022599801120365765,0.17028791748001312,0.4534142221494568,0.050280445437395155,1.471407616170681,0.9879035800129191,0.13235921039035448
32.87169037771603,0.3079394867380621,-1.4324296040774167,32.25253471197695,0.1397820998578786,-1.2731414349837098,1.4132769386922464,0.024644993295069254,0.09897959983268194,0.20592702534314802,0.017240407374639895,0.13628133753473068,0.1086679137335442,0.10623843675048428
36.73043707592164,0.0065770519021470936,-1.3659579924401162,36.02496357660103,-0.5372872817056717,-1.7511852632122924,1.4057857287777555,0.05213366288368282,0.1452513811682685,0.29318751304076723,0.07362184931190456,0.6124811073543569,0.7593082571700253,0.10280777186422181
40.58800221413935,-0.9858750203821142,-2.2830769241585545,39.92611590171758,-1.838454943896759,-2.8120667014518417,1.4190576581303485,0.07472509649254391,0.8296534992285511,1.0513582723371524,0.08092813198785655,0.9594627121231131,1.0286745730342441,0.08036803486226012
