f0,A0,w0,f2,A2,w2,B,f0_err,A0_err,w0_err,f2_err,A2_err,w2_err,B_err
60.475272849834354,1.0794679410384906,-3.0680942216462674,59.68744255866348,0.42935743856828446,-1.9432276966028716,0.9653071543403638,0.006704463057803803,0.14123291256436535,0.3276285526023565,0.015940599528353677,0.0880355943902584,0.2629558595285052,0.11495233579106569
54.442756879801244,0.30943064707318535,-2.663077911793681,53.60853792312912,0.21500065029114032,-2.084036946973722,1.038009207792383,0.00985496507918326,0.11859434566885765,0.3346249138841576,0.01581588212447081,0.10158197089783966,0.31647125831773465,0.11673237023570184
48.67539042961067,-0.34599847440920484,-1.8201481680952476,47.91622910606277,-0.5594329503527807,-1.7212612382336068,1.1584990737502459,0.03630392908155345,0.2217649851968404,0.6521553603760843,0.04393286099908702,0.43042526479618426,0.6193357166490275,0.1528786771551683
72.49727676285627,0.4149095710084052,-1.5254696941912702,71.63862422291258,0.11608104611781822,-1.4337349264566623,1.0301084711418549,0.02197302410608115,0.08028200424144846,0.20472009010324205,0.011722231588322278,0.10716894969332287,0.22406885564906212,0.10567610867383427
66.38521107372372,0.7327925234082193,-2.0197670911306194,65.54035132443897,0.4597582555348795,-1.694364311856334,1.073843444391023,0.019899722873117868,0.08607610165915477,0.24697118879117771,0.0326738643479675,0.2838527350148729,0.23920646519879132,0.13491794874507357
78.67203476571564,-0.24676387500015967,-1.4526990856170872,77.78850039600474,-0.11466562145873781,-1.398697418924206,1.118517368886158,0.05373264704825868,0.18292908834491192,0.34648221548711294,0.1202504670027656,1.7236461119382083,0.8056970115309192,0.16249878880086832
42.9060066149414,-0.7225260071926692,-3.093551623833984,42.09952282140844,-0.925509819462696,-2.3924126983312366,1.042955030174029,0.016923342082596014,0.22844954485542904,0.7792080138869889,0.05159537006684907,0.5524386561597361,0.7227261269854336,0.10708033964049915
84.76868539220669,-0.37435023623141395,-1.5931247686901966,83.6125237581142,-1.4505528341329248,-2.5480608386576815,0.9872742597871277,0.03366518134436246,0.1740164454661388,0.4532346323361236,0.12704583727642088,1.355788955016717,0.9959451916023028,0.07826426649887928
