f0,A0,w0,f2,A2,w2,B,f0_err,A0_err,w0_err,f2_err,A2_err,w2_err,B_err
67.45989248150786,0.7199209597553538,-3.146867264439817,66.57565099391717,-0.06109280601702141,-1.3772474008207052,0.7843958856175905,0.00717589785315013,0.16242275836290068,0.41354335568704553,0.026977754501018934,0.1224817283787647,0.17293111829034186,0.09439141700363324
74.15785402930898,0.6388377990502856,-2.2960126759484996,73.30886981932731,0.05089378761211796,-2.4196275237487246,1.0080263257268696,0.01304973329153781,0.11335691579405305,0.308993140806904,0.007003033735579458,0.13134579077050454,0.3713337957333249,0.09480271039419666
80.81129522525742,0.5351234129876781,-1.7158873415469205,79.96868634873829,0.35013590806083217,-1.6976976465855964,0.7917583246596425,0.019222767260998783,0.08627753643259639,0.24987160932771896,0.012216765080847418,0.09143922206353879,0.2681166905190616,0.08902904718783
87.55750494951783,-0.19641232364854777,-1.712692447946178,86.47715901164585,-0.19504602040591817,-1.4004319942512131,1.235997988606881,0.04294425418577738,0.17070527354224016,0.44163479568198666,0.1480351490186064,1.5500210223897262,1.0520822761151847,0.16622513978680875
60.852580736902,0.053152103644018345,-1.556200465505552,60.02369623448878,-0.18527385973066457,-2.071870073029311,0.8747235411097463,0.028310439135399997,0.10394486242123926,0.23179780429814487,0.022955926201490656,0.15326693394131574,0.5069313292268166,0.1056550805520093
54.61128408754353,-0.39811883044501406,-2.474305555363532,53.73534503162612,-2.9553304223576182,-2.9735619066019217,1.123068817469969,0.02396942818833722,0.21632286441318915,0.7361945775288707,0.0904706801989554,1.5871983109617638,0.9615880736611558,0.10300303532705503
94.35433878786105,-0.1017568172511297,-1.3607229452009015,93.3639775256414,-1.7020401519508872,-1.995940997422383,1.0466567652100958,0.04591593622107241,0.15725382233840982,0.19978207954724045,0.16964014484581016,1.6699066983403403,0.9023281250619241,0.09032223041582021
