f0,A0,w0,f2,A2,w2,B,f0_err,A0_err,w0_err,f2_err,A2_err,w2_err,B_err
42.24371286721045,0.11148152524033657,-3.067578457547661,41.674810942759464,-0.07349823912665254,-1.972743315266337,1.1947967942776767,0.009023504868173965,0.16417128516351281,0.4643344637799619,0.008756008231493353,0.13226775892204656,0.4313725328564123,0.1327985406130373
46.528056418037615,0.5253387998974208,-2.0746788074721634,45.93312673744217,0.34181361310563574,-1.5196955004416637,0.7705497233647165,0.04889523201394152,0.2208530002107438,0.3920625965873002,0.07908570548702702,0.6845114722290292,0.6825793220055127,0.14435480279496649
50.78266225646912,0.25455933604244024,-1.3573810274538192,50.11078554907172,-0.08845752895909192,-1.4665885699844674,1.0918290121585175,0.03586128587313478,0.13143072706454195,0.24997628582874162,0.033717922404503414,0.22266312115008174,0.29404263455346574,0.1559803441789539
54.89616293635289,0.3834330738412123,-1.2662485442058884,54.30797797691629,-0.5101086166245403,-1.6162678113428608,0.960253270329727,0.037588773099395886,0.11615865772084681,0.09589845519742388,0.058321149589990295,0.6745328260488158,0.6328625451985261,0.14552592945477502
38.06554842698071,-0.12022805842624283,-1.7028679656595909,37.563845814484566,-0.1787301723068249,-1.9801624162080795,1.05969995151494,0.030205162744352698,0.14970520722085068,0.39458748322720005,0.016560304951919,0.20117459947580227,0.44893965194869895,0.15653555381440049
34.10940540975608,-0.33567015587625526,-1.7842703851643655,33.62168906417813,-1.1400365918666318,-3.757126120679194,0.8761646432539958,0.02777372788141747,0.15522433655841253,0.4480065247698792,0.03138603685466308,0.5591494521050161,0.9035877980010444,0.10912947007763063
59.09739743469216,0.16190241286962373,-1.3271386233371012,58.36881548656456,-2.8381633499224037,-2.593626067746348,1.18340359842955,0.022745639712975673,0.112866061061291,0.13070303638152672,0.11247313059094119,1.6023884340466186,0.975455176506906,0.11267395360743401