f0,A0,w0,f2,A2,w2,B,f0_err,A0_err,w0_err,f2_err,A2_err,w2_err,B_err
41.66821289825309,0.41705248329819977,-2.969645075468783,40.960257585451295,-0.1622172721921879,-1.5324219700256116,1.3768804988927725,0.010364525672701233,0.18276694869068413,0.5316662670168631,0.050320286691302576,0.1743789640705271,0.33657955569457504,0.10914060547823923
46.442637306188885,0.5373853518926616,-1.4729070060253378,45.74109175272553,0.0300256668534942,-1.8050146695769345,1.3067689231361985,0.027298858659704696,0.08910640638691131,0.21127044917469276,0.029644583630206382,0.1619725345508911,0.4674288319584025,0.15271919089637692
51.072360457997206,0.10561115391822391,-1.6341862001728946,50.42531846990173,0.3444907303076427,-1.525006262578168,1.3596235255361042,0.034576699439944604,0.16251807052787712,0.507623845974458,0.025557350498629377,0.11471246755121178,0.27248167826802966,0.12228976511714276
55.89054120263933,0.030505729700887357,-1.3521208094806272,54.99399634281379,-0.4381766947434532,-1.7855317416530054,1.304766171266064,0.05210823191732704,0.1398429732772033,0.17846077299550464,0.04914400381874479,0.27144762743217205,0.47152921043344753,0.13018120386334975
37.09704013997429,-0.07989358270289648,-2.0208009613864717,36.471102385513774,-0.3316232098345502,-1.6715133444062436,1.4232359858124133,0.026185959586593116,0.16824695898394978,0.5671198007937994,0.04771231595438209,0.23939904137729573,0.5038467966853601,0.08222162117279855
