f0,A0,w0,f2,A2,w2,B,f0_err,A0_err,w0_err,f2_err,A2_err,w2_err,B_err
26.527408960704136,0.09746790171516438,-2.317182187923197,25.94240397746178,-0.07349095687453741,-1.5224487877657027,1.2030270747041774,0.015808874348738882,0.13072847209276936,0.4280848366063788,0.02788914085841121,0.1386616357683967,0.26269833351442196,0.20582272706625748
30.376894024436112,0.31401618744351,-2.4163319661539546,29.78705814816965,0.38189039476949066,-1.5396279850453534,1.3982468735681102,0.013513588802733076,0.1257773159715913,0.4569463220637509,0.0247940989121593,0.09765724601309321,0.24814977911419775,0.12651209646798367
34.275219770928985,0.3295906178041573,-1.9133633876458758,33.71493460849455,0.2104564532228686,-2.122845630350822,1.4500496388944828,0.020030440062276927,0.10544163145061068,0.4020558306359917,0.018435814540323853,0.12354150208933701,0.39564741255817515,0.0632141018893138
22.945186550902495,-0.5897092855037845,-2.262536199715632,22.49023192698416,-2.567510860173993,-2.507717578349024,1.3356995295624583,0.031139803425032968,0.2347056657358718,0.7110424111614271,0.053329760782233275,1.4818001740821662,0.9715611842014448,0.10919709115907208
38.211216362397884,-0.16436286159318536,-2.0779323354774837,37.62368057310671,0.10568076722708242,-1.3313203674296297,1.379349054295775,0.02987358285092568,0.20066707014716256,0.7150751167048958,0.04809562822950253,0.14412947597542386,0.20923541803537338,0.11474118033626825
42.005012169619164,-0.2510643251525777,-1.5420825830380893,41.39830521383246,-1.9641210900377186,-2.9069588254557557,1.4490767244999483,0.044497313625977204,0.17146393565456525,0.32899338447087567,0.07945382496448748,1.486425958810029,1.038943823209065,0.06259656267738356
