f0,A0,w0,f2,A2,w2,B,f0_err,A0_err,w0_err,f2_err,A2_err,w2_err,B_err
29.114041404294326,-0.031017959697091896,-1.9882816285476992,28.497220009237576,-0.13277240000522483,-2.02727353780805,1.2969829770589132,0.02598058106036137,0.1360779544097244,0.4310377631232152,0.011301083921694446,0.15484829602426126,0.4468041171092581,0.1694922643932324
32.989937141102075,0.13280298571019875,-2.4063039791176926,32.37436325818784,-0.11612573799575963,-1.4828488792219519,1.406255961358021,0.014641955586026323,0.1287204882219338,0.42873698619968176,0.04175244313721543,0.14728933453140491,0.29511137109521546,0.09490133644272357
37.30789012798201,0.5091984605358686,-1.9613781549458156,36.58001542996128,0.2530992718225661,-1.4323291159138938,1.2049181278747574,0.016929829107209683,0.10672523712703637,0.3516606674178544,0.02958357346587144,0.1046421299571337,0.20559692163409546,0.2173989850229038
41.40514498680939,0.4174253897881581,-1.3588156158820093,40.83129452246997,0.278739691872137,-1.9150055409228472,1.3780856899528768,0.03206176331201841,0.09789006835787412,0.18898192215328663,0.02060740963411884,0.11946328947819433,0.36304774165961584,0.12190523992912262
45.70382331823899,-0.39588596370422857,-2.089448240379029,44.99030235961652,-0.18598799111230344,-1.378522757268473,1.4621978552318016,0.03427768153413367,0.21661272143750152,0.5675955368707095,0.0597028730982067,0.26081000137509097,0.34974608753080644,0.04767471682161316
49.94826917143851,-0.7416464520705605,-1.9795444962723572,49.23554425377564,-2.000270450746401,-2.8113510239307278,1.441619072473454,0.07392821163983523,1.055789047946962,0.8042198594281842,0.09783317627355426,1.6642008814905296,0.9803817018844169,0.05793708999009136
25.056780594120077,-1.290110116062567,-2.370595105815005,24.580977310199387,-2.505674552354074,-2.510127010685766,1.180495223833745,0.04539879480370576,1.030503564119917,0.8650868572262898,0.05556915765045293,1.6107060968995708,0.996078707244739,0.15079137304367407
