f0,A0,w0,f2,A2,w2,B,f0_err,A0_err,w0_err,f2_err,A2_err,w2_err,B_err
22.719327534158626,0.054789906940265094,-2.641131574011584,22.257819403157843,-0.10488115338141357,-3.114538067624777,1.267543088256072,0.013051296781190165,0.15226191835631606,0.4372992417528893,0.010111126338936488,0.1776703501178875,0.5619057247638803,0.16597447132758866
26.009113176847563,0.6850426085483925,-2.9979183113989984,25.516783415594084,-0.004792533709888788,-2.6211964268634036,1.1210657035220082,0.008193562720672766,0.15107578344008107,0.3857031703691204,0.014080635536842977,0.1541187525896807,0.5171325778202551,0.20140055563519915
29.25035104596553,0.34063247431008425,-2.1381922312299566,28.79974397031605,0.34923101747424595,-2.586521991358682,1.4083960288982302,0.018424399427142954,0.10778440998290593,0.3432651226939845,0.00851001179232952,0.12867767284098808,0.41191195548477716,0.09641455043574455
32.562875530046,-0.014585635103918606,-1.8924167208305607,32.09519219932514,0.2508675772100444,-1.7376899657687508,0.8935734457765215,0.023987090392335757,0.13052596005063724,0.36350038223306347,0.010991974849467852,0.10906057937859095,0.29975593400576056,0.1791895053573755
35.893981900742276,-0.040681949176991306,-1.3955623730481852,35.38782122191097,-1.5810736882532699,-2.101897342223758,1.2413780120864,0.04221290284713481,0.17903498838768728,0.23670296345752748,0.07524175893047876,1.525997761079512,0.9784545789036256,0.1688240380609908
19.724353185827635,-0.49159770374864076,-1.935727883979406,19.273452280372474,-0.5805100544690156,-1.9131706684104264,0.8863664248939553,0.03579061406398583,0.385835902159951,0.6412319369235523,0.034178110515761716,0.665797970082838,0.6046423193100238,0.27585064223848976
