f0,A0,w0,f2,A2,w2,B,f0_err,A0_err,w0_err,f2_err,A2_err,w2_err,B_err
36.12602798975417,0.39574168513870545,-1.7515744583648438,35.446379948971156,0.008474364727835373,-1.6897781543357455,1.220086407511804,0.020955785867302238,0.09713089565400154,0.2719636829905909,0.020819189961816344,0.15730142061541874,0.41978396133103535,0.19807130440426615
40.700293979365654,0.48909780412434434,-1.6073750850354542,40.004562485034064,0.08893259117407351,-2.40297254867091,1.398787874342848,0.022094319379372333,0.08994155355895465,0.23929318314063364,0.015774725787961345,0.13739014626561116,0.4069734672991152,0.10456030386411326
45.244659502090734,0.2437716988439185,-2.2049479374306133,44.60668281707278,0.5196351452777987,-1.3849335071734454,1.4446079369966969,0.018937405765117783,0.13100307748058398,0.4571314920180818,0.027513017864709916,0.09254822925369338,0.1880254280062592,0.06530851413370838
49.79797483752685,0.07029786251391262,-2.0978941606892967,49.107469792950965,0.1856280943604653,-1.591134524301411,1.3858171194456959,0.020536053665492642,0.1300922038183351,0.4548276174185041,0.010200907603248158,0.10581181450243518,0.2660822120267446,0.10220759709274065
54.406983395874974,-0.5524308377770287,-1.9876056167676572,53.76179075085975,-0.3039040957924312,-2.16680193369091,1.4287843155841446,0.06903063178482434,0.4408002745850618,0.8400012552692485,0.014739353072694203,0.18116135859144414,0.5379621215021555,0.07089101316418996
31.829062620052916,-0.43556112073191694,-1.7906669934432347,31.195470118571482,-0.5760989220761707,-2.518877066406779,1.2811872528234338,0.039314237299815785,0.21728892437365474,0.5514825969620615,0.025402517932371745,0.24368819683462253,0.6048735940367782,0.14286609116429896
