f0,A0,w0,f2,A2,w2,B,f0_err,A0_err,w0_err,f2_err,A2_err,w2_err,B_err
121.85402306391471,0.05785044446889777,-1.645854784587609,120.36992721655314,-0.1728904759914623,-1.6688273085514511,1.0077150232727772,0.02702463385461554,0.11132438892320352,0.3007347256965891,0.03230688340424547,0.14430137483902958,0.3641560205842552,0.0749217983286906
133.6861054493945,0.5093013462228556,-1.7564741706333589,132.13023811175884,0.3164356899783389,-1.4241772377513122,0.7933041804563264,0.017995845616454852,0.08777532265870161,0.25223427094265705,0.026136169078200617,0.08750468220354465,0.2194283995180838,0.0754802834291528
145.53183458674786,1.0111210951266436,-2.551045558992259,144.0674827699612,0.7837485966760762,-1.7527115784054232,1.163121905042987,0.00979032401688405,0.1177770704318337,0.31109203125646373,0.0166019886783056,0.08544397794207265,0.2949449918071509,0.10213440117149553
157.3704823209466,1.0130919662025049,-1.785691758209726,155.82602150627952,0.6647439747310498,-1.6232602751065548,1.0930337794542977,0.017595589914314015,0.09064954333898771,0.22362674057191018,0.07420931059456003,0.2218645775550144,0.2437497486895408,0.08727107447290759
169.3610044030745,0.5166398049849158,-1.409061841034381,167.74089996440347,0.6183042870727682,-1.50528464495066,0.9294207920656803,0.03433549554682023,0.0937756044759477,0.17223144333577192,0.34478505836839085,1.5446694683247202,0.918687556900591,0.2984032795581898
181.63698508595323,-0.33469541981799766,-1.9675843283559915,179.39770516848006,-3.079371291327118,-2.5545901670781967,1.206068578752635,0.05666050510927943,0.18522961006281266,0.5333692700700203,0.270909565752867,1.702560928010959,0.9664761749502948,0.05938936072005768
110.45287295004843,-0.5120836209885415,-1.6591940358063946,108.95187665105777,-1.079426264833414,-2.365355495459589,0.9097150474500979,0.04634815049294767,0.19630337334722883,0.42655536066964567,0.09140252338349854,1.230912876542557,0.8480747928245288,0.06594906966539912
