f0,A0,w0,f2,A2,w2,B,f0_err,A0_err,w0_err,f2_err,A2_err,w2_err,B_err
27.22931891462593,0.41491444283964907,-2.168300490074242,26.659993358745208,0.2647638200583097,-1.604005787728196,1.3727618018369927,0.014188079593814533,0.10117675879905369,0.30688289309587863,0.019015828129435787,0.09974654400508969,0.2722218020359468,0.13271714729428888
23.665851550247446,0.14744059282352606,-1.699885472577793,23.16376412410937,-0.012661454967730704,-1.7175514400597445,1.2331953630975403,0.02359762774012016,0.11987865776418184,0.36393920184382983,0.024027123211112347,0.13556133389636438,0.3373443014292496,0.2319239656170343
20.47543841134684,-0.2734297593160093,-2.8133912137624235,20.02127350612081,-0.14094997113053392,-1.3100460831321972,1.2901123297181758,0.014385629289000668,0.1739109035022507,0.5210534093215528,0.012661337204737704,0.17648014644907464,0.15536088185487965,0.19305169368944045
30.67570141843672,0.3823560291059521,-1.4567578612741843,30.101267843665855,0.22430381894577905,-1.458259259490388,1.3055820476078908,0.027109213746645853,0.09696846343303868,0.2167206204005193,0.0298497726469889,0.1277948219935473,0.2561318855234448,0.18458653208863787
34.21732736910812,-0.14019888660394536,-1.3776552941053721,33.6094664313803,-0.21764846366545676,-1.356670485150295,1.4349263772804424,0.04852759465601843,0.16012245157337343,0.2469133595928144,0.053670989122603,0.20621324539567149,0.29056586090919917,0.08208170537224399
