f0,A0,w0,f2,A2,w2,B,f0_err,A0_err,w0_err,f2_err,A2_err,w2_err,B_err
37.346242711063496,0.4703289705989175,-1.555142911070496,36.664281050732676,0.16038092226551748,-1.4466793183129534,1.3922175466142837,0.024398805369250005,0.08600556251805086,0.2305814881368879,0.033135464365714566,0.11817587379211276,0.23827485197393855,0.12088742744587772
41.43013135288007,0.32939427942070654,-1.4059048344094396,40.7895485151022,0.3955975076817219,-1.3632746198108512,1.3871956638915615,0.03456360846745125,0.11839496794515099,0.17945537035293807,0.02999507012367702,0.3102143791501926,0.25781881047385397,0.11704248935831246
33.02453161500627,0.2762828956834941,-1.6700683260083327,32.37812000946904,0.13493716515708645,-1.7062462932316909,1.3412508557942204,0.023622018142033248,0.10167401704953583,0.32047628868316,0.024163738528629564,0.11683518553374897,0.3718046662413472,0.15776939617161942
29.118129688889752,-0.18587618594004052,-1.7939033782013682,28.518757229865273,-0.5980835100525452,-1.7315464395683713,1.3710302607382117,0.029701422896686185,0.15981186522263638,0.5056863203146088,0.044743391608726604,0.7207870117367062,0.7151588759315087,0.14850559237544544
25.034007190377178,-0.8110360164012589,-2.261426543631909,24.515645710425247,-0.63947846283251,-1.7812992756546362,1.333218687235653,0.03562350137895447,0.6600047552298562,0.7355761471032635,0.031564198727241526,0.5860481576162891,0.89968209087213,0.1838672223832238
45.60993741343562,-0.19185303040923504,-1.357427089413528,44.970285524693104,0.06062946083558236,-1.3143089508059753,1.347107988568908,0.048488443330114345,0.2139158499501266,0.2500244605191964,0.06539294863398756,0.1336576882629206,0.13623251248989138,0.13459518008762575
49.949938100258926,-0.725309581218931,-1.8220373089812725,49.14958812523188,-0.8340237695106658,-2.104719654960994,1.3118240044370084,0.08794623743921871,0.591108356556744,0.9102930478420258,0.081249171310402,1.0381163704896992,0.960162687605025,0.13848874433338892
