f0,A0,w0,f2,A2,w2,B,f0_err,A0_err,w0_err,f2_err,A2_err,w2_err,B_err
46.98157104074991,0.15271864895689868,-1.672398957743342,46.29422060286382,-0.21863130836981076,-1.4509851262721747,0.9728221831554789,0.02393556607934028,0.10597772298342473,0.30744794917470947,0.03782954355762176,0.16698224112720758,0.27190926854671477,0.15348401060780878
52.22207897067763,0.10101654126579261,-1.9225723897118943,51.51086340778867,-0.06851108715561485,-1.3854415840691454,1.135969066735017,0.02186533191087579,0.11301830367064082,0.3407178918185906,0.02392996594443176,0.16096967700581102,0.20913930894245297,0.14260485132932318
57.52062945812335,0.5548832179452795,-1.8777614441614185,56.75070695965095,0.14244609638440686,-1.4005569535470186,1.30457551297867,0.01939089647374283,0.08761438603834329,0.2734175314122258,0.06382351985053304,0.1728223600127403,0.523821099317306,0.12417921652268106
62.7837377136773,0.2713413166182175,-1.9585891938629434,61.967666515565114,0.032331234732139544,-1.3474399334315088,1.419091386669318,0.017500601788019238,0.1075008635538943,0.32604619925591966,0.0852239159924242,0.568506564405994,0.6684758225295098,0.08515704828704376
68.02125770773559,0.2160778925558532,-1.354416040149252,67.12047238597809,-1.5108076840910285,-2.217409188781941,1.4584133162416497,0.03883574812373074,0.1039175056588683,0.18674404958581756,0.12298734604441157,1.5913883287503563,1.0663763043212773,0.048736476204562
73.57100813096734,-0.05577144654690761,-1.4491895609234788,72.6139706246503,-1.6011171455776734,-2.3970450723151737,1.2640161759253292,0.03881730716327939,0.15094432492312324,0.2917893463443659,0.10807485128601363,1.610267338310323,1.0309700146558403,0.10960096809447223
42.25881970870897,-1.535408504978798,-2.3660335486318864,41.48130014326563,-1.295731842302497,-2.322357661044826,1.3656837568941746,0.0776404348497488,1.2788712006854277,0.8459423794397908,0.07946579269878414,1.3875945185502128,0.9866895982474714,0.11389958030281519
