f0,A0,w0,f2,A2,w2,B,f0_err,A0_err,w0_err,f2_err,A2_err,w2_err,B_err
60.269276780331005,0.20149293861616713,-1.919058656672304,59.50978944487205,0.33290351495217096,-1.3722114803776713,1.1959619768948975,0.021852583383841013,0.11027895615062372,0.3249199870456155,0.018095088231617963,0.09889392301113316,0.188402523980062,0.13835752100864934
65.79390691598728,0.5482808927741402,-1.4150821840931174,64.71211628238278,0.05975453056411839,-1.5359457015026865,1.4493256487520987,0.03262148732059973,0.1248169477640845,0.32234696941727947,0.17433463805222355,0.4016221213258247,0.5399829844492808,0.06984956710647741
71.19047330152205,0.4113989335040821,-1.3084926493147313,70.29004610153477,-0.2606281152320803,-1.6756448567611306,1.4501284259202873,0.04463883040907542,0.10119157029661864,0.13138013987157016,0.050450505245093376,0.3023514037987318,0.601304565201584,0.05619852329478552
54.663813604602865,0.19031394401554502,-1.4622216255838025,53.93246884264786,-0.003714306132719586,-1.536493833072822,1.4025995616039353,0.040043263921050655,0.12034075985539233,0.27078370578671945,0.03650773164955317,0.17405136629979578,0.394237938030773,0.08580613055659625
76.82002738978876,-0.0418346791314107,-1.375203011523543,75.8500018499018,-1.258568166297128,-2.03165822904032,1.4693526109938795,0.08319200092167432,0.22649833009753442,0.4614566648190248,0.12715966498198875,1.563137318069046,1.0579098294312363,0.04680853057540236
49.83468204832303,-0.5561849774699275,-2.595626343875715,48.92748537270966,-1.213257186608793,-2.0346466877294853,1.441071334136215,0.03305981564877362,0.2507460370970684,0.8281641244513238,0.11443851427395449,1.3356434017913632,0.8171484831654613,0.0684655718763516
44.258647512862815,-0.3682148096570916,-2.7096095167406458,43.50444557884788,-2.931578836238835,-2.609931783914634,1.1999889130173587,0.019759332128262523,0.20065565170335972,0.7316758272347746,0.08403143020967395,1.8442855557012994,0.9735530750767512,0.13074756504841015
