f0,A0,w0,f2,A2,w2,B,f0_err,A0_err,w0_err,f2_err,A2_err,w2_err,B_err
29.03614718964488,-0.06775291039340679,-2.2361486497946044,28.409059819069427,-0.1061579521387371,-1.5367816815545992,1.2790539813780275,0.02236489422762486,0.16049534207347113,0.443480949639999,0.011621320686454516,0.15409130744924482,0.2767183988155907,0.17485689880860897
33.13838176466494,0.5218319978038506,-1.5486290016432673,32.3707647110053,-0.32599238459511376,-1.7307072032054027,1.3791978542881929,0.019149857236823702,0.09066731593320763,0.25337570910430457,0.04034505467664591,0.6964341454480601,0.6562572659317395,0.15985478696640454
25.03979249282282,-0.126932563810295,-1.9019418275154105,24.605264704426617,-2.65140903785489,-3.0783532141601038,1.1977789372914325,0.02727964894869231,0.1700860686988286,0.4365548305725857,0.058284300171623886,1.5507666283744976,0.9895148618360848,0.1666492502572495
37.41867486194861,0.2047291075048399,-1.6857747917389379,36.738243614236644,0.4131162699693281,-1.3425912015802552,1.3383115118844089,0.0280232212640951,0.11285266900295023,0.29474862923415396,0.034538704383931175,0.12003606678593615,0.1819245403124956,0.16303620323479007
41.611556592374825,0.4918785743830968,-1.3609581011461114,40.945335118953835,-0.2819106515635297,-1.6208310400918708,1.4279570281236649,0.03185048752909201,0.10428719418687199,0.18595119708768804,0.06571658806147744,0.9006998195943059,0.9879005697630325,0.09184244742605872
45.88200032436944,-0.8975885827734215,-3.12136462753548,45.26763380600821,-0.6268953710990732,-2.0448291395955254,1.4667687199773973,0.036623929257020384,0.7081380911505822,0.8527714948031458,0.03857574740343511,0.4702648916341723,0.9457137730316523,0.039373333512113494
