f0,A0,w0,f2,A2,w2,B,f0_err,A0_err,w0_err,f2_err,A2_err,w2_err,B_err
23.36358735442644,-0.19345100495277914,-1.516570807151214,22.885704857788443,-0.8325929898390363,-2.2058929642299705,1.3924480044841685,0.03873645929007907,0.18590938726864384,0.43517771121363863,0.04731419583313877,0.8224573525710588,0.8613021847408125,0.1374981279463828
27.071034800035136,0.42585698207189704,-2.1586880455463966,26.494191949645472,0.1564411490305715,-1.3131608388932368,1.3949138335220432,0.016650365012592008,0.11826282827587829,0.3741304926579822,0.03199767035635234,0.14968904658309648,0.14480885048326517,0.13712579927733673
31.133224597588182,0.4525097774516257,-1.4574773900920914,30.63804959315264,0.36009765488840484,-1.3351334347952686,1.4292929752652392,0.046746450617514375,0.17241718660046795,0.41306521674083085,0.04822333359710125,0.43334337164994086,0.5914389660584977,0.09307675914489048
35.06929136781926,-0.24200108304113363,-1.5778149614585064,34.468357648082254,-0.06015795046238119,-1.347178300761099,1.4221602891398972,0.053586381391295755,0.21982933975751912,0.48053881666153525,0.058037555838496985,0.22172787684498105,0.362717009933588,0.08651922258692883
19.3169565165971,-0.45072067713690145,-1.666297910855019,18.89666167651813,-1.496819573858196,-2.192527247885968,0.9572468942735999,0.035517279840154396,0.4091861108858671,0.6896542429401765,0.04257041959739277,0.8324542011123467,0.8499229685738725,0.2411549296606766
