f0,A0,w0,f2,A2,w2,B,f0_err,A0_err,w0_err,f2_err,A2_err,w2_err,B_err
96.8326157560942,1.1435152814809508,-2.714971354759819,95.6879539018551,1.0469610205208437,-1.8036877094324628,1.4525861991972848,0.0097092531150397,0.1355074238103822,0.327794758301012,0.015961176194640797,0.08370261541909502,0.23162688046998803,0.05225460366876997
105.46855931977872,0.6615107979078878,-1.4884435208290125,104.38880697359404,0.5552369831583959,-1.5870416225982997,1.4113498474284794,0.02479346326446871,0.07900200971933691,0.18835142626621004,0.016685222975040048,0.08855137636687424,0.23511144315551064,0.07120604892227572
88.26322743928313,1.05605576008234,-2.9471461057381223,87.15292550739282,0.5291417305806027,-1.6996513989126523,1.0113328374525616,0.008295085667929955,0.15799451391808716,0.3813093152172358,0.020686730805813194,0.08813419845117301,0.23977796349840763,0.1046213220772887
79.57319362774808,0.2874566154781827,-1.8735748401877366,78.37061386444785,0.2530782378013726,-1.5328436006800186,0.862408307934629,0.019042869310722063,0.09426481904239657,0.28776002902496084,0.02340037119756572,0.09361100105962311,0.23994696503489366,0.10332160155730111
71.31698713157047,-0.4012973112977589,-1.8584137812260035,70.15544819527429,-0.6052982067969452,-2.5101702774755177,1.0470013810901615,0.03628771449470991,0.18294561917131966,0.47168952995262714,0.051149449034737816,0.3195413897111751,1.0547567540979799,0.10726576586659288
114.39727628564475,0.26049740939729604,-1.4699342351099312,113.18027879170857,-0.2929879662423056,-1.3982917208690147,1.4107711191875334,0.03252216111864147,0.1014278294648572,0.21184442296913217,0.08510412602545027,0.7168711099888084,0.5707917824736696,0.07627837470502756
123.2178679255,-0.0914569013094638,-1.482694522325497,121.5015083434678,-4.247181974894847,-2.983937532581236,1.3535462951429889,0.04835084411700402,0.5572311343714614,0.32584656733381934,0.19187185820727523,1.5128213121545864,0.9505715858120815,0.07239310566071956
