f0,A0,w0,f2,A2,w2,B,f0_err,A0_err,w0_err,f2_err,A2_err,w2_err,B_err
39.61254087526666,0.4167213296625592,-2.6939813413781253,38.981860800811695,0.28461639851082343,-1.6713107476014333,1.2849273284737202,0.011166261277390274,0.14706157534475658,0.44897465761717764,0.023967037954018413,0.11001216772945359,0.32787721699474776,0.15270069790552074
35.21975536979089,0.37812171571895936,-2.9616575923103206,34.56547455937663,-0.08759546108611561,-1.7078928543277767,1.3472911517899504,0.00912666817963828,0.1649015322670374,0.4630146773966699,0.0206051759606592,0.1520016855199754,0.3664046915218988,0.13390604282551147
44.06155565160338,0.3343978933181777,-1.4477889104584747,43.48053823991469,0.4376105740282677,-1.9310557808603959,1.388150645015345,0.034403133738222264,0.11284745372214326,0.24621524128059422,0.011662129585367803,0.11092230820505157,0.38119878604110385,0.1115731013098009
48.52865769005801,0.48162197576458704,-1.647173319093294,47.9234639433557,0.24075815810550286,-1.8465661059380056,1.3869965175952705,0.035066112266921606,0.16134651656824817,0.2892164327145928,0.04076034311506963,1.2585948669186287,0.47170673443816474,0.11292158235664738
31.07793289257168,-0.8168349096327192,-2.1044908491970706,30.411878553291206,-0.17569913843274648,-1.9090215927101033,1.3600327734397895,0.04925857992388336,0.6710668989093339,0.7585795991455295,0.023854414814075686,0.1694649110137263,0.4629313849038917,0.13704199442814474
26.699533531178677,-1.1246339742457874,-3.151898563534558,26.169553530412628,-3.1173705568860175,-2.8163601978950097,1.340921275614411,0.03655317351084265,1.1457173225007424,0.9302092657295021,0.057611733652136794,1.73140820589755,0.9441860409203314,0.10982598850042871
53.09052919970352,-0.351295166795426,-1.8317545421730692,52.449378969347094,0.13293994440077017,-1.349086175030345,1.424481124484343,0.044301251582029924,0.4780385332334598,0.6444422549952002,0.03408200299712951,0.13377917851682347,0.17587742919812221,0.07743709511358299
57.72715782106283,-1.1979695710612768,-2.337391525702217,56.968250610983205,-1.4939846944031674,-2.636545637475315,1.370501046360232,0.09656577841924473,0.7804526344193605,0.9458525065282154,0.1188660905279756,1.1823986207838377,0.8096272362974346,0.08762323759404012
