f0,A0,w0,f2,A2,w2,B,f0_err,A0_err,w0_err,f2_err,A2_err,w2_err,B_err
29.716328192309675,0.02764956623899023,-2.138146892586657,29.123021242034774,-0.6637887558403932,-2.8945409378636215,1.3592174276457296,0.01820025268274702,0.11835952707857923,0.37076521516525157,0.02585481094655165,0.29542242686909836,0.9429141012736777,0.12996216635845664
33.772707886956916,0.15888906557552068,-2.7084024624472685,33.102367685400495,0.1285034563937832,-2.406336809177622,1.3215318212600122,0.010769152241241243,0.14044547869398338,0.41902773748982447,0.007429411593018206,0.12156632667569094,0.3446409723083362,0.1211590867273752
38.11194552215673,0.5353944634318348,-2.2680019588866474,37.47482025710856,0.3135258562467892,-1.7445320914068816,1.4477858914793285,0.01224139551798389,0.10183376810297202,0.31286119240631,0.020494942837789493,0.11032921719603343,0.41596206097730426,0.07747126361405504
42.31758202706759,0.2547172507252355,-1.8248190454150408,41.682715897016415,0.0861100259005087,-1.5573031592605846,1.4546403026158214,0.020218307749180597,0.09549084842205206,0.3055667769288579,0.029062357281905857,0.11361055744385523,0.2841471607707697,0.060184369904742574
46.6706083635365,-0.3351675651967231,-2.184645354230523,46.02691403095605,-0.006027797481038459,-1.6718303941017059,1.4448930117248031,0.02710455257449597,0.1991450652909194,0.6752978689011545,0.01925665957562478,0.11327350425424043,0.3368744573347531,0.06694524463576444
25.571409553389458,-1.2274741671635379,-2.546309587028888,25.139451594278473,-2.850250581422261,-2.701201063615274,1.1269947953140464,0.04669994417679642,1.01589806706036,0.9526488794528499,0.0531564578970037,1.6619835467479347,0.9964669316270264,0.12693926402146563
51.20211706007364,-1.204986062717054,-2.357883796220452,50.44637899867123,-1.3929918794616207,-3.0062340343881475,1.2080879977541015,0.06281367930542026,1.429705578922875,0.9422922784292143,0.07026047425095881,1.4866673218637563,0.8972262368839115,0.11756654008874555
