f0,A0,w0,f2,A2,w2,B,f0_err,A0_err,w0_err,f2_err,A2_err,w2_err,B_err
46.31735385882595,0.11012163922452134,-1.573929497814179,45.64856923885841,-0.3818805115889269,-1.8578691135378238,1.1230290031016366,0.025622695056178185,0.1090722060454822,0.2719360768677034,0.017092420133519727,0.2083143145569434,0.5476844718494261,0.14565197154692253
51.34029355179642,0.31112458226944484,-2.3984989836554527,50.65221273010579,0.10479813682466946,-1.3193024738214965,1.100336588020946,0.012517293064126963,0.11536522638206359,0.32514977256247535,0.039185146100220156,0.1260344346101571,0.1548747354533762,0.1438284072512923
56.556086379545086,0.46610128643024157,-1.703869053388445,55.743552629423334,0.38630967566725305,-1.3109360267645864,1.329740836237023,0.07839865701759562,0.22427899962398856,0.34696975806268304,0.0863415700350717,0.9280647372683979,0.44327133012075304,0.13568425937186776
61.63392235058831,0.3583046837295074,-1.4654263779669943,60.94791834131639,0.18903358759324165,-1.399312108860213,1.3785651257174836,0.029383306279521355,0.1105523683519979,0.24074176594483707,0.03273001598988962,0.4288682987437238,0.35224555889537384,0.09481893558111668
66.72833588593743,0.3500913601225564,-1.3223294716060865,65.97330761439582,-0.048851696730101396,-1.4314010569603308,1.4677151460180888,0.05079868427579003,0.12103888173320666,0.16000468346053012,0.05042051904421327,0.3996941599570061,0.7143668083877102,0.03729484661995588
72.07658713323794,-0.23741645560849,-1.495889936672713,71.03207936465479,-2.8236287342891178,-2.717113731199033,1.3513117869071405,0.045894332392185835,0.18494417070540262,0.4001875787471738,0.12707337188731058,1.648187310854812,0.9583956404127527,0.08941141747694328
41.46469905116032,-0.6661666673903637,-2.190757107915648,40.75727647846442,-0.7752753984927077,-1.9809220727573793,1.020446884140567,0.027170767750064485,0.2471751056952874,0.6984446917477282,0.0452167612398304,0.7397583108390563,0.7589391211278751,0.1340354407719931
77.89212932291836,-1.4463103647831193,-2.5403746179272884,76.89236795889401,-0.6183010137888763,-1.7068553728454574,1.2087051135730411,0.10957682859113861,1.152228809455875,1.0314232329840138,0.06776117128884425,0.8824219826199664,0.7293876035833993,0.0945721459934067
