f0,A0,w0,f2,A2,w2,B,f0_err,A0_err,w0_err,f2_err,A2_err,w2_err,B_err
30.391523682239825,0.42677552520490025,-1.8946438336611662,29.78600766097786,0.07287479553524914,-2.206841255392705,1.154946590614672,0.018148001443408487,0.11041367882104373,0.3420363152712122,0.020839039123424385,0.13495115636471142,0.3723325574312898,0.21626398313806372
34.29859135966127,0.6282001905416948,-2.202567760150609,33.670739377180304,0.25791461602571863,-1.72151010137783,1.3018344818425147,0.014508918055377728,0.11300730537137414,0.32676678820873345,0.027999797061505627,0.12204362090973678,0.37179254277349505,0.16391114402174492
26.611360185733954,0.20535601144984666,-1.7218058636214855,26.08080385187592,-0.16935157182578692,-1.5558432612512603,1.00987329401107,0.021704905729903336,0.12002374622503682,0.32943643764532643,0.02344110553771745,0.3006815528733072,0.39114812198663945,0.26265810055961014
22.99859795989445,-0.35939514316269505,-2.469703862393481,22.461330976232446,-0.764596276025951,-2.1878661704080473,1.1692683106974038,0.021525604931417627,0.189474593507684,0.5412582938944573,0.033285131842542254,0.47538386180811587,0.6917128213564766,0.18802141039059425
38.15842363277845,0.1363299324767691,-1.5589329517156159,37.451170113323535,0.053874278331433476,-1.37699166413375,1.3190750677326495,0.03367009359698746,0.12724350839261628,0.27164470097163845,0.04225435490318209,0.14482374540183585,0.24930702683789296,0.16236017854962642
19.232922831939103,-1.1572470590313266,-2.7006458999507053,18.84576882553963,-1.6383543936939455,-2.2236475342905377,1.269346334887242,0.045395558476521464,0.8214298765260639,0.9253615442106883,0.048585856686521316,1.1195042778222288,0.7648860351724069,0.1489591608974504
41.972821910864184,-0.4760982202611994,-1.5579679080455389,41.360820306940276,-1.2029299039969192,-1.981434989421202,1.4566691678733243,0.07638701691891187,0.8045320876080952,0.6637287774860567,0.0775047869627159,1.357320238744255,0.9903139451762437,0.05735202837148807
