f0,A0,w0,f2,A2,w2,B,f0_err,A0_err,w0_err,f2_err,A2_err,w2_err,B_err
31.62235798979052,0.3786346135655202,-2.351036502611966,31.020859185880084,0.15821989974425474,-1.4037548120157064,1.2618267126024525,0.013840995099221395,0.12073447406280217,0.3597132292322425,0.0325103127675404,0.13017685951751887,0.2294938424910331,0.18379073580989566
35.746494840691845,0.2663763513089412,-2.1276742331597216,35.172068055446715,0.1460940000967002,-2.1987685042770266,1.3309766585518603,0.016796231255692972,0.12110749075798498,0.38801506010749237,0.017547993770761175,0.12624790784927842,0.35740058814519393,0.13637330581332763
39.73237160803062,0.26035550870722435,-1.5060841304729524,39.100832091309734,0.1734671307586357,-1.6853981576736723,1.3471695459167052,0.028599715581380327,0.10597665658555326,0.2458495870654755,0.020269975985106138,0.11978448216418543,0.30717909777921637,0.13109305870847676
43.80293632628699,-0.28573531937096336,-2.774559324589159,43.17618067989476,-0.6387188792296539,-1.5841674752061286,1.4043914383455889,0.015512438014156088,0.2017518098227569,0.6865413122733044,0.08132654033512932,0.8623555456782598,0.6320797421068315,0.09606507192462893
27.75240666985628,0.00579147210625458,-1.4359348091157458,27.277470261802655,-0.9097640459764287,-2.115907366321007,1.3104325119886289,0.033723844340065416,0.15539316749234092,0.2864199828472091,0.0492185170653127,0.6074844516173964,0.9989254795177531,0.1609229444113387
23.94582784950475,-1.4435722392081547,-3.065656434307236,23.4976009403442,-3.1410506616676503,-2.848689558079821,1.3461040374452107,0.03873499088850448,1.1332969015546965,0.9534912894897569,0.051362258000472734,1.6481378945224512,1.002233013760519,0.09792300918575815
47.780368793888584,-0.8719160186009162,-2.378340820935833,47.03552736952466,-1.9006536325784285,-2.4488431044481347,1.3619115090174527,0.06156183691659584,0.5083338053647236,0.7992568037828179,0.10423116495213437,1.2507085272558756,0.9389913232792557,0.09812646311575045
