f0,A0,w0,f2,A2,w2,B,f0_err,A0_err,w0_err,f2_err,A2_err,w2_err,B_err
63.233985220656024,0.8377237418704779,-2.5541430459033725,62.41377837077016,0.6556843634220189,-2.230283582984959,1.149578624464482,0.009554789324334307,0.11158851208985934,0.29473821973848263,0.012169591762085569,0.09420563715819737,0.2608644030731451,0.12640830597523744
57.00582692947907,0.49751670418320454,-2.330403333081903,56.138667324851426,0.21658255143683386,-2.2341500066642404,1.0696823154481894,0.01184379282246824,0.0992263973209332,0.2877993176371971,0.014720909078870342,0.1073128253871414,0.35355270996641935,0.12378792186941616
50.77299925067388,0.075647024582257,-2.4797097782719963,49.95061878382302,-0.08057143887052567,-2.1972006367666364,1.0265378587010308,0.01276283644273608,0.11433980399050243,0.3609421109379238,0.01678383943541599,0.11799885290463757,0.3625265295068365,0.11046499829442377
44.92176449281547,-0.3593240466226741,-2.265550235320467,44.105874907184,-1.6240630878244122,-2.742180259240189,1.2282972284100917,0.023276023548216788,0.15577699208047147,0.4598354434533342,0.0797017752489497,1.298060848580493,0.9778492813534417,0.11350357485059497
69.48832707504019,0.3631219184736169,-1.7954559655690694,68.63241102951758,0.40157650620095786,-1.8491218482999183,1.1172823000990353,0.018809302093506057,0.08529841557207808,0.2704877889378268,0.008253894986907448,0.0872083593847499,0.26695272061573605,0.12209935741531885
75.98691809053201,-0.20506807699542634,-1.3995841881564457,75.11193307654976,0.012467174436792891,-1.655070236206518,1.0633991802418303,0.0541734274871958,0.15568018213245063,0.2234945721607796,0.036823057979625935,0.3002231398434879,0.3627758680864759,0.11333489949021332
82.35649420080837,-0.6746250977734995,-1.4853481520206604,81.49491209409584,-0.25276751032861844,-1.4211706411537652,1.1251602276586383,0.1094528591441777,0.7774483265348141,0.7404398122492557,0.07555031816217193,0.6586845908267718,0.4481028706849293,0.12217831472002365
