f0,A0,w0,f2,A2,w2,B,f0_err,A0_err,w0_err,f2_err,A2_err,w2_err,B_err
21.286241215836753,0.05888019495538582,-2.0912155243839288,20.797193165104847,-0.050844974598207526,-1.9042902982776047,1.3015012863867,0.021328171116684506,0.15823377609344866,0.537284639190914,0.029453408731765208,0.1662866986823082,0.5374190219522558,0.1949579728494809
24.476636852059205,0.3779103816195095,-2.1432702275961866,23.954750929488807,0.00344381856541906,-1.5181216427545365,1.3978296752642456,0.016396465893159767,0.11585497303175878,0.41116198951427513,0.036473655296878855,0.17888751594073185,0.45395751373932036,0.13887425743199944
27.58280023489597,0.19393225192014918,-2.038919160614726,27.12266993442222,-0.094874299349609,-1.5616910640397104,1.310353555652763,0.02272939024537026,0.1433281616687894,0.5332863233286544,0.035871207314588725,0.19489672228797897,0.41857291673622543,0.15678522566541467
30.821815900424593,-0.14256825461987288,-1.9258305301726124,30.269120552926474,-0.1066806516288605,-1.6279344844001198,1.0729771240618233,0.027142838211082546,0.1714634741468881,0.5314680159775012,0.03372300812339141,0.1810415483319464,0.5013027988501411,0.22736740273126788
18.391593606525007,-0.5504928010309719,-2.585006346002776,17.94467092610547,-0.8508219916737114,-1.9526114164506363,1.256639141894755,0.023590848944149784,0.27088929892725444,0.7655046666294826,0.04421115582786674,0.5844845578686203,0.7879270036459529,0.2047341714693871
