f0,A0,w0,f2,A2,w2,B,f0_err,A0_err,w0_err,f2_err,A2_err,w2_err,B_err
71.72778174313729,0.6851166840208122,-1.4736257369398902,70.72399936203382,0.11362321598521478,-1.2845678216987102,1.3259975643624173,0.026355587435461687,0.08224089959937944,0.20561684727858168,0.05516447599740156,0.7971948582650008,0.40238749183456096,0.14400871771770551
78.27969175217258,0.5803183979294686,-1.8797342433573785,77.42977078796724,0.6235785602384327,-1.338402667718163,1.3117048304485897,0.018801121913037715,0.09805985208994716,0.2904081802325131,0.007602633130217082,0.08748067565920868,0.14405715185553078,0.12604544250988234
84.68767424927373,0.2960064863206143,-1.3203368888950255,83.66389262377356,0.011847144581597843,-1.3407003499323933,1.4793723721303689,0.04534882003129543,0.12420381432335485,0.1406763135932224,0.100343303756582,1.3597522399494848,0.6823625680939617,0.02624804908508195
65.22918332993802,0.2004830478771492,-2.3861923079779412,64.33545290233555,-0.5427792775679093,-1.5592348182808724,1.3867258837036727,0.01542288439153753,0.13384363549041378,0.4211077571473195,0.09939419491968107,0.7195060844558108,1.0268087963334303,0.11140085581477673
91.39890229508254,-0.061808299044265866,-1.5884026583022688,90.40135263559824,0.2314631256430042,-1.4052745788795469,1.4565597106819408,0.035782603050381806,0.15646540027365466,0.4360388076612656,0.011396231736740682,0.10394686029441849,0.17646219472696523,0.04365665205210887
59.04846958105115,-0.0842184937857696,-1.54384019122242,58.16428625588923,-0.7220159189616333,-2.3856707875146665,1.383493620423901,0.04258025511099262,0.15551709563606764,0.3295365837653433,0.06782620383737449,0.45215636381594815,0.8753751303683537,0.10187198698263887
97.96238772439669,-0.5423852647050615,-2.0815263223562708,96.67336613947012,-4.3018085525788,-2.8849584334637615,1.4462894172430176,0.053589581964059954,0.4657528325679188,0.7101736728765093,0.15953975504698986,1.6324709992802517,0.9819968096813074,0.046977635737155334
