f0,A0,w0,f2,A2,w2,B,f0_err,A0_err,w0_err,f2_err,A2_err,w2_err,B_err
19.388921106425194,0.5216793776755461,-3.661462989219933,19.01684940140135,0.09977931802815872,-2.949841231227789,1.2842873988731693,0.005282147848063745,0.16994475604615075,0.40995986994212874,0.010358045453783911,0.15272867254896258,0.4309120159262932,0.14901373071376303
21.80981755575717,0.22134647416697126,-2.692036758070473,21.477327689675636,0.006193545560878742,-2.7522234794610476,1.1443482476046838,0.011227896795512105,0.1304249217567472,0.38069969364518125,0.009019500843843476,0.14390955521661042,0.4384503762992097,0.1842546457463912
16.880456537175775,0.10165189241630634,-3.5697791939316383,16.527149427775576,-0.17165915324299852,-3.1364302156454094,1.2278788374710017,0.006085088599038937,0.1723709834995076,0.4324793725581859,0.00967866800813878,0.17201965898733562,0.49797052920078344,0.15818868411915288
14.617845458044155,-0.7718878596145162,-3.6221434100179786,14.259938481147241,-0.4082897304951614,-2.0494067411296344,1.238305686977186,0.010037932355495075,0.2568345885947616,0.6056937325466066,0.020995288661490287,0.23475095642175306,0.7110304312429535,0.20249589837619061
24.29202387414167,-0.26272948199577806,-1.93531068559428,23.95012509655008,-0.3571854854702451,-1.5776639665490528,1.0885977334550088,0.02420492976697217,0.20707209608329052,0.5846211647894729,0.03170711502104828,0.3332924845997443,0.6083919724702683,0.19280074005804615
26.907147205084936,-0.8427352709014155,-2.080826373637341,26.469807804268985,-1.3822013164326852,-2.632149744024222,1.2480300495110896,0.037221606252481956,0.46929566714367726,0.8520473643260356,0.05249509993882294,1.3102037660452266,0.9559910331238987,0.1551793081097529
12.215507684498782,-1.1944878425223093,-3.0768863609510744,11.944219925709016,-1.8665164490027903,-2.7615250060542347,1.3405108983780187,0.02407216115957907,0.9328950027467209,1.0003258379503845,0.02894504360469739,1.4218791557412633,0.9957560189620118,0.14205505827877887
