f0,A0,w0,f2,A2,w2,B,f0_err,A0_err,w0_err,f2_err,A2_err,w2_err,B_err
31.554416795519888,0.19442075755804045,-2.459189858940981,30.930921017315296,0.13727212330666927,-1.853248592442406,1.2923892644436084,0.013892015807791846,0.12750031536887993,0.4066356161283208,0.019648558056557873,0.11690555194360962,0.3369626364475394,0.1625874399244999
35.674296418790625,0.5525679338075113,-1.9442478901299272,35.061873868168625,0.27801006133904793,-1.8550246503688537,1.3577982135375364,0.01680122395583706,0.09293694989956153,0.30861028710736954,0.020539779279191626,0.10928005630571774,0.35743073293296374,0.14179383342965443
39.60065200514859,0.3259281309629203,-1.8427771843104352,39.00417796866983,0.2658491247444493,-1.365500868057123,1.4638408730981243,0.02020195837117126,0.10659022424299568,0.3012010604622994,0.026610122578143536,0.20777129678376438,0.2425358432041139,0.04960265484670897
43.7636310705733,-0.051405847981980876,-1.7204275040493564,43.20225647045252,-0.2683679952746476,-2.07526187200758,1.3454517995462933,0.02837923377406773,0.12905857804951817,0.3261192324245494,0.019138179796500305,0.210501782326849,0.7379138102913603,0.13020755657926
27.753944366940402,0.07262122899170984,-1.9242485311155932,27.204274764804264,-0.3159219615392349,-2.2064712745891857,1.1019386821389043,0.018940987787926952,0.11825357597782356,0.34343057831726875,0.017258393753854632,0.18689221276135243,0.5864331862701286,0.20730196360764216
23.84658792161531,-0.7022801814984856,-2.2858304573328803,23.31601461756494,-1.194596040952101,-2.3360486131562825,1.1390566105710882,0.03883397323799746,0.351617632761638,0.38856701690229817,0.06768848488328341,0.6486595700870026,0.6567599743438927,0.17649499695585463
47.65311962776709,-0.3737560742801723,-1.4437519514098514,46.87694324203621,-3.235393318548605,-2.4817344800820478,1.4721660404079642,0.06919017725233712,0.29898856819896275,0.4900876775798986,0.0889473276767412,1.5232649452254672,0.9496562884698757,0.03283115756499449
