f0,A0,w0,f2,A2,w2,B,f0_err,A0_err,w0_err,f2_err,A2_err,w2_err,B_err
33.894059576014854,0.30859095896134225,-2.702170020898434,33.21632411429147,0.2125849258568176,-2.1587846115575116,1.2518050475331255,0.011894048278197358,0.14728566013573557,0.467439349934004,0.016713634063834987,0.12387828587851932,0.43162049299220195,0.17558535752533577
38.26745231014867,0.5731618493419461,-2.5190638274697874,37.60492253175139,0.205541352715145,-1.8105992353518163,1.4435754237987317,0.01191139282468221,0.12586094799938063,0.3679241830906217,0.02285327054803796,0.12625135306392465,0.44864752356645193,0.07852066513341169
42.42574922219853,0.6198164699350723,-1.328897686576989,41.82740757740565,0.028195161004820196,-1.5324218954252407,1.466646681935342,0.04644978130190537,0.1611934837977776,0.2278307135449774,0.05692073605391341,1.2999380716986901,0.9071202014601145,0.04520805798116482
29.925979361966963,-0.6815955421675581,-2.258099917377053,29.27796896927845,-1.1289365204705348,-2.877075026026719,1.4240519441146018,0.04871920809390752,0.41472977899846575,0.8632915821417306,0.05152348812498541,0.9473081311033581,0.9597749569418556,0.09751409447520498
25.63864355677015,-0.7314476578938696,-2.075116406418014,25.124829727750672,-1.662107755966392,-2.0862205982458493,1.3195803180702355,0.05451605143964465,0.4979564677600018,0.8685570646455116,0.061040162781246486,1.2079137708010734,0.8771348678144416,0.1378740333656485
46.87339987677563,-0.051284043129594885,-1.5373711418739215,46.19618519576243,-0.039927083241933864,-1.4609240517526558,1.414093546337011,0.05313682261765401,0.20421920318340592,0.40601194899442666,0.07011480617699521,1.4635166500903574,0.362697659890454,0.08987270981639833
