f0,A0,w0,f2,A2,w2,B,f0_err,A0_err,w0_err,f2_err,A2_err,w2_err,B_err
47.07341759193106,0.03436201096209829,-1.7904879128968085,46.27252621810346,-0.46350862930734765,-1.9155159010832201,1.2440902288022104,0.02700023015121213,0.12487184750712872,0.350091368783552,0.03934985153193376,0.315246875752587,0.6894329030878765,0.1490875854261779
52.329762687541646,0.6296087766006495,-1.8045218297218713,51.58511814090443,0.19673574762039883,-2.6093197617797923,1.0882574977942985,0.0170056824552827,0.09203937474198336,0.27611927972009426,0.013224507161803928,0.15170558232562545,0.4644344489110336,0.16077580045299883
57.57143324286733,0.521688592989463,-1.8462254484828238,56.854107916206466,0.22142361377829278,-1.5551356326912693,1.3040380232422089,0.020222688986023023,0.09578773077440603,0.25652941473895724,0.030734986387150432,0.11158541943299062,0.27631499670142434,0.11945964452676648
62.90926574928112,0.2785102871265175,-1.4602817787813491,62.026629832664035,-0.04082089879922704,-1.3615505693711327,1.2762001859358851,0.026918775277917813,0.11394480987961551,0.19946473223124292,0.08549138488147746,0.22847445162686544,0.4746919003516963,0.14433923430283943
42.07717879898725,-0.27154917242867693,-2.6285187392828404,41.26986717953158,-0.8423449082817116,-2.2013215022520605,1.2583411360015182,0.016780994282277282,0.18413692921134261,0.5223775766938705,0.056536163318795636,0.6263233883977869,0.9262233412124209,0.138290228691017
68.1893066270727,-0.13026786247390346,-1.4436351551772746,67.28949179238471,-1.2053872484059247,-2.3527017287121668,1.4083272327547436,0.06599425911090201,0.20413220302411586,0.28062347945568217,0.09620449828776241,1.144595070038444,0.9935212143206802,0.08543171493180607
73.71291183558729,-0.7733870574563948,-2.4618114715439887,72.80630131304792,-0.7907807715670098,-1.809387872670141,1.1030210233162308,0.0770357690171049,0.49989657809392746,0.8993958072422618,0.10506224517135057,0.9176093104426234,0.8981740146653959,0.11188876319713094
