f0,A0,w0,f2,A2,w2,B,f0_err,A0_err,w0_err,f2_err,A2_err,w2_err,B_err
33.69344274907282,0.3442439835830885,-1.8796183325246123,33.04078877906512,0.03730913158324102,-2.5408982483527343,1.2296762614708294,0.017018051987326522,0.10133234985692875,0.33388078667954135,0.012096317377393799,0.1427144404477957,0.5027128003695349,0.2046530209061701
38.1010294823265,0.4692045436355636,-1.8157511556144854,37.42494562577348,0.3810314271386551,-1.802443774111772,1.0910733678230455,0.017430084348183973,0.0877488139313702,0.2697090417143045,0.018911493289322828,0.0963513989718549,0.28485144219851793,0.20928204101561268
42.26778390852326,0.2591460538176624,-1.550590786951186,41.56464228559294,0.31536742721355115,-1.316865717430971,1.3973356532524914,0.030081215492944974,0.11340363743666514,0.28687350122222716,0.0404699968599162,0.10631180352296166,0.1975207439844057,0.10527565666589798
46.61128959704864,-0.22223342074597602,-1.786905987035358,45.95795890782134,-0.03374478847677461,-1.371033216158366,1.3332988208911543,0.03282425320130978,0.14746862715238973,0.3709287356952678,0.01772977979005413,0.13144001639164013,0.1795114049056832,0.11447004049807911
29.682598077558595,-0.12454898331703415,-1.9499753218401574,29.058377747211445,-0.38691203014030573,-2.2103788798013078,1.1066721026504773,0.022598956737150004,0.12832793259396127,0.3458172110295926,0.015213815642000987,0.19937162133322034,0.5628874784767965,0.1757610726820274
25.5376336994688,-1.2564060978995433,-2.9142864637001678,25.053828839026508,-1.9324842343176198,-2.6089154872461195,1.272257520768174,0.043553996429112285,1.0758835175869013,0.9350652761005445,0.06129084821274249,1.4378735812816723,0.867909099963214,0.11590705930184002
