f0,A0,w0,f2,A2,w2,B,f0_err,A0_err,w0_err,f2_err,A2_err,w2_err,B_err
28.622027547715977,0.5135908588137919,-2.0748855454477697,28.03079366153838,0.27366568021325377,-1.7381560480486151,1.4254504592636654,0.015162613133292948,0.09747895787548459,0.32705511963848616,0.010678029210826197,0.10928973953034711,0.3685634460116276,0.09568230062903019
32.21916477195348,0.2399689404945058,-1.5215326529447049,31.62195868083562,0.20222525545024042,-1.325673179132987,1.418173151009908,0.02820664243077694,0.10462843130404118,0.2434904642894134,0.03815605878452274,0.11326113499355091,0.16481397850310547,0.09949761564322261
24.860534270792677,-0.023812718871000626,-1.6552340353471717,24.311718315449323,0.20300811267189117,-1.3521196985076203,1.3760998805255402,0.028552619251993136,0.1547197604111186,0.4311554383999801,0.011156992518001493,0.11498424023796988,0.18775053835383307,0.13132391313317424
21.468166075519193,-0.15205506953884,-2.105377563364592,21.012264154946415,-2.0860238039845482,-2.5121234892842654,1.38302061451062,0.022036598576144727,0.1395567837685582,0.4335896521483308,0.049182267208970266,1.5983198048984502,0.9970132557073875,0.12676002309978684
17.947415488165287,-0.8471409801412733,-2.0767942273882825,17.620281090230353,-1.8680927091492587,-2.168489954861142,1.2236596937880595,0.036471597113054026,0.3482480573244058,0.7687417196158812,0.04635172517111233,0.9808804419205858,0.968086707579405,0.13888880945346732
