f0,A0,w0,f2,A2,w2,B,f0_err,A0_err,w0_err,f2_err,A2_err,w2_err,B_err
35.0015021801824,0.05465471143698219,-2.412953482686157,34.29601675440958,0.08897094100673736,-1.8987772625119443,1.3429972292665728,0.01676673539672293,0.1532403367806888,0.5350823048057722,0.01870399645899916,0.1289715323166707,0.38726187552585833,0.1421586807757382
39.51517977137922,0.5919926792503173,-2.2675547342025792,38.79988073647946,0.05132311186538541,-1.6516337247796748,1.3657092042303467,0.013974916089808082,0.10817717299385574,0.2952144923633714,0.03327980198142726,0.14776752949708552,0.3761166203935082,0.12801233914711416
43.86882413372353,0.4134477222859203,-1.3865990699034212,43.181565801454354,0.13542963843222097,-1.3678268229636648,1.3745741023140552,0.041825297420985515,0.13914451200341937,0.19618342381241266,0.05596142665828781,1.1880734426499855,0.3878686081110382,0.13783476625777852
30.851892125426858,-0.39737209174811283,-1.9668321465637426,30.213503758890482,-0.44007432059900115,-1.708686012953934,1.1293449023524234,0.0320560713850555,0.2903667774493942,0.6523047943701489,0.057905133316130494,0.2959182321168168,0.5902300147656873,0.2335187690926187
48.35795822106375,0.08982706558966568,-1.4449424918879292,47.62916353625418,-1.012604164117298,-2.2653534941034987,1.4592635317359988,0.03827285038433006,0.13531255723646948,0.24524972347718688,0.09583142196571165,0.8038088383782451,0.9400706324201016,0.05329289905031629
26.550153727128954,-0.9927204328415733,-2.401308355581702,26.059412467540312,-1.4319337919033954,-3.206631110332765,1.1096443240566014,0.04289722463058946,0.9047754017563038,0.9323614358533663,0.038687827451196796,1.3299243485853336,0.9338170017991714,0.16731700288743961
