f0,A0,w0,f2,A2,w2,B,f0_err,A0_err,w0_err,f2_err,A2_err,w2_err,B_err
42.142451643388256,0.28567453566366474,-2.1691688168895205,41.43531594891139,0.1453851704536529,-1.7795193011727228,1.1316155620167279,0.014845067485610796,0.10351799750092662,0.33792082962625075,0.02088419641889556,0.1283182771889061,0.46348856724107684,0.19849692407029915
46.90108561942172,0.4803944419238,-1.9791194082686074,46.22140655203892,0.11428761904370525,-1.9525243701184394,1.2066194960217815,0.015670207284968304,0.0865860147742014,0.26262096646118277,0.019665414493359006,0.1178968805846679,0.34356453571033946,0.14765512859168242
51.58462213688432,0.4331320110357785,-1.9615323659338348,50.76244604387936,-0.26061710452309317,-1.4723767898245579,1.3573892105735552,0.015762939684899675,0.09218680455255059,0.26005478800484094,0.04792986961696473,0.18623974639238122,0.32244827191693476,0.11049058470501645
37.482829955141646,0.14583232775234062,-1.7313645826824653,36.87433512532572,-0.26689839846027225,-1.6941144154339118,0.9907207651771494,0.02224144408928717,0.09495467648594792,0.27061294176227674,0.030697305650062866,0.16555621433540818,0.4148511752726238,0.16723227185811632
56.43375583315049,-0.07719084385102438,-1.737969676451532,55.54402324903879,-1.5320459910385136,-2.215009580994521,1.4325664378334249,0.02757246766337662,0.12150824453165056,0.35663786073849324,0.09509605779595061,1.3290226188479715,1.001039022294805,0.06884338325651504
61.15951467495279,-1.513038968228475,-2.65206458653365,60.291643795464296,-2.464143494938977,-2.7603733516428095,1.3437063811375638,0.11170975527524898,1.2982048660830636,0.939015069315738,0.09690514987240742,1.3773990246648329,1.0026599921641046,0.08257654300350267
33.10516203116592,-0.6792298208395177,-2.293765628073129,32.5085605122041,-1.054994706548391,-2.2831137012832783,1.0425693095555832,0.026380059160238993,0.10411098251436864,0.08683290463073448,0.10107458141932088,0.14730239643999887,0.15718255998685848,0.06328382389412184
66.00720381996325,-1.317304837549005,-2.156753429822391,65.06330782373485,-2.71110615376878,-2.66893205282821,1.0298646765502921,0.09895317737032609,1.5434982546302716,0.9590326726183668,0.11559481157939785,1.283594088812894,0.9932223082448433,0.07607968065411873
