f0,A0,w0,f2,A2,w2,B,f0_err,A0_err,w0_err,f2_err,A2_err,w2_err,B_err
110.47939965338867,0.7008918187936833,-2.4400129011007192,109.2194805653778,0.606659681232135,-1.8405444953599086,1.1773986298337777,0.010714961146809105,0.10578328083704526,0.2747265617078942,0.020777937424661913,0.11721497491686415,0.25453438806744566,0.09163699438210084
120.2288033388479,0.8647754681047475,-2.312676686846498,118.99462607479305,0.8491533567885455,-1.5816334505702605,1.3453354950005059,0.015412215224842707,0.19449768168844614,0.3618288092444448,0.13818601299651764,0.7481503574921786,0.388552821715233,0.10103235198159592
130.17365693865582,0.5632294908229252,-1.5827337289911436,128.84129369683654,0.39007168904821515,-1.3254745134701442,0.9540842611413248,0.01883215830555522,0.07512286041914115,0.19938150250645068,0.12868052886830705,0.318865148089846,0.4537457435127063,0.11832926915774152
140.23275930652702,0.020049802840605202,-1.3136814717992715,138.77209263106366,-0.401466246131829,-1.3952477041016043,1.1651319595988188,0.04900729490101238,0.12561760249363238,0.14377335946382389,0.22978460360565953,1.7109829147417042,0.9025500035413948,0.11662868833172754
100.59645106179192,0.47196696399824284,-2.2731612162558,99.27150578678038,0.0992486595269777,-1.977074420388711,1.0290460207264944,0.012069638513613439,0.09761560729083452,0.26610154793750695,0.01773655544039091,0.09919053739787885,0.30292867670611145,0.07588374144416835
90.98373153080753,-0.127874550176899,-2.240448117113739,89.64316890530958,-0.2864921239783935,-1.735912353368115,0.8776091084169371,0.016269008156801185,0.11326290359050037,0.3334191689840663,0.02656141502394049,0.12523970206649265,0.3252022149012164,0.06318612844642033
81.59197295763613,-1.216767264523791,-2.4715839685479044,80.39710110707423,-2.992613680309728,-2.622488005762576,1.1203211553474886,0.07968977739240529,1.0921630826766873,0.8854545599935176,0.15186227501697708,1.775037015284655,0.9849153247003978,0.07142704566823943
150.36078919749556,-1.2052671197875444,-2.084786771843402,148.47673536432058,-3.3433260913333687,-2.932617568068877,1.1672263551301,0.15621128544306573,1.6331864695770466,0.9491774652808151,0.22644431635136342,1.7745265401433483,1.0003532998201419,0.0554488321587861
