f0,A0,w0,f2,A2,w2,B,f0_err,A0_err,w0_err,f2_err,A2_err,w2_err,B_err
35.640520750816044,0.5258818999272094,-1.7162761122937331,35.042661626413846,0.4286528565209423,-1.5243228229665324,1.422583598117753,0.02165887571670304,0.10399886092286893,0.3249291749853678,0.026079369153771553,0.10856809107024792,0.28760853634586697,0.09730170991612377
31.551826913472237,0.1352656294661087,-1.5749610961265559,30.96153105281148,0.19233296062735322,-1.7311364590378835,1.4053122701665406,0.03225778193085752,0.13219579088878083,0.36513751193779453,0.025824698489818748,0.12104591076865093,0.32219972425190374,0.1108100284429802
39.59007770936557,0.03587634062771319,-1.4320986998526428,38.950368928010036,0.4166344257632715,-1.4928725043503153,1.429772706642696,0.05126693612612344,0.21616824124007386,0.33375888878234944,0.028804694303732514,0.11027652756302647,0.2818872493239212,0.08824779076125594
27.690943493186918,-0.06888307533874999,-2.0235145503549425,27.10499905255785,-0.03834915743934756,-2.1256079641798986,1.375022763469941,0.02437669359639792,0.1559115884331623,0.4428232250481777,0.02188924091862076,0.13792335129733008,0.4614557443237691,0.13930387313149392
23.897709024038264,-0.8841568482287594,-3.2084069444229466,23.469055937615693,-1.6623254082586039,-2.601645920837048,1.302371483296235,0.023724818280656857,0.7501706998269343,0.7786848447507291,0.05202478292617881,1.2813380839883444,0.9651371118440291,0.12476958472492623
43.69419669751908,-0.4113059445045045,-1.5470988112452013,43.07615365533892,-1.7918413867210106,-2.0352321117285976,1.4404162257476547,0.04632015569454791,0.8251699728613101,0.5862273946346701,0.08914276652339838,1.5448476044098527,0.9664351393937587,0.07025190734556189
