f0,A0,w0,f2,A2,w2,B,f0_err,A0_err,w0_err,f2_err,A2_err,w2_err,B_err
39.72622559784263,0.32493918535457356,-2.407855774264274,39.06231598310994,-0.27967480381841725,-1.5987804927646754,1.37831234034405,0.012798879043264072,0.1138315700443783,0.35920448076963013,0.040058196911459586,0.1934117809263556,0.463950661768357,0.11700957110596749
44.20483431706699,0.42494970156062156,-2.342302700454903,43.58942145813589,0.12189921747522589,-1.7700989365843982,1.2522175304742835,0.012661278366817743,0.1061937928312987,0.3341809117223428,0.02352662567223119,0.11202414358273942,0.31141524364913875,0.13874603447944714
35.311190943335646,0.11863389514578443,-1.6489411194249775,34.62416311196742,-0.17509534343703834,-2.197404207268332,0.8384671025048305,0.022998493466891076,0.10745708746352704,0.2892301670513326,0.017787103723365335,0.14671016460029998,0.48832576351676665,0.18076957154392023
48.65827484331002,0.2315795425704122,-1.5196602998973687,47.97899750231284,0.056306453805263994,-1.4376774031247572,1.097069877648636,0.02589865032948313,0.09998445395359173,0.23853940184341788,0.026222586032313148,0.13729637005679582,0.24528815968657425,0.16567814119665342
31.16137167787506,-0.6736306540947395,-2.346871161966246,30.494586858534227,-1.399741467617609,-2.7644688410320755,1.1502784771524777,0.03180513985171505,0.4625099017415408,0.7523647958736702,0.05553249688826728,1.1870524545020122,0.9318470398062626,0.15798807080340363
53.21661344559211,-0.3896585192858392,-1.6697874147808394,52.49850508549891,-0.7511696639570502,-1.552586618005074,1.3928570099490007,0.0443459548495352,0.22034302857129073,0.5361504449379474,0.09089763953259333,1.1455083976010199,0.9693790311430408,0.11831741292130761
