f0,A0,w0,f2,A2,w2,B,f0_err,A0_err,w0_err,f2_err,A2_err,w2_err,B_err
73.72887339434145,0.7750985427628692,-2.1628824351467193,72.91439148888188,0.5839836113387215,-2.391584432528826,1.200402274458943,0.012512973147510945,0.09039666286574122,0.23163701594663821,0.010780937086727341,0.10326700516330642,0.3058368785208076,0.10596168799675136
67.10875365439847,0.45086355460398114,-2.554982773112004,66.24652898407308,0.23320387091865816,-2.0702715213471894,0.8747374410230949,0.009928000899126134,0.1148899996790458,0.2986924060404417,0.015135204379029666,0.09943649186646829,0.3888068981149792,0.10639967962384903
60.503999729170495,0.13777535387545528,-2.234166704983977,59.64748426275729,0.14105561699667596,-1.725281790204498,0.9994715021677274,0.014842086295160529,0.10713567805700283,0.3303281195470601,0.02156389119226523,0.0927479400889169,0.2686794104322002,0.10585207570550824
80.31290231712018,0.5158687544852469,-2.189314362167137,79.29586459950298,0.4761786832442383,-1.2675096265375163,0.9804195996901546,0.025574861824935347,0.09709714023000215,0.3427758051094105,0.07943371707505703,0.4890605955341757,0.17851676998414018,0.13689057264967852
87.04321705538825,0.46261999982379987,-1.3512253796391964,86.06409812886103,0.20780297201231096,-1.3391211596500292,1.0865815859252785,0.06125145786065118,0.1431556823877561,0.26637671414366076,0.17655728504706297,1.8968153078557202,0.5493512229676588,0.18135145401918257
93.92424160839624,-0.2528539571973899,-2.0219226807026347,92.63051860517828,-1.9456340834188075,-2.405897233036077,1.388423337737689,0.02507676250172532,0.16401183792891072,0.5948690814956454,0.14561221471336347,1.637589789851074,1.0283708638657463,0.08367698075959165
100.09509184096537,-0.7188762236197156,-1.7431338389398463,98.79985208404341,-3.403995918877982,-2.9244296142440733,1.302967150942705,0.10890179921703626,0.576111266110515,0.7695149560417206,0.16655430890636433,1.578118142966716,0.9804162828841446,0.07170515532046898
54.27343846105783,-0.8501913474241118,-2.3658792533202915,53.35471327204853,-0.7430932035243987,-1.7810357793390705,1.0646643161702998,0.04850350873458818,0.9092889469713904,0.6599906083063614,0.06257909328126136,0.6160268596088181,0.7215301395796818,0.11229436868775002
