f0,A0,w0,f2,A2,w2,B,f0_err,A0_err,w0_err,f2_err,A2_err,w2_err,B_err
29.33201886480716,0.24667420052433378,-2.8387742975373307,28.72970660772642,0.10070275362330681,-1.5937560346945083,1.3503341041474028,0.010023181508870386,0.15428725807066723,0.4789487153602636,0.018696048860105022,0.11417819481682379,0.2740667588651091,0.1422545893486532
33.08444925054678,0.39814144214856007,-2.03031104286527,32.53736509221493,0.3576335651601352,-1.3465437584513964,1.4533415177396807,0.01740110316529232,0.1056268637247593,0.3232203373442071,0.02987161640060101,0.10348517077213933,0.18095150264076335,0.0624312796696545
36.8174456376664,0.34970770665197326,-1.5506523524282676,36.27909188475813,0.06118472575938197,-1.4742989014102297,1.4324098054950558,0.027131224153401398,0.11176762757253202,0.2564906494062444,0.03421175292888668,0.47588841547410277,0.4011387687988004,0.0746387825148965
25.639218858167037,0.07767802344530786,-1.6698583231739041,25.133734573380213,-0.1837786798094708,-1.6080725505702416,1.29539450391371,0.026338993129890558,0.11943026771036043,0.31073303091580795,0.03124006244375224,0.17419475617820682,0.38466625768194174,0.1833957986183868
22.173523724339738,-0.8470168180439307,-3.703941349901449,21.746938454559437,-2.39434869195685,-2.562347616697424,1.4254799584508075,0.014435616396219063,0.3825170932073376,0.7515223709624845,0.04851276715725543,1.4138615763908768,0.9891070523990648,0.06957672690017383
40.709098926496274,-0.5191052364830839,-1.758646329454394,39.96910369524581,-0.5746508154652593,-1.6007666134887255,1.4341010673327568,0.0468144952181808,0.25351575989403563,0.5981667626781361,0.05550444073977083,0.5710114171638135,0.7271733577792713,0.0680579476247086
