f0,A0,w0,f2,A2,w2,B,f0_err,A0_err,w0_err,f2_err,A2_err,w2_err,B_err
26.020610065164323,0.3413605458233404,-1.8671552902641895,25.395243329143263,0.295859646036268,-1.3162013590995176,1.3952419728937666,0.018157550135028924,0.10662002362351478,0.36961100723692114,0.016569957111688273,0.11094841180164146,0.1417225380575387,0.12066589338014137
22.264380031854394,0.3391250894276041,-1.820659104680985,21.756631908840205,-0.11820292172641841,-1.6061483083842392,1.329440427577262,0.01935702728688344,0.09948842254676281,0.2907052471592406,0.015452926714494166,0.16599035814481078,0.45208703323530847,0.20315645414730318
30.002809260169396,0.20206876011157388,-1.5120243665504036,29.34304934798083,0.2945715096491536,-1.3142687363793697,1.355021725349086,0.030458782872382992,0.11696075483290759,0.2721903315505377,0.025080908808721762,0.41487341708623926,0.2992200505668019,0.19165329787264432
33.87590283622217,-0.21252577024441272,-1.5680147841193994,33.3378065151271,-1.2958600130695879,-2.388827451112965,1.4405945423071675,0.04132162258024002,0.19235036246543888,0.3442633323488108,0.08040124402473699,0.8702669165460176,1.0044236910289412,0.07425017622048775
18.567652199001643,-0.9113791892101133,-2.951209502033609,18.17775656863516,-1.7549662873773588,-2.4920151009892275,1.3819121439956281,0.026337499903683503,0.41796671883108877,0.8564599375567904,0.041536112067663236,1.3238845752325616,0.9822727767215829,0.11257996901507837
