f0,A0,w0,f2,A2,w2,B,f0_err,A0_err,w0_err,f2_err,A2_err,w2_err,B_err
102.8667458116781,0.9555033459408376,-2.541186310906086,101.7023300910839,0.41204065881726504,-2.1190022346306647,0.89195048973321,0.00899608788085381,0.11235566738470805,0.2646913005664658,0.013276089645740766,0.08836963387888032,0.2737895687913668,0.0704083518157729
112.00676263551603,0.7904101269386825,-1.924983398985642,110.79585490132709,0.5768445311178301,-1.5576621605962873,0.8731507396908289,0.020720645306689097,0.09067871392067844,0.22359458724654677,0.14773054797183727,0.9047149424307038,0.5614385328779973,0.1850584430515892
93.6743798031348,0.5065676316002414,-2.048540353665734,92.44948629170207,-0.032491804156257575,-2.252010027752083,0.864085432970467,0.012941075462461028,0.08346568145634489,0.2358127152013085,0.015006314228599995,0.12141723126603399,0.44690773263457173,0.07494899142657906
84.59212632832552,-0.0754643075358786,-2.1840837488682756,83.28270641188175,-0.8438869122320534,-2.5036424005854676,1.0172807524094845,0.016637318018988632,0.11399403244626732,0.34179847796730656,0.04570414476489711,0.4267951679355652,0.7651198072682561,0.07324097350468134
75.89638699975576,-0.6020672710475057,-2.3509791192162472,74.55887599238011,-0.8408086390546344,-2.2568832807609907,0.9768959956969823,0.022651232109074094,0.18695018678231062,0.5858759254692899,0.061723349228367363,0.8409555411852315,0.8241156478832059,0.07473251242970332
121.27144105381149,0.5288812429640494,-1.4404839914260912,119.91761906711476,-0.07089027143476616,-1.3020458633523617,1.0295289389538693,0.021442385783031207,0.08255665288338207,0.20279708121990161,0.22322247920723673,1.1025763865660216,0.9586262301745513,0.17167277551883475
130.73006769705577,-0.04929492873192774,-1.3042126017563207,129.0094789017343,-3.4010911556281243,-2.7398741351417923,1.14044452869123,0.05334652597686042,0.12025445025797711,0.12972574093578726,0.19649761947680575,1.5540404694590164,0.9932296430766678,0.062303214300110224
140.18499166027868,-2.152207718833064,-2.6554333818704543,138.43725402923644,-3.818315655321408,-2.569194098294853,0.9582288897689801,0.1822388002376354,1.4710732360014198,1.0112926917530993,0.19983627796804337,1.4466225571650557,1.0060646275946852,0.04441858574562237
