f0,A0,w0,f2,A2,w2,B,f0_err,A0_err,w0_err,f2_err,A2_err,w2_err,B_err
93.8990162973853,0.5965906303596044,-2.4487514676307516,92.65165985531218,0.4290222368062674,-1.7869461110655211,1.0115861901027037,0.010584798034379507,0.10412992434316864,0.2799203534909428,0.017905173883215744,0.0827728631692837,0.24916863605568776,0.08583192249383353
103.0968350247366,1.0193506674081516,-2.2931110378913058,101.9062179133308,0.8959866920429425,-2.0898888289356887,1.0787092219708705,0.01089078141930908,0.10068280084203499,0.24905294258192578,0.012275854208089182,0.089816559815124,0.22649428420501247,0.0983119607259655
112.24602341100221,0.825217396935558,-2.1876483880925934,111.06360751775081,0.8455389636340338,-1.7191241386539426,1.1539793108917307,0.012352059874444318,0.08815087323998787,0.23974888074179204,0.015847326930224833,0.07101643569594236,0.2034304307198349,0.0970023131594917
121.60714788011524,0.2731043545320885,-1.4108595798554746,120.3169045776589,0.30550776803179147,-1.303199767826293,1.1695951472426402,0.03008403841666875,0.09376767538659923,0.19886545338268663,0.04008251177461829,0.16195185736583895,0.21189043567853277,0.09615364794349394
84.7552746006403,0.19564001294745428,-1.8744415874914164,83.51980352993778,-0.23417412631506063,-2.09751901923872,0.9659551783539269,0.018728293833677214,0.09279190888532227,0.28925177265984825,0.020692126695923067,0.12681091177903644,0.38106852898887417,0.07927780864375532
76.04639602191695,-0.6522730435019004,-1.9714631383182595,74.927431831939,-1.0758202255364941,-3.5773542999921095,1.0162669371560908,0.03638781854410641,0.20852330680154177,0.5584529657030697,0.04755752190625732,0.575127052254195,0.9938665431802391,0.07172135514195532
131.24519508496581,-0.30137010832264577,-1.4757429128040618,129.55632939116444,-1.2213029497555403,-2.024174954856966,1.292821231638885,0.08141372623956007,0.2335104233356225,0.3397690652979799,0.2396146943935741,1.439100201362156,0.976096723485311,0.0994633431718649
