f0,A0,w0,f2,A2,w2,B,f0_err,A0_err,w0_err,f2_err,A2_err,w2_err,B_err
142.46177381517222,1.1231393203040416,-2.44863977854408,140.99106216181207,0.48473985983790546,-1.8795698855836402,0.8986802196216982,0.010922909450111236,0.11404121811103574,0.2828167556530719,0.0709055146094342,0.15051465552832474,0.28498784497395985,0.08349698941377191
154.02221374682787,1.1188460641743376,-2.275691238545016,152.3914004912115,0.8992460643318185,-1.2784833003123328,1.0008645427463838,0.010953689477067976,0.10859178786748412,0.29418630805530976,0.0028821550797429843,0.06545066968784986,0.08668700696893215,0.09271993172079851
165.7042876208356,0.6669571492733696,-1.6848793070031132,164.09032395785266,0.33623067756032005,-1.2904213878308877,1.2164662769745211,0.020582910327237525,0.0888743251662302,0.2944594688368005,0.2780796299070632,0.8360162951223338,1.0227279553557884,0.14285861781854717
130.7991753178002,0.4797401440069311,-1.761263486477704,129.31592310589645,0.21817274778808526,-1.5321682776552417,0.7784286537504139,0.018392977350995036,0.08511257860275212,0.23104206605463135,0.024442328779556096,0.092938660151262,0.24393076220098867,0.06016568346277393
177.47795614653333,0.12228694635029827,-1.3435014097100821,175.99039162328978,0.10485040223563497,-1.270965781610339,1.0342389890113917,0.040714891215618165,0.12621397436126353,0.20847117041187882,0.12115379532048058,0.62310792475841,0.6281211347023923,0.1037285311131284
119.44189550442147,-0.01045237980186193,-1.4693811903729026,117.92557857797173,-0.5976190407203961,-2.37221057247915,0.9580489526331109,0.036061965463867904,0.10145205994566116,0.20234958957250823,0.025672388247566454,0.2120524782351026,0.6431229834942512,0.06285931184922819
189.46698700832883,-1.023116207642851,-2.549208617254482,187.05820542101355,-3.625404155203424,-2.5368231294630244,1.2946544692308926,0.17867655340872932,1.0526740005417594,1.0214641710449235,0.2591521898843645,1.5294344892781195,1.0210154342661835,0.06097735981926624
