f0,A0,w0,f2,A2,w2,B,f0_err,A0_err,w0_err,f2_err,A2_err,w2_err,B_err
48.48464067790176,0.7430026619383489,-2.755921935809979,47.7448423767735,0.5699459392902212,-2.5906591288518137,0.8832585788037579,0.008143192697288545,0.12741879053845076,0.32647079801940654,0.009734010404535946,0.1157226028289982,0.29421544916352366,0.1263297866935945
53.77282523397696,0.6176328054635547,-2.1416394371890237,53.06715155943281,0.7133622646358303,-2.2213294893160627,0.9294063521363738,0.012351659495048066,0.09472927716691268,0.28846167208142276,0.012277443840077885,0.09804973259565579,0.2976304115526786,0.1533816271940037
59.201894553199125,0.3481886868093561,-2.4707500239342934,58.48650800245436,0.24453491545269176,-1.9255797558350287,1.2882005374315715,0.011893493758789288,0.12062732658326769,0.33890654330503484,0.01336035349089519,0.10115020474193803,0.2984453041180991,0.11228501155880437
43.09991223955792,0.390732342130182,-2.1396798879176155,42.34787227692867,-0.16643255123206993,-2.0234715270129575,0.9524796275308618,0.012950594727122447,0.09464318406017666,0.28610183991226534,0.02139211724837231,0.14083450352191412,0.419458639082976,0.15208506585114073
38.091731095539295,-0.1472343346856138,-2.1197100418916306,37.33448896063116,-0.5769728240080207,-2.186797991628194,0.9787020247699072,0.019560283708949654,0.1307811699166023,0.40295804547796615,0.01689055923729084,0.224689307812018,0.5883993932334906,0.13503199840494448
64.77435614437103,-0.15953845053777826,-1.3632252261722622,63.987927294467895,0.11703682635772422,-1.384150072031191,0.9324476897756389,0.059759210497611695,0.14342411398633428,0.21969055401379256,0.011836028872377616,0.10296534892783644,0.18944452978985094,0.10797430499018941
70.1271980557648,-1.456069976131758,-2.6829320755599166,69.15045156047867,-3.713614129330028,-2.999038290004601,1.1928723203264946,0.0849856105489755,1.6476486062029516,0.9586182907781233,0.12460870451888624,1.6720697363480364,1.000885135828244,0.08110330042634649
