f0,A0,w0,f2,A2,w2,B,f0_err,A0_err,w0_err,f2_err,A2_err,w2_err,B_err
28.530187758370094,0.42379444177485426,-1.7686150908465987,27.905676818129095,0.16184825926376112,-1.632187366185512,1.4198251790652152,0.01937161220980262,0.09288887181918654,0.2817828927197227,0.01637965218866705,0.11098993010007269,0.30398742123244415,0.10490516893646425
24.74575489337172,0.35047343645789464,-2.252392868793441,24.214409865631335,0.23943727401087994,-1.295574104778127,1.2340506771315793,0.014784538564768817,0.11399039966151725,0.36016088943845503,0.02048099129474596,0.1215871410354573,0.10084935826250856,0.22674461982554986
32.13163029983453,0.16793178108515938,-1.5143139342169805,31.497871858694147,0.09657867409015916,-1.3768176610388796,1.374748315410779,0.029922578063282156,0.11075130931502612,0.26523565892114515,0.028885630081977875,0.1274326193280614,0.2026031457719328,0.12463640844857887
21.412517980327777,-0.15974574154300997,-2.391105289126572,20.91363246463875,-0.2827006952912285,-1.5317566268610259,1.3742327198628472,0.01916371768968211,0.13635618594881133,0.48722922160827503,0.03153024198735855,0.4275183059273552,0.49152027096715856,0.15007254968719502
17.873107779493576,-1.093243369220461,-3.1941924099259005,17.48740335987786,-2.507772389728536,-2.9396825511999918,1.3506268900114282,0.023780314450986897,0.6361431782613535,0.8787697880260852,0.04277634690431152,1.3792259445522608,1.0105980144307303,0.10439692008246615
35.94853901079862,-0.6419431155580524,-2.058831640049662,35.28139888438322,-0.3825412562584722,-1.3513346305164287,1.443869505938697,0.06338135476813847,0.4088392092485232,0.8543166645982404,0.0790678006938908,0.4439928844129146,0.44348805476790254,0.0749091968214597
