f0,A0,w0,f2,A2,w2,B,f0_err,A0_err,w0_err,f2_err,A2_err,w2_err,B_err
36.34972811846852,0.4287946873556883,-2.453161761367558,35.6745774844615,0.5229700253518137,-1.3439512483777516,1.3980370994820135,0.013274265536302354,0.12784774651721492,0.3878677821811068,0.027718965208336326,0.0919606597549448,0.15092277509479482,0.11339027108090852
32.123782991881605,0.48567413256834596,-1.8935162844745588,31.542998624048888,-0.22772381728401508,-1.7046716239944273,1.3706746682290603,0.019276443734776483,0.10468172718405448,0.3085819942360372,0.039050643048386284,0.21680632398523997,0.592284883826407,0.13471255636110355
28.257908623834695,-0.009066545794009673,-1.673623272390286,27.744352391976555,-0.77597280826411,-2.326508195065398,1.3933911473681009,0.031808362014687085,0.1472049323733121,0.373062132298614,0.04416455663122521,0.6609634957615503,0.9089722654672572,0.11528424222638876
40.35587866236937,0.1318443999773961,-1.4769348217201854,39.77655651043892,0.31359784133367036,-1.478329211969681,1.4093887559515321,0.03627971078032562,0.13974855791472415,0.2707121163392494,0.030873614671389427,0.11379461894927118,0.2535526625363173,0.09391340252056896
44.576977827302926,-0.15911909263966617,-1.8144012739918876,43.84545720980027,-0.12046269273623633,-1.3546948740543048,1.463546980733964,0.034241599794812054,0.17272480471169427,0.5162112827258496,0.0691677009020759,0.3226505909337084,0.44054532020492154,0.047841208569505925
48.56853540360209,-0.7924751821256968,-1.9519624911884719,47.75931881009793,-2.09084223021281,-2.8580741989639304,1.3831691274479256,0.06797200819701484,0.83608486233734,0.9019609808889928,0.08724469299716858,1.518371758080877,1.0362122932175089,0.09309058507495696
