f0,A0,w0,f2,A2,w2,B,f0_err,A0_err,w0_err,f2_err,A2_err,w2_err,B_err
141.45674258199722,1.0231265695000793,-2.5845341615868365,140.06337175610196,0.7993578679891288,-2.191136897718257,1.370709407479696,0.009361052946498291,0.10781337595071247,0.25287940834210976,0.0116307169319761,0.09226758482907974,0.24505989617621518,0.07094684683205767
152.9523296094592,0.9152372542496459,-2.0842844266672476,151.47161332376652,0.9062880957568309,-1.730581484970163,1.1637429378225699,0.012413400567359486,0.0821262554844101,0.21094825045669144,0.004099499265304696,0.07248369969174967,0.20045449437009633,0.07891738282717396
164.632269105947,0.6442663959495729,-1.3362662120847946,163.02142957104522,0.796219149256375,-1.2584765591095106,0.9041609581551072,0.024452779371671597,0.06649007079190572,0.12338121338739882,0.005479867095627066,0.05734065757105105,0.07004221714882185,0.06281145930179514
129.899588976772,0.4160181758424849,-1.986770120353536,128.42617385769336,0.4272818012337376,-1.7894944864763727,0.8929285012611426,0.014246633065489622,0.09211051951063534,0.24689520991998012,0.01668890359757049,0.07728254696898487,0.22950146567956348,0.06091872180758365
176.4455078917925,0.2178466355136242,-1.3219761809340946,174.8594364693629,0.20261641373990258,-1.2796530945376752,1.0532864905811232,0.03714397061386663,0.10546704143166666,0.2136357530951778,0.2661136990842669,1.2807067914060652,0.8107500354021472,0.1314298816479873
118.48205903979088,-0.03447680708214262,-1.9598156590675764,117.0500626813722,-0.2608959803519859,-1.6636361064776777,0.8559883922150265,0.022335676936530515,0.1098581397967989,0.4522048612921942,0.028213393367910806,0.11937755046108899,0.3206240932870575,0.05927568037374285
107.50912329514387,-0.290051164178938,-1.8544256750984558,105.96368900240292,-0.7197831853278351,-1.9277158459571546,0.9562728548932146,0.026262593865476223,0.1245237256833228,0.3455680072980767,0.05318407622806916,0.49674459145061656,0.6482837349413806,0.062197474120535494
188.23212909588332,-0.6433495692697992,-1.6297009515237713,185.8523447761394,-2.7688031311844026,-2.9471066127736227,1.161232042973765,0.1190199330680985,0.7453188697966262,0.8702846584567553,0.26690997319577253,1.3756888522492963,0.9724494225243704,0.05404604945383585
