f0,A0,w0,f2,A2,w2,B,f0_err,A0_err,w0_err,f2_err,A2_err,w2_err,B_err
36.945080793392236,0.6110693170167212,-2.0323641975478455,36.260852263054815,0.49799642282876627,-1.5711726606052616,1.3531278316686468,0.01804779680405196,0.11123347549426509,0.38997268193838186,0.024949625181020584,0.10646530569956847,0.27898889275208716,0.15411057875473358
41.01279558019391,0.5629256715903066,-1.7785426405819016,40.3692489936547,-0.028926476178650535,-1.64963802119394,1.373518833985561,0.0216254118117325,0.10511088835759813,0.3311953052059059,0.04067529535732169,0.17371224393236906,0.40215721227591006,0.1327770388588638
32.66796093471772,0.3444093434443689,-2.2704527168110635,32.002708011860015,0.052242616010611254,-1.5509105521235953,1.3181306902544148,0.016403246202193758,0.1314288922137507,0.36965299225203235,0.03337612200086303,0.14148630123351358,0.3319895621181964,0.1603971016067651
28.826900998224467,-0.5520410266812428,-2.49360348189978,28.203219384472167,-0.5706490774564674,-2.213020679088208,1.29818871817724,0.030322267635948356,0.24929346996342644,0.6800627921080543,0.06547391203982751,0.5393252309877516,0.8296065744592352,0.15436404595818365
45.24690853008926,-0.19792116436689713,-1.5697080890790773,44.71609533414018,0.10065657394611642,-1.386702640808918,1.3855553673748044,0.07210260563076147,0.3682259702803337,0.6154181504936242,0.03269666161709071,0.6071782828680855,0.3667061686963245,0.11505243371332578
49.47669941958939,-0.7238684796027512,-1.9792639869644586,48.733846992621885,-3.0598339109716584,-2.5771106638602532,1.4261928740796856,0.06528049678230481,0.6603315718318915,0.8403499311941375,0.09362767325900369,1.4733016449588232,0.983061836468768,0.07142670910009942
25.200412794075127,-1.1498972281440012,-3.105348186034269,24.702662526529856,-1.6774921041967628,-2.367218386776139,1.3732026405897926,0.047391515027004456,0.7615054902606144,1.0339986844039062,0.06104494978975973,1.6631385213559344,0.8309719137304127,0.13344881218377547
