f0,A0,w0,f2,A2,w2,B,f0_err,A0_err,w0_err,f2_err,A2_err,w2_err,B_err
214.48493444034256,0.6998549117027113,-2.1297330572666144,212.42087542545414,0.5434329986585125,-1.25273205001466,0.8100480583636922,0.011587327402847665,0.09800531436189583,0.2756017077364629,0.23270415581299422,0.5008370535150904,0.5060669144365003,0.14873246978566118
230.4350396424166,0.8632452190296396,-2.1976391886651583,228.06403449427202,0.13604812344896322,-1.37156153046392,1.4894880634097398,0.01279197007549311,0.10155008559455858,0.3282844469172677,0.37973683870534747,2.2994001124802033,0.8868782715760708,0.015768206652817855
198.40987251441317,0.2942840391699079,-2.2104183522396683,196.3465430624061,-0.17644012267086176,-1.7409025249444678,0.9462396922159788,0.013525201514654238,0.10474784697978405,0.2855586423449559,0.17963436056703191,0.3527148411424135,0.42174587333511887,0.06291930049991158
182.68756488847677,0.014734298108964558,-1.5805368426688815,180.3685432792675,-1.1694101440656808,-2.2972983887096516,0.9405681820619978,0.026460277223617323,0.09440383058348112,0.22970949286676945,0.1767917392912145,0.9310629888251677,1.097573818790019,0.04786820859261093
246.4419635142049,0.6995121719863975,-1.7183372815380853,244.1814553131046,0.7742717127250978,-1.2277393390906597,0.9889197544908569,0.015949520471151026,0.0768229464246364,0.204374241487648,0.1909424015543178,1.0791294177791644,0.2387884760309805,0.12139934481404248
262.75030029827144,0.033958348327837784,-1.494608174777433,259.8444228212909,-3.27993174172902,-2.9249045721563522,1.3067340620322612,0.03568899280114144,0.10828100925338155,0.2280327750418319,0.35577715861458864,1.455838179110975,0.99290758561674,0.046407102861214924
278.8049391453725,-0.6510138286079592,-1.4374028788816364,275.64282482768147,-2.792560703003904,-2.830784086665261,1.0907956128105274,0.21461812064082703,0.8951144659048219,0.7954779923140012,0.3614075672881924,1.2111764038923551,0.9863537383214461,0.04163140309294604
