f0,A0,w0,f2,A2,w2,B,f0_err,A0_err,w0_err,f2_err,A2_err,w2_err,B_err
71.00297728841996,0.952945291590699,-2.584052639729735,70.14568286821999,0.7117134249427414,-2.1279805264741793,0.9474417670728494,0.008840210344277963,0.10864955131171705,0.27003249353540365,0.0025362963670073273,0.09099793150806308,0.24260594028360594,0.10745270890621769
64.68705390214686,1.0058134678406736,-2.9046411563935775,63.856053725908524,0.8354163445804297,-2.7907278721583064,1.0435441584576768,0.00737777701402485,0.13665762359476621,0.3365481134213671,0.00817823589819307,0.12539024844752208,0.3193556162678331,0.11545211233419142
58.24722814938509,0.417732319884024,-2.650232477950627,57.41711939784131,0.1437360859010352,-2.286387730486055,1.0647962351682185,0.009468178297917079,0.11785080863704361,0.32493135073310453,0.014253642807779233,0.11215764491307806,0.38802599779164837,0.11462671009483086
52.105457282299604,-0.05796268958867225,-2.2893674323188082,51.29594268366162,-0.58742767047526,-2.2586474898689928,1.057480592266622,0.015403016489266725,0.12881544952107615,0.42431116990076784,0.02677713403416741,0.19312687824327063,0.5331886997784141,0.10755935893248356
77.46223487220972,0.3182171848912326,-1.366543379728411,76.57094686661328,0.2894471454128719,-1.3139011704331574,1.0211966632695677,0.029464078457741207,0.09134684543613454,0.1639680450328499,0.005505789407621203,0.09304010918756894,0.1268085316385086,0.10985469843605676
83.99965790125718,0.045970763757066324,-1.337064776848522,83.05269741916044,0.07715658266414784,-1.2997305218910042,1.267440419628635,0.05594329754088404,0.14528432478489417,0.19493145925121588,0.11486316976841802,0.8043317240866968,0.6991839736342511,0.13260840424031353
46.031336592807676,-1.382259865150676,-2.63416367246428,45.18132279594868,-1.9945067653466733,-2.5017819553187595,1.3106332654617234,0.08957329607388345,0.8813697523721891,0.825808198232133,0.09992045501826545,1.4190893849189707,0.960852818495919,0.11630156606492244
90.57634847733173,-1.167365669253781,-1.8947507292054004,89.38942609386058,-2.152892598628779,-2.8220158285769763,1.3360044650818523,0.12530362960944624,1.3316696675128201,0.9434493086320868,0.1595355346272455,1.2083319009900344,1.02289777404807,0.09068196830142629
