f0,A0,w0,f2,A2,w2,B,f0_err,A0_err,w0_err,f2_err,A2_err,w2_err,B_err
56.57535697909701,0.39511176653347024,-1.5959526248501752,55.73718931633141,0.22788727730415997,-1.6337018942741488,1.0749916533205872,0.02142060983295945,0.09352819260902812,0.23860256959659779,0.023327157588878194,0.10796145739506052,0.29768521547428384,0.1693959237227025
62.28491906449942,0.38869231477114086,-1.8001062337596785,61.48114854197277,0.6149894316607663,-1.2750301093593561,1.4386565832131875,0.02847116885128736,0.1182358068083959,0.2718567878554424,0.033908471399087606,0.30240433132622574,0.12378428516375377,0.06805516804306867
67.79572234052603,0.501842634804033,-1.3132545331051542,67.04207737422011,-0.27932437660328624,-1.5684948126586717,1.4463873926730209,0.05988886560287158,0.20101553184298365,0.15929435865782052,0.13558630317922368,1.0078748618569464,0.6717300619480686,0.054274726509386084
73.55888859194386,0.06392297037266235,-1.492973872288619,72.58693381172034,-0.1699265719506759,-1.3404980445443384,1.331610650856567,0.03635402177460987,0.12872071975839264,0.2538829718250084,0.15178854952437165,0.5214502751770136,0.7944321877079239,0.13055710307280957
50.960808870105595,0.10029758352262441,-2.55787569137094,50.26240711205646,-0.04170452347608408,-1.4959418484034752,1.2226842279950614,0.012733683476890394,0.1369840275328247,0.46381167908775234,0.023883604905575635,0.13874511051385816,0.2796277465786732,0.13058828813396395
45.63917876650904,-0.386135317164726,-2.486195969399884,44.88420763043993,-1.156374912536241,-2.144602673999822,1.2663865299372634,0.019223100226232297,0.1903321125529374,0.582850665343439,0.08632221555288866,1.103825800410417,1.0251604070251061,0.1436544039956228
79.52205313626207,-0.448655725436877,-1.820600949528402,78.44277111096247,-2.36375807713197,-2.9823671954104998,1.3803882555383886,0.04946169456202052,0.23251372765365788,0.5699314541804688,0.15781394741797275,1.68186443796169,1.018857424465989,0.07929958320444673
40.03154243430551,-0.6344936572640012,-2.6223344372120128,39.288329769663775,-2.014468278501705,-2.9463868846468695,1.2935649909002362,0.021841583742632217,0.25003792844612305,0.7490313457114616,0.07044919496192681,1.7073599020465822,0.9895260985547797,0.11145484118663938
