f0,A0,w0,f2,A2,w2,B,f0_err,A0_err,w0_err,f2_err,A2_err,w2_err,B_err
33.23175533023477,0.3537037144537588,-2.1403723036022866,32.55226781045724,0.1529747520105163,-1.5439540721838363,1.4374192363512703,0.014680046843348064,0.09712421950281434,0.3757482540838576,0.016987084498301927,0.1121798046724,0.25845017590049046,0.07830043951358022
37.50541260718757,0.6319116052548734,-1.880838248980469,36.81794017980785,0.3073905859512589,-1.6150661320175235,1.2973300891283694,0.014885302035833632,0.08643863571411631,0.26025352577158833,0.0215802025212297,0.09687578800724321,0.26801856910857225,0.15527066435999137
29.079125452557726,0.06666967372215701,-2.010244407237044,28.45046004250617,-0.25842774456499107,-1.8657152013959575,1.2146984852447615,0.019482236523378736,0.11002900968657969,0.31938789096660797,0.01853090539259952,0.1912036820243823,0.5700736698529917,0.1902410697794758
25.068276016561093,-0.5299123435358142,-2.20769123533707,24.550660489207175,-1.9914055252520617,-2.571662244225129,1.4084101823768882,0.028812486572690952,0.22002647577669893,0.6106685788432497,0.0518007540582899,1.7771743525229577,0.9927907506626358,0.12223534551000602
41.607405312913684,0.10433463638391818,-1.4617826179018851,40.96488927151953,0.033259640177911325,-1.3640585264865859,1.3740537642645791,0.03106781536018628,0.11746910965295486,0.2460971127783701,0.04107495188566641,0.12529737685920014,0.18412920914737516,0.1273986025311945
45.9988483552322,-0.4510588483470236,-1.6425212123467587,45.40821826847117,-1.5851095437718024,-2.382672501166864,1.3650205935393678,0.049349999384309416,0.2534292110133944,0.5726217334816073,0.0788342796025676,1.6770929718954553,1.027654589704008,0.10670978113513246
