f0,A0,w0,f2,A2,w2,B,f0_err,A0_err,w0_err,f2_err,A2_err,w2_err,B_err
37.03326488629254,0.4955179133405012,-1.959347183794446,36.390538103322484,0.17303571639172774,-1.4006914650914046,1.4026944367715881,0.019465115869733932,0.11065105018532626,0.346296156832777,0.036821423847051414,0.13941242943789345,0.24374492131041867,0.10873595613801988
41.14912821073887,0.5626281117290747,-1.4578935890153644,40.56350549745856,-0.3075613714965657,-1.828551650338396,1.432281450822894,0.02939066470559874,0.1083893098314959,0.24940384871929552,0.04816037212250638,0.9576759436225529,0.910556706271417,0.0870372847482689
45.49682654918804,-0.015705465425924752,-1.4840265375697852,44.755358873181464,0.1745211806560064,-1.358409285843631,1.292280726352605,0.042904246105711474,0.17187725871729426,0.33041722383643635,0.047742454784554494,0.13168489364438893,0.20142207268237886,0.15895293458683057
32.7471794909065,0.06228500252359651,-1.4217243494557619,32.19216707136988,0.06153503121080292,-1.4903056371228756,1.2965982311979645,0.04321791994862316,0.20621586817389953,0.3843738552320829,0.04704258066792311,0.17851464136796225,0.4244988964819228,0.17075174772645152
28.897383734450884,-0.4302422372867345,-2.06306790912752,28.366634849551044,-0.6249826450208328,-1.846371624631441,1.35399858918453,0.034864267049268545,0.3395755801411935,0.7015549223746157,0.054236870254302995,0.77782593039944,0.7764128503957851,0.16983714679379153
24.90209538750006,-0.7239637873440299,-2.65765904709196,24.395667243180693,-2.3899725571849624,-2.472522382630277,1.3042344158426742,0.030398059304173088,0.6334539519293315,0.7774706639905172,0.05658444523363745,1.4614836862866731,0.9312673424497557,0.13136853395423237
