f0,A0,w0,f2,A2,w2,B,f0_err,A0_err,w0_err,f2_err,A2_err,w2_err,B_err
40.41776366514331,0.20756738292988874,-2.2366091466711997,39.70885517899104,-0.18092438044253367,-1.628981233716,1.1574583766013657,0.014644676670855741,0.11751288968919846,0.36312007286773235,0.030792033887068436,0.17295661654838335,0.434760892491305,0.1820821534019402
35.92861230010698,-0.2415210313390883,-2.3288967419237636,35.27592131866188,-0.440243476007366,-1.9038981933506112,1.1084695618042535,0.019469770195259542,0.15846026503002145,0.4937093027193444,0.030375717502336974,0.31948188756063195,0.8640307492555768,0.1960387689522563
45.03266710772688,0.18442701169200515,-1.4856380386507126,44.22844414082877,-0.19864692361744674,-1.976170441800981,1.3472976238736862,0.023338494431949474,0.11049858048245015,0.2802282209667028,0.028237192805902964,0.16264243335757053,0.4501381944117234,0.12642186794720192
49.55471642495835,-0.23954886654768287,-2.0421495739283113,48.919060927032376,0.1732633814743617,-1.3689477313098244,1.3613148984166392,0.02827691639818092,0.1773787489145357,0.5382813142724238,0.02339534701127407,0.1123816670978581,0.18275600532433178,0.10706794398370137
54.121642710363005,-0.5129283895612902,-1.6195427506844307,53.20476459378891,-2.036353267508068,-2.5076733835878384,1.4446986136224245,0.06981994212513143,1.1305498140578447,0.6741083206568514,0.1071251459099966,1.166228883915878,0.886928451767433,0.06820978972581376
31.740654988570498,-1.188510728989219,-2.6596474210757406,31.0808417940607,-1.7368292988421103,-2.8531596934780845,0.893848844757287,0.04063418393198141,1.0185632001925864,1.0078906192733688,0.05650371104996385,1.1806172454975805,0.925516958199329,0.10776494306526017
27.26186821702685,-0.9490230623179541,-2.5074208436178282,26.774022462454745,-3.710518404711615,-2.7758462817756437,0.753763072501207,0.026652145445630382,0.3706549270297453,0.6646552360684626,0.0570395083013085,1.4729858203034347,1.012996266293782,0.08240415743777159
