f0,A0,w0,f2,A2,w2,B,f0_err,A0_err,w0_err,f2_err,A2_err,w2_err,B_err
42.8143939030427,0.6155072028391281,-2.9862479582478603,42.24206517330641,0.38105519613193106,-1.7596125506715965,1.0970721929402178,0.007488081010619116,0.14214688084122465,0.39265079011176307,0.016018909116880805,0.09560452161216015,0.31019503372181734,0.1624368982436017
38.54782710215894,0.5597189806928426,-2.93290796497625,37.970146842718535,0.20288025109300756,-2.3586836869778973,1.0951673250057485,0.008188085420102463,0.14527369148096103,0.3651609970336458,0.013975149137389254,0.11594980064953314,0.41122414780326777,0.14934374988072868
34.25941704018141,0.05558209858040168,-2.1810547395166093,33.67829894095091,-0.22463521779800721,-2.207853300703337,1.0790895582356788,0.016096323848460138,0.11423043681050447,0.3388079522438798,0.019569842513627984,0.1499914577768395,0.44450157709700266,0.14958864120570262
30.27959645094966,-0.7157168778810686,-3.3285017317417855,29.671770585888698,-2.1255299130442,-2.8081908705980747,1.2369366096689653,0.013218652912703297,0.24125828618850803,0.6924800271718969,0.05941909630278098,1.5546453609080715,0.9661439397611004,0.11235837987566462
47.10904710085327,0.35910612926108876,-2.271171038264423,46.513151165680824,0.26046356557363964,-1.3883244462693147,0.9802206839813913,0.02876126244517892,0.14056990224848465,0.4280315676501216,0.07422381517160795,0.9516528886568193,0.7039473419210424,0.16613778878657035
51.451857585393846,-0.10757336500770567,-1.4551334352365457,50.83739242544491,-0.24195582045465758,-1.458040157858621,1.235318645646121,0.038540317084739074,0.15086320449756183,0.2895180657128901,0.020523707857163,0.19003675277293083,0.370836058475485,0.12832451116386018
55.96663386479356,-0.764440231056312,-1.7427296135713222,55.15180455668664,-2.4449284716613446,-2.681383635814615,1.2580180469929423,0.0728812222763046,0.7701387194016119,0.8251819159216535,0.09015419408510066,1.6388472515438346,0.9997142132223626,0.11209710623525927
