f0,A0,w0,f2,A2,w2,B,f0_err,A0_err,w0_err,f2_err,A2_err,w2_err,B_err
26.732369765679472,0.2873021968491565,-1.7418602126360203,26.223576509705794,-0.005554671919965892,-1.6017817472232823,1.0869439202913787,0.026571421745934392,0.1405559835973581,0.37905251382489435,0.041855550118152604,0.2030199606986952,0.41192416284613437,0.2526858068700851
30.570401497002194,0.2777125609615775,-2.0033228554802984,29.942082144851387,0.2685633229331267,-1.9705224803842865,1.2532189836560865,0.024070900598692796,0.13882479108728005,0.4229518062584206,0.024376916430165957,0.15695552643895755,0.4824337520916182,0.20008299023018947
34.43889195697204,0.39140560637832794,-1.4559235858649868,33.93193233997914,0.003013590587573417,-1.6637670688135755,1.3815986675888696,0.04206358368732168,0.15480930499905404,0.3196158476657569,0.04346274213170933,0.3006344953582316,0.572877331667208,0.13091886028561642
38.212470581795486,0.28423349096269235,-1.3806286308321938,37.54346176942201,-0.979317854714205,-2.9355115267509353,1.4078272000893306,0.04227560248620826,0.13146195702120228,0.2127762023109575,0.04892663314164833,1.2077464772940958,0.9594318800644218,0.09222234920906709
42.5199773668508,-1.796046821232678,-2.691750915127947,41.84924704614605,-0.3305386467555136,-1.674795719790575,1.3925786485735958,0.07303734657500342,1.5743446190659725,0.9740045216987765,0.0666919606244073,1.0870095599548335,0.7675070158302822,0.11287917889105265
23.13537111969868,-0.6934780900806004,-2.25866509348353,22.70900521693306,-1.142929591815418,-2.4347229363483827,1.1520991085701062,0.06754679320655949,0.19897077720880313,0.40640680188635053,0.05523664971062559,0.3910438622617145,0.4439430506873752,0.1634025502473619
