f0,A0,w0,f2,A2,w2,B,f0_err,A0_err,w0_err,f2_err,A2_err,w2_err,B_err
30.044710741184574,0.5912097620034698,-2.605887104957399,29.48659769349769,0.529643730039413,-2.7499023981345108,1.356965359790746,0.012573610547362777,0.14756529856168688,0.4127712590784612,0.011594784433194248,0.16704157321300173,0.49360018035587105,0.14064253845715502
33.777083252079095,0.3021462492616709,-1.7275915672932831,33.23775847650958,0.06530257960960018,-2.7813292148228115,1.3868576338168734,0.026117345322221014,0.12792664652186464,0.37901614821832963,0.014919228872969701,0.18044310787444034,0.5565988377884271,0.12076613083757895
37.54148031615564,0.15591502069915136,-1.4336641324168808,37.026285803690484,-0.18835024028761604,-1.9130379506699586,1.0822219243774527,0.042825853396806765,0.13537523223837827,0.25650001839595543,0.02064835159294112,0.23780737583573536,0.6435799329757828,0.21072129378446525
26.25039524048761,0.23489501975541763,-2.0331185116066535,25.74518455215753,-0.35084156393801624,-2.0852663141236585,1.1795926208890166,0.021558952629264765,0.13380086074266304,0.39903407325371343,0.03141616297513468,0.3607115180495274,0.80324831801233,0.22384217295609402
22.746904696930137,-0.5210960894855942,-2.5095883978173146,22.212805851735283,-0.8455993054725544,-3.367399553805313,1.3810154677505337,0.028016665092811213,0.5645012754028355,0.8261407615946804,0.0289557339975053,1.0099005674765031,0.8439446944119461,0.11473345425728562
41.4855533364213,-0.8352462332029273,-1.785383428238053,40.85190963971784,-0.5846665836910234,-1.9384535361813646,1.2617041847770734,0.07067072763875959,1.1642154473515631,0.954595971964114,0.05193452675148316,0.9915721925179495,0.8699868679591918,0.18832456580596524
45.42411317376294,-1.0766907136615316,-2.827879006627703,44.70991462960245,-2.046273931139696,-2.692956881560379,1.0171768209509424,0.05742098564893005,0.9846073772152488,0.9060281851994835,0.07181762405112613,1.5711065267798259,0.9132175109454483,0.10914081316837436
19.107823157583592,-1.3847517154091977,-2.9853117156427116,18.695784211160188,-2.225143869019467,-2.445329393257912,1.3715900048520644,0.038295054195129345,1.0645826091404087,0.9687328664304988,0.045346638196249164,1.3407866933632708,0.9692036055505139,0.11421672560554247
