f0,A0,w0,f2,A2,w2,B,f0_err,A0_err,w0_err,f2_err,A2_err,w2_err,B_err
62.417641862580524,0.6715717394469889,-2.239561303734875,61.61168539280858,0.4574952484167411,-2.5206792894852326,1.285535234045825,0.012321270154885117,0.09286978737796951,0.2784493232206352,0.010536142732060258,0.11703283823491686,0.3209043588288947,0.10933178373646738
56.236649295177166,0.47575264796586125,-2.4532807400121697,55.353759419295315,0.21304188189204426,-2.210538051986389,0.8450964914279386,0.010575433856532902,0.10541504177945679,0.28636842574573806,0.014140674056258634,0.10604840880621857,0.31799643129018784,0.10329981937350519
50.16548191909119,-0.1021505260652873,-2.25386682245175,49.33014893414898,-0.45927423429095626,-2.0349374373044187,0.9198647000791192,0.015640315127805553,0.1193539156923195,0.4068140151616538,0.027423806796647455,0.16994666313536427,0.518511434574246,0.1026999958765958
44.35278112459503,-0.594066218572157,-2.4734403288353364,43.61101921043358,-2.0528225144737444,-2.1032001456014062,1.1405220585857367,0.02325597441743557,0.2036560636334055,0.6173258595247334,0.08852208404748221,1.7353734462816957,1.0104185701454107,0.12535976135253998
68.52343357376206,0.5446071178888527,-1.921250904230377,67.71817350368894,0.45337176988500644,-1.5994566536385855,0.9305158133502585,0.015727771192386313,0.08784775750438868,0.23070172240476194,0.008786119117876008,0.07865552247546403,0.23463704549818856,0.10658919525536965
74.8460509016252,0.25263566537326854,-1.4060676326694304,73.94945298949226,-0.09313449313302702,-1.305774280130982,0.9981365291989347,0.029085536349423083,0.0916590333764581,0.18509842946803787,0.04289480075882304,0.4144861756375095,0.48210444762919225,0.14107940202283753
81.26358531015089,-1.0878619301936818,-2.1854451361262037,80.12700827550847,-2.177507933669429,-2.6861994805716876,1.3636407430783308,0.10369553830704081,0.9516578119199043,0.9193731839165473,0.13407538143604147,1.7997515786593523,1.1027434582679145,0.09702733728464522
