f0,A0,w0,f2,A2,w2,B,f0_err,A0_err,w0_err,f2_err,A2_err,w2_err,B_err
30.377590833711782,0.06172453950472745,-3.5099848728586744,29.801356070493384,0.04222404661953325,-3.489045098169008,1.1798839537832317,0.014551593631411107,0.3035237206113439,0.6024877528292734,0.0175521753483078,0.35123137241316543,0.7505437456164058,0.20268262388552022
34.351468423056744,0.6538607422578254,-2.685855809763413,33.82500223086682,0.4302876828981479,-1.6840590377583833,1.349599079633657,0.02992215700297412,0.31914350130300295,0.9212132088908872,0.038565763859896254,0.5194168836994828,0.6283487688417801,0.1537693585722909
38.16331057358497,0.466038533465437,-1.8678208731152233,37.65089039609526,0.34640465227466144,-2.1354888258200697,1.308356272693524,0.04230392430343338,0.24770872820082185,0.6269674226055482,0.027964957657066664,0.30155515452876464,0.7810293261073673,0.20417301066769342
26.727517718142934,-0.258064804727857,-2.437760177274214,26.258590846735025,-0.21293023383839568,-2.4801621270198977,1.2081077700065939,0.04590513830660494,0.7850728714474159,0.9355656775785235,0.03832876066137899,0.43941753572935005,0.8660437613377752,0.24907590541774174
22.70004236918334,-0.983631630470458,-2.3816255102833326,22.291756077173904,-1.4150465816698468,-2.4095857206545137,1.1201872332685425,0.0461246652297269,0.9884811876950128,0.8738512953363422,0.052727041102281234,1.3338504672449452,0.8741254953525729,0.20261713634511316
42.08767072002996,0.1141461401392147,-1.7931087293764523,41.49376142528004,-0.8058838249905346,-2.143858192188949,1.3231423673880203,0.0547484648227683,0.3574207076368143,0.6650822073300433,0.08225403206346502,1.0535323105501697,0.9085719947280022,0.18220950140701545
45.78011300730057,-0.7113421265041426,-2.5059451767052012,45.047145166241236,-1.3350316383056136,-2.483870135961884,1.2297540359428574,0.06552015544086202,0.8218086595772337,0.8552213659614353,0.0960803349147002,1.1774553018303315,0.8745613877507263,0.18232978035153788
