f0,A0,w0,f2,A2,w2,B,f0_err,A0_err,w0_err,f2_err,A2_err,w2_err,B_err
60.44499441974504,0.14292034529334696,-1.488785858985001,59.67173396587371,0.021902196508490915,-1.5865383465904943,1.2981330716842452,0.03522382420435658,0.11498487457554746,0.24802123091729666,0.019498834391639595,0.15540962603024386,0.42318876439905795,0.13110796798439892
66.02108984705589,0.4409457164553813,-1.5499537735126478,65.24780708717664,0.2483515966667657,-1.3868421025200326,1.2603220109238338,0.02586137166141464,0.09589944049316723,0.2558169303889718,0.03131939542627291,0.11679467182476382,0.18795420382942643,0.12917075533248382
71.50847989739665,0.6750191174798416,-1.474685367849268,70.66144182491905,0.0014729352586485972,-1.3716689108366396,1.058051057563651,0.022287813700490298,0.07660474245246936,0.19581604369374883,0.028389835736536664,0.18986532147405868,0.25224700612661827,0.1346812647895949
77.0691976947845,-0.11502968999878244,-1.4179798759995148,76.06084781086108,-2.347653048464043,-2.8103787260876834,1.475193298316198,0.06549434973968578,0.1742015171656913,0.32341062068331716,0.13050420242190425,1.5334998851772765,0.9876021445297843,0.031606689500375616
54.87963350786094,0.3096614094263452,-2.1684742150836387,54.241893588359574,-0.5715342388776974,-3.1484917688354956,1.366289661426566,0.016563532618562717,0.12269400232559159,0.3678326261634215,0.04305756645784615,0.5777615289715031,0.9227400489543806,0.09834191874402816
49.65228948176125,-0.5131385089778742,-2.23829082157164,48.84149513660468,-1.4234974310060156,-2.5621071881727158,1.420268462624424,0.03347561676973781,0.25765377809182216,0.8108076933059981,0.06946930968570783,1.761722559601331,0.9662564761814582,0.0817458228507195
44.35858713033359,-0.5273654690282096,-2.261566275273027,43.656326570947456,-2.511674615026629,-2.729494309550753,1.27122712672616,0.03345749456273428,0.2917367991565876,0.8354293581981903,0.0847660777630639,1.5054940428772878,0.9493958945650172,0.11387511312749538
82.86880462088882,-0.43473509988884596,-1.6129196284472769,81.7630851587269,-3.0107456166652375,-3.003953655501553,1.4543809467686726,0.07071654809421414,0.44484267317950504,0.582282142526705,0.1323154833096626,1.537365286400412,1.031110368897407,0.04913714610455009
