f0,A0,w0,f2,A2,w2,B,f0_err,A0_err,w0_err,f2_err,A2_err,w2_err,B_err
37.73548929196571,0.5484364298959885,-1.740686865532342,37.084675035863704,0.25062623345120316,-1.5520847774525819,1.365620798491371,0.019011581995839848,0.08765726838970242,0.24610493546142795,0.028093961685412717,0.10442262641029082,0.2523453306878159,0.12256978098883942
41.97941284586242,0.46347901191419827,-1.977476687923179,41.352189903037356,0.4368389286490231,-1.3180598587930303,1.4363851741095197,0.01729688811139158,0.09602523796302384,0.3064298142502916,0.030914357051156006,0.09315532697096877,0.1306650070456897,0.07436983410456968
33.42097120761815,0.30940897995560007,-2.282767899008437,32.784081789258856,0.1551853987559062,-1.8148615243138835,1.2177349243015987,0.013497968796730077,0.10844202340324084,0.3406712399371436,0.021491896154054592,0.10797794426050607,0.3072718873042125,0.17387612078866385
29.439682743517807,-0.34233635831822395,-1.6939522439623298,28.8635209661749,-0.8619250812727525,-2.0451741744961067,1.4027231627977925,0.03103440201294426,0.216250705442148,0.5474352025353197,0.04877639881969806,0.7220305471193328,0.8166956671832781,0.11455659482151592
25.349069916168,-0.4167163262199247,-1.9329949199486203,24.798987927757562,-2.2732051753373064,-2.398623520148983,1.3367117624122886,0.02518849653511585,0.20171198428426002,0.5738206752475186,0.05873214096941494,1.276720559656489,0.9904782533508032,0.12230582440131109
46.28127375476441,0.17715070282280274,-1.6306750997080885,45.62520080860627,-0.14380108956672438,-1.4096690312167137,1.4396625387717596,0.024310714367143854,0.10635335671849645,0.2999541536600391,0.040780338556445465,0.1676345520857893,0.2760160152513631,0.07325763860829126
50.7185428964706,-1.5570539156252314,-2.4172596200827496,49.97095163858071,-1.624582145624954,-2.2451028981590504,1.4653775036904437,0.08858771871826866,1.2330917800380017,0.939854637463081,0.10617778832652974,1.5403557187106227,0.8274534532793714,0.0541513783901612
