f0,A0,w0,f2,A2,w2,B,f0_err,A0_err,w0_err,f2_err,A2_err,w2_err,B_err
27.255792798298177,0.3168845853879382,-2.0932880643350726,26.728808257911147,0.29277856414496983,-2.2532913536264534,1.115671944162679,0.01591920229891657,0.10797359530256596,0.37959986653170924,0.014417664145819914,0.11326175718520283,0.36587817894630775,0.23780093758449933
30.65127166174622,0.3731878289135828,-2.691625340394906,30.182525400488608,0.26729774949911744,-2.4093053707077052,1.3327485958617666,0.009972248236396695,0.13533789940648636,0.3848553791234908,0.012443351288162444,0.11833871600667412,0.35096063767657865,0.12596420208488698
23.840368772712704,0.05115626665261507,-2.1851004475600684,23.354070270864526,-0.3186120108867294,-2.400411334522016,1.2630331548903828,0.016380317389243577,0.11435773343639395,0.3796527852193725,0.013607856383718088,0.17821756554598542,0.5532100151053747,0.1687529149506327
34.15202111864265,0.02457157937788408,-2.121605165333715,33.67298416926698,0.009842013474583008,-2.196770666972426,1.1589224568502892,0.01817071473999149,0.11635330462228864,0.34161766797251,0.014375588155353147,0.12180779986377004,0.4008729870734512,0.14849075971444994
20.665759922286497,-0.8694480168426424,-3.277506164290905,20.17882789353984,-0.952534513142169,-2.3635584279675736,1.1998732077749668,0.01581582454306509,0.42841174212323063,0.70733871584664,0.040818326214635534,0.673757795617092,0.9073250343321086,0.15139027901356314
37.73550951237437,-0.40994147600008113,-1.9761181482855557,37.21577745216616,-0.44231735173755027,-1.8767074394954224,1.1278149006395548,0.030199702821114404,0.19990129855508493,0.6152993963616934,0.019809567584050898,0.5932145132765987,0.5719414879401501,0.147352228723206
17.374402458616867,-1.5646402912616204,-3.352970591689662,17.011490662991076,-3.3392892390468942,-2.675245158281665,1.1575513527742523,0.027410606268610395,1.1312837540818212,0.9699840969199827,0.04143878098994261,1.4821508035338593,0.9805899356852712,0.12142705918940457
41.29331215082823,-2.6939224622540427,-2.617277566198462,40.65293672427017,-1.4895418844883777,-2.616664383316684,1.163638220185569,0.07532426761895974,1.7002265214667043,0.9742474879750265,0.06687343197187266,1.3093735051104194,0.9267366645424108,0.09765053930732484
