f0,A0,w0,f2,A2,w2,B,f0_err,A0_err,w0_err,f2_err,A2_err,w2_err,B_err
24.305225177775597,0.14212829728726728,-2.2653071635953,23.835239140619322,-0.7743772544174672,-3.2026375567340786,1.220180046131293,0.014594906257804628,0.12608143440340164,0.4001417685124723,0.020785129462421906,0.34514157513935645,0.8263965849892972,0.1723413102881051
27.96578090603881,0.2624011074942793,-2.1543294792546996,27.537330997273997,-0.27122945119296626,-1.420272216991821,1.155532002465895,0.013696080281621127,0.11208525082172169,0.36510753462314166,0.05976959267430601,0.7393853094773032,0.6566803012579912,0.24466826523116103
31.43030771648225,0.4110540960138991,-1.3466805160936175,30.846477212594415,-0.24969767000219345,-1.7160600215340116,1.3381374727973956,0.03014724442086692,0.09491281152950234,0.15923148667897932,0.039696298192026684,0.3130846048776515,0.6959587633677969,0.16430931157404463
35.09605886764171,0.1502513830314965,-1.3510810089170526,34.47219554715201,-0.54278501185331,-1.7155990882292298,1.3594065549397412,0.037491763901700885,0.1356901289141737,0.2655707722580761,0.04939139030393954,1.1644891452597637,0.8921837525455123,0.16496184503053093
38.858290592133756,-0.30704847567443616,-1.6832502893594317,38.189133355513064,-1.9348326756843042,-2.6766944626586815,1.364928074779281,0.04034042931519534,0.17490830621677053,0.40410187075564374,0.07511170376694593,1.6297485142224357,0.9740686648531073,0.10685456670317953
21.06433605033993,-1.0979347197322635,-2.4709109774249454,20.650940005694366,-1.2604920879729353,-2.060366244221869,1.389250442593442,0.04018884367968143,0.5809644164325429,0.8960270353235064,0.05177395828143688,1.3053643985963288,0.9124318129101737,0.1156342412869616
