f0,A0,w0,f2,A2,w2,B,f0_err,A0_err,w0_err,f2_err,A2_err,w2_err,B_err
40.05235949657539,0.22378046944200924,-1.8140430416046527,39.485436229493146,0.08321924959791813,-1.4401855019518521,1.3980193532912748,0.025625718312530268,0.12284692769449632,0.3714349715695458,0.02865266241831809,0.14803308154440556,0.3184586600728934,0.10203367617210303
35.97779137597327,0.2128227671000718,-2.296602613023855,35.36898678157142,0.3014022224839372,-1.623575492777929,1.1751904860220241,0.016888502841175216,0.13473999604800282,0.48215425155246233,0.024733097496790986,0.11123196340443228,0.29684307415892325,0.19723890721505247
31.89955403751808,-0.19785100905349962,-2.0176888209170487,31.434074189649237,-0.045407245402759255,-1.379300647261783,1.363816339462712,0.033099972783882915,0.21299895222832818,0.6060051443327843,0.042615979794515854,0.19184866874352233,0.2523870496260434,0.13523777869085446
44.13090096634741,0.05655911152880362,-1.3805036907868438,43.51839196626486,-0.05726421157766771,-1.5224633408802086,1.428806184540682,0.04441785567647952,0.15103744845245545,0.22812342164315327,0.030007124678860853,0.16571198082658253,0.3422190025399131,0.07932479672008767
48.20928933087109,0.04630783516814345,-1.4447891346894197,47.606699591423144,-0.5509121335329384,-1.991262982104059,1.2859950409355698,0.026174982676363028,0.143220580042913,0.32672579946797425,0.045780548887070775,0.51191916751915,0.807131244216212,0.13870189759812912
28.14973900067801,-0.3524168105785733,-2.171703388409203,27.695199500535907,-2.136352225318204,-2.758493243507446,1.0581025326134776,0.025614048735478925,0.1939877485095536,0.5411779211676414,0.05358922244477853,1.5286803249387282,0.9920224586051665,0.14184864748795784
