f0,A0,w0,f2,A2,w2,B,f0_err,A0_err,w0_err,f2_err,A2_err,w2_err,B_err
60.71387419282564,0.33634660305787567,-1.7974762487534437,59.85231858235694,0.22919316784350877,-1.5663939211021802,0.984590865421029,0.02045967101664897,0.11075283468757681,0.31214044999513085,0.028089027195705572,0.12341059163383009,0.3152527542196845,0.15893448969917148
54.867751945143155,0.056976801589492365,-1.7138129390841266,54.06972326077202,0.13698834283751937,-1.4041388599794535,0.8575192566347158,0.03208716210351194,0.13118805920136414,0.3375998808859954,0.03898449153160215,0.13307099573684125,0.2174938184089339,0.14644508915963814
66.87613384860555,0.5390980766730293,-1.8349279295899472,65.99937248328638,0.33565091875701064,-1.4215457124586397,0.8184623605124877,0.020324386834590976,0.10777349170979598,0.3034209405114642,0.03128331022201317,0.10361135355588436,0.21276595657117994,0.12506357639665347
72.93196092523361,0.7066191170233482,-1.5542817870155692,71.956914830517,0.5110332894398898,-1.278108453359474,1.120945159823883,0.031029927641887674,0.10169923983289825,0.2433614076988136,0.11885706725730459,0.20850021422805715,0.3148300243367492,0.21263269632197335
78.99530756713645,0.3878495173651643,-1.5568340298081356,78.11600197047399,-0.05019319779656101,-1.3880091679133317,1.2239582494103072,0.03677161977232023,0.11307296442539472,0.26730218523963195,0.13014616386353364,0.8972904790808335,0.49737147593352277,0.15557135083729665
84.9955822971115,-0.1724934842335482,-1.4970594832283646,83.92871535810671,-2.182767401647954,-2.9273367853772236,1.451425197252888,0.05982229447242881,0.28337700334345656,0.7592036104825418,0.14661204407780778,1.4252491831975314,0.9901807182472065,0.054633857805055835
91.63318867454176,-0.5427210136011899,-1.8348096948310428,90.33777348541645,-1.528516504478011,-2.432427201117506,1.0865934104536934,0.05898619061353239,0.3772652992599535,0.6986186009752468,0.1620932429924856,1.3238998174336796,0.9181874094234631,0.0924338272604585
49.17216629541149,-0.9210817986443441,-2.0622750216942918,48.3792922749338,-2.221886948084629,-2.7375882380317234,1.3602421388498673,0.07463832525869149,0.7395372390693168,0.9076692157291816,0.09493902502043954,1.658304561310151,0.962306329655654,0.11271318354727304
