f0,A0,w0,f2,A2,w2,B,f0_err,A0_err,w0_err,f2_err,A2_err,w2_err,B_err
38.602763253850206,0.339844385812661,-2.158869867609024,37.92943822853419,0.30760445088506594,-1.9007586064619808,1.358199882747634,0.015645891701998503,0.10644624257915099,0.3610669188974167,0.019610061008695178,0.10095358327555753,0.2768027773152876,0.13730562099691385
42.991670633946406,0.47727868344428886,-1.6871439942915638,42.34208397469655,0.3193648589233054,-1.484045798241553,1.4253042804157525,0.021735076724771363,0.08916416027504669,0.2700662376202876,0.028129204338128235,0.11110969883503972,0.25285253491947196,0.09286709681275757
34.18343788744131,-0.0219225803803006,-2.117030638616542,33.61751618941827,0.09764582200698095,-1.4144485252421921,1.415454986824054,0.021313559473423303,0.13833440730164442,0.4151173548802475,0.036903361905656455,0.12314678324061769,0.24610095277584496,0.09420247768968099
30.19085742426011,-0.18192054957959466,-1.9286394016288917,29.557198329092184,-1.2200422175251489,-2.0028856210512096,1.3923527118290853,0.03779701301016284,0.15907402928968364,0.5699025429392297,0.05923417430378019,1.5286715318758695,0.9840042527226697,0.1437760285455542
47.27721419918387,0.03524170903024357,-2.176862072362999,46.61032921130175,0.14888942727277038,-1.3470809479399772,1.4485164231257415,0.019407286357100005,0.13712369326888402,0.4634729560212145,0.039151216072932774,0.11137993212467044,0.17334427558965498,0.060110076486377846
51.76793569769811,-0.6892663047747117,-1.9190975173075793,51.09840771509451,-0.46860715607573633,-1.9518413880500682,1.3304945018254144,0.08635855059722285,0.6637551988687476,0.6769713947873982,0.08859429109342748,0.5048169065994403,0.6721417313112743,0.11845115242188972
