f0,A0,w0,f2,A2,w2,B,f0_err,A0_err,w0_err,f2_err,A2_err,w2_err,B_err
39.813595869951186,0.5776056302044157,-2.7842077576748103,39.186909839626935,0.5707288345929749,-2.239468550852309,1.1177385292704671,0.009203111835247406,0.12833611010529627,0.3559502238970104,0.012241991742581339,0.09644596762558653,0.2723608770515762,0.16372354852078824
35.40487319087951,0.46320718752852724,-2.8574375982107303,34.76032673478996,-0.0004623914643543253,-2.1779885531475722,1.1442018930318198,0.008798920820699295,0.13410121291678093,0.36543547183552794,0.01772152618519115,0.13540169819026984,0.4845714941865035,0.1810554694709779
31.055350088660152,-0.10754419385916261,-2.045401946487755,30.41361481714043,-0.4045069325802268,-2.30976648065602,1.1864978719840082,0.020380896174248164,0.13697709926888202,0.3914970283242693,0.01688076389097485,0.19490683642356013,0.6440703502252447,0.180284578809042
44.21972777654972,0.22251099726648704,-2.2270764833741508,43.6202666020941,0.21849042071647057,-1.9397251244158698,1.0533874702010066,0.014490472412487854,0.11070896581622347,0.34119562484608007,0.010625603482709396,0.1008566939737762,0.3122541409230965,0.13817536307805714
48.337839783987334,0.4800445368903333,-1.5928157531002602,47.72931798720401,-2.0401531278327774,-2.6344718251201305,1.3007922600816944,0.007512131538768608,0.0878929520385829,0.23328554250854144,0.09152150235799404,1.3902782720474254,0.9744116851268729,0.11116677983994822
26.795058985408048,-1.550901001823382,-3.2026950638526026,26.24141417687097,-1.0507717692008358,-2.4979076133645366,1.1287391229273183,0.044236094788972044,1.2086929372586093,0.931877774312868,0.04699478157084397,1.129449406783218,0.9571034513897412,0.1508353730821666
53.564099663258524,-1.3478387767436544,-2.3977155292941053,52.85032556703727,-1.1844162091363466,-2.220757260243617,1.1686111101492425,0.07735351302917663,1.1718223239284316,0.9301800148082989,0.09245827386617182,1.3188959602824015,0.9249834538925521,0.10816216768877249
