f0,A0,w0,f2,A2,w2,B,f0_err,A0_err,w0_err,f2_err,A2_err,w2_err,B_err
63.89491329579978,0.7507549924105397,-2.025588977312981,63.106044166904255,0.47858282463669444,-1.9318821059756677,1.0294658606518055,0.014927962768506893,0.09576247193217848,0.2800074141096951,0.008509645759177521,0.10459061969470544,0.322628399624296,0.14645638425639354
58.007601808367255,0.34613426639870365,-2.256380045750792,57.172647497908855,0.16624180824912907,-1.9425474142923898,1.168662275613634,0.015678538210770334,0.11960409844039216,0.34908559265939054,0.021850039305389514,0.11702293004476663,0.32725544803558126,0.12474196029190937
69.5770061665624,0.7253260328201337,-1.3175381526234626,68.6153261911174,0.4235850338949546,-1.296798200744286,1.242367235372066,0.08247471477530263,0.17838515173112643,0.1630688132017917,0.058688230708442514,0.4623064819656112,0.9610382561998725,0.16762849076769407
52.280222147154284,0.23481005426354207,-1.5137874989677909,51.528422732023074,-0.10300264535257109,-1.6533520317372221,1.1238299428774239,0.021916130146744348,0.10450251748877606,0.23680571598205274,0.030284443899143112,0.14564952826673666,0.4047943768290083,0.15989711713880359
75.50161985073815,0.10107978265130169,-1.5430134308949337,74.64227317070778,0.0934982995123437,-1.3103495589788647,1.4241045241643824,0.0413874366036404,0.12671407770546284,0.2928931878788676,0.015543447762704794,0.13619000363243222,0.1378423106821861,0.06855477508458807
46.83920783055903,-0.5175506453129575,-2.4216790400970707,46.033198402040156,-0.6800633538164709,-1.778516541832953,1.149558900060078,0.028328635579767364,0.31217614889643575,0.7321082593625272,0.0670181265819831,0.771508762501781,0.7200846846823038,0.15519638594151103
81.18275636860535,-0.3826256841054816,-1.558117338707613,80.0657462991937,-1.575001907214464,-2.3622989499020637,1.4085020706965325,0.08264342661314503,0.6284079043986577,0.7054763803503881,0.14673520948530297,1.2156496188847783,0.9472246436236517,0.08078216767676197
