f0,A0,w0,f2,A2,w2,B,f0_err,A0_err,w0_err,f2_err,A2_err,w2_err,B_err
29.284287616401752,0.5460391090693386,-2.6045215284534877,28.691213141056185,0.04452297930492011,-2.0241812364059673,1.3536213064381235,0.010045752913351752,0.11920364153534126,0.33213989064932187,0.01214686021182698,0.12024679068022344,0.3675197133875957,0.14060330429644505
33.05299833675975,0.29640169634135294,-1.5921044472071653,32.476873276745806,0.21242822911545062,-1.4176117397102173,1.391396129595729,0.026380551364133684,0.10272173756162481,0.28333464787153095,0.03263292455241135,0.11769011073808468,0.22479521090662302,0.12336336737202354
36.77806398394417,0.017994706748553364,-1.6277763142414456,36.2043236241109,0.21869639499983404,-1.340920633439772,1.2499813965600048,0.03252863132848858,0.12782160775489793,0.2872925122818636,0.034894360917534624,0.11619118146556077,0.1676679982773507,0.16779095090829743
25.65634378044636,-0.031260828054351625,-2.1066138318449594,25.137677366733804,-0.21951281986518467,-1.6451576067725366,1.3627388093529065,0.018658263802075456,0.13527748030070605,0.46435453914293456,0.020472390411910707,0.17185460494182503,0.3895498925761534,0.16794662390795603
22.110515137736222,-0.9868761142093792,-2.623821544474655,21.616610637811622,-0.8952971883539895,-2.0402362213301726,1.3574004839766065,0.030721722164656365,0.8539831348283141,0.8650091806212749,0.03963335332434095,1.1104391221699719,0.8368525440199827,0.14837646177270075
40.61320998744114,-0.6094499181781279,-1.8044743354127002,39.95301103219016,-0.8812107917160799,-2.021952887497607,1.4469064969136436,0.0467814297907684,0.5283798775390343,0.6856091922094164,0.06256720801038455,0.6433207692108648,0.9215580033663258,0.06685515589694854
18.659786427732513,-1.459221013104402,-3.037158642117424,18.203710068070865,-2.3806327135468646,-2.6439890813473954,1.073521432301403,0.039303627043150595,0.850851120319204,0.9794082777129177,0.0439814276024455,1.444163538445512,1.032164249379117,0.12474894581351127
