f0,A0,w0,f2,A2,w2,B,f0_err,A0_err,w0_err,f2_err,A2_err,w2_err,B_err
52.88892483203674,0.7536984928837459,-2.6953352594432163,52.22110684924343,0.2771809647705995,-2.5377886659214575,1.1856109745490309,0.008632692155195744,0.12019373492769363,0.301920408167842,0.011271996571396367,0.12591939805627167,0.36047038707595885,0.12306320608611945
58.09259683591123,0.6811628609173516,-2.2848968591734558,57.329902506113925,0.3689520710871637,-1.4488834636179455,0.9876408118505671,0.011233774301048596,0.09466272464497436,0.26381783962096556,0.00393267936252523,0.08601489006192145,0.20264672967067157,0.12395452269568041
63.38254331680424,0.2943661167950338,-1.684224686873414,62.631040748751175,0.3841641350570936,-1.33768302183285,0.9090188662477781,0.02937024935702682,0.10461810771575258,0.23969477706969167,0.07551336004948164,0.31275322598806865,0.28086633986722115,0.14907181409699075
47.56927803553952,0.2626010049056703,-1.9701484189117002,46.870169747142185,0.19297403102102637,-2.1839649252928233,0.7675345709833862,0.015271634107021674,0.08984677817937735,0.25862892562124673,0.013742561167279031,0.10406749983637596,0.32685412996142255,0.11141511673841305
42.56082111281147,-0.18479167135107846,-2.2172133497238393,41.91184739119609,-0.6103464136352758,-1.8180495374932435,1.0804416581884688,0.018461041591373503,0.13535115637406236,0.41381935785690255,0.041566041119321925,0.577719426085887,0.5413451065521905,0.13295753850473416
37.519546231172214,-0.7782832825662931,-3.264560284384964,36.834771053079635,-1.5879500351291906,-2.5925889985781003,1.221720859346349,0.018894603068598158,0.5323610050238665,0.6660921851887056,0.06816001858871143,1.5725824821058068,0.9610975691690365,0.10602875544129316
68.9507011603667,-0.4569614170992568,-1.8686477886637876,68.09599124606953,-0.249860309875789,-1.3801128224194925,1.381684457896902,0.03755135568728229,0.2206047647513942,0.6398824191240142,0.060304637121839026,0.39594252926460105,0.42478051397158545,0.09155071110731482
74.0352089746916,-0.5547286316592852,-1.5576444034348647,73.19740664347408,-1.502946595473845,-1.8984377488710624,1.4379917104073143,0.11636097393177185,0.8376273909418582,0.7519757919321906,0.14372106249886213,1.2338281743168567,0.9301142184248588,0.06651480551652206
