f0,A0,w0,f2,A2,w2,B,f0_err,A0_err,w0_err,f2_err,A2_err,w2_err,B_err
87.80746884523052,0.3368588151099612,-2.1027189911374,86.71658463366438,0.08461333956484167,-1.5679782641136657,0.9120677047352839,0.015796478664390302,0.10375576802591244,0.28889570468711206,0.027742538741707803,0.10739476424004273,0.25934283058284796,0.08989325423353678
96.4623784215319,0.5016726022820563,-1.6749110415696264,95.34622367770189,0.23657675627075336,-1.5300717103272254,0.7990152407159745,0.018958527496941255,0.08423888777014393,0.2724900085353917,0.0247616487572498,0.09078846838351463,0.22221830817505622,0.09325521916006844
105.07078364448748,0.8024286838914776,-1.9812925365704794,103.85909378264988,0.3935543764482162,-1.3877380517764952,0.8721173352752206,0.017581099706014198,0.10340855145951663,0.29334491776905564,0.1484053843894884,0.8881120841156058,0.39847652295454977,0.20077693529189267
113.65839168493346,0.5524605474268824,-1.5810091778036148,112.4693654736769,0.47698328066858775,-1.3921195028609736,1.142056756678973,0.030204710814156016,0.11359560590703695,0.3442673645457447,0.19308218629640508,1.8403026199628965,0.8765725244026116,0.21957929829113415
122.49271140865511,0.3298931221791982,-1.39138876759754,121.24975732816358,-0.11897480407381023,-1.429664183036928,1.0131678883454165,0.030021864732915012,0.09230891601344667,0.18197127315429143,0.20292909176220197,1.6587948009759734,0.7518382801200583,0.137509889724993
79.50110403380765,-0.21893728263769063,-1.9352221648002637,78.20373558305457,-1.18686795521611,-2.3885302631258254,0.9274890284972839,0.027356620923597606,0.1471305801857089,0.47541720714568836,0.08181656535533152,1.1491842019159155,0.878742224773353,0.08734265307834446
71.13450473266411,-0.7721447413071354,-3.6782444103635705,70.02613816674742,-2.16534983534705,-2.387928749224049,1.0539395798029698,0.01199265973753997,0.2554367474010145,0.5277472137090365,0.1211902618085126,1.6607749234789615,1.0212608064068742,0.06879647936891656
131.2823174923744,-1.000209141917423,-2.2071480158483325,129.71816961663504,-2.830670007687561,-2.8107263885968443,1.105418917325542,0.10884400204317353,0.9709757662345607,0.973068082227388,0.1856474376675193,1.77331413383717,0.9790175739755175,0.06491601974802064
