f0,A0,w0,f2,A2,w2,B,f0_err,A0_err,w0_err,f2_err,A2_err,w2_err,B_err
21.71510665923054,0.6075309614326536,-3.1017618395793853,21.32416159117392,0.25948433820583705,-3.375351453007922,1.3142018699609794,0.007517931121782073,0.14762397936993343,0.3927042682150824,0.0067344122436382116,0.16552195437593362,0.4533450327809784,0.14576212893108745
24.410980763873365,0.1501576228122074,-2.839930282535428,24.016790665345045,0.19112893581022997,-1.9817419745059524,1.2544388826942918,0.010894360500528688,0.15140465778110626,0.4527177543131419,0.018284985847897457,0.108191802544357,0.32846253558478145,0.1600286369378395
18.91341168912897,0.05535108376896988,-3.4820200428896815,18.501460130760528,0.08622337910465577,-2.815345438138773,1.2900815011122289,0.0068157245202279775,0.1713949686450745,0.4691199420503717,0.010578555154510182,0.14979249619318763,0.4438084071520334,0.15187167155180745
16.373854202673414,-0.5043068092459728,-2.9835234278522487,16.01886743780031,-1.7167146782790739,-2.2091673253040947,1.3499124088746335,0.014587636627092228,0.2097842269704323,0.6754182831258311,0.03791918628884443,1.4284415350213386,0.949925268263534,0.13656964849791853
27.22831886861941,0.000722454222674182,-1.7756431505028802,26.867785621007723,-0.010126872700132461,-1.5338234520077456,0.9168793050929696,0.024867786820806387,0.14740687751148163,0.33355571865540945,0.018688080210842256,0.22043566466063128,0.3219528462640268,0.19194168627823394
