f0,A0,w0,f2,A2,w2,B,f0_err,A0_err,w0_err,f2_err,A2_err,w2_err,B_err
41.04573947175439,0.5846498894894716,-2.2752606959546684,40.32144947459327,0.37780719961144943,-1.7931729612781602,1.3527158281503,0.012222848997735784,0.10365746243884089,0.3050078020313013,0.018299470826915527,0.09370201487967543,0.26622018593393404,0.13657680096740127
45.68063199318767,0.5974447036954539,-2.057170600242104,45.01711789038099,0.6042689233604241,-1.4184782318293265,1.386080094261474,0.015427513976229507,0.09870459779496722,0.33932209458131884,0.023768284942456957,0.0937652537982257,0.2419525751833759,0.11736715446398918
50.227953649654,0.21639393268831622,-1.8902961922143346,49.571990376333815,0.06022759886762136,-1.4109073089933475,1.4563679597702501,0.02038062862084077,0.10303189240406227,0.3333949349994734,0.033779091809347656,0.12368416541322665,0.21165154996010485,0.05151548893814587
36.41754496935309,0.12894989367879217,-1.6392444221325888,35.853221108211464,0.0011536771460172665,-1.3920938410359596,1.1801109092014392,0.02653066396808366,0.12001507183599615,0.31526094312201924,0.0422673277508278,0.1332189660776661,0.21168025211790706,0.17669894266259983
32.17281197071256,0.009666987090658958,-2.1734753679613417,31.478108495831336,-0.6661301400658375,-1.6083760800257063,1.3356916946343942,0.01883513044627592,0.12703291988332663,0.4129273095737635,0.06009736574298627,0.7216994448955464,0.6457996690696677,0.17409600890951152
54.99585461706394,-0.11719462896015001,-1.4876345935616158,54.30243724567359,-0.3468497458949197,-1.4910738294209418,1.4259232559949442,0.04319068231534485,0.1615686443686818,0.30769941558435204,0.07106226972003907,0.6456963113611349,0.7786546440388474,0.07875894856664326
