f0,A0,w0,f2,A2,w2,B,f0_err,A0_err,w0_err,f2_err,A2_err,w2_err,B_err
29.15010297947947,-0.10038666296786083,-2.738042895611013,28.529056828088585,-0.3025626510991133,-1.5881333313400747,1.3662757096512754,0.012213391749315483,0.15465416437684787,0.46695373251147304,0.030603446126855456,0.18956516473705792,0.4250910632047397,0.12341396841726984
33.19594872992221,0.5081700107334033,-1.8572430856476974,32.50885396255601,0.13293242516139336,-1.5303472937991511,1.44224822308082,0.017241943929742744,0.08954751506402481,0.3009661138543672,0.01281630769443469,0.1187275078997892,0.28927348008932036,0.07407569383854665
37.46450226472805,0.5051658466882936,-1.790306003400648,36.778798501655096,0.33642270176647293,-1.4397869868702569,1.386438952520928,0.018383918324742874,0.08694520953978255,0.2839844086217394,0.02093835324126438,0.09522903944534536,0.19234615274946515,0.12742782475991357
41.65227524216335,0.1412364493821901,-1.360054606816957,40.9852575488295,0.17065242817071816,-1.4399833970129041,1.4392184813989934,0.03891610180975883,0.12127304686656251,0.19182147334769323,0.03293849315454133,0.1131183516032627,0.2761915461978798,0.07360773896405999
46.09618853585292,-0.6573407061767339,-1.9851805131991482,45.2729209634062,-0.3340022052168661,-1.5105148372953763,1.3588068885294522,0.04787494425063267,0.6106696081564339,0.8357317151232159,0.04988635580476917,0.2175232735155432,0.4271556878077074,0.12044815691806027
25.132695172105322,-0.430701210467047,-1.6679672117489839,24.676082019348687,-1.8667190004311633,-2.7435227351519575,1.1487468075848588,0.047644084691941126,0.2717548100999919,0.49044666540150134,0.056847059668182265,1.0019262234178203,0.9318254789918694,0.16985290658289254
