f0,A0,w0,f2,A2,w2,B,f0_err,A0_err,w0_err,f2_err,A2_err,w2_err,B_err
35.67810466559411,0.39006289455869764,-1.5757354871319071,35.11399304655115,0.24696560869508064,-1.6616834229583053,1.3648671517860804,0.022247320250511283,0.08973870435629772,0.24582710705288016,0.02555156905097829,0.11440754875692631,0.30427896305997465,0.1298515160764596
39.660500529162675,0.280791774488198,-1.533171479127029,39.05818674809879,0.22316905195280035,-1.3798833281199698,1.3975318108635417,0.026254897383219587,0.32677676935234556,0.274330981544114,0.03774002374285524,0.11832476451618879,0.19447558771989995,0.10688756866596189
31.566917836906164,0.08296730656045329,-1.9246077380951392,31.000405875756954,0.07950934463616698,-1.7287353260991563,1.4160286960563697,0.021614341461662998,0.1235637166236931,0.3925758738896682,0.025426643762635325,0.12603011025256636,0.37484232063216955,0.10293703919840748
27.74719435696466,-0.0733262279872817,-2.1983457481084017,27.160535296377784,-0.06945104526979079,-1.5021253884170969,1.3029914522471395,0.01910711133091822,0.14025543258775375,0.44230325247804786,0.02654734145239366,0.1475478188228921,0.36180064256543293,0.1668891178313553
23.91817972904773,-0.5808544587386028,-3.04875109364917,23.379532989825552,-1.6164637929009835,-1.9315447508493264,1.326360644828247,0.01587027839819857,0.23116530810227431,0.7450616176515718,0.055514835838816855,1.6024800053246124,0.9775913330096392,0.20051430827889366
43.81435386859986,0.023623026795457375,-1.7933682057506943,43.269604254232185,-0.11743868554324177,-1.4742506496514984,1.1529431566863415,0.025583364612316178,0.12428678076967589,0.3392004030728095,0.04456535466371109,1.1526745077203795,0.7035657401198521,0.1575350985811434
