f0,A0,w0,f2,A2,w2,B,f0_err,A0_err,w0_err,f2_err,A2_err,w2_err,B_err
39.97129184955255,0.46691458074975023,-2.692653986565988,39.35062728702633,0.16058251303255583,-2.0174725860293936,0.8566757162324,0.00943805637487166,0.12385921071100603,0.33706595734183814,0.016744751738669014,0.10065504520641402,0.3062264838683512,0.13722585688524758
44.344071680760656,0.6551804913749126,-2.1280541848589043,43.739082778052556,0.6554946671044202,-2.177952644288606,0.8359125869566061,0.013556546446411548,0.08887058458186176,0.2547817904900875,0.0025240400038944867,0.09625756969769349,0.24874782166195517,0.13120064806006754
48.86508429881335,0.39143484274383544,-2.17323384487726,48.18522209904707,0.33573000761085514,-1.4158315618825408,0.8747904392498032,0.02291892390838269,0.11050259811676809,0.3515682638032035,0.033670947152451926,0.2091935102730444,0.20293802874266606,0.14378795813613388
53.40969036511712,-0.2509144371087381,-1.9019639422186674,52.72225802315442,-0.4207800477022679,-1.441381855506651,1.252917928512212,0.03999826157940968,0.1738630518503158,0.5126613231557939,0.0900689845164624,0.8511748086001273,0.7913687272902991,0.1423496752222502
35.508925513725956,0.06396908489953594,-2.0758487012955458,34.91379758222552,-0.28187738758221936,-1.7854431115845353,0.9005036321978575,0.01709703875182592,0.1141518876351248,0.35878364936106766,0.02857948046939756,0.17761875622581122,0.48457862302889776,0.1653643349794536
31.389988901497027,-0.3061683072477177,-2.2222749869533036,30.768724221008156,-0.9651911183027613,-3.6953451663391004,1.1263848057306791,0.019819228022362835,0.15490776847795676,0.4926215670191063,0.01621083302547847,0.3250843017006122,0.6075321387218107,0.1262725722163443
57.92635763559373,-0.9024956765332144,-2.4083414572506703,57.15658040596354,-1.4176969605140746,-2.5958159256317317,1.1533529089774937,0.04489084274381861,0.6205182189682243,0.9143942660048923,0.11917463949536693,1.256524346167208,0.9501439351552088,0.10407807719571342
