f0,A0,w0,f2,A2,w2,B,f0_err,A0_err,w0_err,f2_err,A2_err,w2_err,B_err
30.823884468656015,0.3241639393415471,-2.2980730058962715,30.197390023556764,-0.22447629654926113,-1.5821299301619336,1.38528076139417,0.014914572851171964,0.11889674007827279,0.3317563986584464,0.03689950382158288,0.17284568226243124,0.3576094859999971,0.12502556261184497
34.835874604981164,0.44801248963593204,-2.0484754775502076,34.202738590443396,0.3147006469013077,-1.8876567111803797,1.37216972739033,0.016247614688493763,0.11261591926635779,0.3895291019064926,0.020629359337982333,0.11459076944185727,0.4212877343720013,0.15257222369291232
38.717955206647574,0.12495140022995621,-1.8306789651369664,38.08126536598955,0.3323038500372881,-1.322810326975356,1.3867839855177309,0.03422823208049044,0.15563337287447124,0.49791853644731926,0.0453453256049196,0.13799726232487983,0.28381653119520434,0.12121343421893624
27.07184171299543,0.11465967515706231,-2.013808107095678,26.53325399786185,-0.7065259762702916,-3.117425280879093,1.364874131778671,0.020899288316299832,0.11914826646920941,0.378660035826622,0.018454871544803242,0.31411174655638724,0.9677270420488039,0.14018410394079697
23.29718032131899,-0.4320829506356905,-3.132862853340387,22.860658442679913,-3.6350062786577304,-2.893354257441353,1.072644800494995,0.012905796576687428,0.2079316207406608,0.6666925053506179,0.05256554622361362,1.4847463994082442,0.9644276060421529,0.11746253430043072
42.769238464855555,-0.13746787905067448,-1.6756144737092509,42.01505492253205,-1.1548000025420821,-2.6444066473506274,1.427088505211298,0.03502755633575188,0.14049946074180172,0.3879733698322559,0.06427274348681092,0.9579843831954495,0.9445118376914603,0.0757542828900867
47.08793077763932,-0.9665400698852836,-2.309086917830612,46.34318154268714,-1.944833970258905,-2.350989241707706,1.0941543614312637,0.051906826939009644,0.6807309201981764,0.8822766474011587,0.09114084263122772,1.4526567382365232,0.9702217262365727,0.11021617063541858
