f0,A0,w0,f2,A2,w2,B,f0_err,A0_err,w0_err,f2_err,A2_err,w2_err,B_err
37.66651544919437,0.37582861597335676,-2.1715096861016217,36.99906431072925,0.2179214462639119,-2.5130508358518875,1.4515470010925708,0.015256610373596397,0.10353498092126784,0.3238452933523705,0.013409972372084996,0.1328334420312427,0.4061617006411078,0.0551704532234685
41.852929150383275,0.46098442025643926,-1.996800010273798,41.2626899773779,0.19964546650048567,-1.3509144768293484,1.4333392026701963,0.017049629334207922,0.09622271552997673,0.31424798973305806,0.03960130670840408,0.11803380126102338,0.17736545595163522,0.07806054715387217
33.34153776094553,0.1496258939454534,-2.496380795547681,32.74596744227709,0.19807280080058054,-2.0453312106639325,1.2792267084064193,0.013168160434674534,0.13521474824111604,0.40027248873548765,0.01802165290458536,0.10837635426984861,0.3483303608019428,0.15267092799531015
29.370565700272575,-0.18182908574624934,-1.9231970647588774,28.791769370291078,-0.7636072015740745,-2.2351112997425426,1.362081105486045,0.02843872946345213,0.16819614811128533,0.5718171500651718,0.051261992613639035,0.5052119131093397,0.7551057781509313,0.15115326272957202
46.12544380441126,0.1344346802389738,-1.681512072629511,45.40886121058559,0.08336643125306004,-1.3277912481232759,1.2772325518526397,0.028078146783547694,0.1251518494479158,0.33865685883090646,0.06311381642646101,0.14323708824731532,0.19771912611801742,0.15393021722316497
50.580146936389895,-0.7934753994656197,-3.3853677953807555,49.87780057825726,-0.6470001315691922,-1.9525733052695402,1.3324902986663734,0.021595101137810033,0.4342964162317472,0.7552741461973526,0.04425052419090398,0.7267212137342699,0.721006070216882,0.10295218041433343
25.326537567383646,-1.1549934705085194,-2.4127499803572157,24.8698082843919,-1.8566991571016096,-2.385261652709911,1.142999083704254,0.0512751918483034,0.7832922390775613,0.8324582320034271,0.05857736540291148,1.2542065301414997,0.9876035959167402,0.1486785815064419
