f0,A0,w0,f2,A2,w2,B,f0_err,A0_err,w0_err,f2_err,A2_err,w2_err,B_err
47.798060706130975,0.7499078493248293,-2.1387469087467723,47.10419170334677,0.28562539932615105,-1.465915937091512,1.4129493537589244,0.014485020598038263,0.09920741110900994,0.3112049048853368,0.03218591014489362,0.12324966968415751,0.2435048050064733,0.09392738342386979
42.892387986087336,0.5509591547180406,-2.1853955349865593,42.1676600322654,0.10178379542627627,-1.7003937895352947,1.3205590329780073,0.01449605952218895,0.11212420286550985,0.3344108459536578,0.029511156804881266,0.12065823479067796,0.2898097017737123,0.14368916393515957
52.57961673307173,0.24803760046275253,-2.4642621414848955,51.82593323643936,0.5427371531105428,-1.2602442146273427,1.4819600729195752,0.014089010874872923,0.14511198227051117,0.43086777111128266,0.04199488526020574,0.10163105704342203,0.08382664315252136,0.025922686471909272
38.23207204262119,0.10976775708010679,-1.5248986616125804,37.62456512935227,-0.3883140205902964,-1.8188967984161688,1.2306126765848124,0.03238461019956654,0.12215185139192702,0.2571892478471718,0.04041111354714076,0.27829731536416824,0.5325242005098187,0.16924243217973892
33.70065304469825,-0.15124667511601936,-2.1229919166068965,33.10514946255543,-1.519047343318543,-2.22824531321597,1.1538327875361458,0.022040087611109583,0.1531191288754746,0.4250975822325345,0.0707567387538863,1.5558681421586367,0.9817797834720726,0.16621909092236378
57.51867973857721,0.16810332835835745,-1.605111098929826,56.73328047641463,-0.16357483777948406,-1.6218578683908782,1.2664215332664883,0.02852244442499486,0.11395760471017356,0.3010838785861504,0.035298579003510244,0.16172098203293672,0.3691441392354944,0.134959741627761
62.439871445292724,-0.8238919484361419,-2.3616361816237994,61.50953225886116,-1.6940990608939575,-2.5196866853634714,1.244061180741041,0.09476636794275134,0.7318815103331916,0.9223358555428217,0.10861029563657633,1.1685851750520087,0.9568053618007827,0.11902353398066731
