f0,A0,w0,f2,A2,w2,B,f0_err,A0_err,w0_err,f2_err,A2_err,w2_err,B_err
56.771358096159126,0.7707310817705687,-2.7879395739676816,56.006980334966855,0.47924543481360515,-1.8500697507338493,1.067860260659753,0.00830866132992219,0.13003448799230014,0.3200326830080319,0.016653424376145167,0.08792380204153959,0.25876512320243683,0.13400925389725918
51.20579224974162,0.6593918003611838,-2.919977161053922,50.42162998835586,0.4733650612461121,-2.487553602596558,1.3176043629369416,0.008103257611300195,0.1323611179595541,0.34039872426841206,0.011278188108212862,0.11280533438579228,0.3388578215343761,0.11597744528120958
45.53390702758102,0.23500414923142635,-2.550162091948328,44.73085924012478,-0.24042771963994966,-2.238112769175302,1.219967862018902,0.011394604103921303,0.11959055202981232,0.37772170816264233,0.019654969468174605,0.15159944053404034,0.4554075164964314,0.12671840187688796
40.209108447522375,-0.1609931773060852,-2.0829418468558742,39.39962748578641,-0.8059147331238143,-3.1087927636240815,1.0147884441878965,0.018738453460739286,0.13492560108434198,0.42375956596001135,0.022266660125499067,0.3034416809814589,0.7604734212211489,0.11572426555561961
62.48165487350209,0.23905116212992777,-1.4466388460603876,61.71176923282718,0.19292185008260687,-1.6927638404063954,1.1560644841063539,0.036200803164386855,0.11873384301045387,0.20727920177362374,0.08151992248297192,1.4148466374462785,0.48216041537732196,0.1672680138479781
68.32764094609446,-0.6147644486076396,-1.8425152877831388,67.47489301729391,-1.1417850329508885,-2.3232898373140345,1.2830997130717368,0.0559092915116263,0.371531856251394,0.5971579246529396,0.1193558530933053,1.4000350170714375,0.9473653861133153,0.11039139519454835
34.69681419782211,-0.7852103835770563,-2.483353540576405,33.99947601648829,-1.2715074136471824,-2.5820481570419243,1.158398387988238,0.0344533290702672,0.30407568061960066,0.7598247035541353,0.0862378987670268,0.7666636997889175,0.8371112714142056,0.13442098545360945
