f0,A0,w0,f2,A2,w2,B,f0_err,A0_err,w0_err,f2_err,A2_err,w2_err,B_err
35.39721936590409,0.16543396485124137,-2.731973071642618,34.802484735126015,-0.22436486653458615,-2.3629813563132402,1.2289399664930607,0.010705077030970537,0.13109417670349136,0.3855196613935055,0.020568230394830255,0.15850775973799297,0.5636437978346245,0.14156910042360754
39.85574135862559,0.5863712260225408,-2.7217311882507547,39.240990152511344,0.4763921419753343,-2.5598554357527505,1.3393416673582526,0.009230776637375203,0.12298965948514559,0.35511521651315786,0.010315324775679586,0.10733812798201657,0.3251048054726389,0.12783277229652942
44.21011492967654,0.4724150056216293,-2.0247290539450984,43.64722536540874,0.2549089956537593,-2.275495140074752,1.409730540070116,0.015230695986340666,0.09323796106104652,0.2807093467599501,0.009860124359322835,0.10686764516359562,0.3428766508850507,0.08101805759247178
48.675706322632074,0.09219185218710514,-1.5646436673901332,48.008683755147636,-0.17816912480016114,-1.3720751346375066,1.1142986117236,0.028450987245662734,0.11303689291230948,0.28825568003512364,0.05887894852082828,0.46798828966924305,0.6372457635479937,0.16062207354726776
31.18658433379931,-0.1391547801384609,-2.716538267628466,30.591444081052174,-0.8588743793876481,-2.444982213021188,0.9745154595104555,0.011319098880813718,0.14292831366689268,0.40856005301149395,0.03303625757848837,0.6185366726270843,0.7379299695780585,0.1309280671778141
53.112927163830896,-0.8515147844094101,-1.7362959032048484,52.30548058255397,-3.1055501788543722,-2.775098454917806,1.294693369052548,0.07955718155680847,0.8173608277317103,0.8706442401427815,0.10057685249860945,1.5745374418818148,0.968126471110836,0.11303450796968781
26.974639968583475,-1.0463103523483257,-2.835661305318125,26.47688920383472,-3.3956712271686684,-2.6530279353914614,1.058375177685596,0.030914317236544038,0.6647261074573139,0.8630024925497013,0.06137213860292783,1.5117122467579325,1.014297089886628,0.10570983559778542
