f0,A0,w0,f2,A2,w2,B,f0_err,A0_err,w0_err,f2_err,A2_err,w2_err,B_err
58.78063172978827,0.7628132190602859,-2.212753875032594,58.01152570665052,0.7282366981602462,-2.5394541515109994,0.975588460312937,0.01339507499252164,0.10785638499239684,0.2912121969213027,0.010206236721155244,0.1341359306991849,0.36169954755537664,0.14270018571517348
52.94764456724209,0.5593174786704003,-2.2647092131261246,52.16358916291148,0.16180317327548277,-2.3114874450067218,0.9700063995764134,0.013396458144292198,0.1077178338461246,0.31217860715498,0.016153586729033352,0.13222146345232205,0.4075344329914839,0.13834851573902754
64.59088922278886,0.6311512590769424,-2.0558437735000887,63.70556062275724,0.4671329463794551,-1.3559203301065588,0.7497545543167123,0.014497786117497738,0.09205028289992158,0.2591537549511428,0.005443938154722286,0.08532439675833407,0.14970187778930347,0.11713969397742327
47.16965551892213,0.08426368150912839,-1.6626571056977397,46.40670182768231,-0.2162007877682175,-2.5962011891724623,1.1840584979734363,0.026206656945638358,0.1372819381332099,0.4072203201821616,0.019661080126045945,0.17644623338614682,0.4653862975783294,0.14798620861192535
70.60126408500845,0.24820638137006162,-1.5613317821836568,69.70511360283845,0.2440464172734451,-1.3686151058371214,1.058343971644549,0.031217788516273343,0.10642126903711191,0.2727381658055874,0.008572794779327838,0.10620720805526924,0.16637808895813636,0.12676089489237455
76.68307084847874,-1.0212108047637032,-2.3615259059701605,75.63796116433056,-1.4262379247131554,-1.9672904135767673,1.0925897204578139,0.08008280162948293,1.2506112905507956,0.9741675163154477,0.11063897665951399,1.7278745040375494,0.9749254204129176,0.10317186699986937
41.77838318296518,-1.933741264617825,-2.9433976017345413,41.1205635933655,-2.3559401424180244,-2.6428138002684234,1.3466195954448623,0.07071218832079895,1.5267766165943761,0.9679865114807231,0.08016909852543123,1.4119779681562494,0.9933913030290324,0.09093397705299804
