f0,A0,w0,f2,A2,w2,B,f0_err,A0_err,w0_err,f2_err,A2_err,w2_err,B_err
31.734354403984305,0.5064895895378494,-3.3447218520969177,31.17401793317403,0.06378287603689518,-2.249761922487097,1.0419704587391942,0.0063161607466087144,0.16330728577628398,0.41188171290830017,0.015700266081431463,0.1260199098926346,0.42229747326943495,0.17572393796533828
35.74208251460331,0.7569470389345633,-2.890904136867591,35.20697757768053,0.4679730725585589,-2.642577465233,1.3724764510136565,0.007931058673416239,0.13619235086750633,0.3387875522169496,0.010410453504416054,0.12403290105868406,0.36132119499103177,0.1095674599018964
39.6997461548662,0.2597477538341167,-2.067376649885631,39.15081843920834,0.35410078966105807,-2.308059477756469,1.3191799221230331,0.01721135507503704,0.106931575391235,0.35929747565169107,0.012618460820302947,0.11048154328016183,0.35155315352979766,0.1355153026705291
43.76062331977016,0.12275313377594926,-1.725191733511193,43.16539646073214,-0.13443106494218385,-1.5288814290118062,0.946306831449107,0.02372878161022116,0.0987889895339262,0.28382325038198963,0.01392746827169543,0.14837755745759088,0.26965469874380343,0.13480434152705906
27.917202892450646,-0.15529986487946892,-2.3630892742906138,27.39346469670161,-0.32238967872858154,-2.3602015147840425,1.2645035697025635,0.017760326400173682,0.15070263096260317,0.4894124582757395,0.019730862617423912,0.19534245384892018,0.6480909454107415,0.17488146427550794
24.039215749238025,-1.0129497665781528,-2.368465742835056,23.54135759352353,-1.4658872156835188,-2.296614117496596,1.2011572240981767,0.050473685682139446,0.5424358007088526,0.8338329391597812,0.05021429164572432,1.2347050130968311,0.8736583246497056,0.16282358447176626
47.89310609944152,-0.5809281220570698,-2.412377164143722,47.32736996184987,-0.3292711258642415,-1.505066849948807,1.261746164556313,0.02498864597852033,0.25837621334814465,0.8175989459208025,0.06315884248931747,0.6279200098164283,0.6971814097218638,0.1347754679530261
