f0,A0,w0,f2,A2,w2,B,f0_err,A0_err,w0_err,f2_err,A2_err,w2_err,B_err
37.02358751968986,0.5725153017618524,-1.8811029205367658,36.41100379901717,0.11785576538071782,-1.9061896622056071,1.3603666421285998,0.017041634707805793,0.09115826613057385,0.28554734690782835,0.02278493625338319,0.12705077088902597,0.3977165002668472,0.12126018533037533
41.184760249868646,0.3217540079079457,-2.390311323960433,40.48833900358147,0.16347788070665575,-1.6574433124218964,1.3471586338970498,0.014114257833849621,0.123717507957995,0.4086195510864981,0.02436192303140722,0.10846756407547807,0.2884331595326868,0.12300017019079977
32.82303512105838,-0.013854515878652478,-2.4282453428320063,32.17795004420298,0.2679153670419941,-1.5872079195647628,1.3807653493257388,0.01590592943150587,0.14498586080196854,0.46681461051269707,0.02328963374181698,0.1063191053779234,0.31352163983337156,0.12180706658511542
28.85521179519424,-0.4709268250262897,-2.8561948027245596,28.271164746771994,-1.4742503141209262,-2.157297926693766,1.4120082027371779,0.017266237588185393,0.19855361012613099,0.6641631209757535,0.06405911772703299,1.4448198038157294,0.9947536094908556,0.10682360493867508
24.79145629985637,-1.1572457504143054,-2.8787396937682224,24.271961552398952,-0.8632562172409776,-1.9743408735556782,1.2172706459733031,0.036357305802215745,0.8148646885586195,0.9297259835560725,0.04164957787873781,1.0059488872094784,0.8230296019474213,0.17932160978454836
45.44195311416212,-0.07144588913668043,-1.372438319914531,44.74813820327275,-0.14014445633267011,-1.3954217710681116,1.4344587902687753,0.05578603716647002,0.172599667879744,0.31742936349275286,0.05415244222245233,0.19486333658291524,0.2650014944609343,0.07858736865073453
