f0,A0,w0,f2,A2,w2,B,f0_err,A0_err,w0_err,f2_err,A2_err,w2_err,B_err
64.30964163177913,0.4028606204116245,-1.85578255920381,63.359413399671396,0.11635309669931401,-1.4455906112365713,1.0144903934791605,0.016252203606127804,0.08778271396396954,0.26844551755918344,0.034343051304643706,0.11024393325218611,0.3101351594326107,0.13249276778704908
70.80087259473895,0.5186478810864459,-1.8546639693376128,70.01555097437688,0.3798796229705664,-1.5511959180320498,1.4206896707941525,0.018463981208681722,0.08999192852733445,0.24547457934642034,0.04938380002316377,0.45971122583264545,0.4528222964515102,0.07886916988012035
77.22556134162748,0.5631881416339729,-1.7459135168363296,76.37242937625132,0.3237400641470074,-1.2972479690463024,1.1278927525683355,0.017916495765519774,0.07789466645024289,0.22084098273294525,0.017504731755578932,0.09986441626774648,0.10895572223364614,0.11290775798127031
83.56991974107295,0.45583772855567944,-1.3143247609634159,82.58984732698366,-1.1207999632894818,-2.051720017416094,1.3254916768983156,0.05425827114771636,0.11644484929641097,0.18593070388563548,0.1755253703037563,2.535742387086846,1.0504240128209406,0.13895205877039837
90.04510017541682,0.2690179921484641,-1.2787308347707134,88.7750986843206,-2.8232323602425864,-2.2628141723248727,1.2383874339201126,0.042891323233143146,0.10563433304418286,0.10145143331085664,0.17522486918069985,1.7635668007745757,0.8915368543836313,0.09711348587941045
58.224363164914394,-0.010016506007554764,-2.0386811218863246,57.365796668437866,-0.4634602625876778,-1.7528528563837904,1.1198537447335364,0.01858493811734001,0.11464365143519765,0.4022047648177943,0.0381584411125019,0.232137270378373,0.6376387881273924,0.12526805637448465
52.08224288602074,-0.35607302521815054,-2.1432627978776466,51.267494262479005,-2.2209138438604885,-2.5957319888042703,1.0799709951787473,0.02272831729845925,0.15962321722936607,0.4845777882745031,0.0984345581947972,1.7030466717308488,0.9853501060777808,0.09684589172370436
96.64484188122465,-0.8525020046707872,-2.0528979437524315,95.33297428795599,-2.3727615330013876,-2.7358270785270573,1.177486940284651,0.07498013745656204,0.7161742499185704,0.7692821548834655,0.1701464678404464,1.5892699230215757,1.0139429902587092,0.07018167124878855
