f0,A0,w0,f2,A2,w2,B,f0_err,A0_err,w0_err,f2_err,A2_err,w2_err,B_err
51.54364543829251,0.7013776639456941,-2.949159162748459,50.7374498024517,0.46746756944913614,-2.762885694448233,1.3536540805791775,0.008704103600779254,0.15703849055828253,0.38103997236375275,0.010297330233978113,0.14457571235800418,0.3734171498757254,0.10315429211944735
57.1842232242558,0.8968846437692963,-2.4594385666051286,56.440229524181674,0.36046138595526095,-1.9674228863285874,0.9820883943858746,0.01124067812468323,0.11264831234684236,0.2915722963280927,0.018669714791390256,0.10993828537139265,0.3508731766040167,0.1426335176587205
62.847591745006774,0.44906788294616823,-1.9738454788051143,62.09725647115974,0.5044899989790601,-1.630011821152899,1.0811610794809596,0.01784345351484932,0.10792054701698862,0.31507565951846034,0.018815902396384948,0.08826519677756274,0.25007981050704764,0.145137089949507
68.64227796012781,-0.009502734875550756,-1.6743496023900453,67.87113207741302,-0.35081052974560745,-1.5832877130005083,1.1883574214219006,0.03107436100944739,0.1485010367558236,0.45801395230281383,0.09162801728721172,0.7052630893893496,0.6270134355536223,0.13610051633065626
45.88191466412887,0.10919914369449271,-2.2810442788644023,45.11815008139327,-0.35689757269645356,-2.1158321826327513,1.1060958582694345,0.017231666985379614,0.12735086284887887,0.4151102631869045,0.029113783484609395,0.18754636086118334,0.5264357881230712,0.1410210769987277
74.43936787371567,-0.11914287135000887,-1.40013118668058,73.48710463377869,-3.04643365598389,-2.7861178763679826,1.205425437492197,0.05064541409472749,0.1752503148275362,0.2754041103318045,0.12807113365080272,1.7928676264279193,1.0408059966312664,0.10783883337211558
40.605528040308535,-0.5041188358899651,-3.143561113783631,39.82549698178911,-1.1959534369573586,-2.899995208102849,1.0678594405722042,0.013530895425650065,0.21426383982156055,0.6111495885900081,0.05526740440398359,1.1520473102949518,0.9482073072084135,0.10839567338076309
