f0,A0,w0,f2,A2,w2,B,f0_err,A0_err,w0_err,f2_err,A2_err,w2_err,B_err
36.54379546348482,0.3558544512785742,-2.425985093456859,35.940224807741046,0.4242361982770482,-2.196084086233458,1.43638451267322,0.012028191201490228,0.11625318964659181,0.3840087567003173,0.014028744707228622,0.10158025565925066,0.3202010923987947,0.0716069924313154
32.524089418733055,0.7619509125625763,-2.7956612684799875,31.926036486076583,0.6206733484865663,-3.0742931215822153,1.2151302414822809,0.008584617486222934,0.13727729842102793,0.35849883308190744,0.007214274757093991,0.13873595376028017,0.34527552870415024,0.1617406999920387
28.42260537084036,0.0895316899370768,-2.2788005328662884,27.81146200025778,0.26114843542853666,-2.045250748516131,0.704060084988274,0.013685490176445698,0.10975164737765022,0.3401762306335683,0.009030300730241797,0.09655097411295781,0.3068485866795994,0.15710483775052614
24.639629203759313,-0.5416189132691489,-2.788861329854509,24.12320160401512,-0.8250087872409207,-1.6810102767455803,1.290311723190606,0.016783622966385633,0.2284842606662882,0.697594746212796,0.060534862750018015,0.9544836668001718,0.8905338100536238,0.19838990646576915
40.82595790306678,-0.42083062103634417,-2.0554985321090036,40.19542231908004,-0.2839935100277547,-1.761255414788963,1.3752698239565926,0.02935225308313321,0.2230787649569575,0.5215451640859595,0.03543217403656673,0.17487711759765012,0.4533363675629353,0.10363047603414849
44.951079964067084,-1.1705549090256204,-2.6547902847888016,44.21524258130172,-2.970406232668094,-2.667989015258746,1.0706862279510505,0.04751591516234488,0.8906604296478601,0.9933504444912024,0.09071409383183288,1.5856235314691811,0.9642600250711079,0.08508835073518724
