f0,A0,w0,f2,A2,w2,B,f0_err,A0_err,w0_err,f2_err,A2_err,w2_err,B_err
48.66361430717754,0.74029566072567,-3.0855845268647535,47.927516190891346,0.39214095585562153,-2.4707789081811433,0.996653141299449,0.007082486565146922,0.14333496053000813,0.36520171272762264,0.01046570271123083,0.11150087246565184,0.35695906451381987,0.14649297244856213
54.01250851482871,0.8053438169242838,-2.547949808081515,53.31497594428416,0.6228730547290273,-2.3467120676089257,1.2188116643333768,0.009041169446178419,0.11695077756939115,0.29997086093104075,0.01155812511502197,0.10708368979996787,0.28602529427782675,0.13035333555852469
59.356631353095224,0.5959599217917018,-1.6650964585347072,58.60842352281098,0.5018894719710857,-1.3935630850382612,0.7581270286553232,0.04169378931839996,0.13435869776644094,0.23303556008203719,0.06714135598634419,0.3213360757216549,0.26391739522750607,0.1308257279346065
43.35793317414193,0.06517546894386161,-2.6344244096766642,42.62751035874753,-0.40372374911245096,-2.4220977921291795,1.053712275148807,0.011007095253741168,0.128219275785888,0.3789784827248145,0.018114419559497996,0.17528113434777834,0.5583184868391892,0.11285109197794
64.85189420810543,0.12012532149089211,-1.3505521694048814,64.1054928167894,0.018394213285884673,-1.446458198225304,0.9967491515249772,0.037135472986508065,0.11665549489058431,0.1972364046499441,0.0743320860724194,0.3916605553418075,0.2565514833755682,0.14937621640360463
38.35132394214025,-0.354859602831913,-2.3206407176225694,37.576448982108,-1.1127805291517543,-2.1732930771897987,1.0387008501469415,0.018203298513003455,0.17414937321170953,0.549685440019741,0.0623264422282451,0.8958531104616666,0.9372671650960446,0.1455287957483304
70.39039220857286,-0.3488047794171742,-1.4434535698743578,69.61347632258584,-0.6826521635301448,-1.5556679111970244,1.0857070151290114,0.05901923898132272,0.40551743455337835,0.43559014344953106,0.08783028945008854,0.9942418107975484,0.8092199651488015,0.1235104303857658
75.97080624635808,-0.7001576105822511,-1.718527303530448,74.82310562028559,-2.095201231466284,-2.454527399746918,1.058856213311398,0.08260939496981416,0.507501195359965,0.6548387153734143,0.12758918563671742,1.4127534441581708,1.002257224794983,0.08930299594137557
