f0,A0,w0,f2,A2,w2,B,f0_err,A0_err,w0_err,f2_err,A2_err,w2_err,B_err
47.331871855378374,0.28682446648649274,-2.2564278692768815,46.63053859977022,0.3836515559281183,-1.7095528993965294,1.4715732767396406,0.018513600042284514,0.12372541664002468,0.437040046629542,0.020013002023566845,0.11184302276438728,0.3731399119217451,0.03587273476420422
51.962494849283665,0.2836763386164145,-1.5004814319198059,51.29680624682546,-0.14364291361976067,-1.5437750524857778,1.4613535476365447,0.02988116871365381,0.11913667873556538,0.2916934532880725,0.028735893396635036,0.5112223073329566,0.46665014958565404,0.04469496955614114
42.44775769569173,0.3814560344174994,-1.4052203375488563,41.71177641146612,-0.5791637750076902,-2.497052706873938,1.0658397662597277,0.02754817113017191,0.09833319839394274,0.18684317695259814,0.02851328917723251,0.33360762071864036,0.7821780722697901,0.17670752011923874
37.85543768195065,0.17343713712855874,-2.607403057923805,37.2608033228864,-0.5628537429896405,-2.609582222015745,1.4078808540704952,0.013114962392542222,0.14395074867071678,0.4136843594278471,0.033445904537550614,0.3907857388818441,0.863239361617589,0.08639627420853829
33.392010944155885,-0.3168291279898329,-2.725647549306555,32.816184532589496,-3.3194496417581023,-2.797265080952457,1.4154424641420298,0.01995392009749325,0.1857430063622957,0.5324750590684763,0.06756429913208316,1.5815281945589381,0.9928296008280991,0.07253019963583958
56.88987570451311,0.1679665678664694,-1.387853577854273,56.09140939811058,0.15435536469101174,-1.4409165112377575,1.15974178366552,0.040195580834564336,0.1111620928731791,0.18809614847129483,0.029898005394602415,0.11885184469451254,0.2413178267377073,0.1526233483434418
61.785753437209934,-0.7378624503595086,-2.08331360118312,60.7788880101674,-1.1318992669357757,-2.0122757647143783,1.4448447923852854,0.08282569595711801,0.8381847505536447,0.972823703324511,0.10587313644250156,1.2951576050873366,0.9003244067056067,0.07328247259412349
