f0,A0,w0,f2,A2,w2,B,f0_err,A0_err,w0_err,f2_err,A2_err,w2_err,B_err
42.93076138619321,0.3818510081154414,-2.117040730952567,42.38437458984755,0.3014405830220011,-1.5398001468007174,0.8785652521907354,0.014681610459771155,0.0985751036313647,0.311729750222585,0.009687753949840786,0.09251476880398021,0.22908053854577115,0.15383130592038133
39.040278648898884,0.589039672682593,-2.4329815675761846,38.53763326496707,0.41479338727295284,-1.7828764832449098,1.0375200766352228,0.011692323132017636,0.11206266699976006,0.34611960439083095,0.012936249479999284,0.09287788829148944,0.27272709906011844,0.1638928095465092
35.08218325797584,0.4027288452767963,-2.804329760464947,34.55042398404243,0.18298565994413038,-2.046209554507434,1.0134608607536233,0.009100068879080549,0.1343190801033979,0.36808233960785985,0.01664919225560584,0.10821180048127686,0.36286860999620096,0.18072250467363393
31.21959381231201,-0.11559627783402276,-2.2057951521742094,30.70455910925402,-0.3329968315275915,-2.3218636564238295,1.1023246639321567,0.017837972261503444,0.14150784952498252,0.4450346027189593,0.019957728579803644,0.16143730672010306,0.4589900202019771,0.16003115007062557
27.649561695333112,-0.8089458214676168,-2.3232724118515566,27.10200451830993,-0.8715191385761711,-1.8168597879072022,1.332263424005171,0.03261655621097927,0.5662415599724022,0.8425929510336199,0.05677785321615258,1.1901031228661016,0.9381881928223845,0.18569129014538266
46.89474461489294,0.05080751602935729,-1.3646872765924731,46.35501980980166,-0.10526184517417528,-1.4771983941169626,1.0611452082165642,0.03944307392882291,0.16870536969994682,0.27824295638484975,0.014972310636336004,0.20077559631101358,0.3048582670652321,0.14733182637751407
50.897113936311726,-0.189683057000475,-1.3988544769313582,50.343295485167815,-0.5156589952957503,-1.4751346402078158,0.9909342569334925,0.037835682335719045,0.18223564725819186,0.3901082647179288,0.07440635848201906,0.9796674747901789,0.6197447274204171,0.1423727919618104
