f0,A0,w0,f2,A2,w2,B,f0_err,A0_err,w0_err,f2_err,A2_err,w2_err,B_err
31.782235051492673,0.271080101407074,-2.3801195438338683,31.160597557046422,0.4210169996525601,-1.7633443989577589,1.2674667022383266,0.01407530602105331,0.12056617601013694,0.3659316221495861,0.019027367939775094,0.09296295158411545,0.27702963703030137,0.18263823613993688
27.97048512022059,-0.04736030219786516,-2.2115419440706967,27.40300862047379,-0.31719235856898764,-1.7627151296408572,1.3682633829583883,0.01817948196841868,0.15184926228415657,0.5375720123783782,0.02533743228166088,0.257592677419197,0.48541100141394183,0.139887212238702
35.91824306607802,0.6163814975510273,-1.6775827737968885,35.296692580559856,0.20391233556197544,-1.3775308732121427,1.3914858426067678,0.019805897621912382,0.08921135873511483,0.29366012767995453,0.04053740671357074,0.12877466441075616,0.21195071603021295,0.1192300799566428
39.9376057291427,0.3026938991629342,-1.9529861469224432,39.38284487154591,0.6049170789777498,-1.4742835009394866,1.396008657166609,0.021166967148899887,0.11457308037489414,0.34199489489692353,0.022561698512267216,0.08941240845991623,0.22839768258343648,0.100157744368362
44.09355775076162,-0.3318102307712397,-1.5624221073598576,43.50052425177013,-0.16448212359049225,-2.7460499460671945,1.4252578077306082,0.05163646144250448,0.19469649163683644,0.4115016236312035,0.015013204651911236,0.19067910947586325,0.794192970178837,0.09007507657663161
24.08204076646172,-0.6066323152456586,-2.136334288989078,23.6191036443585,-1.1689765225809525,-1.863043756358222,1.4489501120756132,0.03568578468951432,0.30513637179433034,0.7414288845395193,0.057747186405101715,1.0826440569191687,0.9665011497128356,0.07824672551157094
