f0,A0,w0,f2,A2,w2,B,f0_err,A0_err,w0_err,f2_err,A2_err,w2_err,B_err
35.48204293953529,0.6550784247875563,-2.8062445045805053,34.93430345305707,0.5053180578549729,-2.6170150734708173,1.3036460115586572,0.008582149370943043,0.1306880509656985,0.3596107133791372,0.010291066150309221,0.11898433726179403,0.3658341607156985,0.1390750540127009
31.54047513889023,0.3034160630733128,-2.808026927032498,30.937065734133387,0.0997262388595351,-2.61336037960948,1.0857703795055849,0.009299780204831751,0.13229852947446039,0.39989046063056444,0.011418701868517997,0.12761470202299588,0.4089701804886656,0.1688541134585084
27.68307395651902,-0.03534693360591563,-2.643586111859079,27.175625771086633,-0.7583489247301911,-4.187655305310681,1.2798821097313033,0.011381551701138725,0.13746592765910445,0.3951747831763979,0.005531394975035745,0.23021208890384434,0.4163685975357889,0.12106173227084181
39.409791354674766,0.2847900824154483,-2.040114756466186,38.8593339672443,0.3699633187339506,-2.3742661722987783,1.2141509345046797,0.017271423009619917,0.10173805541393072,0.30392786879614586,0.010448584286214103,0.11625623052005547,0.3777564518727667,0.1553399498522481
43.49986627900505,-0.060940398687224145,-1.6455102530321988,42.91945800691549,-0.21045068351969004,-1.716875003939562,1.2167533212401018,0.03013259373303743,0.12424129475739043,0.30170134844812524,0.01373495823220835,0.1632267749512987,0.4099023744204514,0.13771269615228038
47.66390339180373,-1.0643600158728095,-2.77203366041448,47.03208039882317,-0.50386845426247,-1.8055970168086852,1.141981360650376,0.04644223562178159,1.2282832651247255,0.8590108874587008,0.03575075670767604,0.2706664427809096,0.5534797126104574,0.11756268448148159
23.942118556211177,-0.6486839312186534,-2.6837302450298663,23.408738622859232,-0.5066465105123166,-1.656602313945438,0.9303426925604844,0.020928144407799377,0.3088128271976584,0.6663861091055164,0.023597720876652694,0.57385304120566,0.5043945632014701,0.19563483148746783