f0,A0,w0,f2,A2,w2,B,f0_err,A0_err,w0_err,f2_err,A2_err,w2_err,B_err
28.084313706651947,0.3139753703480669,-2.2348668998105237,27.583159609213332,-0.2263843894204431,-2.419873285573206,1.4489232451546552,0.015358368467064032,0.11614435312035574,0.37156290378867457,0.031071443192285417,0.22498648790985307,0.9793681069212591,0.07055287268615607
32.09128522896418,0.40961379798169173,-2.0958027349852824,31.434185925928524,0.16228380810339257,-1.7972192429757308,1.2799558164470164,0.015616680059829217,0.10641496944352784,0.3167066034250648,0.015388288220717106,0.1080343344443076,0.2898406597427982,0.18526729967676425
36.222746347863264,0.5786855502140156,-2.36416345198722,35.52973110145173,0.5066128636987296,-1.2866860779747853,1.3920296165395898,0.012916062960163099,0.10645708449259642,0.37237052550509325,0.03699462494460133,0.09563820801862863,0.10630439520231744,0.12560022406967222
40.237724306805056,0.16795182099966924,-1.5740657958407709,39.67237663895581,-0.003939535637504224,-1.4980142287172467,1.419529029203518,0.028945202800171647,0.13060383256196711,0.31981573541746744,0.029631980449612932,0.3526612282236969,0.36448666001765423,0.09186461668353736
24.272331870294234,-0.46610520197636407,-2.768573582320478,23.80090035369344,-2.4786132058864427,-2.593047962934815,1.298152714054042,0.01620183862801386,0.20749349326454453,0.6196109975448725,0.05042707895074723,1.6208190147393868,0.9259354534863072,0.12130604269357628
44.53376479102847,-0.9549822309380837,-2.1475377507777447,43.858014451782374,-2.062279273993205,-2.609583900392208,1.4312312193049728,0.06595902897458919,0.9323978819623032,0.9593280036644719,0.09097499089940181,1.4821614897745157,0.9717285328201382,0.0720763442155284
