f0,A0,w0,f2,A2,w2,B,f0_err,A0_err,w0_err,f2_err,A2_err,w2_err,B_err
27.359922579268268,0.4002949884672443,-2.04841452990763,26.818262187952694,0.22884805039113476,-1.767568180482083,1.3317497330010544,0.02353394734525961,0.16680087114975903,0.5406304168585886,0.034761503513023394,0.16774816130084377,0.4356683288171619,0.18869109550455299
30.92424320308834,0.42460022103428924,-1.6577577144771831,30.4083799653327,0.3116424232723915,-1.4720917814908532,1.3779361962300987,0.0329844969786875,0.18237924425669547,0.4274981234506373,0.04006838627112294,0.7473169162495781,0.5278814179750384,0.15424185206599245
34.53282829205679,0.1849185767105721,-1.864066135024708,33.93953693907088,0.030663242416671482,-1.483493596312215,1.412866937953289,0.03052298251599535,0.1741137896531967,0.5489217101730155,0.05446579129877378,0.19833257453458808,0.3451406863249215,0.10300169018636161
23.885088223990444,0.16554870673084093,-1.663417192043489,23.377831599175956,-0.43730692489210415,-3.119283359945286,1.2078708498463497,0.03026202019048791,0.16291773932718664,0.4303486010290374,0.02161236490417757,0.30550220262216765,0.8229753499225495,0.23066244989768817
20.675592620435737,-0.27816278650617815,-1.9463803833983677,20.26934233845602,-0.8178378112610776,-2.5562635890583,1.2530193139744235,0.03587176448865522,0.6351836068525052,0.7526490622524433,0.05506678976648198,0.6198774701940085,0.9675406910973383,0.2271130698215634
38.110544231998965,-0.20359922773542816,-1.6395743576349722,37.55882041430016,-0.4023281569257916,-2.063742338187015,1.3937889263761607,0.05659681192217271,0.417537289638004,0.7648124175006569,0.043470488952508074,0.8540140706678622,0.8411879958130388,0.10756542625020925
