f0,A0,w0,f2,A2,w2,B,f0_err,A0_err,w0_err,f2_err,A2_err,w2_err,B_err
32.81542292863445,0.3592271668771942,-1.4710301462807196,32.194954531266426,0.02206413815103695,-2.0407118764574053,1.344287300367432,0.027070101972854463,0.11029121229052598,0.23488422469762382,0.02404094401252541,0.14201628612140518,0.3849252010714603,0.1497573432670683
37.06432106620458,0.4794657651826568,-1.5860216558674707,36.429418801420965,0.5487284934460589,-1.419647412632454,1.1395122777007083,0.018392878589618265,0.0986932824882985,0.23667986406757793,0.023457921458845486,0.10097996853129781,0.19905168472445417,0.2208381674029998
28.811286773233718,0.060156776212552054,-2.0211631544827444,28.308912852956638,-0.21386909072657287,-1.5270827498800579,1.367553001935312,0.022045016095779787,0.14400017971178414,0.48986250205802384,0.039772699312257805,0.22889915237289077,0.5553452896752152,0.13703435458475363
41.16716318216241,0.08683181180182734,-1.4315598627210853,40.418641454337234,0.2021093172408456,-1.4077979400292984,1.4322783936924366,0.03914870051021815,0.16144892251820425,0.3528651759711365,0.03097135689381801,0.166833944174157,0.26961238043709834,0.09262285757233885
45.48659265330132,-0.4502845418807395,-1.4952677264307521,44.73299630975488,-0.3435058927045518,-1.5280802925410693,1.4573926106418598,0.06376355805496636,0.5591811109663977,0.6349860929642758,0.058958380332459065,0.6128899703630746,0.5410424219212656,0.05209573852538302
