f0,A0,w0,f2,A2,w2,B,f0_err,A0_err,w0_err,f2_err,A2_err,w2_err,B_err
30.808189275056684,0.4640958193686536,-2.4231907525525545,30.337469297482514,0.48117668963889676,-2.516791026397069,1.1625097136199596,0.0131862925147732,0.12788534169866425,0.3535417489178078,0.007772171152072039,0.12302117164658338,0.3370441931472119,0.179931001925661
27.344183791968863,0.17699941818377657,-2.987352872574065,26.848990311567185,0.5323607559268568,-3.21243029572808,1.194723649857009,0.009735538785695646,0.171648734365143,0.46361758847122536,0.007780068679404314,0.1773643932404989,0.4527821077013727,0.1713143277478026
34.24064988918367,0.28226139934407657,-1.7701855222470666,33.71526754613924,0.09518863404873981,-1.6842271595318712,1.1078259339699557,0.02315505577618072,0.11479429002252962,0.3534314210681995,0.017335472039466896,0.13676935932913317,0.32919198379909387,0.2115156356642569
24.048629670185967,-0.4469929243428564,-2.0878575230279663,23.561842156377935,-0.4213606617843707,-2.8667701167141644,1.3568938183825858,0.03165704696125791,0.23812555035101077,0.6357098345241284,0.018026868166981902,0.22360711959580645,0.7445130435850796,0.13274852473154672
37.78445507798168,0.06408728973717423,-1.5443560025734446,37.27730273782902,-0.008414280609643183,-1.568602190640178,1.2210763587371916,0.03238337094712321,0.1475663347785541,0.33538653222687065,0.03447498169301702,0.19633552784806102,0.5138492261409872,0.1736045354878516
20.723057852958746,-0.8378143744924603,-2.851447415113752,20.31631420029351,-2.829726959833244,-2.837066527252892,1.179968252006975,0.024218816097355333,0.4152072211448262,0.7233662046949784,0.04651891183479415,1.733038111615619,0.9973139624442862,0.14402794533368543
41.22317475017099,-0.338707383680168,-1.5531875407733984,40.583377074675724,-0.8874677113712861,-2.9960205843581824,1.2494813519354668,0.04004580655962451,0.3673496493351916,0.6171038023449692,0.045101603125111314,0.5892956148367162,0.8600502908635254,0.1460435382969986
