f0,A0,w0,f2,A2,w2,B,f0_err,A0_err,w0_err,f2_err,A2_err,w2_err,B_err
30.119450970464246,0.2779479585041197,-2.3966343289000287,29.566493652463755,0.02414387876351702,-2.581197764021255,0.9719668189172737,0.01195398573021586,0.11220838596473971,0.32199519860625864,0.012370390113952218,0.13465317591203835,0.38763793926968904,0.16778771414654267
33.934246519110815,0.43856674501731663,-2.1136404785212477,33.4262586153178,0.304756668672014,-2.051498561918524,0.9435405800354177,0.015398541085178944,0.10350785545121179,0.35806064783748276,0.017398055230470767,0.11229676229835898,0.3987698544678021,0.19946237898329863
37.679492802882315,0.449757437794647,-2.1283543939649463,37.15023374579333,0.22431854921040695,-1.8816961359839415,1.0531601801762014,0.022630216262563233,0.11174730074480066,0.3471723854699609,0.04054916888686237,0.394742847617918,0.3369097313353547,0.17497370075698523
41.54665800828662,0.011106613697276294,-2.3257124635974664,41.015931339038545,-0.19962300340119354,-1.9197899864356973,1.3261984362771335,0.015664357567119924,0.13162967928074207,0.39724331857432077,0.011179462170725952,0.1486000383828532,0.4187254342541175,0.11613312920592354
26.508362220132682,-0.16149656326363,-1.8148149782720322,26.020437311146306,-0.5004461407898507,-2.326635868194845,1.0639052189905696,0.02658315183541681,0.14961215876167067,0.4374093369489957,0.02515816555649994,0.22703696550113586,0.6282965295821449,0.18352365030410067
22.964692589559387,-0.9114392406081362,-2.543489219073024,22.533141939456872,-2.0237271040549074,-2.4593384076802254,1.209732035634646,0.06173071517293984,0.5937828706259172,0.7329237682241173,0.054901945901304504,1.2492689535399408,0.798604213449537,0.14041958534228274
45.4704623106655,-1.1554281048169397,-2.1467791697906384,44.80558063721462,-0.8633828635880277,-2.0351785586806557,1.2804642555507493,0.07915040983960282,1.427231728527536,1.0359054053605596,0.06107559715587522,0.6250225449476872,0.937906915032236,0.14128599678559167
