f0,A0,w0,f2,A2,w2,B,f0_err,A0_err,w0_err,f2_err,A2_err,w2_err,B_err
26.593461837893088,0.49420830347819455,-1.7653908404105787,25.95922836349451,0.0018517806835193773,-1.5044429884117174,1.3316281175446774,0.018869526482897903,0.09000520804491081,0.2719640322259044,0.01873956920259061,0.14313119180462305,0.26831477241536356,0.19310442869864883
30.65655415748473,0.4384729861837155,-1.7027192281282222,30.130765113723626,0.3398047276944484,-1.3127606030105352,1.380640402538272,0.02396118233664298,0.10116573776027098,0.2913112667434975,0.03871223648749364,0.11462455574053364,0.1532343308044648,0.12895951036799425
22.94150906481323,-0.03867692066210138,-1.8980877403451522,22.41096433709304,-0.255731588211538,-1.4422100752955376,1.319930628255122,0.022490369760418932,0.13913807369476983,0.4033210016999278,0.030768874298107644,0.3221872595204667,0.5948089850226896,0.2056261321877326
19.101096373071368,-0.37015645185452845,-2.264432127800884,18.695222070614015,-1.9299975548757948,-2.574806234428463,1.167031157995115,0.02386663661917872,0.17569814888555269,0.5526604405108076,0.04503325555925483,1.3771950083306943,1.0278575741173084,0.1817066971917228
34.57560950542889,-0.030553223959650155,-1.3897905090651523,33.916174158947165,0.01836741614610871,-1.4352656592314317,1.4222509069190559,0.03844565475613834,0.14273731811188098,0.30866291705899723,0.034316105565634254,0.13530900323621953,0.3038165039111512,0.10461910716023934
