f0,A0,w0,f2,A2,w2,B,f0_err,A0_err,w0_err,f2_err,A2_err,w2_err,B_err
134.52685703642345,1.0223879301273597,-2.569974244907551,133.14934214064678,1.059469966229832,-1.5419775794387625,1.204809896500921,0.009051487733740975,0.11438316558946557,0.2800290656299371,0.016377512923490416,0.06519040854394437,0.18403107387768425,0.09904847143396288
123.6247089289688,1.1129753661492852,-2.722351420905523,122.20758546528742,0.741768665103284,-1.7014624433189072,1.2310419894158933,0.008237504313036683,0.12002105876519545,0.2913766969435172,0.013218198460680427,0.08208606822475041,0.2296748963854288,0.09773750517943738
112.60779158826355,0.37950968994867423,-2.1008557496327898,111.1485858677933,0.2633911903354954,-1.6204204793697314,1.0014326000401241,0.014186124562517203,0.0937219540963478,0.28047274419437135,0.020861662957381146,0.08418329032172658,0.23321617898849697,0.07581263766018599
101.9263347872161,-0.03497029287911939,-1.9525509666388796,100.50258069734309,-0.626295434354759,-1.696858268419871,0.9238806111715157,0.018671279105718686,0.10733995673713725,0.3664980737929515,0.056796347847406885,0.539065953314582,0.5135289481623132,0.0699199705188437
145.58302102942483,0.7593386310336195,-1.4470073432380215,144.21122941119506,0.5826824140616447,-1.3256856926391167,1.073391559409119,0.02049954666092845,0.06612959489744824,0.16330449777951153,0.01572961044616821,0.06975625643172906,0.116788865016537,0.07400356997210632
156.80270174268716,-0.055077445316278874,-1.3753445086783467,155.34162696669893,-0.025925803166824107,-1.285927243140844,1.171917994200562,0.043824669791804854,0.12162375261577474,0.18531584360356085,0.14356072391526925,0.7558525220079887,0.645077476220011,0.09424607844398342
168.1468715903514,-0.7693965860628047,-1.644622389644704,166.61609782304026,-0.8893569498147907,-1.6454098941260786,1.0863771140673344,0.18227341358995267,0.9417013262944047,0.8767376829947523,0.2210824318587639,1.5012235346852565,0.8810098910578389,0.06846301444206043
91.35114226992549,-0.8266805306141035,-2.444419589651817,89.99275235606365,-1.1679581915130572,-1.9302574665281058,1.0228225642000683,0.045157517829025245,0.63005641614081,0.6522126244157889,0.11913396201318757,1.6470823186188954,0.9498392638634539,0.07363084376806087
