f0,A0,w0,f2,A2,w2,B,f0_err,A0_err,w0_err,f2_err,A2_err,w2_err,B_err
40.42771627590087,0.0906647254768938,-2.306467997943268,39.72513991398839,-0.19645563045593084,-1.9801310916609547,1.4039428459357606,0.01466311509032993,0.12188123144236092,0.37918388491298616,0.024249451654261876,0.1492033582438595,0.4537449697711477,0.0895730081525906
44.998153814173506,0.29775340023417035,-1.9040027491258202,44.32152294339046,0.23950240996895816,-1.3220183511883887,1.4400999101430678,0.01960682236652869,0.10244510218518679,0.30913669500245666,0.03173932197030931,0.11475500636805647,0.15303539069998534,0.07033078082546301
49.51735578436955,0.05497081542806612,-1.5492681193469842,48.8111057487897,0.11781520122322445,-1.6095056470327753,1.3446792567008297,0.029749252074903577,0.12135791370037578,0.30598070494289525,0.026289993197563498,0.11206012925085454,0.32798595197247277,0.12386400701687113
35.96025709712317,-0.041583376485064286,-1.7591311596856818,35.27143285933249,-0.5933998499782662,-1.7776213863048373,1.4426017335642864,0.02643327106918424,0.1296191475742515,0.3530788567169796,0.046896014336181645,0.46862732654234035,0.7015083128373074,0.07412072416464249
31.741500666984887,-0.31306474725495226,-2.072381224551095,31.0085302564478,-0.4968374663614038,-1.6069472891332253,0.8621561777073724,0.022440363695223228,0.13903391793825126,0.36503655242387256,0.044456550909694116,0.41881951782733534,0.4751407499524448,0.19329130522898638
53.991845734170695,-0.23951395970259134,-1.4366532432346766,53.38688429909249,-0.42211376006699663,-1.5562469391955795,1.3989363916565636,0.05476294974303051,0.30407166916660555,0.40615019845644207,0.09470534006485604,0.7739340651652361,0.8745115448109034,0.0874349081951731
58.69152749163634,-0.7186662954929923,-2.2231942868514816,57.76578423617339,-2.571196765542485,-2.7859544125835596,1.1383051297052589,0.03687340021295708,0.44584665355612885,0.683617385585925,0.09407757398714708,1.70380038214174,1.0039574120830754,0.08679917605315927
