f0,A0,w0,f2,A2,w2,B,f0_err,A0_err,w0_err,f2_err,A2_err,w2_err,B_err
131.16072090365088,0.8722398507537208,-2.5060170187072446,129.76371926672272,0.6859306242505375,-1.3407607739122414,1.2165485817055466,0.00977369073435599,0.10511904983332317,0.28326442772668625,0.021074919568614327,0.06649999278064357,0.13474039273940644,0.08881270320722133
120.49709889217642,0.7924233700769132,-1.921788728133298,119.10333984078534,0.4452642393163204,-1.757766930611402,0.972986921653228,0.013245078204771584,0.07960189210601099,0.22111469046039456,0.017604750435651146,0.08030649010773133,0.22853153545194188,0.07556660108372568
109.74367468210406,0.3877737317586031,-2.376941802062202,108.30155336180917,-0.04397890277870728,-1.5695178755011026,1.023683298591242,0.011565059113643405,0.10755381007844377,0.30359327119129154,0.027861025164554434,0.11357888302989139,0.3288194468040927,0.07890107036653539
142.01854707828198,0.5026970611657684,-1.3131237171786816,140.55521434446578,0.3844086687491348,-1.3282945117487401,1.058323069965689,0.025260778778822258,0.0771671808393033,0.1202731128370425,0.03211058820836297,0.09137693281103736,0.16778149173006235,0.07984306594123143
153.06465561327846,-0.2188855419071974,-1.3828190767076063,151.5212731074919,0.04675435251930046,-1.3102975712255824,1.0904250327528078,0.05649097780058237,0.2921977233498999,0.2990312554752686,0.045819441376427524,0.17773472737583157,0.320580470559752,0.07591387379012947
99.25569354062968,-0.08161511313019001,-1.5926963973837214,97.90877710343543,-0.937189431634437,-1.6545397907725645,0.8634330617256953,0.026016722736007237,0.10258443683012429,0.256295745933275,0.14111713128193085,1.0245966178458845,0.8564735142356992,0.07210985000931451
163.7324382551813,-1.2730981270630133,-2.160716933986856,161.94367698856183,-3.3008379848260843,-2.7435661439806425,1.073693055775168,0.23679554913825898,1.4261010156513205,0.971952831062395,0.2463395618526867,1.6837691682627263,1.0239756644135076,0.04918321303686384
88.92334795470897,-1.4531587400478165,-2.6426103263512264,87.48790835640975,-2.47341759606036,-2.4223468026762154,0.9902787250045483,0.14004361398394746,1.3863648347324506,0.9280900575047494,0.14281240070117843,1.6620350249514932,0.9503948531815015,0.05718182790005362
