f0,A0,w0,f2,A2,w2,B,f0_err,A0_err,w0_err,f2_err,A2_err,w2_err,B_err
117.86990406806991,0.3253541865165241,-1.6905702276359702,116.70119344491512,-0.06499774334267353,-1.6938705619257526,1.0013035416247478,0.022165212180059554,0.09189759826126359,0.28753387769672506,0.026929049475224513,0.12389629270667253,0.30219618130264847,0.08286105416139647
127.4509210431644,0.49712620875095714,-2.2019288742336425,125.92299966745443,-1.520277890522911,-1.741935880596723,1.1250460568476313,0.015070427318870042,0.11650842468615782,0.34292158554172125,0.23608951474448683,1.692585946793487,0.9278767860984327,0.10471495286253553
108.19226695320795,0.2857910092464608,-2.5967321820646037,106.99343142017587,-0.662962184815779,-1.8376328710556127,0.9615980279307006,0.011797450247776507,0.14844758687667567,0.3892129646974052,0.06211973582035261,0.283641666847709,0.742387736016323,0.07021975545948801
137.2338274683333,-0.19803249116774302,-2.056704803081766,135.7675909101167,-0.4869405937244557,-1.3604288724158051,1.14770537325411,0.022563828401801114,0.16339488229478216,0.5089503187813579,0.15778460660438912,1.4392937925471012,0.8845797895077917,0.10432409367985564
98.69726529516066,-0.15528403461822685,-1.6519776318473367,97.4259474055768,-0.25218255217159613,-1.678836940928074,0.8213627590034962,0.030383593801132317,0.12065434028097637,0.30479224343083744,0.03224254931651551,0.13203533731814476,0.336931287046116,0.06498292611388568
89.40470396238973,-1.0591478785074442,-2.307960189684228,88.24051104895662,-1.1609748144523016,-2.749394200612838,0.9007957008776932,0.08665146376664185,0.830126170114421,0.9452309638300774,0.08800589445042611,0.8215230502467071,0.9543072047790744,0.06638268238499755
147.23775662621702,-0.3258345446487293,-1.41083948248194,145.73115566987025,-1.2643224443171093,-2.152924790490653,0.883950044829059,0.057616069302854754,0.18935722304937957,0.39022618253586966,0.1807182047693687,1.0946902840907435,0.9484972647960094,0.05868509955414268
157.24641889580394,-2.692306542296108,-2.790698989845157,155.34432578368688,-2.34977971398572,-2.4908981113937614,1.0872795494939256,0.20578694444468065,1.5020897521035592,0.9888751880191191,0.2718983019079063,1.607487656508221,0.9059451598878867,0.05343065745270853
