f0,A0,w0,f2,A2,w2,B,f0_err,A0_err,w0_err,f2_err,A2_err,w2_err,B_err
42.23042837560053,0.5783706636014405,-2.2893814158053516,41.55119106138643,0.07782487579550768,-1.812314568770682,1.2117965547654068,0.013332752521606065,0.10695364476073037,0.3162004603764984,0.02462119381529614,0.13173621387096346,0.4400828470781028,0.16633035772530022
47.03434503245225,0.6830970095248632,-2.471066741680684,46.36190482594028,0.20567422370257266,-1.3212271354479868,1.4226840014586755,0.011710815788719398,0.11789991800649025,0.3278429507092866,0.04248962666344259,0.12044141816098416,0.15560927174695896,0.08187500641020333
51.66791380088937,0.35844359315829083,-1.4941377553315291,50.93734615358835,0.18272168975725755,-1.3044542360397218,1.4657190663320372,0.02829204626422761,0.09986354202798806,0.2477006276138345,0.05860565245525975,0.1314241708541679,0.13591573873263227,0.040218303759718965
56.48895456274414,0.08862284195754835,-1.5047039377730367,55.72565825380226,0.01898686734206398,-1.3386024345143865,1.4561145694699529,0.03595915449681856,0.13426315069565403,0.26702867090467064,0.04139692505178324,0.15618150731258373,0.32367901215280875,0.05187999490698035
37.61392095799809,-0.22821292035389745,-2.451960705186229,36.98939104870366,-0.433626461454423,-2.077241576349798,1.3756412853484803,0.019378285603344682,0.1702444166251999,0.512731898393317,0.03203472678377311,0.23123576857501835,0.7133969295244501,0.10436680810043619
33.195270477824785,-0.535093841085727,-3.6046296465187435,32.546165872900275,-3.3676434769378374,-2.7968587530984896,1.3519949220639633,0.00914048898809583,0.2334029410524482,0.5945202849615315,0.06814780478944013,1.618867416562168,0.9607484469700189,0.09264910131660253