f0,A0,w0,f2,A2,w2,B,f0_err,A0_err,w0_err,f2_err,A2_err,w2_err,B_err
32.39299251927027,0.37606672238094246,-2.354401489662288,31.808770943507053,-0.07216145842559749,-1.5014239033424346,1.1482334583790996,0.012270335197597597,0.10478079652080702,0.30413472476234277,0.032791039585651556,0.16224429654303785,0.3393491760420696,0.2066706876446546
36.596722163829995,0.45324750793232654,-2.232739002736628,35.961836362825835,0.1648047752112823,-2.356299504238696,1.3683726267501115,0.013109365647360613,0.09829628487865591,0.2934683936284377,0.01467328864272507,0.11631313770918235,0.3400492615642924,0.1120624641279194
40.6127010041368,0.22908046925338396,-1.6965800216840319,40.01424637722406,0.24614042518908769,-1.28915089638291,1.447865523188634,0.026817497838862555,0.11034718786061448,0.3352623274084936,0.04935694147530721,0.11542842912013149,0.1443094530340225,0.06485948197420585
28.503585926679758,0.0048413570691077865,-1.4999632992972423,27.93583515389748,-0.5770668538125747,-2.3674742974886773,1.089314902658693,0.02759215984029024,0.13086394620016864,0.26298537555789764,0.0273679520941106,0.49254544293948566,0.7197430308503704,0.2069946896121811
44.705870165690456,0.12152056553442997,-1.3195107052266903,44.11455128296775,-0.2563334158450663,-1.5368887474394664,1.3185489071705827,0.05792117575905448,0.16859851324132655,0.2357675029418319,0.055618629029696505,0.38467763171889746,0.6983799804994419,0.12597468893312985
49.238175737944715,-1.1909198331285042,-2.5164189444127687,48.51981774880042,-1.5374192916317944,-2.727864550476499,1.4310864407933699,0.06406860223420378,0.8575606182754546,0.9395812544453234,0.11007582461023173,1.6723552061986107,1.0080672246665259,0.07424793244512179
24.52759101198272,-0.9863895047976519,-2.3881358419348633,24.04115592036807,-1.4652748751440896,-2.2936401771697064,1.1582661508009073,0.05238504718689959,0.6579486906736501,0.7489332822825779,0.059017276115522196,0.7305908477005997,0.9052223015839946,0.14149336927722214
