f0,A0,w0,f2,A2,w2,B,f0_err,A0_err,w0_err,f2_err,A2_err,w2_err,B_err
33.79094983209478,0.19266256871741516,-1.7474392962693133,33.2319163162321,-0.31214488341125546,-2.5271559578675302,1.303433441341606,0.026178977084193537,0.13027733064243321,0.41203838573490953,0.0234011427190418,0.23540328018633522,0.6977752763289627,0.15295485610921894
38.153592576136816,0.20367407965299694,-1.7084744286201863,37.562490831777865,-0.158867962065946,-2.1429001428363517,1.4194745945542866,0.02601502105324321,0.1324367559975627,0.37627776202020624,0.02847552925843736,0.18688187110016463,0.5186550707509129,0.09444293874118039
42.4330973158453,0.19718400091363197,-2.4146035946939777,41.78785788874324,0.5256940469397834,-1.3356397292002136,1.4202162933042162,0.01845490758287429,0.16411505005084742,0.6242119118308955,0.035080374712215916,0.10303094863687313,0.1670678153101752,0.08952311967070826
46.71340278808678,0.08751398393436477,-1.5812176609930173,45.92680420205097,0.16954253010999504,-1.4534786413615504,1.2239206195254613,0.036936004849664146,0.14287722933291566,0.3040933305926298,0.03805940861318564,0.13472884504383192,0.23576003722306169,0.17837992787609086
51.12542672984079,-0.20255791133751602,-1.5495425344382046,50.38507898915442,-0.823292566201847,-1.876857863586161,1.4406706875818425,0.05038065020558557,0.21379107660139557,0.43955568749353974,0.08389840973415176,0.8512156177081267,0.908067790431355,0.07172485517698028
29.81129274828548,-0.3405318013348539,-2.0065360482688117,29.266478473834354,-1.5291891194995468,-2.6926330200461326,1.4110443753766977,0.035427423163327164,0.24747289072631648,0.6387701531917066,0.05797862833735415,1.475907410108131,1.0334369785411393,0.10074014460403206
25.613192863700796,-0.8568900441572255,-2.3144403756228753,25.065848031725345,-1.3086329555302665,-2.245082089511556,1.1784892521490702,0.04716743491468446,0.39520035930988395,0.6947772227128456,0.06483857999934732,1.2730014080169152,0.7447649436535709,0.1716468689371022
