f0,A0,w0,f2,A2,w2,B,f0_err,A0_err,w0_err,f2_err,A2_err,w2_err,B_err
102.18628264495572,0.994714396933831,-2.5360094871852716,100.96439404200692,0.9025088473971439,-1.7614530777170507,0.7938714811607361,0.009336868873013156,0.12035533453676762,0.29824490662774905,0.003600045099555274,0.07600966303969327,0.19398228806786405,0.08120589513266588
111.22253550243865,0.7860444120972162,-2.003965327216524,109.95119584700225,0.9034014467124314,-1.311473289326971,1.0608528094436969,0.014170238980421865,0.09022407769665039,0.2382264369427417,0.0035448530379419063,0.059566005549153145,0.10750462164290131,0.09839908096375018
93.02932970559677,0.6177818004318805,-2.3695743108204,91.78308604809763,0.31990353794842463,-1.369266984220557,0.9743986860792168,0.011249130978033007,0.09976201552269617,0.2539084152984706,0.027325757946763132,0.08897903829026595,0.15485332116101283,0.09207365224371718
84.09087148450797,0.1604886464125651,-2.0968419348709735,82.87597986776271,-0.3235548748261426,-2.6126316794289597,0.9926707183517846,0.01623620985558122,0.1029290214581609,0.3059577012951111,0.015959150053484954,0.17087962883628247,0.6805529951139608,0.07933378623091124
75.39217951581101,-0.2398142266761156,-1.8404305055774184,74.15744891823618,-0.9940812496700159,-2.1903343393563315,0.913906191279007,0.025777747152440637,0.13948732174162443,0.41644106990899027,0.09198924448011182,0.7737030662930529,0.8601002827924251,0.08748264978801283
120.41609866159014,0.4544154907805762,-1.9787153620451206,119.09663208434667,0.5189102959524371,-1.4065511526454593,1.276487345455054,0.029376891573208795,0.18351918789711763,0.684057216785765,0.15521707946744553,1.1531166477343617,1.122459083209565,0.14459028265904936
129.7878916010589,0.010947112857602699,-1.3608663440795579,128.2766705807309,-1.5968385586164946,-2.362990272719373,1.2628420846666228,0.04107949232358425,0.12075074749133254,0.17443003058904846,0.1719835551760704,1.9241266951255827,1.070432759325289,0.07781250287771846
139.1537357693565,-0.7258481312974441,-1.9310294208245429,137.94833114970396,-1.2260133624477032,-2.2273632343754315,1.0418051660015684,0.19675101829730862,0.3028447286996314,0.5173004863694002,0.2579511684867972,0.9897911880101297,0.404514109773439,0.0726081646224752
