f0,A0,w0,f2,A2,w2,B,f0_err,A0_err,w0_err,f2_err,A2_err,w2_err,B_err
25.058431306966312,0.6236096468921487,-2.9783529554619808,24.606494607278172,0.2958073356967019,-3.0949673267474966,1.127194381835809,0.007696092236563847,0.13770865548627279,0.3398867905370952,0.008189771138814039,0.14766998144248314,0.4370846241307769,0.17629404112949262
28.218720739131086,0.032124699381326435,-2.482160084188157,27.745636204344414,0.2542348762804403,-2.022444073866214,1.2508968395429738,0.0143619740928952,0.1420451845084417,0.4600857012059385,0.014632080873406022,0.10814257835856003,0.3797802611975232,0.186580869747956
31.426737640986616,0.2037983362308068,-1.5290554522286843,30.924990816492354,-0.17594997934992013,-2.1328220013815598,0.9612095506481007,0.026352416880566526,0.11461215513983389,0.2642905406968961,0.0237988752086146,0.15192162305516746,0.4382545248822799,0.18142959244274387
21.851963334429072,0.16556247172760805,-2.581796747749289,21.41113256940396,-0.25267136402071677,-2.9405264392537838,1.0358206090667035,0.010825180328283491,0.12495500830854679,0.4407498834265932,0.011341620041593914,0.1832110819834021,0.5183041152653041,0.20584823061645044
18.97623712648577,-0.31316158499555935,-3.0971189254830502,18.51377571789502,-1.1242713183824709,-2.397920666411443,1.1159881883930733,0.011064836508395282,0.17172509925518123,0.4936171410128328,0.0366803681731919,1.2321195231130584,0.8831751498036587,0.1870300849548234
34.68658510062539,-0.9273481268081466,-2.7118206695045757,34.10527098766599,-0.9120075058068807,-1.8774974551406038,1.2914890651554782,0.037699465372570025,0.48437072382064045,0.8852105983600221,0.07284200499777015,1.053871787195691,0.8221739109015781,0.13762894917342053
