f0,A0,w0,f2,A2,w2,B,f0_err,A0_err,w0_err,f2_err,A2_err,w2_err,B_err
76.4575858936484,0.5458966709865033,-1.3646594802908314,75.55380789779281,0.17948833710059586,-1.416158058195503,1.4729364612470623,0.024377997382458678,0.08247744541042065,0.1649297061576541,0.010938478499528875,0.10815180168629224,0.1803685524876382,0.03629503791925581
82.80123342653147,0.7140606965044505,-1.3467110463541982,81.76844998028956,0.221032202537708,-1.2702079701183417,1.3455586034387446,0.03124784658349021,0.10737278527336297,0.1286905632218874,0.13591784960642952,0.4274025886363515,0.471786959932932,0.13206514805996386
69.94863639492101,0.4203525950472815,-1.7872364466277713,69.13213066114136,0.03071552050702748,-1.4854470170688725,1.474037844303146,0.02077009895476111,0.10112815355741317,0.30401588958759124,0.06133233231859653,0.3802466060904583,0.39608031387232756,0.03215501081684694
63.6724366719928,0.06541399177470997,-1.4920939079093787,62.900689541101166,-0.1452315655955921,-1.4281038823374879,1.3826278202426239,0.03434921429095533,0.1120960455112466,0.23777487904762953,0.03188206881251107,0.20647662061114788,0.31344965361658683,0.08940632784449011
57.68140890716657,-0.11654064916944643,-1.4951243851106422,56.879866195390974,-0.7745258452624579,-2.399259647045453,1.135665157364011,0.03212843101940546,0.126985227011796,0.2558067210281893,0.03638145260104774,0.34651348589310993,0.8359067936355273,0.11416311948571298
89.13206801348498,0.37455167341210466,-1.2887957728761401,87.7941111818557,-0.09044413013427989,-1.648692280377906,1.4172560183690401,0.04970436696910951,0.12399643484786757,0.12192736360105326,0.17656215707039785,1.0984562792246262,0.7867675604034925,0.086460078225283
95.65378505244476,-0.07239107525833333,-1.4491239474522895,94.60323998061835,-0.5260744171041521,-1.6607773312949672,1.4221341600677608,0.07306131696592294,0.17996820226840102,0.44518219905084305,0.1602389714336459,1.8705619368836075,1.2220399896934273,0.11577183905200399
102.19025074114644,-1.0178007539752012,-1.9257952754321905,101.09099517835172,-0.8794391039670995,-1.852626219257684,1.0397017706728866,0.10584855537365183,0.9996907664753274,0.8221514378062624,0.11124917344866317,0.8701399339167454,0.8915221696502647,0.07737319927105756
