f0,A0,w0,f2,A2,w2,B,f0_err,A0_err,w0_err,f2_err,A2_err,w2_err,B_err
32.32870742925465,0.46086350271074983,-2.3526207042875,31.688940160989848,0.2602490471127804,-1.659770900790945,1.306253014486008,0.012158347198736374,0.10761751420791833,0.31605346733836437,0.01364323153674462,0.09930176897235561,0.2886455149496375,0.16504299293276675
36.45602619814953,0.2927754212527762,-1.5781272966773718,35.73995536986951,0.4403995942702465,-1.3601893250926818,1.352412301478739,0.025990275173910535,0.10653303876872668,0.274066940549288,0.02563712514573516,0.09024514174809645,0.17163574524852265,0.1523678026158537
28.24983610647963,0.13392879848977723,-2.176104359066453,27.64624580633724,-0.018012252496743847,-1.4656434072648856,1.235429568569546,0.016289784053623226,0.11457412855397435,0.331216691157661,0.015456736072950696,0.13179947739138906,0.2412415189407261,0.18517659541340417
24.409321884747424,-0.5530551176617101,-2.5927215248872986,23.908420343984382,-1.171578784449339,-2.2518598323447723,1.3190369526767562,0.01852256522143016,0.20658043170685947,0.6131849253204421,0.048141661714312715,1.1677698771942044,0.9583026298363975,0.1489568811805529
40.60775848682535,-0.5423981173742665,-2.005212392090629,39.9174717114145,0.10134200598285853,-1.3049014016056093,1.4574522049385517,0.0431751891067906,0.3072073485579284,0.9459247665101409,0.054760944413538674,0.12433086378497989,0.12139218739087264,0.053217776749507374
44.79420392676328,-0.6317389822643477,-2.499897740342586,44.10311946713244,-0.7430775137199005,-1.743336752639054,1.2279562639480996,0.02626284453565815,0.2451168725892625,0.7023006878178579,0.06682788305118559,1.069064456456924,0.7655892583870936,0.13493718376947228
