f0,A0,w0,f2,A2,w2,B,f0_err,A0_err,w0_err,f2_err,A2_err,w2_err,B_err
32.41834108584658,0.2074621623804916,-1.861656911469141,31.82210318813818,0.13203979654470338,-1.5113610177744743,1.3322706520407763,0.023081950848928588,0.12137150317995228,0.3743267400228332,0.028164156790135345,0.12371122563868651,0.308597048381632,0.15142044075863098
36.63101507566657,0.4685968802202901,-1.4107202495665772,35.9360278308245,-0.028726964872637123,-2.383948842247335,1.0487668067831417,0.025084342581388402,0.0900777493594328,0.1874077365104348,0.01615009825574146,0.1385011667295515,0.44926425406208403,0.21234699707095023
40.71719931052123,0.24785664529355,-1.566114027501302,40.08670525559699,0.2537156402224584,-1.3557786802513008,1.4324837280788216,0.02839173242019657,0.11126086909745217,0.2925354545859342,0.03431194205561236,0.12547807978915057,0.1934380458573478,0.08101508889766235
44.85237134110142,-0.008173078043219706,-1.5621292103953714,44.06351943197978,-1.2161768517934104,-2.670853066550759,1.4344154134112768,0.033852751510979,0.1184804494242662,0.2720092925213328,0.0627999663438352,1.2794913649868143,0.9164286295569626,0.07101162719238308
28.545701904843455,-0.3049753288371231,-1.5899561481201385,27.982148766974305,-0.24234476180143638,-1.6772314585995995,1.2134708014286306,0.043263852788477136,0.21434055993581633,0.44383670630668426,0.026871271561145785,0.1750199306071363,0.3644798533516475,0.18807973874469724
49.286798056224754,-1.7704782714558354,-2.2236761821626914,48.47977702905386,-1.8805144572562456,-2.683889690656253,1.3253512807545729,0.09700029286036146,1.6247605544269519,0.989578796965955,0.07777353911570001,1.4141636058492977,0.9914672876158412,0.11175550205829174
