f0,A0,w0,f2,A2,w2,B,f0_err,A0_err,w0_err,f2_err,A2_err,w2_err,B_err
39.51373664110086,0.05179941079651751,-2.498109403073838,38.87967719897328,-0.07345214569136169,-2.259028936508886,0.967012288559806,0.016210035971366575,0.168414113433995,0.5422968235047141,0.02013622893436771,0.14355311549624797,0.39598929564662483,0.15158964827107305
44.44390694641461,0.4574055749256646,-2.4467703493742983,43.763833921563304,0.4570160040458647,-2.7581282339302646,1.0703846235964931,0.014097918458665691,0.14500916071652886,0.4037603458972907,0.01133292293799981,0.16444084211695234,0.4379727365540072,0.1573792366624042
49.324580434859065,0.4670273455349053,-2.016713302362197,48.64983607481274,0.4604112577969788,-2.316059517460272,1.188379627229673,0.01816623855972025,0.11515905733197317,0.36651977052728424,0.0063174726584660215,0.14443298332520327,0.3979765960841357,0.16720274288011622
54.25934589715054,0.4387805914788631,-1.7516685234468097,53.57030638842019,0.3506354756194779,-1.552099837064129,0.8843340673997302,0.02253174407469369,0.10341846896007843,0.31067468287853794,0.010052253917951129,0.11149286220978671,0.2614157223350158,0.1577583322615484
59.34484097262258,0.0036954256691287407,-2.27637793187803,58.56761325290468,-0.41925309851316805,-1.5005697055034593,1.2818187838400847,0.021147375067210678,0.1515556736727916,0.4589655899647271,0.08964776741852643,0.9323496419326074,0.9182181127191743,0.14417076091745992
34.950205804084035,-0.5653665611000201,-2.6153092001309877,34.27030167134133,-1.6433591180421918,-2.6403845237091543,1.0851285245652469,0.026515561052317983,0.4435547520759805,0.7219703347422823,0.06909529544577492,1.5250502637712138,0.9186877790778284,0.137204602694981
