f0,A0,w0,f2,A2,w2,B,f0_err,A0_err,w0_err,f2_err,A2_err,w2_err,B_err
88.39365546970075,0.5176891904190019,-1.8038072646511827,87.47797873254049,0.37004659309263876,-1.7519674321109628,1.4393969005477936,0.018366561127523495,0.08800922173853089,0.2524816428832368,0.006187941681278057,0.10039845589970028,0.27804741083021495,0.05237751563611675
95.71011831392265,0.7509272508477483,-1.6383823933109818,94.58330770777545,0.2995368841833927,-1.4172895528507035,1.4303143365948785,0.025098651988359876,0.08856749323410236,0.29697208037730133,0.015957530433776318,0.18077011374727098,0.6257032831459647,0.06625648293231072
103.00791695727605,-0.01005128970514979,-1.4617796902981963,101.89643933301858,0.10363117188681803,-1.2865464169991396,1.3614916478553925,0.04200902827615465,0.13402083961609101,0.26835230896231355,0.08621937710342727,0.5180415242973592,0.31578585946407667,0.09437585950413115
80.97631588559716,0.27344135232379724,-2.1547796400282935,80.0535835219127,0.061958945302989246,-1.508421094720393,1.4776440401771784,0.017177348066848737,0.1115441593866891,0.34793083519928253,0.14342243397965537,0.404707504869866,0.6022922434830681,0.030492769779944317
73.79189656823421,-0.0839851876441937,-1.6633001589772327,72.87710789306354,-0.33488889199762284,-1.8172063325618013,1.2485369568066844,0.027932858539636743,0.13049460742583818,0.3788231375370426,0.04061780951878637,0.21221199078389455,0.4221450519245302,0.10526773570156397
66.88331172547282,-0.22025423980349312,-1.7983742450622224,65.89412036496282,-0.7800584016094926,-2.067635062856811,0.9997587234535326,0.027021297275373987,0.1559819641162189,0.4704972116720532,0.05081468537728667,0.7507808862073373,1.046523937258869,0.10973969320228172
110.38600659253053,0.21840306748924282,-1.3261681977151922,109.04576975190955,-2.839855026516294,-3.1005073473240756,1.2999755187482671,0.037029785693118974,0.11871829256315002,0.1760934234851209,0.17746703800129043,1.6531197317367126,0.9562297843396741,0.08108666054015515
118.10499017081688,-0.4042000978089013,-1.4951237589470907,116.56100830827312,-2.6332189678724647,-2.49937603049226,1.2521648219317205,0.06386572957312836,0.4642194485655184,0.5086395583101775,0.18416419434471015,1.4723718664482404,0.927673884447747,0.0753611551771258
