f0,A0,w0,f2,A2,w2,B,f0_err,A0_err,w0_err,f2_err,A2_err,w2_err,B_err
36.012739319789674,0.37518428222827976,-1.421806493186184,35.40318508432337,0.0624019032220971,-1.763777896638199,1.3598071010710793,0.028459597995490048,0.09765880795409511,0.204482124802221,0.027183511533776447,0.13760121618301363,0.35481289821828993,0.1343416615525054
31.928699322692076,0.3375359284921312,-2.0998313703984435,31.267704509899893,-0.09081771668607874,-2.1115913161523654,1.3803665326010832,0.015179261021367614,0.106365163055008,0.33681326625523006,0.018642724515897734,0.1478004874614685,0.5316930867859102,0.13109861771947662
27.939189750579963,-0.19812170042389324,-2.42728417022673,27.327912112473562,-0.34928223022522664,-1.6814003980971424,1.3514294166007996,0.017725273345189915,0.1469293596858344,0.49101632422095287,0.02534942485554449,0.1784166200112979,0.4237364151434695,0.13128052903462342
24.120037905676114,-0.5020981469500367,-2.3701679319598012,23.612550535574943,-3.69242081467233,-2.6655892226515348,1.2970758300146417,0.02524195823228274,0.20675451325119218,0.5585220757758133,0.05416826718368242,1.640148767205259,0.9875216807948891,0.1182436510853183
40.072382871599196,0.15571509868093175,-1.4067183543826136,39.38802221872001,0.12392573860607246,-1.5003559770236965,1.4063367519359622,0.03747636255807697,0.10693651146310192,0.21027009404885338,0.030555076439654223,0.11895306282577331,0.29177072551292077,0.10421423720406807
44.22110900177684,-1.1367034305247796,-2.1372900651333064,43.56434066435831,-0.9808614310994654,-3.273099824649033,1.3731406940910345,0.06785440011083643,1.2590968617281066,0.8829857789677873,0.041577819627050774,0.8150903012606774,0.8306363185627842,0.10086137489577074
20.365764135204525,-1.0656089555175288,-2.386162241874292,19.954453134200364,-1.4616671399236507,-2.291998677926523,1.137071165139277,0.05295025829684498,0.5794917245068804,0.5469401311481001,0.052537439952049445,0.6399672607720575,0.6915615834919658,0.13852956673022362
