f0,A0,w0,f2,A2,w2,B,f0_err,A0_err,w0_err,f2_err,A2_err,w2_err,B_err
33.97889660107132,0.33497597865003237,-2.0581682084197066,33.38979579607185,0.08428279395072341,-1.3486833833124687,1.4246370864404967,0.015663970858374843,0.10219188769697082,0.3313633445391596,0.046273622446588634,0.13333645005599973,0.21274432453815895,0.10470301232104884
38.37552904113683,0.5410375554970711,-1.6676414764588214,37.73571761486857,0.2951295574801956,-2.1863515676286647,1.3803998694964934,0.018906046549726933,0.08423785964340842,0.2411768138301687,0.015783608660959486,0.11571689324153576,0.4112006551763579,0.12363635780663577
42.6539693016926,0.45338776834199734,-1.413814072197059,41.97291676058721,0.16173372403811703,-1.3180401549453242,1.4162407094912772,0.026346793267230023,0.10025900507232187,0.24182441625455453,0.05839503334211701,0.1389313704438763,0.15160943128529966,0.09441974033053832
29.901873440029444,-0.016383445441769118,-1.9513313946231847,29.291167829780065,-0.577164353585457,-2.661024251100407,1.362491285982913,0.021758584131691218,0.12554032407685217,0.38287679137286307,0.011561430062659415,0.23800626050901455,0.7909892875685323,0.12693329267931744
46.943380766715116,-0.18060954297553133,-1.464012716981573,46.362911323091026,-0.31741611153342275,-1.92097137038195,1.4302265541071129,0.04318479294930391,0.163296580583503,0.313589863063572,0.022257868601611906,0.18279258072549398,0.5313223242792665,0.07481084111950125
25.702307825061,-0.6448013860728465,-2.415150647304263,25.11149360501034,-1.5105862541834396,-2.218129075829099,1.3544502538624472,0.02547203120481071,0.29051159216861644,0.6910075740255124,0.05420652820467168,1.309007484232766,1.0111077507079471,0.17657816553029276
