f0,A0,w0,f2,A2,w2,B,f0_err,A0_err,w0_err,f2_err,A2_err,w2_err,B_err
63.74395070436441,0.8622500543067138,-2.1535642668193558,62.89859482512749,0.568570171209558,-2.8740317768453103,1.1641547702823032,0.013397354571810911,0.09824736804755772,0.2706784327305037,0.009524880305248496,0.13788152917434837,0.413310759223044,0.1463827349560782
57.3973689741127,0.4555188602824026,-2.7564383509475507,56.502729137280404,-0.4121459503409496,-1.762732286697847,1.4485527859031213,0.01133359576481299,0.13283585196284817,0.40474539879319965,0.04193068895336018,0.264642719104119,0.7242433293556039,0.17824233340419243
69.97144120988845,0.4900427339027164,-1.6663181435956198,69.16994221202327,0.3884908780410978,-2.213692924575562,1.1940715725272926,0.023448463909232373,0.09251427225119269,0.2429152836366348,0.01610305417611319,0.11656502751901605,0.3376213648961472,0.130315266366159
76.38989371656558,-0.017510911692057346,-1.715578396227567,75.59212854727147,-0.1264002084229605,-1.985136467872268,1.5067179218913813,0.03363401096954459,0.15498221105390464,0.3560723698943756,0.03475062845381511,0.1680928223684816,0.4423466663297858,0.1521876208883111
51.14421875662004,-0.32960474632438685,-2.4445370820834986,50.371334772566776,-0.1277148582502987,-1.771649177751205,1.0064175443307721,0.016581661462852684,0.17865848799895018,0.6734987557271338,0.027084009902347536,0.13532583903019046,0.4054411670468112,0.13401185501676677
45.29408771136998,-0.7618555683455455,-2.7341332454682603,44.35695417484962,-0.948903649915265,-2.9577664805221833,1.1369119448941967,0.021225104462234787,0.25998860882943065,0.7158789116861475,0.01920026578369244,0.3143259941114584,0.725534153741988,0.10693345085068366
