f0,A0,w0,f2,A2,w2,B,f0_err,A0_err,w0_err,f2_err,A2_err,w2_err,B_err
30.17683834978655,0.42681899860926015,-2.154504347445181,29.572283396431523,0.20444771937058084,-1.542912693151894,1.165717838635119,0.013524378267023872,0.10347523837294771,0.32173253173435656,0.02626066908973337,0.11159837192867059,0.25809412794685255,0.22840943240016556
26.25766741906169,-0.12449044148684424,-2.250054761915285,25.717019066286625,-0.16461593430216093,-1.4132349888485836,1.3294743371905542,0.018440026762899655,0.16496891842170286,0.5734307376207294,0.03662478469883753,0.161504575015138,0.27474442468312815,0.16514358030067097
22.75495612693502,-0.25578146430832316,-2.0811064295293624,22.24735573553081,-1.3612528948532703,-2.444059567177292,1.3850997900808437,0.024330297532921822,0.16170321338564259,0.4653011709287299,0.047713113942097124,1.2328856730003768,0.9283317027412455,0.13901528192285392
34.06235368932076,0.34665283877316305,-1.6273606687436721,33.43564366719198,0.2927160692471653,-1.3917284579937195,1.3095838295541395,0.024518623567215497,0.11030156756890717,0.31187161251927253,0.03396280404165618,0.3211088417021477,0.3765863239019935,0.1721054667421438
37.86878307519258,0.09738551607187212,-1.3394011770853256,37.1932644689935,-0.2718638712906908,-1.4361844394291863,1.3352243974501636,0.04416053183594593,0.12977017144343528,0.17836352332482897,0.061646263845694306,0.2740541388845743,0.5153860001976456,0.15433314540414825
41.98176183310697,-0.8973608552158703,-2.0470621228516905,41.27422473343533,-2.0508859903802614,-2.5616609623569415,1.455848769231617,0.06414444601164404,0.8052620690931238,0.886291943756544,0.08219782063229913,1.301980423691425,1.0408297114156428,0.05159272001910638
