f0,A0,w0,f2,A2,w2,B,f0_err,A0_err,w0_err,f2_err,A2_err,w2_err,B_err
34.72707249653868,0.5579601911209962,-2.0368199787862027,34.14773198719878,0.2640671705573451,-1.6756001539896088,1.4369153844117182,0.01677800800435439,0.10126436091174412,0.33128873363801636,0.025253942272985053,0.1380005959224411,0.4753283069035653,0.08005793036029317
30.73678121289893,0.3070608879302456,-1.7659143161391286,30.108966283258823,0.0029072809880793804,-1.9238594374435398,1.3187946481786883,0.023731824393869855,0.10329112615161185,0.3341120014841386,0.024807879306408473,0.14352804101618244,0.43537803251265883,0.1632064129923182
27.022352687164002,0.048643431707389995,-2.5492585239271492,26.487172282733084,-0.3709061038557738,-1.5161970585323452,1.187730713792122,0.01429213094592408,0.1444286037187419,0.4401617086763776,0.05278454454610723,0.5499498137734139,0.5633414614859278,0.2172417113361784
38.59943817232882,-0.006552780238348863,-2.0132715117817845,38.05254733621606,0.22521890239909026,-1.4742684534928145,1.34756300021537,0.024271766090241394,0.14052802082049928,0.4812554461756313,0.023117711936937103,0.12080886931704582,0.286839488002427,0.12946803733644194
23.264835262336856,-0.8964000605939805,-2.9982004868124505,22.720385539305234,-0.814314263636698,-2.1701104706828063,1.1235911550851299,0.027352556965664097,0.48250530652328866,1.0223138999026495,0.04481390340580447,0.9435881662975812,0.808147347903846,0.22960212477972114
42.43569794265127,-0.14966172786749238,-1.4095539874400187,41.92545102745611,-0.3028723492104178,-1.488386684432076,1.4416030403124815,0.0794365688636335,0.7947961283623184,0.5135827630674837,0.06261362208783552,0.5267991708878585,0.5646429382318809,0.0688134671836137
46.51603489778721,-1.2584065322485154,-2.424533837474166,45.793747446981584,-2.647751615197642,-2.7713561094172325,1.342155366217019,0.06918267707328064,0.6712508964343933,0.8719752372442006,0.09992014235752157,1.5638284811101701,0.9658704021455067,0.09467679150147795
