f0,A0,w0,f2,A2,w2,B,f0_err,A0_err,w0_err,f2_err,A2_err,w2_err,B_err
33.491493363299504,0.35653419937363884,-2.26186668908637,32.79387286522287,-0.07838738044751184,-1.4016846883679988,1.3262323771451792,0.016523214731297683,0.1148485552027119,0.3507786099051121,0.03908289476213271,0.23106506111776773,0.36493524786618614,0.165070571253046
37.84885426329224,0.5465514537895739,-1.9061151681972381,37.16869845071399,0.3546633257418298,-1.4289545295117219,1.40012930989117,0.01992226076389979,0.1054625104997033,0.3466331012932619,0.031792515851177705,0.11829317037084046,0.23544918832325593,0.1166824140414
42.075804066065146,0.2545341063854703,-1.7452033778381189,41.36147759328327,0.3049780058815802,-1.4261388503798502,1.330530850889563,0.026673379756748168,0.11875473741983482,0.31900499771765245,0.03412501662291883,0.11742681211509584,0.23958585920005826,0.15178045113610653
46.45666863244264,0.08393436000232113,-1.590786051750221,45.71099383632625,-0.1462324779272038,-1.3766491787955148,1.1508299944529277,0.03274082067857821,0.16051175889519273,0.4392745343017619,0.06983826715484956,0.36160352205470647,0.4079629939655838,0.2088069155631263
29.470071350017307,0.021690657392859018,-2.864556828542536,28.891807318719536,-0.14522042282107483,-1.463827983021881,1.2237736086170226,0.013385937735743926,0.17782158955269245,0.6102321938897929,0.047633020866830335,0.20565794474234822,0.40030262068530476,0.20389449668780144
25.307935120618858,-0.7488063852058504,-2.315407130645997,24.827839254831765,-0.9968401727450126,-2.2745817105381905,1.2490632201473082,0.05380313398718821,0.28864953379940156,0.43898600050765957,0.07372005975156956,0.3169316692973595,0.3202318691960493,0.15537723034510648
