f0,A0,w0,f2,A2,w2,B,f0_err,A0_err,w0_err,f2_err,A2_err,w2_err,B_err
34.33077000874175,0.35698372351988655,-2.303120396670402,33.68975397922379,0.14350266380681825,-1.4100932078723027,1.4136277017530552,0.013715022282947128,0.11380036023646665,0.30833853818473644,0.029822610596149816,0.11999588016631017,0.24730310288006468,0.09496030675161958
38.75011334576156,0.5334174781061509,-2.1468563616261873,38.03523967581449,0.3947510869596264,-1.3631905602926995,1.4435556179605578,0.014080199101353358,0.10471410835567647,0.3324306328726714,0.022455330450394276,0.08833844112441527,0.15779446041590528,0.07724504033701156
43.07330082385611,0.366693419157561,-1.6848562820907727,42.37842870510207,0.5227334287897988,-1.549675151800638,1.3620803910744748,0.022535781674230867,0.0936635850127718,0.2732020215724846,0.0223516999215773,0.0786984842268813,0.2279775496481482,0.11922841260649547
30.21938024363963,-0.18818157135750907,-1.783812522704947,29.689925789766143,-2.257799556068563,-2.5932212206211434,1.3905005014959173,0.02783846704321328,0.15091112664239392,0.42037092019130273,0.06386582129535553,1.5451968477141682,0.9952488283296965,0.10657108371931608
47.40607204759429,-0.1559422734868198,-1.9539856004574983,46.72579026822822,0.2416110855303838,-1.369009228136367,1.421457214813481,0.02777908471000302,0.1587713410909285,0.5028865612544312,0.01474191844561171,0.10802219541766743,0.17467643678716177,0.08308320385225341
51.78550121613615,-1.427733071440486,-2.5831225741483532,50.81892115313387,-1.0856355792710985,-2.0367390331429487,1.452061497906092,0.08239529280384139,1.1458240416061956,0.9387293162024697,0.09787079696034694,1.4380416251971673,0.9270631821163231,0.061886013991523825
26.02623842602608,-1.0126495914899183,-2.091941236442509,25.459136358182462,-1.9653669804418503,-2.6879338762721656,1.194511116932136,0.04874120623667053,0.9319422596039402,0.8552566279567149,0.05697730255443857,1.3860781603470866,0.9693861685376846,0.15361276884655017
