f0,A0,w0,f2,A2,w2,B,f0_err,A0_err,w0_err,f2_err,A2_err,w2_err,B_err
67.90409352514864,0.3580184857586987,-1.463939334256466,67.08918105901407,0.40157610915966724,-1.3445989137954237,1.0745764674034906,0.03470171330197342,0.11291041970113946,0.24563025818395284,0.05139168370122791,0.350323518224974,0.3509178351755662,0.15924650236137153
62.2431292247691,0.5266801335629353,-1.6722072449986378,61.4092227688977,-0.3674783735234449,-1.6344514002311004,1.3948029083795266,0.023305935292149037,0.10198594488735288,0.30113301888094735,0.06163136127954893,0.8896174889652664,0.6503574919661891,0.10117797674438228
56.62748169502345,0.22909828126647047,-1.4764261053874597,55.693075398468984,0.008348660960702997,-1.609310577084067,1.0322959403787852,0.031051531425433092,0.12243120117394306,0.2560080608576777,0.03388450908313259,0.13900269595482945,0.2998822360154176,0.16743007237970162
50.95681069544265,0.09726613782115884,-1.5658973472698419,50.1166683663273,-0.048781895204084824,-1.4208936196707254,0.7306544924441749,0.02998381746347641,0.11008952098470348,0.27020542850103296,0.04278663409808426,0.14819366140185453,0.303746185956081,0.1385854606876625
45.66796779348048,-0.01021625158324159,-1.593814462861628,44.93144658109462,-0.7936615548017845,-2.472563977804334,0.8775684479073704,0.0323370701763359,0.1322279569188341,0.30981257908453014,0.040016070498540605,0.4615089710818607,0.7592971363253871,0.14391236833276502
73.64728307269039,0.13942971089525213,-1.4444474725000922,72.73614508411733,0.15576432392505868,-1.339672789765681,1.0576688863504267,0.04340655611179828,0.14347116471409566,0.25179284057461654,0.061603948288015214,0.6732209473386633,0.6132722061983388,0.17171396783168216
79.5140581696798,-1.6773150629161084,-2.477557873585213,78.49679470339895,-0.8122062973850119,-2.0634672710988378,1.1049350762065264,0.1258132849788581,1.5612418910466943,0.977967157802826,0.12045877984823655,1.4815247555237925,0.8184597894990856,0.11366886937019582
85.97447341452596,-2.1257897936817347,-2.4993670758509685,84.67537143402332,-1.7539226235203471,-2.6027209245301357,1.0706090440534817,0.1326834394712168,1.4709838427576767,0.9618130457803986,0.11960616291104458,1.6253123044923146,1.0036147707707466,0.07633640694039084
