f0,A0,w0,f2,A2,w2,B,f0_err,A0_err,w0_err,f2_err,A2_err,w2_err,B_err
16.76722451415337,0.32872450389683405,-3.224752685939096,16.38339643672804,0.28066353562251095,-3.587286396093021,1.0997626722093812,0.007154647378685374,0.1598114685100508,0.4084655195368659,0.005677108595067709,0.16886491042638327,0.40814767031099985,0.20458032566842188
19.234521325807886,0.34716855514986367,-3.4278250682267073,18.90915856683085,0.20230982386564533,-2.4812845007170297,1.4216618777509076,0.006742930976180598,0.16408867134726468,0.45699146581768607,0.012186048761219558,0.12347140785263183,0.4596552194959804,0.09509968290680916
21.666427206515515,0.0077950444148781675,-2.38256753203415,21.304654271432113,-0.05431135198609277,-2.2853139581364443,1.0779979348803357,0.01618427304419933,0.13490907056290055,0.38310747064889705,0.01301873975749728,0.1433131419313947,0.46475280687543696,0.20142219445206244
14.448032400462244,-0.14615119191272133,-2.4352795474512012,14.111914271165794,-0.5860993523656848,-1.7804248665143647,1.0321839595669435,0.015334888845658047,0.15725633531885594,0.5026123111587877,0.02976100622294635,0.3986988208709877,0.8147278819384417,0.2787615721333388
24.256828702398348,-0.496739572609928,-3.0151611309448247,23.893294251433172,-0.22884762572622977,-1.6879108764588366,0.8074132970725244,0.013426843013703811,0.19878385833325288,0.6253529669191887,0.01265964471607964,0.13638101545499873,0.35480418562469623,0.1405194451988892
12.128396960937852,-1.1388065573929134,-2.545976677092619,11.857108701356967,-1.8965397766183447,-2.1679085824266613,1.1560032133166283,0.03219038627319596,0.4523413817299755,0.8462794904884625,0.03392767824074095,1.213346350743778,0.8421557854815205,0.17660581384549548
