f0,A0,w0,f2,A2,w2,B,f0_err,A0_err,w0_err,f2_err,A2_err,w2_err,B_err
20.79858013574814,0.28676891972674273,-2.2242051584620386,20.34323026119568,0.04190065885561614,-1.5966204025623334,1.3120569264021453,0.018381490489122364,0.12443640571870164,0.3790666918850079,0.016246017603585877,0.1732964404202095,0.45048766671897955,0.1886202645752289
23.97009211089111,0.39156560133075025,-2.0707817671412787,23.459440425756483,-0.0999587478434511,-1.4533997711472073,1.3372402864497266,0.019923397042616607,0.11786585620150382,0.3702248008841733,0.03347325952420775,0.6414972739140605,0.6578276374351336,0.2173389828075398
26.972898364956663,0.19532893664978535,-1.9508409883541526,26.495256890474153,-0.012599616640772887,-1.4006594169624142,1.4320308179029702,0.025415736796405446,0.1492505761748898,0.49761258386504764,0.04343774929953476,0.3861781797561386,0.7675762669748538,0.07952482928910189
17.934059828923825,-0.26773202539358965,-2.81572604632332,17.513491087776153,-0.4732649138268642,-2.0469657527553666,1.3208628933831503,0.01548542338578429,0.1913506013700547,0.6187732362404225,0.027585948308376972,0.2825307224498571,0.6201425145260744,0.17993745022171576
30.199953885453297,-1.014980809144454,-2.802507491335831,29.689787827109992,-0.8207085030453494,-1.9559008353262537,1.4351579249447435,0.04698990782518876,0.9467477968470569,0.9443598485455638,0.06133050418251231,0.9405049430444584,0.8514649022577845,0.07806299503238806
