f0,A0,w0,f2,A2,w2,B,f0_err,A0_err,w0_err,f2_err,A2_err,w2_err,B_err
29.221890373475187,0.07647942728529483,-2.30904869420833,28.66124776887731,0.0019482980349851686,-1.548241866010689,0.9863733210424372,0.014384389882273996,0.12105993015267988,0.4103873879197137,0.02297551514351627,0.11824820695927701,0.2665997871976882,0.19726907382188344
33.08722308854841,0.045379889083029784,-1.9509164669112176,32.512410276415274,0.19280526440993212,-1.3354953829999732,1.3932647369228572,0.021435067008536805,0.12360937758579384,0.3751677038565831,0.04039149788455011,0.1044685909220549,0.15433171689513525,0.11221654893169795
36.7413135859992,0.2701712173360909,-1.391615129288294,36.242640406457866,-0.16578498493631869,-2.0401596141745593,1.3847704766172864,0.03204440228275772,0.0968384899636187,0.17459123385244735,0.023991945443085055,0.16229954730973822,0.45129011115190143,0.10852607612550455
40.62066534432774,-0.12126569003327001,-1.5002763060143294,40.00158293885783,-0.37773564412695715,-1.6456016901825892,1.0672489493918447,0.03482916950179018,0.13775572585781937,0.2762633363781021,0.0404259382555721,0.22347127062456326,0.4848521409117454,0.16101693974764436
25.592981226461994,-0.11291971046897764,-2.754397266602182,25.14251920572484,-0.5792669062064235,-1.5256989668322736,1.4054377317500533,0.013235453138990822,0.1662926152605561,0.5447680262744952,0.055224215260196045,0.9240034419192918,0.697538727900061,0.10886733019899893
22.11511406832573,-0.7174382020031136,-2.529720863006733,21.64176014903351,-2.2762102520177,-2.4160171917750386,1.379765925621159,0.02776011337281789,0.34344303310389457,0.7665099829393064,0.05251112565531976,1.6106722496021193,0.9293109342551144,0.1018416028968999
44.602899843882525,-1.0942809766598893,-2.3643797048745667,43.82700997086635,-1.3870813136364872,-2.2059365473332995,1.123047601703469,0.090222329943667,0.3838994090595013,0.41439787855050847,0.10899823267847515,0.6086799396069572,0.6956416262568036,0.09857846466594723
