f0,A0,w0,f2,A2,w2,B,f0_err,A0_err,w0_err,f2_err,A2_err,w2_err,B_err
23.912449796053455,0.15321265813045415,-1.8693169075438045,23.51117222087403,-0.81714486732849,-3.0729050103447215,1.4471335111168295,0.023059674497552918,0.12280203184947693,0.39064338919031794,0.03329186429043529,0.8140553545470582,1.0144209131916389,0.07678074015394977
27.70731552838483,0.016773954376814414,-1.8540420609965227,27.19803059630737,-0.8288565455637817,-1.6267793514444007,1.447795526472845,0.02662566158669355,0.1546631157176336,0.4907750560984981,0.06411514254448698,1.2667261461942778,0.9829438394008077,0.07409325557369735
31.97989676940468,0.3126772993530607,-1.8611427200064976,31.49240222837811,0.06526705682420059,-1.3249340794087674,1.4225989773344214,0.022155181147659287,0.12091166325391499,0.3870239117682391,0.06320585152724173,0.25325778812590155,0.3535727537242354,0.10058936787357678
36.01774762868093,0.0512912876777841,-1.4977881806191993,35.43345604844214,-0.6838804862094565,-1.5659839116208412,1.4286033149208146,0.03577063149732122,0.15197927002828335,0.3614702764144262,0.07862742479611157,0.8991446451361902,0.880384691752125,0.10793404025412798
19.994456957247987,-0.44664500791992057,-2.5277112335520684,19.54395764787541,-1.0196729089740173,-2.998712564754734,0.9631284171383497,0.019919420661003318,0.21369342548434414,0.5605330789217378,0.02781916335041117,0.6545681360222264,0.8244704450998523,0.1827475690119911
40.34814677348192,-0.7142650075365367,-2.157438586719662,39.601205567456326,-2.711667260796791,-2.7203975913778855,1.4192904067860581,0.054077069776724475,0.3533204571156269,0.8774621314491854,0.0816628701765858,1.501106083343499,1.0070401932009434,0.07252143477124587
