f0,A0,w0,f2,A2,w2,B,f0_err,A0_err,w0_err,f2_err,A2_err,w2_err,B_err
39.688409960614116,0.38479425370251025,-2.1350003823697135,38.979313114102126,0.2897605704792322,-1.7457691411928455,1.4510693444378777,0.016185133274458835,0.10083282238572713,0.3192835619491382,0.02031817532207258,0.10369214256939645,0.346654829107553,0.0643338181080719
44.148690430597036,0.5231984157886655,-1.438648949454402,43.50167690090694,0.3596058219476554,-1.6376781220327,1.3416486031223473,0.024617382089569647,0.08553652210049711,0.20516965023283626,0.02144825319055408,0.09728015276228845,0.2631169561664584,0.13356014311088954
48.62597617360147,0.08093213656087567,-1.6869305004516508,48.01470428890141,0.1307329148709775,-1.3253128981748648,1.3762283810830036,0.030170261157175415,0.13938586465589906,0.41061767389057324,0.03737447689027547,0.15258607291147563,0.29295314564710745,0.10206740526841258
35.19005328135202,0.08290998520949447,-2.3803028648681708,34.60060763827534,-0.09325858364446105,-1.5358646272983,1.378382549715444,0.014881021107253872,0.12742362149395267,0.42827590313767827,0.035661742553506154,0.13840271499412612,0.3345645050623047,0.11708093120516024
31.068547230425686,-0.08526449653011872,-2.4390881204771357,30.45878591116816,-1.0583758253169855,-2.2085338295932933,1.300386059875176,0.016113334749079382,0.13931483413261647,0.4367908046367646,0.05133343608391072,1.3095459763289352,0.907467868130497,0.14524288594993914
26.701164171157703,-0.7542875237311112,-2.429446584493854,26.127005332229828,-1.6281287547434724,-2.613069442031992,1.144209200235622,0.024241017799381995,0.30210569206528787,0.7190541514586383,0.06773859394373048,0.8654964425331931,0.9603197876040747,0.13366813990614596
