f0,A0,w0,f2,A2,w2,B,f0_err,A0_err,w0_err,f2_err,A2_err,w2_err,B_err
39.549367125221494,0.8827071720146511,-3.450025652651149,38.94360816142461,0.29023794729210906,-2.4506525400847714,1.0438424969486912,0.00631828484176186,0.1828251459345492,0.4300983810146017,0.013336804449020984,0.1234633325208694,0.4013691529774918,0.16504796963281046
43.887148845778796,0.744389636625836,-2.252384311116292,43.26068467933226,0.5494304386156093,-1.7869895423968645,1.068924782637931,0.013559935901938975,0.11012504153664188,0.32167316754914327,0.004839845390378913,0.09264691408003302,0.271843270160692,0.19219669098587713
35.134083651510835,-0.04544802451514589,-1.7677829798492417,34.57154699270112,-0.3100037788321005,-1.8950615089235825,1.137348184412899,0.02702762829868396,0.14984536445500718,0.4051081203166744,0.023044677931723788,0.21422656717551117,0.48385928688662616,0.19372452536921353
48.285222110629704,0.348929005440652,-2.0291481769108346,47.69245413299946,0.22120854245554006,-1.4326479950162965,1.115950175475283,0.021528900315535275,0.11630933676444843,0.362074720566171,0.024047633497046476,0.18824428653199324,0.3385131314122779,0.15250903690182233
31.046660948474422,-0.44444924925268825,-2.425683824422258,30.415211650496282,-0.837855124538334,-2.2907336410358754,1.2020421559090146,0.025297866049839305,0.23574643303388812,0.7566822609491484,0.04665521162173981,0.82523055722095,0.8652408900330936,0.17641362952048578
26.792159256681913,-0.9233548084776346,-2.643487783990323,26.357114568130356,-1.222914590361943,-3.5394358351945994,1.3090763111762889,0.040728977664037894,0.6097609989772134,0.8644885487720052,0.041438143940605986,0.9132247215402143,0.9145486215827061,0.12216629371203912
52.8239482296882,0.17396461781639974,-1.3313388101023187,52.22689165195352,-1.1504626561130984,-2.3712579394499347,1.0196180385189157,0.024795303121822453,0.15367916283984168,0.17736048278524633,0.1019632860032181,0.9431955011090032,0.8421910871282436,0.16690338738923774
