f0,A0,w0,f2,A2,w2,B,f0_err,A0_err,w0_err,f2_err,A2_err,w2_err,B_err
27.0348771750432,0.3453207196142286,-2.3780165560206337,26.52392052790082,-0.08058304729711376,-2.59695243018628,1.3055564559386457,0.012991194951360575,0.10975525227159502,0.3592303479018167,0.014513808658386406,0.14310951042954678,0.552457968364546,0.15631902465151865
30.478359857254848,0.4365066871005087,-1.904524809159847,30.024107718677445,0.3052251921055018,-1.9070740199052485,1.3560412804620638,0.018792882112291163,0.09551069890282783,0.2880901938187625,0.010877323654426587,0.10698525491826102,0.32868695145913435,0.13473706299786734
33.91008586522212,0.12349944363740174,-1.4415916529456692,33.435579287099245,-0.0634459839222716,-2.7384069925829007,1.14586054212565,0.03443821065100573,0.11033676724960387,0.2394081713209034,0.00978552095678789,0.16696135152833044,0.5940622630649374,0.16259622406505853
23.651392033023548,-0.14756019807745413,-2.3475502078885615,23.17387764102984,-0.37180182197943845,-2.7735533589138512,1.3632465283440331,0.017207055716439244,0.1437748560692461,0.4660647887656647,0.01561965152771589,0.19011077078374058,0.5696810352996872,0.12266532302780195
20.442435481368022,-0.6349667782076525,-2.8974445623485536,19.985857474553576,-1.1893754729535646,-1.7533785614546111,1.3327983541253374,0.018431861540727512,0.23657410693329417,0.693376594480187,0.047349457958688355,1.4067347286047918,0.8818034610732669,0.1929110406454868
37.544596685523885,-0.039169318261782674,-1.3812397304769857,37.051947529754756,-0.7567131688968265,-2.4010807090714863,1.0352473423153512,0.02613105333031004,0.1340180193946203,0.19617519131043934,0.031014395753498982,0.47527317877517783,0.8297293562557178,0.16045613599051048
