f0,A0,w0,f2,A2,w2,B,f0_err,A0_err,w0_err,f2_err,A2_err,w2_err,B_err
59.22285150193043,0.7681233862362906,-2.4705753572157265,58.413298063677075,0.4005463616822146,-1.563790798150422,1.1493825180400556,0.00957439732072952,0.1062379291017245,0.29471157649771407,0.006358251206908579,0.0861608842918707,0.2309778802536568,0.13845298840172607
65.02461321214605,0.5832777130501641,-2.335388252174781,64.23508172451918,0.6916411995020535,-2.1524064044389846,1.1172831301052035,0.011958803076268247,0.10503234989497937,0.28622087380005,0.0035344904812180493,0.09146829107986786,0.23434319758891625,0.11374223458244553
70.98541602507125,0.22899391417485587,-1.8814197275853117,70.19781241452776,0.2434424093376147,-1.3616915106386789,0.7992031022473166,0.018465031877750268,0.09217151528543525,0.2823644980696054,0.009671968761720759,0.08812287259251357,0.1738448574376757,0.08681163282707048
53.32451640441617,0.33715469302344014,-2.5225769898276207,52.510926859027016,0.03839739159013891,-1.9865438942474485,1.0433179495015583,0.010992229347930722,0.11495915075345589,0.34559519771446645,0.018148859813905332,0.1174509206843779,0.39324502538681294,0.1334319092867361
47.65465839709903,-0.23118846109687202,-1.7412001406130395,46.87718313805654,-0.40545211836719497,-2.901086467174876,1.1501507440087542,0.031429237470536824,0.1409296675583339,0.3370061530821273,0.013122902178692403,0.17298163136115657,0.5300672501278485,0.11553670061151972
42.08360630645412,-1.1745233182217136,-2.7873233457088658,41.30275089614605,-1.462543544335868,-2.120118638137786,1.129628746651649,0.048212024881536295,0.9595661655893336,0.8136856614860444,0.08118854248833755,1.4004733420261208,0.9628215161032674,0.11542371133271878
77.01547080324646,0.07123803241982818,-1.326572441591024,76.11350377958664,-0.17736178157108323,-1.3535285259291887,0.9793869534170934,0.038239664043563056,0.11086879833193301,0.141392677051413,0.06211113056750493,0.4555408493367793,0.2818952451068948,0.11958884893412232
83.24138284871022,-1.434288864803218,-2.2529982160610382,82.0575331073631,-3.015709525022406,-2.5595323318158743,1.2092854581505055,0.11919509999428692,1.3233865074903397,1.0022685846534338,0.13301998075598767,1.7229987164099543,0.9990229942972324,0.08026090298976392
