f0,A0,w0,f2,A2,w2,B,f0_err,A0_err,w0_err,f2_err,A2_err,w2_err,B_err
34.92154211634194,0.19063248534096797,-2.1361382561284903,34.27872664429434,0.0876693466064012,-1.4200270460942432,1.3073858392370714,0.015984326454549204,0.11273804294205074,0.34467050706786795,0.03315536035405662,0.12117655080117512,0.22155436970384,0.1533979420866978
39.4201650079404,0.3846134198884264,-2.0120744641046415,38.69926445276701,0.2791751446265063,-1.8015843828334315,1.3831308404224882,0.015847995070066206,0.09578557945236398,0.3032683724032284,0.019550138664191908,0.09888416906892276,0.29590814922768094,0.13014164611452836
43.813974889168875,0.3919826955276383,-1.6818445001798779,43.07942059695932,0.3106922413055814,-1.3466490604293777,1.424796931067902,0.022536480772769665,0.09014728711489639,0.2588101860245763,0.035876345486400354,0.10698645720450614,0.17120805057342425,0.09310264248937804
48.23809906595316,0.045278668643750894,-1.3883424104777895,47.55969349930425,0.0426683394917628,-1.335137935566422,1.432424428631186,0.0470775619194035,0.12658591300256117,0.19935568039947119,0.035328478998834976,0.14377629896603614,0.15638457067563089,0.0808818680341696
30.79905129520229,-0.09522996127317884,-1.733202076305631,30.19478618265524,-0.3773562606644153,-1.5311281060552604,1.1906091416179319,0.02788949124663082,0.13943812000184996,0.33304710607304383,0.04420913281275875,0.7444180741046886,0.7212897329053518,0.2054963537641676
26.382119188256404,-0.8424620793968126,-2.1921821663189958,25.85682126499176,-1.866350524638953,-2.3351211990000964,1.2947849497163122,0.04817585723070908,0.46078649520708737,0.8408945341283679,0.06006569336456012,1.389572976597212,0.8342685543074916,0.14940310048271702
