f0,A0,w0,f2,A2,w2,B,f0_err,A0_err,w0_err,f2_err,A2_err,w2_err,B_err
50.00506313280024,0.4505956869328409,-1.9738781859972956,49.20135515495454,0.2741692549218834,-1.3930591059659954,1.353440008291897,0.015900409454237843,0.09263774632013681,0.31539001943271416,0.032579612161162244,0.08883729657677537,0.17027964975040494,0.1250200618714185
55.01532597779399,0.456119845076905,-1.6313856895036936,54.240677764253405,0.380670924470447,-1.457974548506948,1.3486445228608697,0.022042962307994598,0.08164926888805271,0.23561538358899592,0.027366345039036007,0.08627275203233432,0.19773019909607803,0.11031813413477773
44.89724603534935,0.28164778686741526,-1.5468282772422908,44.191416931499425,0.18882937247545173,-1.774584834225751,1.3221821181878464,0.02641599595573719,0.09662852501655655,0.2443101654353034,0.02192610814659077,0.10733931845274135,0.31105888594571424,0.12896118445030091
40.20462059388901,-0.26958218830615344,-1.9332218875203913,39.48896365669208,-0.45579959144396787,-2.190263506198349,1.3753005924289874,0.027267425137405977,0.16401748742301556,0.4823742537133657,0.02879033576756742,0.1881002015731007,0.5008885992327491,0.10368775906983416
60.08068080158761,0.045843947404363025,-1.3831214898298336,59.35523632873896,0.09773271595481875,-1.675941852984516,1.4546765562852224,0.04895009977432428,0.12200674873517553,0.19621262617524007,0.022270702074055206,0.10915671286272884,0.308895462445527,0.05137186924105903
65.16078698024778,-0.1139885479335974,-1.3812885824559604,64.33645828883634,-0.18325948220348984,-1.4401264431558425,1.2777683803517257,0.049526238216741465,0.14854783828479604,0.2282710910249094,0.03228661266599592,0.1621028406179065,0.24184945109562214,0.1130138218552209
35.26708670570224,-0.8303980191729163,-2.1078406358273942,34.61283544028653,-1.66884151146116,-2.2604921810390923,1.2507817733357172,0.045701554484840506,0.4905534961385335,0.7675442992187835,0.0817729864219244,1.3489357258914902,0.8760703460116461,0.14549495186536968
