f0,A0,w0,f2,A2,w2,B,f0_err,A0_err,w0_err,f2_err,A2_err,w2_err,B_err
62.82770542958565,0.2074622138204467,-1.9120045485681374,62.021100996325366,0.048662500493651645,-1.712410259829562,1.0713756857016061,0.018423431369714072,0.09643416317202107,0.27569831040559584,0.023770710617500555,0.11863680425643242,0.3711215955703147,0.11777311557161514
69.20343917527322,0.5035234708986914,-1.8764241578213365,68.39045954323016,0.28478500883018776,-1.292321539938193,1.020365026799789,0.016149125198415524,0.08178840182595926,0.25776002456929115,0.036617433962491494,0.09339678932229445,0.10698305352550043,0.11882255300181722
75.4234933939583,0.4547837634141133,-1.9206801601962618,74.59853476258498,0.16332963374486165,-1.7238804823429321,1.3701589542643426,0.01580644675796928,0.09163701100694546,0.28198062408800495,0.01068057547798743,0.10346390470224225,0.27983806600337313,0.08934142958639713
81.72766357992516,0.3558166683213769,-1.4663797360119124,80.79379884465257,0.19105747125525602,-1.3046674254224673,1.351379969763207,0.02933328770403237,0.09435491594590588,0.23153413686979873,0.04219639684694221,0.12220861330048399,0.1388249921246582,0.09678306671453395
88.0605225326086,-0.39445842486709076,-1.6954671021561745,86.74402355091163,-0.9324414536326968,-2.2179477291285714,1.4309708290187344,0.11991787047912474,0.7207246217696112,0.7074542800569907,0.2237316481443554,0.6580259257986907,0.7512932613121659,0.06414481802721331
56.80889460547796,0.05338640470108903,-1.7913947860532269,55.997059714480464,-0.5507248297532419,-1.64210997065757,1.13654293373733,0.024110616737008348,0.10368914576551545,0.2786904751469205,0.045416344851199664,0.3385742405188227,0.7054568433866849,0.1301742042095189
50.78857649510636,-0.718065516478074,-1.9544363776557034,49.97704989395651,-3.4099068500610676,-2.8072262479226033,1.2018928391779462,0.05020222193882631,0.656539838891821,0.7235488419042663,0.09707435905490636,1.5831472145256802,0.951812527975694,0.09809300495299651
94.48688840348504,-0.8155613836646862,-1.8494982544894265,93.24255372723881,-3.2311101744348933,-2.836810395159945,1.2826598386090737,0.08514425637220314,1.073107656955241,0.7286806550507415,0.149313386914188,1.478245483814908,1.0328927607618956,0.0746822048829516
