f0,A0,w0,f2,A2,w2,B,f0_err,A0_err,w0_err,f2_err,A2_err,w2_err,B_err
39.5953762234531,0.5722831322741866,-3.1314326071751952,39.00335531397364,0.05620757826093442,-1.789007630392003,1.1449206744929132,0.007180037201165965,0.15311277781364557,0.40675701230007544,0.02281777446113641,0.11264927915981071,0.31824036305423736,0.15282723183039532
44.00243908986761,0.680939807786045,-2.413359989258012,43.35851242989091,0.4643424778470316,-1.453308571196613,1.0002197943309443,0.06424356062981973,0.21614496823072654,0.5584070427878257,0.07715370319133005,1.0742214528000358,0.38024186381566044,0.17510740957898505
48.36116063167154,0.2730546557249787,-1.6484776080638754,47.749295747916214,0.14868897476416892,-1.669434087080943,1.022120516992012,0.0212827644705429,0.09472608882559105,0.25804764050184004,0.010309865097595291,0.10542009625308796,0.3110907930855232,0.14546445974694705
52.84791741434108,0.16645263171942873,-1.3703614694263453,52.17409742349591,-0.11094294880613931,-1.4608426028582897,0.9776720271870984,0.034142552683069885,0.11356931817348406,0.20013819837903482,0.01612126135565162,0.15997297656675,0.284104754306736,0.12834178839986848
35.293238338369136,-0.05941065853376913,-2.06144029759497,34.701619729287714,-0.4264467722778986,-1.9018800394921236,1.1466424104102917,0.019260347325461596,0.12787281966891087,0.3766374137985391,0.03407062435967459,0.1852400039568169,0.48068168381113924,0.15156623229447724
31.14686610584821,-0.2986817678692345,-1.6607350789964488,30.521054167469217,-1.0509466319085492,-2.3923585888434307,1.0245630518530016,0.03312416271735369,0.17262795586638977,0.42825800662788166,0.04077323279849617,0.8762727014697178,0.8828585314941526,0.16547621541788438
57.17986590634496,-0.16846570228214472,-1.367047695850537,56.392723881033994,-2.472605004424681,-2.646784331093111,1.216304467831554,0.05483639174455174,0.20984687063048676,0.40735163645246936,0.09831464643239202,1.2631991794251358,0.9915292143994726,0.12071530994521405
