f0,A0,w0,f2,A2,w2,B,f0_err,A0_err,w0_err,f2_err,A2_err,w2_err,B_err
32.05818434591842,0.17897367565426672,-1.9643112644821628,31.482658641764917,0.15160344737258455,-1.5748142257779016,1.2846079232437153,0.018959538891101035,0.10947396591124607,0.3417130965937038,0.027593942421320714,0.11113529167379088,0.29588560240692857,0.16450383249477527
36.17418754724478,0.3849788226135754,-2.3972574330657865,35.52964043193229,0.29506111318143563,-1.4736137411611492,1.269289971143173,0.012422200168571885,0.11577294951690767,0.34908627932669384,0.025601019399040064,0.0962019875503316,0.22590868640604647,0.17587998350494852
40.256270805674774,0.33777431734803554,-1.5937424903175577,39.669701955636505,0.15695145602692234,-1.4405350441868048,1.36871418728237,0.024437494112984005,0.09519467901752118,0.2548112050574393,0.029029197854744,0.11576449894823732,0.21580092931142178,0.12238659301242191
44.33359606163178,0.2733095880314141,-1.4963031500726243,43.75091754873296,0.17114648254896353,-1.4734981861143255,1.289822906567681,0.02968492462071496,0.10559350089325373,0.24517747561310374,0.03037238785654961,0.284485236821232,0.30034981591655724,0.14577365745687523
44.34092217929978,0.25173042660237865,-1.5110447326490635,43.749775871770396,0.18704509735291497,-1.440449282786291,1.285583545127026,0.0283579690192888,0.10752101594176751,0.2377325277022019,0.024735996747693445,0.13221709724876893,0.2876122697225019,0.16145172887089307
48.59147415431798,-0.24895538090241554,-1.7305050652894207,47.794042253737366,-1.444801313150228,-2.1082354763976183,1.4076630156695535,0.03679038701004597,0.1589490271620446,0.39637390364522296,0.08671648918273923,1.5649491511323035,0.9976787991433401,0.0920876016079664
28.344645463993402,-0.24367072343451135,-1.8088355825384508,27.80906112757032,-1.7487454835822098,-2.3628183821804956,1.4299228547924696,0.030540426261426997,0.15377250565651557,0.4077004628294637,0.05860801690029179,1.6120501668191365,1.0136383326269858,0.11143793343085566
24.2901291813172,-0.6848209714192035,-2.3654183529998156,23.808716817059363,-2.105986264442283,-2.665675662756891,1.310706682551877,0.025728470044745527,0.2794623007998573,0.7416868500599821,0.05496419641305935,1.2973374236406265,1.0332346503715153,0.12908536494463377
