f0,A0,w0,f2,A2,w2,B,f0_err,A0_err,w0_err,f2_err,A2_err,w2_err,B_err
24.014995096787757,0.5025409452400899,-2.7759884297774526,23.57306803907811,0.33936764865173386,-2.9047544678278596,1.0462249153286702,0.009080631332076393,0.12363411750620754,0.37020841378897157,0.008999493467622502,0.13338710051532232,0.37261488383754765,0.21102577043429027
27.02167696882993,0.33448608880636743,-2.157287958491727,26.58271415214811,-0.096786835294647,-2.142652290312074,1.3079128685569212,0.015324323024372907,0.10440715679389607,0.319201826507192,0.022156142467718135,0.15775424688338,0.5376932031217619,0.16473393737099873
20.92417822688988,-0.15199777816837584,-2.439372279006657,20.518932728179152,-0.6205749545309371,-2.290432929947471,1.0610995944974342,0.014594398666529096,0.15271735532435965,0.4975685795668004,0.026191995884919286,0.46432739024635494,0.7083852498223656,0.20635525122528864
18.139710336368747,-0.46724366397437234,-2.8162624395466436,17.693861877091592,-0.43860623753846917,-2.655559590705356,0.9871110358543521,0.014320458532558051,0.18985098836396852,0.6528817227653567,0.008271838237482667,0.18816004120248006,0.588042170405933,0.19353626159021403
30.066506793437256,-0.08337085327903766,-1.5725113668674824,29.66883265137566,-0.2834983764321476,-2.704991872952437,1.037963747554404,0.029854235449479388,0.14051856550932432,0.33961588975261126,0.008491189259032677,0.19280412495553423,0.6857993886585826,0.1656986142854496
