f0,A0,w0,f2,A2,w2,B,f0_err,A0_err,w0_err,f2_err,A2_err,w2_err,B_err
36.517784084195576,0.597776544530033,-2.61951933640733,35.98922964357919,0.32802400483140187,-1.592715070677339,0.883144124592439,0.01036335062998508,0.11501454165293747,0.3105193840851252,0.01026317771877335,0.09666771251469383,0.2607748196109309,0.17332135456824874
32.85149421430077,0.20106473405355219,-2.4999460307425374,32.32316262918114,0.13945367645551301,-2.2716960439994587,1.0268097134738112,0.01314303529297793,0.12413330404253398,0.3932264606649682,0.014360204125333691,0.12782873765153369,0.4327284204087039,0.18044216248987235
29.185051666840508,-0.13909446592226948,-2.503665706988189,28.669719908066853,-1.4041180198716305,-2.6728750468256024,1.3797760951539288,0.01575048917843577,0.15297829948474814,0.5211420642862598,0.04849425378721433,1.5232571732956737,1.0374152736551407,0.10793824492233511
25.799775486908047,-0.5874897494398638,-2.1742731206955224,25.265843955143836,-0.9485183870970337,-2.6415977734057208,1.2207914902817405,0.031097413323572527,0.28240332109633937,0.622409289085344,0.03152914815307327,0.767991991733179,0.8897590365951384,0.1679173107518935
40.11951785165177,0.42284793397194465,-1.4668766568831055,39.612939007190526,-0.12835358119065204,-1.6872337788975431,0.9368370521790795,0.02763069715518969,0.10111329405937979,0.2259640628899539,0.016892323334394357,0.2263072047455883,0.576121961743851,0.1583556530260387
43.908343324605376,-0.3630566622793354,-1.7485067067133289,43.39010293422745,-0.9799284405220285,-2.088401921199514,1.351622722768755,0.057920064767618636,0.27803217567915656,0.43653360887372916,0.09585995411456957,1.011917910186174,1.1565995188616967,0.13792130059288354
22.148637236258377,-1.2250095611248077,-2.600713184729768,21.673916500677752,-1.923830613077695,-2.5062192722675594,1.358982079227119,0.04358225534570605,0.8549567593979949,0.9262446731989086,0.048472917268596545,1.2763949966968389,0.9140053080160536,0.11223805774580914
47.49968671704978,-0.9225362046440553,-2.5209654360437996,46.798670053470886,-3.463015055456748,-2.729526404707327,1.2828398477881993,0.052485008920983865,1.0231631848935854,0.9863725528002428,0.08701548094373833,1.4534681987186102,0.9475219529476733,0.09984979316190297
