f0,A0,w0,f2,A2,w2,B,f0_err,A0_err,w0_err,f2_err,A2_err,w2_err,B_err
30.465901550325896,0.5305149069393174,-1.3879687114693293,29.81460674885557,0.13480539323654733,-1.3255300943865405,1.4031092472995976,0.03164708857641518,0.0907140679589313,0.16368437931909102,0.032797363433394726,0.14774141708761218,0.1729892595564169,0.12932261694787434
35.156775430307064,0.30595551432422186,-1.761629515241815,34.42295663682561,0.30477431245931785,-1.2652414629737496,1.4346062254972676,0.02104949089624956,0.10376661599492189,0.37273815461714344,0.028603016277626007,0.139880532093959,0.17108405300650778,0.08811524109356045
26.314544740207744,-0.11778721227792766,-1.46117950293007,25.739287572979116,-0.3361570248276939,-1.4159734428915882,1.3863951929817593,0.038808085483059425,0.1706301278480356,0.32288666958011314,0.03945106920562344,0.31188552057209834,0.43317368016133595,0.13064446329517287
21.874877533457887,-0.6435661182115018,-2.968008449771213,21.378463627757473,-2.468114982937866,-2.590378034712936,1.3141550459158846,0.01625242312599532,0.21212308998642687,0.5726804403821588,0.04908764370946304,1.6983417408629975,0.9911972952813561,0.126761053485495
39.634293832458006,-0.10171311086469573,-1.4744766814407557,38.897395687117275,-0.5864956202876175,-1.4981388549865355,1.4738815642021037,0.03852173082785323,0.17494579435599422,0.45502633208836724,0.07106382986175441,1.39314445903681,0.913484378667805,0.03651087693673382
43.92737201395597,-0.9785207365004491,-2.0250199012241685,43.23637362078187,-2.377983551805587,-2.5973053787917566,1.2392290721959731,0.09274627627140813,0.5561723543704667,0.7148840842994624,0.09861880311035251,1.2170806285025317,0.7372742351048289,0.10897361698726617
