f0,A0,w0,f2,A2,w2,B,f0_err,A0_err,w0_err,f2_err,A2_err,w2_err,B_err
38.2803446988829,0.33010040525990947,-2.0063450096445123,37.64221444589837,0.2282380729248219,-2.3986980739071733,1.3972991486672617,0.01600947643749777,0.10050282385800934,0.32548140055183755,0.01286578888879659,0.11985159283714045,0.41316742287594754,0.10560457994906591
42.60468857754752,0.5763412291050538,-1.6358728254414967,42.02039580133713,0.2272572780649834,-1.4659365007019025,1.4420149992411764,0.02230925349744624,0.08932653341210785,0.2636880194104558,0.02354571019280944,0.1724397364529004,0.2972168024200848,0.06907923321816055
34.00241573546916,0.2512558413756774,-2.0763254598307883,33.44034426110475,0.06911841338195665,-1.3674023824203585,1.2271906740125855,0.01629556936030813,0.1052945841583052,0.30044086892996336,0.04126586536891876,0.1298998216241865,0.1836108879245353,0.1761140302185677
30.008721486966895,-0.27084987169009134,-2.3116013003867337,29.392469849799973,-0.6973433373809182,-1.8753105103469483,1.3096428361479815,0.022159088260803365,0.16317219810825875,0.5660657421434189,0.04572278804029981,0.6191318098538078,0.6649716361150843,0.15061607245677133
46.90195993508916,0.19724023706473243,-1.6066277292838342,46.29568814544852,0.2531801145046381,-1.348860191529031,1.4090766922462954,0.03884235018876165,0.18347717431842664,0.4162214593945426,0.05903075678113916,1.4361397369638638,0.614648772587935,0.09754943184010899
51.403866218829485,-0.3005804435647073,-1.5809114021467683,50.748446532685534,0.001002907048981344,-1.3631232814518666,1.1309718616685003,0.049870111612032454,0.21155901564846102,0.4449495139630104,0.03207358940895777,0.24249596885534358,0.2525157626476178,0.15288603697348668
55.38298358857416,-0.915139551381275,-2.23436331303705,54.57448564918636,-2.744067851017777,-2.8726142002996164,1.3064940396788156,0.07024291847398864,1.0508290162915066,0.8846305546507555,0.08730371886673602,1.65959991754067,1.0104218321869232,0.09648135059918168
