f0,A0,w0,f2,A2,w2,B,f0_err,A0_err,w0_err,f2_err,A2_err,w2_err,B_err
123.63590220983497,0.9501737142898302,-2.3530812030675885,122.39597478433566,0.7490638225732146,-1.7306908652432582,1.041529841956173,0.010301268398042273,0.09974629273552509,0.2573014486317043,0.006497279511347326,0.07107888707283314,0.21114804813300955,0.08104672322682452
113.59832202846539,1.1767965073268165,-2.9963225749160403,112.30385156753658,0.5947075680161801,-1.4488982862817994,0.9131352429806888,0.006906383711247323,0.13847905060668841,0.31947361215795983,0.019791400239307644,0.06891382204316915,0.17698869706207995,0.08001835488326596
103.44185449920221,0.29110977751293543,-2.239007744734484,102.10303227211097,0.06911031247736514,-1.8844054997875772,0.8949524623961547,0.012635717964977287,0.09943887294379054,0.29682741814320335,0.01845190744911983,0.1010692768415143,0.3432596292295448,0.06964946286300447
133.80551199675813,0.5676858873955516,-1.7453069392094298,132.4235155034514,0.5055169032089665,-1.2828067871799762,1.3788156791345267,0.022275030249726775,0.10243127509573076,0.24807775044981573,0.1812825393536175,2.000011875413155,0.6357745371206786,0.08999854485456205
93.70273767242452,-0.006811228805774117,-1.7321937397258846,92.35907115353197,-0.3780773981683285,-2.3000947164666483,0.9609859655035805,0.02212040381860645,0.10462432547829016,0.3132229632252664,0.022411175565797085,0.17349686187184607,0.6908366413868317,0.08081914737437432
144.07919955935603,0.06531588261737664,-1.3087221583016,142.55255603453674,-0.1573881316610708,-1.298770486254535,1.3050325209895153,0.047590500091803344,0.11689023844251947,0.15119397632211035,0.15594637788787555,0.7359625788197737,0.8836635525658338,0.10741672606380215
83.90072028151238,-0.7586635986433667,-2.426202190889213,82.83513764078504,-1.7212237366653254,-3.3818448647440005,1.021093724790164,0.02821694966445823,0.24060010241288057,0.614278662470661,0.10708998274811604,1.795027801936306,0.9613413237925879,0.06163208672024962
