f0,A0,w0,f2,A2,w2,B,f0_err,A0_err,w0_err,f2_err,A2_err,w2_err,B_err
36.02524218999062,0.6483391768441727,-2.529085100115062,35.47639285072644,0.35339431925743475,-2.771066919316684,1.0135959787004567,0.00991810405934142,0.10853466104044236,0.2880669127016478,0.009557289731427917,0.1328231210727077,0.40765948434254834,0.15544571377025554
39.99817478767881,0.30511679039652617,-1.894901538721966,39.46375538980132,0.33761444864362333,-2.114991489585205,1.050078583968643,0.018510570003451677,0.09866313794896477,0.2868055566172328,0.012204866720386993,0.10169023206914764,0.3000284058391892,0.15922028237595426
31.98843019731899,0.10894554622783624,-2.509412476985113,31.408199314523436,0.01343034602147497,-2.243276508049877,1.1461117681298303,0.013383906520028811,0.13606942664853486,0.5411508003633075,0.017819297200751694,0.12489963108140714,0.407894603418092,0.18173722422423425
28.158595396652863,-0.11981824242799033,-2.4115091967279674,27.603895252347662,-0.41497979564666365,-2.2792316550832137,1.1327649757718166,0.015840436910785995,0.14434601579537884,0.5180457563005018,0.02210906781525645,0.18848102649362164,0.5140247295877451,0.17738570900512599
24.273165239565763,-1.012381897999566,-2.9889279217471914,23.728402635976064,-1.200971232398944,-2.504582002698243,1.1872573758092941,0.026665034264381875,0.5654293019127189,0.743123378928657,0.05210940182013816,0.7500037253310452,0.9483361590279981,0.1497040284968995
44.129444513232926,0.07478567821909105,-1.7048899706229124,43.52435276629418,0.026751398704577843,-1.872297713752249,0.8179017795941756,0.022648719929763455,0.09972146177880141,0.27414832391005994,0.01688569089014812,0.10978116712643884,0.3206750826578807,0.11663585429079944
48.28124608532333,-1.0267330524694058,-2.653738012017567,47.644357765641445,-0.21632197546149853,-1.5083036117299422,1.02782079400212,0.051951284271606765,0.9121330104216232,0.8889648596122185,0.025159602973013315,0.14671076450153137,0.31297089487085794,0.11887882420060408
