f0,A0,w0,f2,A2,w2,B,f0_err,A0_err,w0_err,f2_err,A2_err,w2_err,B_err
49.57899499686286,0.5194442373080254,-2.8382877680326315,48.80482367241538,0.10033437831739869,-1.9916771982938484,1.1837852667890723,0.00977829190746747,0.15328044426384263,0.403812947229103,0.02201226109277288,0.12867384868360263,0.402084502490945,0.14511139824621427
55.03749022595842,1.0045464262894037,-3.221013970920496,54.29703490913965,0.5243649497379369,-2.096069628534022,1.1779632253334558,0.007127751651211261,0.17287107068873717,0.40366220975557615,0.0156472302568291,0.10579493657152199,0.3150308540574188,0.15056011371101302
60.47122424111973,0.7128595492100199,-1.8888168534649616,59.661491905828576,0.5536700314602805,-1.4473661099232848,0.77762728625289,0.01699528204532492,0.09471887642285437,0.2841722372275873,0.0037512502624914086,0.08202208135127317,0.1749554274000805,0.13809113289184233
66.11726434400298,-0.06797634248538281,-1.6874589023112834,65.34132166864636,0.12014514572939641,-1.4300524130589622,1.3392819458868581,0.032741126565153794,0.16184873387053683,0.43983729835755014,0.03773830371018559,0.48615786735928085,0.43235609952305,0.11395905594340694
44.14554928167802,0.054575067409957725,-3.3889048474174905,43.46365460460018,-0.38305490894127614,-2.3318189138314747,1.2743324638441962,0.008440121505708085,0.18038369669581,0.4960651546324731,0.02679237805140718,0.19987312339570218,0.555253342003175,0.11872954956736556
39.05957294323966,-0.7898919621861579,-2.2351158162679825,38.33109241452065,-1.7153482401002649,-3.2038077300690766,1.1168466812790583,0.044187151026105397,0.7951380772642188,0.8161687957869571,0.06714897586945878,1.4853911179080774,0.9804817750201459,0.133780306631322
71.94872340836093,-0.4229134120582773,-2.243170265295613,71.03206426169481,-0.35011250681363404,-1.3831757402149822,0.9286598605043088,0.027429481074782724,0.1853873391823857,0.6364523388169672,0.06721649630013538,0.33053520114845447,0.4034046064792193,0.10630699303908717
