f0,A0,w0,f2,A2,w2,B,f0_err,A0_err,w0_err,f2_err,A2_err,w2_err,B_err
31.614360390646347,0.29529946851053024,-1.7480248478961737,30.991697153484793,0.2071780341080252,-1.4745556702483114,1.1758048438581548,0.023897598474334737,0.10905880688908913,0.28448995196246474,0.01199337778322956,0.12779114017759946,0.25099379802714095,0.23761957989975727
35.639928886932694,0.48080050306370214,-1.6059711522596307,34.97568928752532,0.21630927863150198,-1.4314256897046778,1.3990811812814328,0.024584362448489293,0.09823354348135376,0.2574375018669145,0.035124286663163896,0.12567473328387907,0.2406920808198193,0.13067281230873554
27.62735372294622,0.33766657828258106,-1.4964199060913463,27.05083522405888,-0.4224359917101543,-1.7777884739979883,1.3960796232600632,0.02815045006645351,0.10825580946531921,0.26101852729165753,0.04296776799614673,0.5907047493225525,0.7140214834202556,0.13447598361346844
23.87283954010095,-0.6776900057921866,-2.0273947833247377,23.391770610475348,-2.1836771571375477,-2.469938861548353,1.4304811276565133,0.04857072876471461,0.3809734156612875,0.7348690189944815,0.04919089032279784,1.602527379344979,0.9781631891581928,0.074930834641785
39.7538159940314,0.26701055036992444,-1.4563667170114192,38.98821531471378,0.18202943830730653,-1.3494819235187203,1.3582224115856352,0.03534145248373117,0.12975086414168185,0.26034956190983505,0.029114403757918957,0.14833420209540382,0.2331915268653043,0.1412388083998192
43.81910720557099,-0.39785640260159405,-2.1962053541547624,43.183530589029296,-0.3125984302759855,-1.5525845738777844,1.3866837461249624,0.026694565261429652,0.21184847980522953,0.5851084721062262,0.04836141760098104,0.27510178677657027,0.4155934384318188,0.09818542670765358
47.837542622830654,-1.272906282672646,-2.358343467979421,47.0016885281163,-1.4327810285008673,-2.3425994242348116,1.1357376232578291,0.07606676801333742,1.2849916797046115,0.9345282697172285,0.07819763209546253,1.29289024953991,0.9924753832008076,0.12990669529293974
