f0,A0,w0,f2,A2,w2,B,f0_err,A0_err,w0_err,f2_err,A2_err,w2_err,B_err
30.614406210221855,0.08732020355491843,-1.9855151604589139,29.937252585512873,-0.4234423947527213,-1.9298282146589956,0.8850887851457578,0.017135771774165708,0.12231285807172287,0.3936832555831617,0.019971289283887847,0.19947539144182735,0.5060992964507002,0.2108233078067876
34.68509470860692,0.23471549411812545,-2.3218848997027406,34.048456611175624,-0.27865585417768657,-1.7679464083859515,1.249419693739029,0.013845254054762939,0.11154934154141566,0.30307735903502875,0.025871336385447127,0.1855452138324036,0.4791833777120521,0.15550993038773636
39.14157741338056,0.4852018826265232,-1.8890577452234836,38.43444836623414,0.3028744754959214,-1.59375465846243,1.162705140901089,0.017612459526360365,0.09217086359770597,0.26348938053532833,0.02232075190008267,0.09535239999968204,0.25637039224923075,0.19864802492665537
43.518212682020284,0.1916731435739983,-1.7206782949671262,42.81978700763392,0.15615520208846734,-1.4990745752578019,1.4313664532359225,0.025307425558199204,0.10528239918179036,0.3088976022449907,0.029960026229374107,0.11184470269057095,0.23951548437629316,0.073037813600732
47.90401388251871,0.24534247640678364,-1.8645855666789402,47.25817368672615,0.030854980494036763,-1.4980539215716502,1.4474328374031136,0.02011757002502718,0.10555806783731977,0.34178419354008743,0.029064889248848966,0.1200820806015691,0.25602905501192375,0.06195617503482371
52.41024067050695,-0.4312509846729277,-1.4895228021865166,51.762015486936946,-0.4861485735836796,-1.7847506374633633,1.403683190074549,0.08554064714612881,0.3980009211507398,0.5168795990803623,0.039565722477117246,0.2897766832335295,0.5781653789406167,0.09014534227954225
26.306649971354638,-1.1917207019434293,-2.9623383342444605,25.791721967839234,-2.857667351268434,-2.6031402517892483,1.1926377270388944,0.03584751669408809,1.0914761141781821,0.9083101718566685,0.05903629569709826,1.5034872330420361,0.9798760432529254,0.11845236671475762
