f0,A0,w0,f2,A2,w2,B,f0_err,A0_err,w0_err,f2_err,A2_err,w2_err,B_err
39.498248235302505,0.4117763641884502,-2.0422847924548986,38.84789283158251,0.04009974352083834,-1.481831365834282,1.4261660745040212,0.018267773060723864,0.1173012981587386,0.35095280023977016,0.04041362667169711,0.13960604580391517,0.2912586599755255,0.09504840517839087
43.523380091633456,0.31315470084795927,-2.1735217134699774,42.963121890951854,0.4824192899882933,-1.3077899929324763,1.452839470663467,0.021328309768622742,0.14583528911357246,0.48438652102784885,0.025053562108067313,0.1407841628305369,0.2694733901439725,0.05874559146445474
47.574135553215896,0.030674259531571574,-1.6020876536548312,46.92448492436611,0.3197492705257823,-1.3262171824874138,1.4146598239554862,0.03988098100859596,0.14417934007530842,0.3170657250128133,0.03614233587363107,0.11060233929643964,0.1454515826063978,0.09245623283146572
35.506315415511914,0.2094097589638203,-1.557676339886619,34.873174119170706,-0.037011969283869545,-1.5292249304520884,1.3359866464781482,0.029004024866361368,0.12156654988274951,0.3014303524459314,0.03402063377746174,0.1795669240122179,0.3810534402330266,0.16490408094897824
31.623485478530867,0.10374888053246892,-1.574014734570346,31.128040965707207,-0.9262845100821848,-2.0378019133706387,1.2538120591044772,0.03046373843186218,0.12311014225939666,0.2836989663034031,0.061409130910642984,1.0164843154536758,0.9109767985052174,0.18655972001707632
27.82934720927227,-0.5209059524597481,-3.364463583320286,27.21701606618937,-1.2413094617691383,-2.6822950738624716,1.039700774897676,0.011385875535162853,0.21926884423084272,0.5749548446040577,0.05384009692397155,1.0965808572469793,0.9137278581497924,0.13908505979352495
51.68547208218043,-0.4525432741086548,-1.535737498820114,50.99090794734673,-0.9357566036281226,-3.9394853816072004,1.3914059072871585,0.08008437887903722,0.5365567196478842,0.541738566510249,0.053201245908563635,0.47660074903348837,0.708214255773617,0.09315667432111915
