f0,A0,w0,f2,A2,w2,B,f0_err,A0_err,w0_err,f2_err,A2_err,w2_err,B_err
48.518357574769134,0.23768853944232232,-2.297475534183765,47.856361737281084,0.12929638702536922,-1.5353796836002775,1.2748051326788232,0.014447376150485509,0.11541364897222653,0.3829525295247612,0.012310551858712675,0.13152435050594968,0.341615666439894,0.1390322829284071
53.461892028775466,0.4831034095248248,-2.2247422770934726,52.77744492741526,0.30876860852062976,-1.5680328449664194,1.403069987121772,0.014343643063147674,0.09735924638274264,0.3199018831549147,0.010309445761561729,0.09527982558889551,0.26484085356547055,0.08473151153097566
58.31092278639354,0.5582363725111994,-1.4292931292565767,57.5926696832516,0.1177045774735061,-1.4171991159820827,1.4112256827071445,0.04084343044912977,0.12693105001867325,0.21270129474251892,0.0865965045813577,0.5136589494405007,0.31192375176501297,0.08220778627416343
63.14005054099285,0.4026569962835408,-1.31836433808374,62.303984328074556,-0.5120590273914861,-1.5488865405281684,1.4625780254240257,0.03995438616858784,0.1433566217594696,0.2288342225592909,0.12959453474223462,1.3900336041133732,0.9535789820294394,0.04726549230529004
43.76242169455313,0.0385647461655772,-2.3130253233286253,43.11589941278017,-0.15339413998556026,-1.4555660780559292,1.2581568988917764,0.015495530872982964,0.12435292942563637,0.3756808593509755,0.0458442062432539,0.16799427363065764,0.3403880314401728,0.14977072151856596
39.18791690991865,-0.4289767753781142,-1.9829414329801724,38.48768156693457,-0.9347846419092434,-2.1653733432321864,1.1748221010470097,0.028529180864916865,0.2043432630215842,0.5187631537201377,0.05075751684617821,0.9193904187258602,0.8211796760363557,0.14516722765658402
68.26361501910382,-0.31269877402053636,-1.4189283303791407,67.51144424487815,-0.6795981415239518,-1.4859553309411864,1.4173241911053747,0.05610336518673616,0.22240082404296418,0.3929476148728781,0.1149670976326483,1.102229014442147,0.7887080345925559,0.08139766110479267
