f0,A0,w0,f2,A2,w2,B,f0_err,A0_err,w0_err,f2_err,A2_err,w2_err,B_err
33.591907617566164,0.4797149559373652,-2.1979705172696278,32.96472601623499,0.029208560672126804,-1.553264719788271,1.4080002179447284,0.013920221750964003,0.10441078480957401,0.32355386132106645,0.026022800152792906,0.12819625151182792,0.27082480442802737,0.10457910630739758
29.667813244245338,0.06276701845499494,-1.9488475943819985,29.04641815150249,-0.3872170485223201,-1.6684037616831138,1.2714170244691927,0.021605546484447236,0.12397458486081947,0.33808427025992005,0.03372040305362459,0.2813307638281204,0.4987927257628016,0.18721815357214724
37.925130196270786,0.4663363144068307,-2.1073319614655377,37.29103235629411,0.2237086636569155,-1.5591080514524043,1.4174682418187494,0.016557933187057842,0.10135389179482582,0.30795299622879513,0.027295407244728835,0.10757380014378606,0.26595051510268725,0.09126435716028634
42.125541296159014,0.37928935912294975,-1.472325201375789,41.51784499043732,0.47113917475344963,-1.3621249855358428,1.4276272929040905,0.029362105541922836,0.2355302325869744,0.3103787982325122,0.025723101410612972,0.2677297857793165,0.33598276867122834,0.08386832709358594
46.494386854818366,0.27263560848379054,-1.453949090831809,45.84177675324082,0.06892738616794718,-2.308208095025141,1.4632911815155858,0.029388208527865025,0.1046488571551793,0.23166425881305303,0.01728320944272512,0.15198536840726962,0.5978031633072174,0.04408558513306771
25.470463271101096,-0.8809813914346445,-3.0540253943510534,24.9861163665107,-1.3979504583434745,-3.2804105068941336,1.440883878772287,0.02623827959728187,0.6527033160350846,0.9130432319463044,0.039564877172206546,1.2663489727810835,1.0359362957619083,0.06368610166780281
50.83713410509043,-0.7331797236931089,-2.2267688218920174,50.05906455738546,-0.6145069868487778,-1.831075458840263,1.4550279318432597,0.049610395565915996,0.48168791161306423,0.9611475291293835,0.05144385871314278,0.5479614753117116,0.7790818417807641,0.0556379716063811
