f0,A0,w0,f2,A2,w2,B,f0_err,A0_err,w0_err,f2_err,A2_err,w2_err,B_err
54.990435971054964,0.46848177742527,-2.68322498757181,54.19166469682409,0.08681190298264879,-1.4570126178824976,1.4579283294380616,0.00990434429349067,0.12428181014573184,0.3509741199862137,0.03382485228614795,0.11471700032255791,0.23772315579341619,0.04628395794408946
60.556590426498765,0.7087757834937776,-1.3601471232383908,59.7779310975102,0.48539224400064673,-1.7455128495834784,1.4711537115842108,0.022538688161674744,0.0858404938640446,0.19872035518199552,0.01931157860831101,0.10149207488027132,0.35577872626075896,0.03828746093371548
65.9918968362255,0.4651606802857857,-1.4363999830093968,65.16783013951495,0.3757038307642759,-1.2825339052618745,1.4332184123587324,0.031041826172166855,0.09549281020096455,0.2196396992269836,0.02695969116775902,0.10920791927702513,0.11658417952769128,0.07085317008076125
49.54050987400722,0.1495485008296908,-2.253106184190033,48.77466197007494,-0.2929289818371404,-1.7358600901468075,1.4069726883037579,0.01516443148061281,0.11714854542474033,0.3579859046391105,0.034146928745087485,0.19637568053138527,0.6035900828317514,0.09309604047140925
44.35980128202753,-0.2318299064631674,-2.0057317338289637,43.53170259642314,-0.39129757165180074,-2.021590763815415,1.3153489953919726,0.02446141931001279,0.163112068465244,0.4979531509329152,0.016294041064713088,0.2122563476156447,0.6662523106545021,0.13896465336660938
71.77770365788834,0.015644659536686936,-1.3983763338768544,70.89803575847773,-0.1491369145046082,-1.4257986014557238,1.3590533021280886,0.04387415364395776,0.13444536959942363,0.20170443037852262,0.03882769680269096,0.16564176322964683,0.3374046527927734,0.10331700720776299
