f0,A0,w0,f2,A2,w2,B,f0_err,A0_err,w0_err,f2_err,A2_err,w2_err,B_err
23.317332723205705,0.3299052147618822,-3.2480730808679925,22.897334872295207,0.27251670911235176,-3.0494246736592707,1.3525623701218314,0.00689662418593444,0.15273910919160644,0.4191807934561166,0.008679611134401315,0.15743649892632183,0.41938916260699755,0.1180871355543008
26.24996987864792,0.5333197095151982,-2.396755942539154,25.82093783131092,0.35036810728079076,-2.4324295778646423,1.2125179435449929,0.011290562700308588,0.11554901034139173,0.34473857651179446,0.0040212792700181,0.11087891062664158,0.3245540182229149,0.18691324473924556
29.169090965460178,0.06921061459425984,-1.538588019478433,28.749690053271486,-0.03661826451753801,-1.9680606590210648,0.8792786014628788,0.0346064407042916,0.13687498424054717,0.31232539277288435,0.014528733728659529,0.2610395526107182,0.4277727849101826,0.18077079586693226
20.362544983577088,-0.017388257878376025,-2.3703654470688607,19.96215003804543,-0.43085943070981425,-3.086622104127905,1.0282792553927425,0.014350205384263013,0.12520195946566726,0.4099973153638221,0.011631061426561798,0.185647636501184,0.5656993005203442,0.1859562257876834
17.6409240995124,-0.5011767421244386,-2.714941066981603,17.213336220000365,-1.0020862648733262,-2.223398838631239,1.225184476413762,0.016368421053397062,0.21307264075526647,0.6958236631554553,0.03687089477927889,0.9874637495697232,0.7597515325060152,0.20713336266993387
32.21269000020046,-0.13024752576658816,-1.4472253922141445,31.717887756770118,-1.2381418332709297,-2.262992862388473,1.2760305018281377,0.03252261290096704,0.40922466614205144,0.42940090162493555,0.06404964012503758,1.0009462198495833,1.01909099348227,0.15609369822096122
