f0,A0,w0,f2,A2,w2,B,f0_err,A0_err,w0_err,f2_err,A2_err,w2_err,B_err
54.799884925398715,0.7335302955393989,-2.6208892333595104,53.963126185727084,0.2321126535633076,-1.4607973074076717,0.8405340740058238,0.010127518882584561,0.13254962662718192,0.33485226308594446,0.027958952838354752,0.10789091599337179,0.24700003554997052,0.14103503377257734
60.7567120983193,0.7268439264381437,-2.3599081225874543,59.92435991359105,0.4498114284566666,-1.7737518439152915,1.0289628589916195,0.012719812549960836,0.10714327547041219,0.2898177491198378,0.008824141655652028,0.10172541009738358,0.3264105178606224,0.16187948468447763
66.87891097208535,0.46163789690383283,-1.8462581524752628,66.09387819424308,0.2981331937544578,-2.12570975340219,0.904771691387436,0.018244836605931656,0.092903943641585,0.2612301317209534,0.015680215931685882,0.11028207915188479,0.35525290615558097,0.10573987471136449
48.755472050236285,0.2520632919984851,-1.972567154119948,47.89600428495955,0.043617880702582816,-2.6080080446220757,0.9453865202010978,0.017291833124529792,0.113956486536443,0.3484718608390245,0.012691350563007383,0.15423972318709223,0.4823784111609372,0.14577585122133202
43.09420575309152,-0.6284343298479149,-3.164571450267978,42.30459315045523,-0.5101618189350984,-1.5178041808392482,1.1629315144788352,0.014897699146001033,0.2355983315699217,0.6692171805844767,0.05367755873398272,0.5927757359816509,0.563854700682404,0.1528456279798046
73.11578346355157,-0.24041847040563877,-1.6959704643751201,72.19521840572602,-0.25784721362366403,-1.6228390230060328,1.3051318190880286,0.04804907482221083,0.41727689108665744,0.46793118319075955,0.16573930856646865,0.5889328975156498,0.8089210753250328,0.1239647838615237
79.44966210902861,-0.8604509948479226,-2.841947897198986,78.2617508854635,-0.8968696736295999,-1.8110532284872374,1.021442946554862,0.03638454749199716,0.536003618003165,0.8258843042414663,0.11114864607946175,0.6617211221967737,0.8269567697485923,0.08740875634569413
