f0,A0,w0,f2,A2,w2,B,f0_err,A0_err,w0_err,f2_err,A2_err,w2_err,B_err
69.03380255631944,0.5975018758606598,-2.4727105645504777,68.12205563628261,0.10487848713153172,-2.2399395298817337,1.1232289140725222,0.010117783476459303,0.10436668845174679,0.3167633469510091,0.014454519996857701,0.11608771053091183,0.40212716910857704,0.11735650684531818
75.89371682151716,0.7077020684569738,-2.1972431540181487,75.07072608813644,0.5495205945472676,-2.1446730272274923,1.1478347171995527,0.011776793842839592,0.09058980899768362,0.2365659887107549,0.0107167411713164,0.09482535506727245,0.28839763143847313,0.1069867419028879
82.65435298012507,0.6002978149769891,-2.2590878026497143,81.72793786503257,0.6694461506808272,-1.7271848524654136,1.3718821020564234,0.013115086937589103,0.09344758251483615,0.2547271355381706,0.004362769158759166,0.07687124813135018,0.23204287108412616,0.08591384178619535
62.28887951965923,0.14551315522391148,-2.093700300016623,61.41186533576768,-0.15664375474249745,-1.4749568587508346,0.9683577966125128,0.01595111807676193,0.09900912663241006,0.27888283746005565,0.03539871229923486,0.13193337873712965,0.2526095382776076,0.09891369013759824
89.58519759146085,0.2511117533439036,-1.6970865410213742,88.55518287938673,0.1330080731498936,-1.2913191053454933,1.3084746801721336,0.02291577374980289,0.10271811785105069,0.28890487907602164,0.0942320972131462,0.5751224446462269,0.18834285089708314,0.09944044134823057
96.56323399317176,0.11774845890917399,-1.3373756155646226,95.6070597130641,-0.4537386296667383,-1.606631540275119,1.1304114612757374,0.03485235107800894,0.11947100550965507,0.15958240318792238,0.16693133799665522,1.3694947439796312,0.8965751892724586,0.12099327551960493
55.85486782957547,-0.7521087068413795,-2.5543361433857177,54.92790871184062,-2.208106591331865,-2.7844210681803263,1.2217356596770585,0.02813325898262671,0.34172955387652326,0.7740223289374384,0.09943634179354503,1.7515900114282377,0.9906347245316446,0.09319454335860364
103.634533767012,-1.4222699023586807,-2.2899673835615046,102.37552928321455,-1.817070023428904,-2.4793663921733433,1.1616607577522735,0.17815370623049137,1.0797131245801963,0.922507405449753,0.17706167994568067,1.466546992717347,0.955465836761959,0.07467876639975833
