f0,A0,w0,f2,A2,w2,B,f0_err,A0_err,w0_err,f2_err,A2_err,w2_err,B_err
23.78822394694476,-0.17265516405193138,-2.661094471248337,23.31195939364969,-2.093641720679302,-2.8673224508553132,1.2941322340440082,0.013949710788963557,0.16365921494241512,0.5146068048740239,0.05052240353664424,1.5449810912187198,1.0216865264481148,0.15008472777913556
27.45472659560003,0.14659109846106158,-2.278940812318477,26.85051815637301,-0.18540044383758641,-1.416453067828046,1.3328485030094017,0.015103761629775316,0.12137471754695937,0.3580705090255079,0.02909668219176833,0.2578593843093796,0.388018627678713,0.16693568412937468
31.559569602264418,0.28559951852951493,-2.0765162690358485,30.96847502006096,0.34086722479132125,-1.3186031295548337,1.302698456550499,0.017723554108668424,0.11894771744265656,0.36448545981532693,0.03701491532535247,0.10624266786407455,0.13580036867952983,0.18594935491504996
35.54913608250886,0.3272783817159057,-1.4790142393849477,34.92489990949534,0.10154770776846817,-1.325312234406369,1.39028116199371,0.0297182155822459,0.10378797280812456,0.2507472389567388,0.0542998923556032,0.14828591403940933,0.1828071725845377,0.1302851920824863
39.687364508659385,-0.5212516744974943,-2.249534527519158,39.05336620729935,-0.23678171429567713,-1.3830356920982305,1.3639428806807212,0.027473911170698473,0.2248918316162099,0.7364406734357952,0.08381762020888354,0.5065488624468741,0.46837021435027265,0.12648487620936533
