f0,A0,w0,f2,A2,w2,B,f0_err,A0_err,w0_err,f2_err,A2_err,w2_err,B_err
38.43840088816377,0.15695207258465999,-1.7318989265502862,37.782305500087304,-0.36457547609069735,-1.6861585539347141,1.243007282275975,0.026503775693627555,0.11002542627376023,0.2936240368807832,0.04786985068825404,0.5108478053167371,0.5826473767993214,0.1645566566648452
34.34177453792215,0.17358553934520018,-1.3299571106697612,33.736968387855285,-1.2263433767909493,-2.0542267403161336,1.2467420643021734,0.05539971026011421,0.1549790190771837,0.17389175761777786,0.06710409299195964,1.3735813270973758,0.9079619161639391,0.18644760248779882
30.817278151521815,-0.4055218196292658,-2.216603707442896,30.30326860501242,-1.1029542062160422,-2.0690768173789698,1.3359029391579114,0.023507223480555093,0.1749270126756605,0.4365215811490117,0.07928310034539583,0.8548779042824979,0.625197307039482,0.123525927807624
42.41826426974401,0.03664860502182884,-2.0535286567173934,41.716995133422,0.054594364033964,-1.3334278502699939,1.351609535682734,0.022393215747365098,0.1326755492079424,0.4467750863940085,0.053494194525363484,0.13757847185330813,0.18989530955427528,0.12886398531371882
46.23790648807979,0.04691269427705941,-1.384828167830871,45.59068578501226,-0.14280199191616544,-1.8208533301255745,1.4667399907549283,0.05562059883681833,0.16118518295077125,0.26050658457324044,0.02545843646499892,0.2144013790905774,0.5998020286606581,0.03883379476173286
50.26613238110427,-0.4157636717676807,-1.6452526393895746,49.58351997191777,-1.1315992306486164,-2.835802707232571,1.4051480923840485,0.07391397004206628,0.28406432122025793,0.6307655692425974,0.08795256085602213,1.0707895546782946,0.9804000335822858,0.08563138774401946
26.99690138486907,-0.7677447132251948,-2.25755552513007,26.390402215375076,-1.6609537734300912,-3.4644720140319762,1.0130471561734535,0.03288029798676301,0.6295823874730612,0.7541316143528315,0.06114381563998865,1.446576814104152,0.9392617396064169,0.15967147558400693
23.472543407918156,-1.0497424714235097,-3.0225420303897224,23.03274641012844,-2.378152381539515,-2.6139342320984325,1.2044641485555643,0.028035865083602524,0.9142423078160157,0.9140120877708309,0.053822466102191616,1.3084831387303528,1.000648103457233,0.14325771815235624
