f0,A0,w0,f2,A2,w2,B,f0_err,A0_err,w0_err,f2_err,A2_err,w2_err,B_err
24.05898018513239,0.21042629268464386,-2.2917361528119438,23.534465875019563,0.3208117513152464,-1.6846105038124308,1.1614428542729578,0.016558301060287304,0.1315458527745353,0.4337625690289419,0.01664673326313784,0.10494707671498651,0.2842309096915077,0.2335692460661457
18.02065596548691,-0.013165035256352736,-1.906928677668518,17.553904671259108,-0.28735029439800164,-1.5950326216540993,1.1878918496598316,0.009700884439517502,0.1463100173251885,0.367888568911607,0.03271443343752061,0.283524873179815,0.6142162907569538,0.27514243254159537
20.91138546594336,0.02678832047672025,-1.6583672246145105,20.495212184982904,-0.08027594302277369,-1.4043276469418209,1.297395127821602,0.020000759814428417,0.14745297443815578,0.34967116226410455,0.030259489340976692,0.5335976572669768,0.39052417624069163,0.22795674828008586
27.12045160788163,0.19852666938473226,-1.5803909056517143,26.618868691661465,0.07478739617868721,-1.4117876624373231,1.4023900544893069,0.031231634277932702,0.145403159534419,0.40395578981313446,0.03976644159746613,0.1957435012698022,0.4178709214010122,0.11449188633019762
30.223740292208312,-0.2809261605724165,-1.686245821924811,29.719076707550123,-0.969564432358244,-1.9199703083002801,1.4574569899914205,0.045149279379725064,0.18931600514582078,0.39338930664889493,0.06693942939774643,1.080737004104415,0.983575562812464,0.060959566735096914
