f0,A0,w0,f2,A2,w2,B,f0_err,A0_err,w0_err,f2_err,A2_err,w2_err,B_err
25.783224875526308,0.18970810219467626,-2.341585432476686,25.189560167259437,0.02077829846994526,-1.6892424511186825,1.1463434587451213,0.01434721605607073,0.12933153865621086,0.43052334916742424,0.015413218885045321,0.12961424275141908,0.3114371185133221,0.24480034913412838
29.48908497092734,0.26303104797776866,-2.414893763955834,28.890972443652032,0.3307336660686253,-1.5353901391911655,1.2152233400465482,0.014909391687139647,0.13765988523555295,0.45155995999574583,0.01930430336091999,0.1041894830677342,0.2548678139434736,0.2195628352492542
33.27160546305174,0.36012904401760815,-2.058629915524389,32.68877635576048,0.26301795974375464,-1.6032020611337559,1.396950898412192,0.018566014787893426,0.11545476824463158,0.40068383699304994,0.02733908411868224,0.11167316287078735,0.3266752410821427,0.11335152056993172
36.99843545192465,-0.09943616139973632,-1.7258583525030566,36.30694405476961,-0.10326393213156056,-1.5678709530648696,1.4179854461493324,0.03324822819494584,0.14157142679962859,0.36893517945472526,0.03823981368012683,0.16604096506002625,0.4109152776280195,0.09054686331937999
40.78380793532607,-0.47779509161341227,-2.012000681247074,40.15094750996415,-2.6994516128712442,-2.863004275230209,1.2324894616904027,0.033504604996640264,0.23440674952599366,0.5941098785908717,0.0728561075131415,1.7582477430502341,1.020545373468807,0.12446596850063522
22.292350308099508,-0.9240451707609798,-3.16637927219216,21.82854027388983,-2.799830559994435,-2.756116445138978,1.2954472947483124,0.025648310783120458,0.4814853308522427,0.8210703113852279,0.050668367127701175,1.4147335334625522,0.9753931720111813,0.11593488313993136
18.592063743717624,-0.9171266899311541,-2.5562665401739233,18.182777171980064,-2.3286372073788737,-2.4643007137147506,1.1289492220006148,0.03204793252147389,0.4753900089559251,0.8356678207992639,0.04678469710504547,1.3936763847436344,0.8926980691029832,0.15559419387573237
