f0,A0,w0,f2,A2,w2,B,f0_err,A0_err,w0_err,f2_err,A2_err,w2_err,B_err
31.6006038518183,0.31770921129400553,-2.2533354748588903,30.942910112762963,0.13588024054758374,-1.4286190359921178,1.423040817082244,0.014633067515418577,0.11169998179208496,0.40086810611048007,0.022127858112895176,0.112274421435211,0.2481095569021394,0.09705277973592848
35.66340004926049,0.4914381302989443,-1.7383627849633772,35.08513242759831,0.44894194580220625,-1.5617619588443143,1.3477963935747086,0.020249830508112063,0.09935489957362635,0.3216682620302589,0.02318518841435471,0.09345649756985219,0.2686364027368368,0.15684639582286428
39.6836211383107,0.5465322405611759,-1.5694574461244941,39.01185764635634,0.2136286616686663,-1.5948080957251438,1.415209398698142,0.021290337667310883,0.08606074239893075,0.24663005782037653,0.026046522712393688,0.1157037157698909,0.31579883396518565,0.0915325168744621
27.781748189853317,-0.12038100516857198,-2.1127007622506717,27.20560858821791,-0.3130822080294905,-1.548292916497275,1.336230939105111,0.02048004425428383,0.1312642416956322,0.3711895440688134,0.028152572387276913,0.20463198026790622,0.38053221935223,0.14606408296222606
23.948051964807558,-0.7769928333322142,-2.9753044064243994,23.46616096260402,-3.3300227856357116,-2.8647673042578727,1.2435446762177043,0.020726476166383876,0.5042114695972143,0.7223213128695751,0.0518837992963131,1.525683322922456,0.9783976246584528,0.11781146013989001
43.79572531253545,-0.2200801346468148,-1.6934786312896317,43.15330693176115,-0.22382964714780834,-1.4598388419933894,1.4481684022815213,0.035068616216071886,0.16051644339437995,0.40032898855635846,0.06392718099801048,0.19592937257910736,0.4858423225468652,0.06295052434273568
48.01569684623468,-1.5870716536291445,-2.4517891267348864,47.21554420654542,-1.8155906406643791,-2.6560138020309942,1.2151815769978767,0.07620870993668315,1.2141181954095088,1.0173061476576633,0.082318544856611,1.538958037877511,1.027123579503247,0.10311432663273766
