f0,A0,w0,f2,A2,w2,B,f0_err,A0_err,w0_err,f2_err,A2_err,w2_err,B_err
26.822006486774185,0.10759233424977889,-1.8831376988261923,26.360544523345702,-2.264475170738762,-2.8125117950177376,1.2662317663161224,0.021417087110840876,0.11371066656638326,0.34777971008632397,0.05831271068196948,1.510853492865334,1.0375061721377798,0.14532234289135743
30.876879706704987,-0.13056952023064367,-1.5939992163349606,30.282211648776357,-1.1153041824528724,-2.662456587587087,1.3892668410963962,0.030410698939056034,0.1454724319633651,0.3366860563441275,0.07157873273546034,0.7496928208649536,1.0360134067611257,0.11499229651961262
34.77983644021303,-0.14747217730178602,-1.8325731365303948,34.23887049945442,-1.9598548491776753,-2.8871339902976403,1.4274238092122533,0.02367597124554708,0.13443237391318238,0.3716360353951493,0.0746880248896391,1.481310993088893,0.9830982972196519,0.07304377080823475
23.160675745108918,-0.6040241664152013,-3.0715291278806767,22.663596502305765,-1.8635972123402333,-3.028070911964355,1.2029084645909742,0.016944113212865933,0.23354831708164983,0.7202331715353526,0.03967592253182332,1.5355741160951148,0.9748343758850808,0.13480289326535566
19.326795403055353,-1.3087691490370559,-2.3662960429968707,18.92839526762092,-2.738057609717087,-2.6713603438368665,1.1046790868334382,0.03885818166852564,0.974249815090424,0.937390801801571,0.04466064928664948,1.3990942635980042,0.9892098479814562,0.1555178988550202
39.008444142060064,-1.0727224945876201,-2.207478747476287,38.32780534075507,-2.18791490443108,-2.871251070779862,1.181831024290752,0.05968027265072635,0.8604321209732534,0.9532964696187525,0.07225516831955113,1.209242885178651,0.9829401588432497,0.11535469689721153
