f0,A0,w0,f2,A2,w2,B,f0_err,A0_err,w0_err,f2_err,A2_err,w2_err,B_err
28.755879261259594,-0.04099013236590998,-2.1701452131993353,28.203395743660842,-0.2919682617175887,-1.828861943561366,1.3207361029281863,0.023208122926591513,0.16180050460269518,0.48719473363190136,0.03420573004036724,0.30629126411888186,0.47138372440183374,0.1585273898231626
32.75374856207503,0.2842968871443245,-1.7685221836094769,32.10766512840942,-0.03487196298589954,-2.449451480256076,1.1317487517993088,0.02364087932510773,0.12625001834979646,0.37893263856972326,0.019413801789571486,0.17732904229278168,0.6031312279829134,0.23277695289962172
37.00540059097361,0.4211793260419735,-1.9868181476798603,36.3407042721385,0.3463721905926349,-1.5690451975949198,0.7529278613585612,0.019148204436468214,0.11635569395576224,0.32449214460169695,0.026255435353325512,0.10753823943792744,0.27159671219148496,0.2018742349289782
41.098582657076996,0.1081538062676074,-1.8088876755696635,40.48215305938432,0.2651785434091224,-1.4479995237162004,1.4025555412985005,0.029329849298436458,0.1540875469323337,0.47152137815383094,0.03737480568380344,0.1228130544900726,0.2502836432548222,0.11292130420787908
45.278207311041086,-0.3660394826583137,-1.7366559846613667,44.624079534193264,-0.39822965932131005,-1.5705872045387483,1.417190255402445,0.057885227819412834,0.26370023615624133,0.6435670942107459,0.05846658889504802,1.0185228944951095,0.6343849475232358,0.09133362572521864
24.744379865258537,-0.9382091757516187,-2.4103733337491526,24.282718739602885,-2.4086388024992527,-2.55427485279194,1.3476330454584968,0.04455471419867233,0.7026080026083898,0.8391650361352276,0.05714168614936761,1.4089653741862096,1.0126720159506184,0.11040715888626021
49.54421672118667,-1.2993463280346325,-2.2580790711904974,48.8510219679468,-1.8851759356977613,-2.4998478230758066,1.1104266665246034,0.07686081339475861,1.0308349155598473,0.9464867272913854,0.10275199719045629,1.8273635190875506,0.9699651980093484,0.11885842644074626
