f0,A0,w0,f2,A2,w2,B,f0_err,A0_err,w0_err,f2_err,A2_err,w2_err,B_err
27.054791405804462,0.3515685166915751,-2.156610002705001,26.450244058721413,0.08701480327720115,-1.3701205910727383,1.3455731270174298,0.014523140449039998,0.1034978056253613,0.296449001767997,0.021422219147215812,0.13382549640867925,0.19709648192595514,0.176652481520025
31.09529484327129,0.3728444074246396,-2.2786928411936707,30.444606242960162,0.1100470209193421,-1.3671837477934452,1.4348264062207834,0.013542405884215802,0.10225614988638759,0.36606476728565,0.019280262512666103,0.11422367394379518,0.2005747863850062,0.08085290917734178
35.048811745772156,0.3219299534223906,-1.4222502224371234,34.3970303639432,0.14199600952523372,-1.4780934176814218,1.4091554050005008,0.02791596193146983,0.096791900502716,0.20414170609825472,0.030763806952526767,0.1160538178299863,0.27770839019614285,0.11447048983550191
23.409476264749824,-0.21983013709080385,-2.501160370159594,22.984435832130256,-0.6106033580428989,-2.2358417267952007,1.115997914214767,0.01750774428589118,0.12427603236337881,0.3349882458858921,0.07976534254824716,0.2105866956454867,0.1271379592288652,0.16975883981661985
19.558736193764865,-0.9223238991427525,-2.605549020300587,19.212631339620934,-2.4831592726904947,-2.760444786799618,1.1917403010469128,0.03065770550325993,0.5309156793003634,0.8267433623980847,0.04452112883813919,1.4837829676201155,0.9930351894152978,0.14080089406939292
39.208037906371175,-0.53156045122241,-1.6429528280121344,38.50137833726812,-0.23317400653604392,-1.4143768809424595,1.4385951399266845,0.05038874379955129,0.521173936083676,0.5682679234081022,0.04472038708685437,0.16982561258615134,0.33661100988888476,0.0720091298993067
