f0,A0,w0,f2,A2,w2,B,f0_err,A0_err,w0_err,f2_err,A2_err,w2_err,B_err
40.72543442593297,0.3106774922447519,-1.8546866453705033,40.0020964546284,0.34388987009716676,-1.4528930644272757,1.3435674619630815,0.02372554304121829,0.11567462580692867,0.37106908052037735,0.02961926659599217,0.11055048291154612,0.23533323846369808,0.1502812944513827
45.25197498655714,0.7164755871375679,-1.5856409284983688,44.62386093878479,0.2772237739935692,-2.5272094509044676,1.4203616378186084,0.052866508247212896,0.1636646883204892,0.2747912678737834,0.08245462242373611,1.2017558949019669,0.6934313307707117,0.0943527371507109
36.12772610855673,0.19163224830622277,-2.0958956616625093,35.47071680909674,0.08443401662158682,-2.001841419526537,0.9839113409592313,0.01788020552377156,0.11757996259505056,0.3516890344082504,0.02124871886624584,0.12887384333792298,0.4160944131666575,0.1878738439456077
31.8708163668903,-0.21778371954070522,-1.791958842294164,31.246163582800346,-1.1732888148221587,-2.3305879842835715,1.3681659700718596,0.05502925589343067,0.20707126601838957,0.5879955191204786,0.05982508527152637,1.1642842754216551,0.9352484389707049,0.14187342894296345
49.853846273093254,0.2343766223069046,-1.8020025388657865,49.065117680089756,0.01839918131259624,-1.521075431434628,1.4467655116381146,0.022500762121999696,0.11270611979478824,0.36362277976676083,0.03777300423740334,0.1559648729518233,0.5140408660683804,0.0635740059395756
54.660703360085634,-1.2310742036305091,-2.5381254851062574,53.71815287423853,-0.3352038429232063,-1.4757586992641214,1.4509556635736458,0.07297301440494576,1.3506513789281391,0.9063333618653321,0.06605714227666909,0.2679701356720243,0.4143772604082032,0.05773224459206004
