f0,A0,w0,f2,A2,w2,B,f0_err,A0_err,w0_err,f2_err,A2_err,w2_err,B_err
32.618348412402966,0.4111896744201258,-2.147425131151429,31.958428373891024,0.0004889203429342404,-1.761691453279339,1.1133844034873102,0.013593606665952305,0.1001821146021119,0.31696263102720124,0.021677709450144446,0.14696719899667368,0.43748766908943687,0.24174390233772472
36.84688246866706,0.3789937261476696,-1.9392975474952387,36.166773404942035,0.4243424215909975,-1.3834410350845685,1.1877201862644977,0.017958561989570437,0.10138282159048191,0.3145252714835315,0.027978718507723238,0.0966747514206138,0.17334742176371704,0.21262070086712442
40.93318044095373,0.42368021871837225,-1.5451645543765176,40.335968837059276,-0.033831545746509234,-1.5248625665241768,1.2302934921279085,0.023821094744018747,0.09026468016030123,0.25005821393908795,0.03797773381612423,0.16476318843094465,0.326092859846037,0.1617600739492143
28.67742276086457,-0.04527460356971098,-2.7450526923390153,28.07895878306505,-0.7269417285746274,-2.3267065448510866,1.3933325304735147,0.013265122169252989,0.1515959545760044,0.4788457064514489,0.024631586704552726,0.5070605646946719,0.7418756813022679,0.10930685622894752
24.64398063183358,-1.1548226552922725,-2.7007091628216595,24.156046722667973,-1.998053313092941,-3.1581860148032015,1.3955150443276405,0.04538984485213261,1.0029959575021627,0.9204274818092726,0.06046190873046835,1.2034494400369424,1.0296234948793765,0.10540739449534689
45.19534458304641,-0.15275719175794378,-2.009155173901555,44.54381208545182,-0.25664272649774256,-1.5414984670664456,1.448146975245106,0.029966219131969448,0.16294534380474013,0.5887515886195919,0.03573157957583441,0.18737970824391276,0.3888279544074981,0.05906527718965085