f0,A0,w0,f2,A2,w2,B,f0_err,A0_err,w0_err,f2_err,A2_err,w2_err,B_err
29.459208498206948,0.08669244280148342,-2.648189757060508,28.86854523142924,-1.2607796387068009,-2.303572062308717,1.4460599795630833,0.01265218857946546,0.15074617919512462,0.5124763132366019,0.052408527066332825,1.5374327885601,0.9461381224059625,0.0758588317973117
33.50466221270949,0.3194160730345296,-2.2698237028170203,32.8469342777911,-0.08322510392248747,-1.5668483224044827,1.3448131329633304,0.014826373448116091,0.11859841868282651,0.34477340968960096,0.02969054965167988,0.15009984202635004,0.33746095526911196,0.14457795912519936
37.86271650328942,0.4693606345751199,-1.863179691556888,37.18095083667989,0.5156074586664725,-1.8220355774236192,1.2263138178313162,0.018257667275036662,0.09687223565662205,0.29941820424487325,0.018465054338661947,0.09350508596348193,0.2935561542529947,0.20835428354680097
42.062027186370464,0.24331886534828906,-1.6615537780328518,41.38431014060902,0.2315861558376256,-1.3963140128530553,1.4334018038916716,0.024633205995288114,0.10956551991059925,0.3045728684332145,0.034245326849285454,0.15177058662205498,0.2153828694221262,0.07119415237898048
46.36396846733605,-0.07331622235804622,-1.4653712349923027,45.69330385148899,-1.8264835724915716,-2.829570789228944,1.4151023794614952,0.04194512887192937,0.1389663651632629,0.24425680106860387,0.07563940810401569,1.523059141977432,1.016062487375521,0.07115699858266882
