f0,A0,w0,f2,A2,w2,B,f0_err,A0_err,w0_err,f2_err,A2_err,w2_err,B_err
54.28697110364063,0.494260943386808,-2.4697020303071127,53.42479183784073,0.16903104365348112,-1.6710129433419554,1.3754097524152407,0.01179448427507351,0.11613749226374155,0.32161851823560167,0.02621321994319314,0.10690584265590779,0.2727187875883693,0.1010144713414335
59.82894495198944,0.5723218742328766,-1.6044347883398746,59.069043236008746,0.42136031699119586,-1.4617228443210717,1.4702395211807555,0.02180216383949189,0.08656994633371701,0.25158399711029134,0.02499182958579868,0.09677969687256045,0.21971377086150384,0.03598711677710265
65.21469097831758,0.2571430543709999,-1.5883858933337969,64.417710172705,0.5060413519139698,-1.2801995249613731,1.2705462492265904,0.0270776805037371,0.10768756917558521,0.29153084486969594,0.02697785908572207,0.12416937030783672,0.11555243250528231,0.13734717239791439
48.935574011236255,0.1400277090089288,-1.6173986706323804,48.18499013642922,-0.07113098854021498,-1.7396741034625205,1.0018280953073087,0.025080143929470815,0.10353272961738332,0.2653203215775044,0.025594303798253393,0.11767014121201878,0.31952375533310634,0.13855921202512017
43.77225850398294,-0.2002475822389339,-2.3570761164743574,43.09950130293292,-0.5305742926518275,-1.7127146181925226,1.1720696146643492,0.01901017246247376,0.14771007967174243,0.46304813541246287,0.06173043755565534,0.3353100116288804,0.7655671967176654,0.1459776342665806
70.67462051397993,0.18540064370585518,-1.40048618945428,69.86263527063217,0.24745931711092503,-1.3297166636888875,1.2416448906734872,0.05464132785062485,0.18211755055078266,0.3425014207566406,0.15679937056770576,0.4762390797742361,1.016751026074215,0.1829917274074445
76.01965113879109,-0.3151942714141985,-1.5837701980990424,75.04730416133053,-2.5525848573789345,-2.724714719752771,1.3588180203344007,0.04378798499494127,0.22050371598035318,0.5309336754559707,0.10831764250930793,1.6020983370619089,0.998892419566176,0.08408284074366508
