f0,A0,w0,f2,A2,w2,B,f0_err,A0_err,w0_err,f2_err,A2_err,w2_err,B_err
28.57543862205053,0.29050625083247417,-1.6089557314203546,27.98672070741906,-0.04587636575478426,-1.4937891399802403,1.2389378425352782,0.023685058964451923,0.0995399437231825,0.2848409369269359,0.03917701060156208,0.17756486522294884,0.4770889363945577,0.22200362797228348
32.735889198843395,0.4822903983919357,-1.4623372421156842,32.069357327203505,0.24330932617416728,-1.390411300959774,1.3818713028709637,0.030922072617426483,0.1244437430429362,0.29639116438339974,0.04224981324503091,0.9030820716162563,0.5640517239147391,0.14321609757070466
36.98817315082636,0.5434492685867417,-1.6826673366173652,36.30755333578738,0.23203432693148968,-1.682673581554968,1.410855876930757,0.019170495909509318,0.08434508842081223,0.24680900925287239,0.02280369162367933,0.11349052482444354,0.34453466985698245,0.09891509951681618
41.14716680023015,0.05923765922203257,-1.8327782354675177,40.50117732339331,0.10466017245505008,-1.282580418170728,1.4152437944534908,0.023818446734663063,0.1326313741815904,0.39122631677123587,0.07290294312738116,0.1366470581061868,0.11879122900414964,0.10932955080967285
24.650668092158146,-0.6334129866215827,-2.3974516429875194,24.125798899339898,-0.9205429153956176,-2.0340610602100697,1.3135051613570559,0.024125189904583302,0.2999583987011963,0.8432906716174882,0.06212468526131447,0.49890712351587285,0.6122118040985226,0.17789475153293155
45.37899751071641,-1.133661697819854,-2.2396611295438666,44.71644309711325,-1.186078510119891,-2.189991234990554,1.433304269455478,0.07732884368367522,1.0115750867210367,1.0404436611074688,0.0842988052865751,0.9341495786422964,0.9399027957553326,0.0719222966682696
