f0,A0,w0,f2,A2,w2,B,f0_err,A0_err,w0_err,f2_err,A2_err,w2_err,B_err
33.87159292758355,0.44928036283477085,-2.5157560993286077,33.17544913120262,0.14290645298836252,-1.6284451135295217,1.3187993398332578,0.012918930572745855,0.14284264477995312,0.4271460770041297,0.03152488137664245,0.12692173989330807,0.32804792383494413,0.15535650482366997
38.31013807321953,0.6702950111608771,-1.6479626084592294,37.69724657221477,0.14675630621638003,-1.3910175349166376,1.2972614896059984,0.023717591778344815,0.10117339362239795,0.29730377923687185,0.04406332736443261,0.18414984720735691,0.26474915555641576,0.17745470043172856
42.52115976429025,0.5050819820748849,-1.5086090669368113,41.89409067411684,0.15965013727428654,-1.425812551340794,1.4092363837086663,0.027367599081781366,0.09794207305299742,0.23177114191447398,0.0441425269668625,0.16521103951647645,0.3401252315770216,0.13109519697678484
29.876714343813244,-0.09208760233843047,-2.4457225625734416,29.241453689009667,-0.3077639692075801,-1.5850693384294967,1.391976741959648,0.018951404675177527,0.15766377265963516,0.4874473193167888,0.02962281695801524,0.4581694679669595,0.5722792310404853,0.12771614092597447
46.84754747487516,-0.2617480269434578,-1.5212433823243818,46.191238922169596,-0.06339480258901593,-1.7556494806372984,1.4560089454773624,0.06436088259649493,0.24089908981688474,0.4765034239070222,0.02458849497257033,0.16787573518632018,0.4666297730282273,0.05451351710132802
51.32003149587741,-0.16895087801540534,-1.4892417088664014,50.520758875584264,-3.216927737313366,-2.6845022155543403,1.1606721668191535,0.04622860753558704,0.5877463557044853,0.4093057038712566,0.09468790183337167,1.5960247734848174,0.9845142724094693,0.12825255011011827
