f0,A0,w0,f2,A2,w2,B,f0_err,A0_err,w0_err,f2_err,A2_err,w2_err,B_err
84.91819387417694,0.6464626827862152,-2.3635126370437893,83.78660878863592,0.41622774496396886,-2.2944866060939475,1.0039290669505592,0.011982011616511683,0.11204569132767808,0.30924953137856803,0.01421480330551825,0.11418049167254621,0.32699592895067536,0.09575274027379164
93.208016865828,1.1069223101132544,-2.7846472191926104,92.15820773726259,0.8218976248329034,-1.8061688891262384,1.3222210889175001,0.008819052879786514,0.1438407571000912,0.3545092737193038,0.010677937494313528,0.08881864332887607,0.27141564193272527,0.10801757252355411
101.52205476346134,0.4123564238072781,-2.0871580084837382,100.36663192595037,0.28149755627839584,-1.4456631395132864,1.3812597710975112,0.016348865838340804,0.11577517864334408,0.3261275267854769,0.028263071621385652,0.12920329394343608,0.23049891596568292,0.07967177761068317
76.61273286585515,0.022678207292825645,-1.6048537370689504,75.545440031841,-0.46411413423596104,-2.0903443362455967,0.9925837191335286,0.026854278563980673,0.12116352411669973,0.3160242393077933,0.032082463583865184,0.18125087687756408,0.5181841669973886,0.0954410924721892
68.66729702061515,-0.5155977454604562,-2.005858917166891,67.61793751837385,-0.48292063976928246,-1.7682064220539038,1.1851811321217356,0.04250792758974489,0.48613292035956457,0.7525021837665478,0.05636923012576016,0.45908717959691836,0.584332092443878,0.12153197969771788
110.1360317980477,-0.10191950545477832,-1.5121197468662684,108.94624497145685,0.06297059607506181,-1.3931954916862845,1.3339439733538536,0.04646595603156719,0.18993353038201705,0.31660547824860796,0.08134001138940643,0.887704823886898,0.34941488101168644,0.09453335482620555
118.60104073644231,-1.0826311074441919,-2.168750391722864,117.02646350002178,-2.7650294079050917,-2.7593326702102656,1.3942024547098884,0.12979879801504085,1.0953208998319022,0.9755224986049168,0.1930027198903767,1.6336489732361683,0.9947116155401009,0.06676442415634075
