f0,A0,w0,f2,A2,w2,B,f0_err,A0_err,w0_err,f2_err,A2_err,w2_err,B_err
21.726636595394282,0.08977742375860552,-2.3172527389239015,21.28508828537654,-0.28190639673670786,-1.7986685500764763,0.983511257548661,0.014341587636602784,0.11496153898986267,0.34215841289647875,0.02979622319223316,0.20901800061483577,0.540250469408028,0.2296675083741142
24.914863805044938,0.19795156569837027,-2.64618323206165,24.43361764764871,0.36798374906071074,-2.877037838767938,1.3502029276445695,0.011314588975664352,0.12818687645431162,0.3892810800040246,0.008914281038254401,0.13240698944369245,0.4012089156858272,0.12966320319385727
28.01092335749611,0.5699190470496526,-2.9432949650100633,27.56544345762328,0.29493922615644586,-2.3650936046797546,1.2979071650494154,0.008457753115508643,0.13594923227103023,0.3468239816742985,0.013144973712341777,0.11847342402679568,0.4772918814316509,0.16534611288222706
31.213872611059987,0.03563574630500995,-1.9744599361273938,30.75278631049837,-0.25221807825458376,-2.066422916478515,1.1854511123390608,0.019800518035135335,0.12302125664570905,0.40358295250890097,0.025698364181929573,0.17573373623069957,0.5173588398957719,0.15901457696264426
34.45877029178996,-0.5642933792210703,-2.232098480104795,33.94874519233513,-0.5439299889210201,-1.493990179572576,1.0748047146165978,0.02699427807287451,0.24857926953300882,0.7417409735606016,0.06512137236380706,1.110452702314361,0.7683608463696374,0.1899202657588209
18.814441562614505,-0.3841642732341243,-2.4023471998087316,18.46733656414184,-1.2168085075168613,-2.1491732518730284,1.1991213338695674,0.016403462171053203,0.19529417449245418,0.7179865261715604,0.04289144324167004,0.8833487432086454,1.033218843037983,0.2235811157938869
