f0,A0,w0,f2,A2,w2,B,f0_err,A0_err,w0_err,f2_err,A2_err,w2_err,B_err
9.357798243362453,0.08971118157672689,-3.87250398872912,9.105237732258118,-0.7331343663556292,-3.6635264213218495,1.1692535805046032,0.005075341379739283,0.18258110917100437,0.42739267358259525,0.01006052562589366,0.24019142518513883,0.6102694432200998,0.20291184987375258
11.013118192991236,-0.05599903882741342,-2.966452311561361,10.767178804928598,0.09280407079814651,-2.6430482511357307,1.2523047481572684,0.010651348383530126,0.17836834017914227,0.5405755295374965,0.012124395197452753,0.14476231790538546,0.5101841339764321,0.22135149472513674
7.858374378988902,-0.7114575657122273,-3.738596780541976,7.654713197651468,-1.2197094853521828,-2.3319792276983136,1.1569516754688154,0.008177423091148911,0.2377956513219563,0.6057266086582614,0.023028767743361975,1.2012546223099834,0.8821085070353323,0.25838838040532913
12.645300529952106,-0.3821571265182102,-2.3147053947446654,12.383984457134286,-0.5361454260390556,-2.8544123377485944,1.3026025975204378,0.021254035928523096,0.19702257207943857,0.6153142428065795,0.0173449537742964,0.2745606211805298,0.7757134475266028,0.17318576643622663
