f0,A0,w0,f2,A2,w2,B,f0_err,A0_err,w0_err,f2_err,A2_err,w2_err,B_err
26.547350699610305,0.22416335133247717,-2.123679736445605,26.121507273573275,-0.857043698228916,-2.5452215652709658,1.4082727875474892,0.017428350841947052,0.11484810884203613,0.3948989542439978,0.0466298333150217,0.9597016148244826,0.8962157837460933,0.09897210195172425
30.582012813345987,0.3747304417597926,-1.3766260179482586,30.07139372151678,-1.162379646875257,-2.185057781172132,1.4309707139793508,0.033954140381720496,0.09892822500377145,0.18737069364987288,0.0668767709195192,1.2301769596997385,1.050214307007698,0.07122957351891063
34.46818007363284,-0.11413650020444405,-1.527628187144491,33.913057770107855,-0.41657919531585585,-1.5624100568737138,1.4298767874535536,0.039384628110275675,0.15132270027323336,0.3243880101387796,0.04906697657969042,0.35006374125593964,0.688344054902921,0.08426225671093049
38.49958574693925,-0.5654929691963458,-2.6173051962675946,37.87932499396603,-1.973595054396752,-2.568358667585727,1.2893909211341181,0.022347286579522587,0.20836746443342857,0.610503258113682,0.07146083342257653,1.6316531145493298,1.0330046018373464,0.11374724357067456
22.859871524992883,-0.5035884552499181,-1.9359878010959841,22.450061621781213,-1.9677000705524246,-2.5665320354389154,1.3946086756549776,0.029354340760498598,0.26351577619793604,0.8234543980358534,0.05061326126600736,1.4607396451633514,1.0223735934810563,0.1101902219310571
19.09685152197938,-0.8581107209965009,-2.544675993966087,18.715318151011633,-1.4129893860670106,-2.6659111420946973,1.2461073025873786,0.028928882088015858,0.7429403714922111,0.7785537500860154,0.03613988482089217,1.36492808701793,0.935108242737555,0.1768565200817811
