f0,A0,w0,f2,A2,w2,B,f0_err,A0_err,w0_err,f2_err,A2_err,w2_err,B_err
60.19457918109578,0.9351702017193653,-2.8783594992913715,59.40340277143254,0.7803204846750613,-2.5087975795554995,1.1796847819909282,0.007859935348526916,0.1312742882844622,0.31948785402904767,0.009725145060345245,0.10831377717779357,0.31028483487819236,0.13488265947099665
54.19700594281795,0.47007411523089937,-2.664369415468496,53.37692812381108,0.2785501779056273,-2.301822093082695,0.8085833320263889,0.008968150834350881,0.1169730146685849,0.31005438657593964,0.012133963228943778,0.10732195148788641,0.2850812738623159,0.09093272675215863
48.38367222033353,-0.14959579792021072,-1.7256059918378392,47.603307245885325,-0.5637518082248395,-2.1318314111580596,1.1257725811133068,0.027531732672505412,0.14010781921828097,0.3681458869492375,0.03024281105840213,0.21715949203543028,0.5598325848730591,0.13206728335248705
42.78734258760012,-0.5400761340413646,-2.1499233271067006,42.04859373532708,-2.0306471367901335,-2.8355617490220766,1.143404496407513,0.028886169585870116,0.2100222473290541,0.6529232175770114,0.07358568531656615,1.4842356149673803,1.0085422955597496,0.10594211055538343
66.11990173288294,0.5618339527374969,-1.8809444520751135,65.30268911970445,0.31284194250624753,-1.6975000071918658,1.1637493872357245,0.01631401562464641,0.08291033843329361,0.2551328289550103,0.012131632212184114,0.09430980684186667,0.2751469864901418,0.1260440695210845
72.16393350689079,0.25926060402144807,-1.499593116587128,71.36640601919562,0.31990312564073753,-1.3681103046497443,0.9633489830226737,0.02389956833048799,0.09844116640872462,0.2458463956927723,0.007454157467408141,0.09180168734690902,0.172184065252267,0.11001234611581345
78.31645360222635,-0.08597988343095633,-1.4541498978535505,77.44616427569852,-0.4647789505162624,-1.6352657905385084,1.2733621781000584,0.04202336168939414,0.14089974361978858,0.29165413034113724,0.10441970293679143,0.7379005977624755,0.6568262533906044,0.11109125346999926
