f0,A0,w0,f2,A2,w2,B,f0_err,A0_err,w0_err,f2_err,A2_err,w2_err,B_err
43.890633070610164,0.387391061767139,-2.0604267054267735,43.18707413477066,0.28862543807557306,-1.962525200505911,1.1510262008487713,0.015839868766137327,0.1053904738831527,0.30866589499651736,0.006321760707731889,0.1071198032679024,0.2976766572908188,0.15008497827785297
48.21427979876806,0.49702320348070295,-1.7743984749925636,47.54668032356945,0.07531678203728066,-1.4625185755090413,0.9783182707584837,0.019213950476452298,0.09269309126343113,0.27299660967280165,0.01969331938812356,0.14437346391277625,0.2921400497235571,0.1616816568621922
52.68105896885528,0.29125841537281894,-1.3773929232757955,51.99389878680583,-0.8258379209998972,-2.060092813805999,1.4312058803670946,0.03370683535282541,0.1185167540175834,0.2118849538230476,0.09130274561511832,1.0014302891844031,0.9978237488092434,0.07578210901916999
39.37067662848394,0.18749150549493432,-1.7193902932721972,38.69377945007932,-0.4498349280107457,-2.531219591290734,1.3951779662571422,0.025425857679517574,0.11962555692965933,0.39381543588821794,0.025137357874101457,0.23616215002043744,0.8010771311710265,0.11043512936496966
35.11984839488271,0.06523006984169114,-1.9227042371534508,34.451249894309846,-1.4958894732827708,-2.376862504490979,1.295518692523435,0.024792275766023983,0.11972478718817037,0.34869662130186657,0.0739829248404981,1.4612677850832043,0.9384522416016506,0.14081288590284594
57.15363288980545,0.09068357339364555,-1.316020270983046,56.497442029081064,-0.8353864968473941,-2.95471894399488,0.941726664718262,0.039769692675570366,0.12214174461350889,0.15273199876226246,0.042739977946917904,0.3879810156817504,0.9439122284808125,0.1183255187274479
30.944219077414928,-0.7897200445407315,-2.4596133688962394,30.345497848244637,-2.5553871724409793,-2.8077850533077395,1.238544020848544,0.04255081540952108,0.6454736996399297,0.804860588869484,0.06674055017907299,1.7283888640602663,0.9825243064797053,0.12006299681400281
