f0,A0,w0,f2,A2,w2,B,f0_err,A0_err,w0_err,f2_err,A2_err,w2_err,B_err
46.752317522035334,0.8807451524753316,-3.3029791660529004,45.99473893458083,0.45435540540219294,-2.6278755421283515,0.7378010756245725,0.01076948087061107,0.24119324631043476,0.5431912037661077,0.0173774805479407,0.22143052844597874,0.5420002695231285,0.1544721064031647
51.758408018803664,0.7155200765483485,-2.2652162914571674,51.050903359631185,0.5664945093856627,-1.5018052465727665,0.6255308697207358,0.03549146473586702,0.19815794868746073,0.579035955310307,0.03672817983950313,0.2736508293232235,0.28467315287016076,0.13360355867113868
57.179801810471005,0.093703237411159,-1.7500099383631156,56.38079122199392,0.1528949624248149,-1.6438960702563348,1.0953914859698637,0.043028737801416965,0.19235140090676822,0.48352792670003597,0.032038434509531845,0.18428607513521233,0.3985904427137722,0.1893038261800507
41.550759519568395,-0.44319981494648214,-3.381221247302932,40.82874066400511,0.2809903603752825,-1.9474692794982382,1.401546351594944,0.02953998452879561,0.642722415502439,0.9218962847127865,0.030271255471397016,0.18390993020425433,0.5458966026832797,0.10032783716435009
36.69280006521358,-0.24690400194287787,-3.92892792675754,35.98120373391448,-2.4152470650012905,-2.8466917732994554,1.2922793381921798,0.009220893169984307,0.27860328604101486,0.5018487917557681,0.06938581569638153,1.879805787874806,0.9756005751820988,0.12124127075094863
62.42159693825681,-0.22790044336427911,-2.115729155370011,61.464781539211,-3.3004847763611798,-2.701678820936971,1.3453643764557368,0.060045951350439476,0.6145188427206385,0.9003886188526871,0.11548850229132843,1.7820187552561872,0.9946118266427074,0.12458325156749535
