f0,A0,w0,f2,A2,w2,B,f0_err,A0_err,w0_err,f2_err,A2_err,w2_err,B_err
23.923667841068237,0.39466897101219817,-2.0633270214779875,23.35963347288548,0.11070438831530797,-1.3827989031246521,1.3123503694116498,0.01655539215768948,0.10356962427406588,0.33386822454103127,0.02544077787199827,0.14221131270081883,0.21153661815146044,0.18695854247032667
27.599053045530493,0.2671100761646726,-2.0540879382569006,26.994891525180552,0.2169804335808719,-1.4044532640935459,1.4009157462305553,0.01826833599522459,0.10690954218844616,0.3764942577801936,0.013724425643470614,0.10539365378947993,0.20328032525666329,0.1176120783337038
30.9905674369479,-0.12491819665969245,-1.6412462032418365,30.438866699942796,0.07470716219690918,-1.659214697478381,1.4461471774811305,0.03451031447679331,0.28524716998984784,0.4622837333078191,0.03378679299581982,0.41315946952856697,0.5450197572366959,0.0749076592876452
20.734429455622518,-0.2105956355682091,-2.225689924304435,20.247086038046696,-0.8641554238926998,-1.8507660728114594,1.421058691691243,0.019325910675601715,0.14208277536667546,0.40680428565909876,0.042130814167348395,1.2674828564019325,0.9312087914429582,0.12475641985879385
17.27342804497466,-0.6992573314175425,-2.012166438898364,16.961709157962485,-2.3852720732309094,-2.9424718916877737,1.3187374586323999,0.03101208367155918,0.364695228212918,0.7814220476423651,0.037925601397881,1.4542848450130126,0.9720808485522631,0.15363621129276936
34.75040202617416,-1.1175259271701576,-2.8594121741181855,34.102266045559034,-0.27718691437067944,-1.4296748613785417,1.2771853174968917,0.043614475715766494,1.0870410635363539,0.8576389473187621,0.04894858171455364,0.3760958025070023,0.39879159731501007,0.14547892704284265
