f0,A0,w0,f2,A2,w2,B,f0_err,A0_err,w0_err,f2_err,A2_err,w2_err,B_err
74.62368081047381,0.4565828589485259,-2.1373141477554003,73.73394442122976,0.3888649043143746,-1.3450023230689574,1.177760754497029,0.014043183942809255,0.09383284705687579,0.26497110764011456,0.008951427049541822,0.08172456827108929,0.1359121968273871,0.11215907615533394
81.40157405887173,0.5147083763136109,-1.5620092780785186,80.48914349967816,0.2521663291883616,-1.4707909956541942,1.3642024962275177,0.021954885012766417,0.08522850615974423,0.22012552740725447,0.0349857537284082,0.26711890452438647,0.30253290207308586,0.09565074648949927
88.07148046489789,0.4852213555798871,-1.3233339410158707,87.11845234900919,0.38399433442907716,-1.4090380284059218,1.3144015924303587,0.06756082282608626,0.18117194215582536,0.16263630076567048,0.16718980248377072,0.9737939768188806,0.5966344328218263,0.1192011697079995
67.83389266107235,0.1629562985842873,-1.6381426183072552,66.91616347619511,-0.08651606941923837,-1.3742240317481944,1.0246363760707655,0.022668016091709046,0.09276730214623151,0.2396342887444834,0.02664251371502965,0.1289342570768432,0.18193287590214832,0.1047177961346233
61.380675208796895,-0.0997052844040501,-1.4874450588677255,60.53786516179098,-0.877006171309837,-1.8928558166973162,1.1525482263783802,0.035118038240796824,0.13179658976832478,0.24778807048296816,0.08689965758864783,0.9832414245952208,0.8908055171816469,0.12377414222749954
54.896712377368296,-0.6169045001695801,-2.8749179551959143,53.897593073596674,-1.3552935774081845,-2.089495545805579,1.0933381489555098,0.015701785430822197,0.20337569670904082,0.5691409113828151,0.1013986870415048,1.3754530729159067,0.9074797026854714,0.09849834259664351
94.97529450061168,0.2531294119482176,-1.259403762447314,94.01164663001312,-0.029667145860429563,-1.3812745359978593,1.0565126201141062,0.06144265517757561,0.7734529185894811,0.3327931149018828,0.04906557043660049,0.34036023739256155,0.23421970514023116,0.11582026930132777
101.88513777656047,-0.6051522097443265,-1.6698484263108457,100.49187063119564,-1.688816666851094,-2.6173451507104426,1.324376221617167,0.09798724815479527,1.4204363408105547,0.8480784955085506,0.18633598788088868,1.7010024049420165,0.9908231623109184,0.10602505302062024
