f0,A0,w0,f2,A2,w2,B,f0_err,A0_err,w0_err,f2_err,A2_err,w2_err,B_err
27.93888151389893,0.06264617729041616,-2.3691607998301167,27.366813414937553,-0.17959824602222657,-1.4523269634361529,1.2825043567971839,0.014669965554269034,0.1286751650588464,0.4555614535069047,0.017065226946234864,0.1911221198871679,0.30881155455181514,0.2071167182415135
31.883260222903793,0.4384461116057842,-2.30602004096675,31.22895683824392,0.20126563362345357,-1.573236003568291,1.4130447391774617,0.01271249462506932,0.11111923669964398,0.32987115531412436,0.02613718874487164,0.10337746430190271,0.2619112332516122,0.09585775963084717
35.9627232925087,0.49813171327929695,-2.2379718998724867,35.35125188790654,0.437758987055378,-1.77033904028333,1.1955964896877043,0.013085673665596816,0.09941264797537733,0.2957287611454437,0.01840835255842517,0.10312567920810302,0.34186630059681394,0.22989982507045095
40.01695533800552,0.11035883420966695,-1.4858830927687503,39.406210698476194,0.058655474105387996,-1.4191634602945573,1.4160004859204562,0.029529129712680735,0.12575790631247488,0.3202932567133015,0.02943567217837418,0.1407477936014222,0.27996518842461793,0.08964476939284023
44.15037685497846,0.0032856026356146775,-1.4720816634415215,43.57313649952941,-0.23867635319317554,-1.4057203281892239,1.3194452755864963,0.04828189522176091,0.14863998638509981,0.2919921357046721,0.04290172405913886,0.500245909274552,0.46920197356356724,0.1339863232417274
24.142248948520734,-0.6522478804050722,-3.124500436859356,23.65680140956279,-2.985447626324359,-2.5705595804452015,1.436651827656521,0.017523386026032154,0.30961000918813053,0.7528255815401103,0.053798789655593586,1.5899436564405052,0.9675648302906488,0.06619015152862937
