f0,A0,w0,f2,A2,w2,B,f0_err,A0_err,w0_err,f2_err,A2_err,w2_err,B_err
32.68603877214857,0.582128582173629,-2.7195620573395933,32.180692067996155,0.3850212826994931,-2.214218090746365,1.1389938691759318,0.009409110838457654,0.12270253987106917,0.33831076958508416,0.009230138379490589,0.10699157006653098,0.34894730157528786,0.18987730695080235
36.274826206380446,0.1637972038365743,-2.042722833084105,35.76828137344984,0.17199515465197968,-1.6060505144190589,1.1862549884693765,0.017988357895218247,0.11307372226079461,0.34943030931013164,0.011459644401484373,0.10844053385058505,0.2732373593194075,0.16852417396120692
28.99141802807334,0.10223564132022539,-2.846922817553399,28.484955552852007,0.18018720115208978,-2.6914035622234467,1.3492221611133717,0.009970979026767508,0.1423238935102449,0.41580974382045977,0.011035226169752655,0.14180220592975679,0.4046049982609532,0.12077236291880114
25.47569370280591,-0.18162727029531406,-2.6092263381311462,24.96388081001992,-0.825777840342274,-2.6952124948821456,1.3406450674724473,0.014371254769982503,0.17325999653557886,0.5700265434964834,0.026790244105301328,0.6248013196165213,0.8436881689362216,0.13736771026252684
22.043129891318948,-1.1093472506037816,-3.4589508117632652,21.608584612165167,-2.829240184314862,-2.741942492638015,1.1875181117465576,0.0207241671685897,0.6396565867818949,0.813007254390441,0.05244733948610645,1.6340020974783551,0.9940677587482343,0.12000764478515064
40.04474569101762,-0.1810875054938257,-1.789059376619282,39.514988270745405,-0.055067642312845416,-1.5891104635119162,1.2079420801593799,0.030962100471676385,0.15451246686582853,0.42763379687859177,0.01792934376422159,0.14953144000541269,0.3389697251409556,0.1478932430695838
43.91783418102587,-1.3443888878281283,-2.411143087409487,43.32241157653674,-0.9957832702502516,-2.3383089743422114,1.180475509764812,0.06813129317684408,0.8211191155098773,0.9340752005098051,0.08583238148238558,0.7853160845813927,0.9343829541467478,0.11984247531374158
