f0,A0,w0,f2,A2,w2,B,f0_err,A0_err,w0_err,f2_err,A2_err,w2_err,B_err
33.39901053611409,0.45714802731038506,-2.340836209386437,32.736386420734945,0.053990667872545334,-1.3504342309304178,1.3830484145802582,0.012938323813908307,0.10865453380963659,0.3399400541565091,0.041141025659522726,0.13187968710337897,0.2266384767888193,0.12699533802057164
29.227124306575487,-0.029350446472308597,-2.1967052782359593,28.62319504037902,-0.4347963414114833,-1.9032803990788998,1.4312026078639222,0.018679857023397264,0.13716208733663204,0.5528171296516338,0.029635059311928957,0.26174632781814267,0.7372966042830797,0.08514345195225276
37.686679309251645,0.4321597214234332,-1.5468579375086924,36.97695072737512,0.3113197307668766,-1.3002870186235942,1.4095702976553521,0.02344259441228493,0.08853585075723662,0.26196157951099397,0.03465975432579761,0.11309595986187622,0.13133863910639224,0.10450395751868503
41.87316896105203,0.21303872033604376,-1.353978453095264,41.18946359699713,0.18854202413467533,-1.3118795782201687,1.4336000806778648,0.049039526574486805,0.14214264562557263,0.17890290252384022,0.07220498690718626,0.5632229244499046,0.2840204093288348,0.0780270435825808
46.36155400202039,-0.32148370942794824,-1.5521623542592302,45.74849131785829,-0.5138320173653965,-2.090678004265322,1.3925057940706724,0.05376892548998005,0.2774322946750147,0.9847790733437534,0.038076972873166325,0.45040268134328776,0.8517684331770495,0.10843726564059468
25.274558189558537,-1.3403376848963637,-2.3336713313090875,24.789919149716027,-2.379622434168979,-2.932807805434695,1.3222346999495909,0.05257480883477684,0.7340074002991496,0.8358807260580902,0.058860428843093546,1.2927137579917245,1.0029080394040895,0.1128164875436566
