f0,A0,w0,f2,A2,w2,B,f0_err,A0_err,w0_err,f2_err,A2_err,w2_err,B_err
61.43255200245711,0.7310653387852434,-2.5828081363460234,60.620895270759775,0.6356326748204184,-2.3972984374534962,1.191189063343455,0.009535610525129135,0.11094732741701203,0.27554381997511357,0.01090819798637303,0.09865176614396001,0.2723628063187568,0.11957887154203613
55.415465297219036,0.32019266324853884,-2.180608872372422,54.5476569162787,0.3783039655268511,-2.911342595968318,1.1523242005508938,0.014319629097308276,0.10449724988213206,0.32069772063387125,0.008759538075054389,0.12807843199993751,0.3475824410920613,0.1136045438987508
49.32324339410383,0.19233314581175615,-1.985295037468251,48.463072963535836,-0.09864323088629089,-2.5816257393574533,0.8921374131721216,0.015845149137619658,0.09873864203444369,0.29830493977505845,0.014266309697822912,0.1461094102973903,0.5199061724977802,0.12266904244249778
43.62221101913937,-0.4184652635455826,-1.7458953602277891,42.753548499900354,-0.4175087183883226,-2.4379430255052146,1.066799395333862,0.03534402456494878,0.20998388009403482,0.41415088810907874,0.015122994020512334,0.17381357260972982,0.554626025613188,0.13788908771686179
67.58912397864215,0.3918729483025074,-1.8424744520563325,66.75058652567613,0.3692440818517977,-1.5462316002861196,1.127208488311307,0.019711784753112287,0.09101283528221109,0.26759994223301914,0.029318785577693348,0.15086926104020312,0.28078920256879414,0.12269793430559695
73.8150939610403,-0.17548892538458483,-1.4301844806986568,73.0061688077477,0.09709030100117184,-1.2713703107688088,1.0473252382939209,0.048518451460213885,0.155441305896583,0.2584625966767527,0.03837483585670694,0.12794639038880148,0.09841762019281487,0.11193412966923512
80.05375263150535,-0.8130150356658931,-1.9524118729736866,79.00765141285764,-1.9213989931389381,-2.4455616399721594,1.1435090879354868,0.06397640848531756,0.6020200999960335,0.8173984825076525,0.1381555061250884,1.5112985650944155,0.983877559821545,0.0866496530046939
