f0,A0,w0,f2,A2,w2,B,f0_err,A0_err,w0_err,f2_err,A2_err,w2_err,B_err
32.376462022355454,0.44160775007678704,-1.697403245647516,31.73935745736386,0.33665683784337724,-1.6052815706096566,1.1978673213180508,0.022156267041411118,0.10599557539580227,0.2939460457712175,0.010805843804676068,0.1164368055613877,0.3006051513622449,0.22502748603700162
28.366470074854703,0.19860355923983442,-2.1658157071934614,27.813755960564727,0.11302861781469585,-1.3918799499264705,1.3311972060540134,0.017126557378898778,0.1257344203990732,0.4056823958212837,0.014336546399244147,0.12726463373203806,0.20943025791974001,0.16753618788848215
36.46228764998743,0.48287547544703857,-1.589991694105316,35.88020165909242,0.35659779268395986,-1.3351067130998997,1.3595640527334831,0.03513892441690365,0.12159704514526469,0.2973381248587718,0.0450873673491184,0.23218037125772342,0.3487488825835237,0.1357419438552529
40.59188576214797,0.32800662578099404,-1.3944698684554258,39.85051951079557,0.15570686576924164,-1.4642403132655701,1.0873191281839762,0.031680109673814946,0.10900043359316076,0.2012123928893774,0.03246493896711087,0.12315563132634245,0.26567633795721973,0.21906515505707413
24.613449444406047,-0.89080922040338,-2.5087116461257226,24.102824489666794,-2.4822203945962915,-2.903062167977082,1.4064657784270633,0.03845932255612882,0.465366900999774,0.8616767246315837,0.054200482095894564,1.4813600810422243,1.031980657880359,0.08769897458563763
44.999287629312946,-0.6856464293856481,-2.167682546185471,44.144609286253925,-1.4581917079580662,-2.4048078499411694,1.430628662190602,0.09156103021880717,0.5018473409322218,0.9124568708867257,0.0830239356564208,0.617880826404675,1.0176868792788705,0.06184567307714049
