f0,A0,w0,f2,A2,w2,B,f0_err,A0_err,w0_err,f2_err,A2_err,w2_err,B_err
47.19387417714759,0.012158855674658714,-1.9019899451151798,46.5221534975527,0.19982524480708966,-1.4060111327380522,1.4162451766532207,0.02634858369132031,0.14676127323949414,0.4012768821572169,0.02154338233006797,0.1717316249185517,0.23127375586094998,0.08134456718994529
51.964742648583616,0.4332819824589851,-1.4203560966189328,51.34957243389663,0.29857400842435033,-1.6600895528058888,1.4232814337619775,0.043323998204076675,0.16654090752475745,0.2789185192407561,0.0678831335792355,0.9828191878883725,0.5182352391946287,0.07982912095110595
56.68005763841099,0.36593940634366456,-1.2871442603646739,55.87124857456951,-0.47419795725480357,-1.5709058502590034,1.4735710543392322,0.051622324716339804,0.13273836704476935,0.17009797046955027,0.10277126586449112,0.8016765382876437,0.9384386834715683,0.029706011238686592
42.518839582261485,0.22942466423666663,-1.7306478659513467,41.90958861434594,-0.06090111673299109,-1.3478712428455433,1.3802500008165088,0.029647992449903186,0.13248750325029232,0.4056007421156546,0.0687128392758828,0.2916730459374251,0.4217532539178577,0.11585316798072327
38.03084366767427,-0.5665984385643672,-1.6872231973738878,37.32663604430532,-0.4196896100391106,-2.010064208829081,0.9982414635864005,0.07627537568214332,0.7417294325656685,0.7073318358747671,0.03583233263203431,0.631211204704432,0.6632211474234653,0.23002179542489448
61.72029981732514,-0.6944085100364612,-2.174571421846144,60.902303712056934,-0.08976225316569643,-1.4550607007367473,1.3031825292814387,0.08136245628086088,0.8636803909125333,0.8895957226894687,0.06438440068697286,0.8764730961951779,0.3774764268027582,0.12394146076570327
66.3478944179356,-0.6398904963564606,-1.8204283604957707,65.57454095273663,-1.1800558250239173,-2.1075905007878126,1.26914421652187,0.1083973074313362,0.44272103206047275,0.7861627723749828,0.14183994444938872,1.4134891797193414,0.9340592098641534,0.12453950887971021
