f0,A0,w0,f2,A2,w2,B,f0_err,A0_err,w0_err,f2_err,A2_err,w2_err,B_err
26.23475922940668,-0.07239672167013761,-1.9963052903013985,25.756641010534526,-0.43783143389832163,-1.51967291309894,1.4228793767526504,0.022955427466911947,0.14709175101647182,0.45715020165745607,0.05653735075137104,0.47369548353605473,0.566396498391932,0.10778000301077792
30.1406968426419,0.3211167431623902,-2.1534698698776342,29.47375596514059,0.1618917077191479,-1.303828930681983,1.3693445910944266,0.016282703555046296,0.10428900471737719,0.30646451719356926,0.03754754333741225,0.16335496845545017,0.1780232534206186,0.13390555281041444
33.978871576102044,0.1890601338917754,-1.4790015683140834,33.30209745173071,0.24407974631088986,-1.3298826341086114,1.2686887074379205,0.03285942874434446,0.14722577252548605,0.30107733922641156,0.04436700630328666,1.2661999163707216,0.5496016457445317,0.2101676932778931
37.8363038354131,0.12624179924264417,-1.3739369627909044,37.19855142221237,-0.5347690389607884,-1.5149811406502458,1.427582177559232,0.04509894910858374,0.13892946314878213,0.2733644868935703,0.06904747032409288,0.6492283792370479,0.7640250764848958,0.07176419452471546
41.88070383597259,-0.660133043303541,-2.2869061959086645,41.1537530255221,-1.050161829682637,-2.114227566981747,1.4287771745679865,0.045567399991370126,0.35817037295499027,0.9800143657104265,0.07260952352792995,1.15061222316844,0.9987229644774432,0.08580696944674321
22.715018657578433,-0.3132777075088986,-1.8419736920770255,22.295792929345048,-1.7487906196983949,-2.7704960878511686,1.4209413651403795,0.033053379101126476,0.18135646003159614,0.4545132995433543,0.047261927878088805,1.3827811824097587,0.9757445560537013,0.08121571516782236
