f0,A0,w0,f2,A2,w2,B,f0_err,A0_err,w0_err,f2_err,A2_err,w2_err,B_err
31.86737018638688,0.5937594376522919,-1.965507654305173,31.24483328477566,0.2980206272523648,-1.7302877598425845,1.364439525910061,0.016885938116542765,0.10055333513494062,0.3202883886904538,0.014769653859286483,0.11597256376439646,0.3322492141075655,0.14558936597057995
35.94727701341129,0.6493051636348686,-2.0639582708761957,35.337293562094786,0.6283951987250518,-1.3686689068771596,1.1017853405589473,0.016820285252631344,0.11054787366112169,0.33195623094334586,0.028451549580258223,0.08963280692638807,0.16802045253158254,0.2311566791507351
27.898734520004687,0.2102396882305032,-1.8099072542257524,27.281596900994046,0.08937694244312648,-1.4477116382048454,1.3334952548245549,0.02349120161207365,0.13105568390103428,0.3820918211704426,0.033854468781361606,0.13707618993569923,0.2770157012743989,0.18459408329393784
39.99881141914689,0.32075017305801246,-1.3723062837990918,39.394248513598825,0.18181385177320497,-1.3543638356031253,1.3982904653405268,0.051401123523415734,0.1639603773372895,0.24264925738300133,0.06315647885651049,0.202850713081635,0.37294973287131583,0.10498949084010036
44.19288884495164,0.14650214646205395,-1.596044515235457,43.47245816496099,-1.1961064981199976,-2.4308412708099922,1.3899460801320402,0.03156600719526141,0.12238862309873011,0.29271171431699416,0.09182731233924803,0.979890061977928,1.1035985711842335,0.09934483839410864
24.110328655073822,-0.11723131044603971,-2.3458150758971854,23.59821436683565,-2.012931168089137,-2.493291599925349,1.2094878696773452,0.019391588170831055,0.15381408750682946,0.4706829838559913,0.0569674054859624,1.4765301254163519,0.9258089357304742,0.15476562884986325
