f0,A0,w0,f2,A2,w2,B,f0_err,A0_err,w0_err,f2_err,A2_err,w2_err,B_err
27.655607591946012,0.3890952499287903,-1.883290652199705,27.164848026206414,0.09171227365063211,-1.3331355855941154,1.384173088093573,0.027777366211273784,0.12283304671018103,0.39884225900721715,0.057936500169938884,0.5761177092614336,0.7825490774695182,0.15767172436688115
31.749076073410304,0.35688420469993176,-1.9607454482815196,31.111593770800084,0.21178220369561201,-1.3323830890628905,1.3590900825462706,0.017347884641989147,0.09933358439563612,0.2732412001991852,0.010237162547230361,0.11372353881641308,0.16788594892567488,0.15264374073811418
35.78902694667716,0.42077223667555846,-1.7180443658383306,35.11490911207905,0.209300853100583,-1.298802488157613,1.4161977028653812,0.0216131315843043,0.09451392584698011,0.30531959109598517,0.034580940192095413,0.12387542500841127,0.13652231867026654,0.09135580856434433
39.87820304124526,-0.09090177712371797,-1.6244175323712404,39.24978450653417,0.12430371036300798,-1.3273640679617917,1.3702201816624853,0.03235685846565908,0.16100026314800842,0.4126645910286344,0.03865500183874963,0.1270630097637001,0.17378178094508365,0.13081831296409138
43.873616120042,-0.7984565468411016,-1.9761898581141208,43.35471669985697,-0.9683254478015844,-2.913598426059811,1.3394059786149664,0.04553898276660374,0.5120357550797157,0.7617429680166605,0.06484504873047549,0.6129667042473499,0.8703894196932804,0.09751149793726226
