f0,A0,w0,f2,A2,w2,B,f0_err,A0_err,w0_err,f2_err,A2_err,w2_err,B_err
49.70738967588641,0.19219545568398266,-2.20525384606611,48.86157621362946,-0.3224261685832969,-1.759868452237198,1.1778847374870385,0.016013248720409882,0.1113678262327879,0.3417204646261078,0.039171599954019795,0.21422865393582716,0.6028422805294487,0.1437285533088344
55.23735816949234,0.41924165807444447,-1.715945170683626,54.326759590577865,-0.022984095467851105,-2.4987154044796385,1.4036829041815255,0.01928911614759692,0.08887407298336818,0.2887843075047218,0.017797804956909666,0.14964368072477965,0.5472870223450651,0.09507732660051682
60.79080985105463,0.5797672554385432,-2.108662949623753,60.01197054776006,0.37431243419192284,-1.273720523077031,1.42276268654322,0.016032622829846674,0.09839643781965639,0.29988000338958587,0.05570644544120918,0.10363536843752671,0.100831363074964,0.0785005535756364
66.27796090718502,0.34683294642134793,-1.4454252148826952,65.38757416624232,0.1629415141244967,-1.329094444091531,1.4736521456894738,0.02837574523676709,0.09497708233819825,0.20521500518902708,0.046051842871059644,0.11844457979554812,0.1655153050290386,0.032988385331982596
71.92190360824128,0.0904724782722185,-1.420320183282683,71.09582103526255,-1.0181596564980595,-2.5157489553974894,1.266476810935497,0.03366796803283008,0.12193109756250135,0.25487961648236185,0.08328436411408023,0.9603214708171326,0.9674618048861783,0.11109637107694875
44.52826872089247,-0.2042045835411041,-2.4752342577436686,43.72122440149003,-0.6533771789012078,-1.766894498453916,1.0750125962835262,0.016425886462001268,0.15484765781091026,0.5077623865074874,0.0521810690334809,0.564714401550894,0.6885700454755229,0.1467619537137094
39.073198765977,-0.7245356007706024,-2.723482204579289,38.4279998425967,-3.2799117853593422,-2.688260896920725,1.2797816781213744,0.027618609931998,0.3660431307159055,0.6571584815162775,0.0788463307320083,1.616062865230424,0.9635761134742195,0.09649839994147892
