f0,A0,w0,f2,A2,w2,B,f0_err,A0_err,w0_err,f2_err,A2_err,w2_err,B_err
27.466974225056067,0.13690300389587448,-1.9808835259123196,26.835295918088256,-0.032942139052439416,-1.34776598744627,1.3640447811349978,0.019651626926473004,0.13442345235772582,0.42355177512601855,0.03630614729908159,0.1706128402915329,0.21057590834247425,0.14500603488037772
31.622235080718728,0.4247457815556227,-1.8453196161485859,30.92486031777333,0.3214056380448589,-1.4474110434931595,1.3453288792461628,0.01943584394567876,0.10061723405446373,0.3271467215889854,0.011584514456496631,0.11034241617070524,0.23141653658620392,0.16906327948321337
23.79446906630913,-0.5001111098507185,-2.4608822688260474,23.29049387178021,-1.351460171701739,-2.137596096162684,1.404011013839003,0.023816161054489304,0.25607668282016316,0.783106357179926,0.048713105755408895,1.434585861656528,0.9543834043135182,0.10659585065739648
35.568766169171965,0.49857437626820883,-1.3262691477325417,34.977244781752,0.22891196378849715,-2.0924991304104115,1.4276925693220586,0.034689784986259256,0.12357969345434278,0.14656572329840883,0.031200528501194227,0.7470482703250088,0.7657886998299336,0.09430436818588725
39.68213250858345,0.190739867868004,-1.4050057614584697,39.03230272596005,0.033184637907164125,-1.5567721151759264,1.4086042769148748,0.03469266539281028,0.12968220693766921,0.2414240459738736,0.0327072878088151,0.37158967827532247,0.39502252194343074,0.10190023141304257
