f0,A0,w0,f2,A2,w2,B,f0_err,A0_err,w0_err,f2_err,A2_err,w2_err,B_err
52.56667855782251,0.6246823386785474,-2.7491678593637134,51.88280987122783,0.7765839662330307,-2.9993837053396017,1.2623881777843238,0.009572655295441755,0.13435715148750121,0.3622925864101463,0.008000308026264448,0.1486824548948606,0.38329035969434755,0.1265909936640716
47.307991491946375,0.4249495061663267,-2.245736416872474,46.62164428038211,0.060319252444196725,-2.3418837889291053,0.996877471057745,0.013676440253940141,0.10772840048309311,0.3028390263604434,0.016309385418515707,0.14489242504664082,0.5222140892822182,0.14424115980927427
42.207505472550025,0.019502620303709944,-2.706176189138822,41.54399688553239,-0.32251221691341425,-2.745427069745193,1.101927741797284,0.012509937049766561,0.14913752634139624,0.41980262123975903,0.015175612330173812,0.17115708710279193,0.4815613490998423,0.11841741902828178
57.717314407648026,0.5351536412733355,-1.736657373010741,57.05852728725205,0.49588177613455775,-1.9457895346281913,0.9696128657754124,0.020408783967270767,0.0884977266310839,0.27137673779508037,0.010564116117986518,0.09469192315899432,0.2795087211443044,0.13436852057226736
63.06465653324347,0.15491055353985433,-1.4852559222263078,62.319330485849335,-0.16540114681724127,-1.7154845408037782,1.0682465768818994,0.02987212335885396,0.1089532973449704,0.23763940885213364,0.02769586456936911,0.18673372753691414,0.40086744123544077,0.11668856387982286
37.30431495938461,-1.1550070013306795,-2.4698861667065724,36.50593051233226,-0.9109436177616926,-2.3354069142586122,1.0367706569185227,0.059257033326159794,0.9356563708770965,0.8829095958481237,0.05375455511901077,0.7332302499560989,0.8128131822080417,0.1335417319280287
68.39619798758322,-0.7026888837831193,-3.0605948236241822,67.56872356372628,-0.4457271992782205,-1.4765405581765383,1.3016613746084584,0.031087418303777283,0.5216186490078885,0.8123955732752596,0.11048341241754359,1.144369646561192,0.7232978112699545,0.1195816040428658
73.56931321419441,-1.0888660688447263,-1.8902427095519236,72.41822515863885,-2.069166250998256,-2.6974347957114677,1.1189954921807068,0.10321505160012523,1.0702186267965206,0.8319221821624129,0.15191370769533777,1.135994628493839,0.9849168971737535,0.08926037615027012
