f0,A0,w0,f2,A2,w2,B,f0_err,A0_err,w0_err,f2_err,A2_err,w2_err,B_err
113.79398230418113,1.061268522319191,-2.945982882239363,112.50717252044211,0.6557482155679806,-1.882113933538699,1.2905881100966061,0.007197926673538797,0.1368644630403779,0.32933645771171083,0.014923049580342403,0.0813215106123368,0.24189934878717717,0.09141079118145724
123.86590441858155,0.9468931674133411,-2.5635428188936547,122.53801325937073,0.7489880020841788,-1.6742444176086302,1.3621702223136913,0.009475292140661364,0.11179415117360611,0.28525316289408187,0.02757964960158608,0.111559190067224,0.223601480401823,0.07936951617919884
103.66825996482257,0.4397924300076498,-2.542210652310829,102.27959851466838,0.14240299468532625,-2.6396450048972713,1.1126873620179083,0.009931857666126169,0.11149794876294526,0.3058546682879239,0.011081058870671474,0.13064082171263072,0.4583672040461299,0.0785636995197415
93.67108966053422,-0.020618080769797698,-1.8993987857134846,92.3580367397285,0.004893670326718169,-2.0141393923678677,0.9471378202308576,0.020966325514768444,0.10399574909703027,0.3391143505080376,0.017081185348829905,0.10722646892294452,0.3746088183309681,0.07794191203151866
134.1242868015659,0.37465112804425504,-1.8341990685396656,132.78378000888472,0.14180954725331144,-1.29214967378511,1.163893907063786,0.017631812890646758,0.09229676424628303,0.2889863174354717,0.021850576728994264,0.09830622742758979,0.10963401942143329,0.08055241881967587
144.5651419034226,-0.21977042103456368,-1.5857240957172545,142.87674421986443,-2.467456383773507,-2.0783457876667617,1.170938984346836,0.034021154559675464,0.13886305507737068,0.330173915024245,0.24123849202144892,2.006999389104566,1.0196233683189235,0.06964534557931222
84.0705831051442,-0.41408875495172626,-2.0997957484812897,82.64093362008595,-2.2921663478731094,-3.096300217347903,1.0673418270232462,0.023380496915746934,0.15821560132610418,0.5011545341533481,0.12122372799471187,1.814053738048318,1.0105262919736888,0.06983048757808015
154.90221583653926,-0.8917193586227019,-1.6484688840305188,153.5222125815771,-0.4665811688246273,-1.427388545652015,1.0277919521873489,0.17696695718631963,0.9416112674507472,0.8400572654427324,0.17078250100327044,1.0815863289471885,0.7154195722564541,0.07262902069052077
