f0,A0,w0,f2,A2,w2,B,f0_err,A0_err,w0_err,f2_err,A2_err,w2_err,B_err
36.2900542263189,0.5454837213570474,-1.5562817421086246,35.67661076484267,0.3199473072181616,-1.4732139055495537,1.246900858324601,0.021211135346521637,0.0876259635796781,0.23729707822875465,0.02877710642847821,0.10269630233831564,0.2316504988765771,0.20175376930006444
40.37576768454275,0.3960559023507221,-1.6475199639386695,39.66033881460646,0.285160807299917,-1.3346414576069736,1.3849395327635263,0.02623299350087715,0.10950238824666152,0.2919655821149157,0.04220077825264761,0.7297291845896098,0.4309171766621844,0.12484013923863153
32.15778194808857,0.1321445803315116,-1.9416430305231502,31.4874028024918,0.14883259933498916,-2.1257987928711555,1.3458900202175914,0.01947143558220199,0.11194829016074556,0.3325488451102368,0.013609335164656173,0.11832585405955794,0.41155376744166716,0.15717856292206642
28.277677959470388,0.10804525000114,-2.409716954203857,27.70362566952554,-0.3641961751664633,-1.4800830814306405,1.143372385248474,0.013394447600698656,0.1265751774906948,0.3740982170690387,0.047804238839709946,0.320458880382003,0.556507685978285,0.21769666700471052
24.295236015792128,-0.5328653284278092,-1.7498342924108659,23.849361418483007,-3.09707650485061,-2.583769888047807,1.337606473798028,0.036897433531116186,0.3736163169448816,0.49093646206023556,0.0534322213712346,1.4896899662938685,0.9709418463153715,0.1193577667422847
44.611664443276695,-0.5170196187923897,-1.5747672465717928,43.953416583373006,-0.7219039110942873,-1.7008221332388325,1.4673440927223982,0.07226883806077457,0.4004999956005447,0.5832212697692981,0.0645016485218349,1.0230631866310256,0.8097997445373925,0.05018173005637371
