f0,A0,w0,f2,A2,w2,B,f0_err,A0_err,w0_err,f2_err,A2_err,w2_err,B_err
113.60131124010508,1.2445834204071629,-3.0706573210920256,112.29970177856987,0.6801791688154228,-1.4335413225201714,0.904253439584622,0.006048774347983056,0.13528324410430187,0.3038794905749316,0.01842772554014682,0.062423959577654224,0.14975428560536325,0.07576050492200435
123.63488598440063,1.116509100268729,-2.1852284975030494,122.36049436640293,0.8272131914361435,-1.670807321630622,0.8729760968337901,0.009680220174023488,0.08244352366698349,0.219190783634197,0.003855589588035365,0.06679661441112826,0.18476738403205945,0.07285268725230973
133.7917409718754,0.7241912276680701,-1.7345436943775616,132.36249021482567,0.5958814992318409,-1.2776671958888648,1.3922086941465481,0.020678156200981776,0.10285152904508843,0.247996877787336,0.19739802133296241,0.8869775705216318,0.33080847069702307,0.07347750167563398
103.43545850542321,0.39869490511895894,-2.357361095092379,102.11284598736927,0.13243871586628742,-1.5814667434552776,0.8128322739135148,0.010454536919325332,0.09793718837940817,0.2751702709008558,0.02026138502815419,0.08606169161384739,0.2643548304357007,0.06861942557279903
93.7055529921383,-0.02147112267298055,-1.656078076822542,92.37671222056257,-0.5223645211906751,-3.3655199162203218,1.0256544117534585,0.023276878486537884,0.10443890907715937,0.2811134356117344,0.011441310484476467,0.2019305709287394,0.7578035596192798,0.0727793194096004
83.91144906380191,-0.5731278407528954,-2.2744684664682246,82.47167396220001,-1.1620372451710337,-2.070675025800268,0.9682559295918003,0.023332633402633536,0.15640506774115012,0.44938399989466776,0.15469101900566554,1.4697179988057505,0.8546632294432394,0.06556975631277319
144.107367253696,0.3073842310812887,-1.2993948909461897,142.62457316201727,0.19624529113441924,-1.2576443010918084,1.1493989701105765,0.03290563647285581,0.09137471767875249,0.1251324252322971,0.09995805127010074,0.3500732150389357,0.35689998981827054,0.10987604355386531
154.06571437022072,-1.037250578238524,-2.091156170300997,152.36366589532926,-3.178157770427049,-3.1261279558722483,1.3701805927891644,0.2482276126960973,1.139710762083388,0.9805056425751532,0.23733354114872499,1.4705997616779571,0.954392531272998,0.06068826696362509
