f0,A0,w0,f2,A2,w2,B,f0_err,A0_err,w0_err,f2_err,A2_err,w2_err,B_err
54.9506562817302,0.8407850924580612,-2.61294029733871,54.25316150574757,0.36655928231072266,-2.3258746967113537,1.05012671483543,0.010510276263591816,0.13888286015513648,0.3493584379888516,0.015259271016890784,0.1267024157132884,0.36011004699199783,0.14390079240456347
60.346300714828914,0.7768744940280432,-2.593939156286477,59.60390195226792,0.6826317778843827,-1.743582041171273,1.0388474196173638,0.030225320719036667,0.19327147273628392,0.4909897313953766,0.062029465858870425,0.4204021617104652,0.4200751284922518,0.1611236796038723
49.48145789116319,0.4606955758354411,-2.544316934009248,48.73858755859338,0.19464084223663047,-1.9021743628105137,0.9767529606641098,0.012742611035238346,0.14859350501286087,0.37726145144478745,0.021934233215509972,0.13235827543685505,0.39838537891282144,0.1479563326417347
44.09926313404889,-0.10652350453933404,-1.677805471732088,43.45002506469912,-0.26401553205212436,-1.9989965941002148,1.084710191587199,0.03337183470849399,0.15483471728634382,0.3787569268313132,0.027839359005091723,0.18119697016051753,0.5202623382510142,0.157265210797698
39.005406353925885,-0.2810368298566022,-2.7500476047578335,38.23536940764798,-0.9569615572312782,-2.4194395435083216,1.3624837634717692,0.019659324742724454,0.20227407453464483,0.6730393438219051,0.05515482786423442,1.2400784842123083,0.8796922113800714,0.12495724376480882
65.97544136110679,0.15370086246596387,-2.1506972520331127,65.16941689265202,-0.6877725082285338,-1.5454101822621986,1.363051831767208,0.018397248389213975,0.13629695029494174,0.4446706799884557,0.13019853091801634,1.3017527028886593,0.931801282945626,0.13176475300616974
71.610219273725,-0.28545759679642607,-1.498660583266573,70.59139033624906,-1.117708203826783,-2.4039861397865128,1.262836190498866,0.09083004852513818,0.34152381743263216,0.489572226903461,0.07320103622255932,1.0089654263777277,0.9250974070271502,0.11916014308967897
