f0,A0,w0,f2,A2,w2,B,f0_err,A0_err,w0_err,f2_err,A2_err,w2_err,B_err
35.439221271014716,0.41878011550089894,-1.612286939927578,34.84636305360297,0.21958374348301413,-1.375619581692323,1.420100984919559,0.02357992359208856,0.09006901295646215,0.23600301070747765,0.035532326491254956,0.12126559722616227,0.2375501485453952,0.10231454290714394
31.43245385423826,0.36825264215318754,-2.241652370723406,30.76425571150173,0.20483243058688252,-1.751509265569485,1.403404318842225,0.014292389744472877,0.11167944616598698,0.35202638583698653,0.016389550425790413,0.10654198664969769,0.33276932840387535,0.11498428956793118
27.50351438849963,0.03792901626042583,-2.2079441553508894,26.912144574305934,0.022074847920943427,-1.3656789927100907,1.3636275651271048,0.017191886217438557,0.1265545733480021,0.430842887876041,0.02287015150526299,0.1869062553437082,0.34922747858989145,0.14686202318167235
39.44640240276413,0.19731653160828444,-1.4768416661269266,38.787482926259166,-0.14026031322695365,-1.3945142262433163,1.4442128379583505,0.03634083997797614,0.13298074800597504,0.28765797718798575,0.07753552953394084,0.3125724482731907,0.43613906867539476,0.06581091082746823
23.76919123902635,-0.6824625647150148,-2.1873706244152196,23.311417477778427,-2.402533960990929,-2.776292890806702,1.429102146949429,0.03247636862050494,0.5117140019539617,0.6977369804197173,0.05353912460605865,1.4841991784840993,1.022632054407793,0.08238835973639924
43.48672935794764,-0.576525553196177,-2.1537981539980766,42.86532357490428,-1.3144765312208555,-2.1921160915969353,1.3587646250202967,0.034312698534040356,0.3948509844907305,0.695794495101228,0.08372549263109626,1.5136103524249767,0.8906943591772053,0.10602102392405786
19.889694382999277,-1.1703680751254508,-2.411722448322756,19.468673202868267,-1.9551780372741656,-2.6374550166080635,1.0967895363519222,0.038211964811099675,0.9627062111715112,0.8686471474479697,0.04636070181959616,1.1866337505550977,0.9810010919302661,0.15104375175065957
