f0,A0,w0,f2,A2,w2,B,f0_err,A0_err,w0_err,f2_err,A2_err,w2_err,B_err
27.00412321510358,0.11488461558759666,-1.873361304228819,26.435552087842787,-0.24778857922404487,-1.4748735615195143,1.3096111043389693,0.02049288958649619,0.11250744852962895,0.35060199104994755,0.04298455440715345,0.2069475898548518,0.3420967392970302,0.19614000101297574
31.042443222953118,0.5064412007380172,-2.0793052739501237,30.41870527554376,0.06417190673220774,-1.3174621453736357,1.4388919851779083,0.014876000748034478,0.09755990020473217,0.3121627192862489,0.03152366920689164,0.14857818138304435,0.16351852050332308,0.08917673625467065
34.97007405824878,0.11111318128525549,-1.4895295386977567,34.398991119787595,0.0093767400553062,-1.6617649667664438,1.3902180305589078,0.0308446699466113,0.11183029512044902,0.2330462447473915,0.02348145334052045,0.127878658457959,0.31062051910508076,0.10624905778702855
38.902602827983316,-0.19647867388539436,-1.457905960128679,38.27950096389251,-0.33642953161569605,-1.5743842866242428,1.4103862072108457,0.05168498006818257,0.18817439152417656,0.313454504237944,0.04337929298480169,0.3124556268151924,0.44626234038145457,0.09670286747986766
23.367473838990577,-0.6682297854699446,-3.5396279294991646,22.8806320587646,-2.694756406170044,-2.8449554061092543,1.3535136522255458,0.010686491374408724,0.2790893886005824,0.7432500047273437,0.05042238797976825,1.4642754427302633,0.9526832222327031,0.0980478510108571
43.087533398535825,-1.2643941837685495,-2.5404568037977944,42.479417616443364,-1.4636879362051445,-2.54395471531363,1.3092399837108786,0.05740008186976525,1.0740220457387228,0.9669070064085001,0.07469461873985153,1.3474345447939535,0.9678812396254278,0.11805708651233393