f0,A0,w0,f2,A2,w2,B,f0_err,A0_err,w0_err,f2_err,A2_err,w2_err,B_err
48.62561249581452,0.9303781164139947,-3.2252172450551533,47.88837681780603,0.7639654303915824,-2.873695153371923,1.174109775859801,0.006360486247727384,0.1605735516246684,0.3586006422443496,0.007916530027077024,0.13304265863871406,0.352420677707097,0.1385268469426632
53.937824226231655,0.5109195466534742,-2.6224156993763144,53.21111361938647,0.6195412169737169,-2.1886047464336382,1.0774776557395382,0.009784609008597385,0.12163504782741194,0.31218727421720094,0.011519671237900181,0.09475378369392994,0.2764875346783376,0.1328529139714283
43.254172440859655,0.41850849323270034,-2.7870829744679475,42.442527108688964,0.0750672503962406,-2.1981757257898416,0.9992560344282875,0.009321342912110963,0.13343327149540077,0.3500915545683783,0.01483667925052654,0.11263825902131523,0.3673256489573231,0.12987046798054633
38.131232728903534,-0.46268543252709726,-2.1138502950576097,37.42108362362178,-0.479113743318207,-1.7853105954020188,1.087838185695648,0.026738393833037645,0.2109269344576212,0.6096933299236106,0.04436009879737193,0.24408334893243905,0.5816782016035426,0.15805854000529454
59.44202169689599,-0.003221202590433292,-1.7916056506634752,58.67854642677611,0.0937709656914889,-1.469485506984685,1.2027836283235207,0.02539522488299876,0.11369959601584909,0.33461592768376663,0.016862876112137156,0.10909738298123657,0.23197367470172783,0.12159279791347427
64.9821988684794,-0.4472158746484345,-1.4982586496060837,64.21003046631344,-0.5427308348353239,-2.101906074742862,1.1140250817210395,0.06693644437391144,0.38711801941149687,0.455868960613464,0.07719371197568099,0.44354315106642617,0.791610943698366,0.1186355559415662
