f0,A0,w0,f2,A2,w2,B,f0_err,A0_err,w0_err,f2_err,A2_err,w2_err,B_err
28.109002267049988,0.4101936146271572,-2.494719196906048,27.48329074004416,0.07319139813525226,-1.8540679522673318,1.406021520079865,0.01214011038122536,0.11341217906425179,0.3354570545905843,0.01684892391231935,0.128462186449932,0.46847538717157816,0.1201764136185707
31.642853687996432,0.4757425731084063,-1.9461275191236058,31.11405066404182,0.5129577776124182,-1.3214077986560495,1.3545490696967863,0.03936499914173792,0.19884343348378206,0.38927702079876203,0.048882534808454024,0.9797271389220129,0.5717202159115573,0.16208262516089558
35.29618994320292,0.20728167038176976,-1.5249204134187384,34.72430189328428,0.01566874985708166,-1.4817944809002135,1.3778300549380798,0.030870091477465673,0.10570317805700681,0.24595024388311265,0.03680601615786354,0.1479631943984273,0.31690571171227033,0.13145897150989339
24.45469999699741,0.18400913784398082,-1.4700934722774246,23.982207618490605,-0.13277885537699247,-1.5394629828270885,1.3898055174293595,0.03496830175816379,0.1406294656045373,0.2741028536692519,0.044672919430043534,0.6167114434745394,0.5251629297048138,0.1214002871741577
21.139135843035394,-0.7386070901759106,-1.9793704399053853,20.750324957068717,-0.7639071722746357,-2.0421041250823984,1.387405678465024,0.03800132615148581,0.938934126870725,0.8068846746596998,0.04285529658481476,0.8365270364580534,0.8090975003452853,0.12566589031109374
