f0,A0,w0,f2,A2,w2,B,f0_err,A0_err,w0_err,f2_err,A2_err,w2_err,B_err
51.520038066886855,0.5747122489111226,-2.3736005600536294,50.70772804649327,0.22045242276628868,-2.133983741864208,1.421781396583522,0.011189176013944863,0.10490572104703688,0.2645058177797292,0.016390373498686755,0.10615673390620921,0.3090194000526633,0.07715286706861031
46.27808041989017,0.21346601852996627,-1.8416803504365786,45.54421077521184,0.004964427511672823,-1.527450769642291,1.2968094623597501,0.020386794432354714,0.10348101090476843,0.30194238416740043,0.030547001801982637,0.13033524105250738,0.2754729635589555,0.13742478754206786
41.35968982165699,-0.3253375881959861,-2.3421626234373805,40.61813233371228,-0.9055636720075431,-2.316442722033098,1.3027693006076806,0.020148590732060476,0.15799131978418976,0.4957269163164868,0.047820896127430616,0.962801813966668,0.8285858305765785,0.1161131120926914
36.41340248155296,-0.6311893918233007,-2.159296650757598,35.7021397094478,-2.1996675404882966,-3.047897993419931,1.1891768667536895,0.03807902205917285,0.30185077008216116,0.6310269497387173,0.06849336598687819,1.6384090686478978,1.0117206857529397,0.12804234282571098
56.67943432148725,0.5481178645941307,-1.3063564805738466,55.952393700468434,0.2836257360430605,-1.4570606725269968,1.4482702009440025,0.029778377904362635,0.0917377664585315,0.13205012599427385,0.021818771424071532,0.11609596497387423,0.28397877215021927,0.060881583347183583
61.772734986404565,0.45340383359227354,-1.386095513618301,60.79275547442686,-0.12298634394543428,-1.569427582710314,1.2419241337426645,0.025930087994537575,0.08867649277154957,0.17501326243320925,0.050925379397482276,0.1806034254637309,0.5198393997405758,0.14924950179752633
67.11055502179536,-0.19935054436740493,-1.4120576364879724,66.17682999510059,-0.38109496738900484,-1.4317962070709427,1.3908088354661297,0.052514220837129276,0.16293338349638997,0.2734994390066022,0.07741584082997867,0.30252941755022744,0.5246366267863443,0.0913279076683461
72.23186586432344,-1.0518567288075455,-2.613611969142475,71.22954541461598,-3.158589993648949,-3.075655277927857,1.399112721458448,0.0777837444778581,1.242754508528911,0.8449879128775042,0.1297134046365735,1.5092420443501244,0.9791740101364391,0.06379046256850902
