f0,A0,w0,f2,A2,w2,B,f0_err,A0_err,w0_err,f2_err,A2_err,w2_err,B_err
97.62702345123716,0.7902601343953289,-2.9251004116539283,96.31244446856947,0.4499610370624102,-1.4588071375218132,0.8624557265398333,0.007248197903105167,0.12931747730675525,0.3130902746619459,0.019910368558766614,0.0706360715855627,0.17939178466796238,0.07458960525499447
107.1008815271398,1.0823723772817917,-3.1634576592211614,105.80441282590085,0.729802082098256,-1.5474525846860514,1.1496890837612408,0.0062100805994377275,0.14711220073674053,0.33212550447354805,0.017833888427284905,0.06756151007175656,0.18851200997186401,0.09556189991246576
116.74496828911079,0.21052562526875673,-1.8865783594512453,115.45018417226198,0.11592835536375959,-2.2030723777239514,1.3539239636953475,0.019134412451987978,0.0911133646985195,0.2738051216219091,0.01970427591083326,0.1210977903271335,0.44945637871576566,0.0790698635428943
88.02147110028662,0.0280174433611977,-2.7919989868487174,86.71968463465042,-0.35912482082490227,-2.597769216161244,1.0991036179333218,0.010181972200374898,0.13992824486294206,0.5059100539530638,0.014689553562811593,0.156133176129223,0.5556765321150865,0.07815701387112427
78.89948186549358,-0.3162164205222941,-2.240243554769714,77.60469846918342,-0.6049027312229664,-2.067935824043884,0.9601025423434381,0.017340412334240735,0.14490805758163175,0.5218208734265011,0.031244358507957037,0.2064449579017052,0.46775443844750325,0.07278315543889312
126.58263846897569,-0.016407585462470925,-1.3098048730361047,125.22505612959958,0.027204908075904408,-1.278151985120393,1.081441610292224,0.05280177288473818,0.12560180201688195,0.14588764185787892,0.0935577473520178,0.4507223721882994,0.4249124594246007,0.09435031576927387
