f0,A0,w0,f2,A2,w2,B,f0_err,A0_err,w0_err,f2_err,A2_err,w2_err,B_err
30.661294189771155,-0.0799300665980929,-1.7413037931790551,30.02872631908494,-0.1510123680721982,-2.830377063830004,0.9357992412071217,0.026759623919550054,0.15864533361392913,0.4778417938438647,0.012246095298277627,0.18810596227560214,0.5936032714114655,0.20997652129188465
34.776310408549456,-0.10368403812822093,-1.8220194477199323,34.05296362220164,0.22663131681734858,-1.3837522750868698,1.3276705182845014,0.034689586144970766,0.1666492439798667,0.44456713778724927,0.01754372118198218,0.1210797917449904,0.2374069244540279,0.1666223075476341
39.23202193214268,0.5512049524802212,-1.4495418119746484,38.55910557591837,0.2919979410723186,-1.6475234179408142,1.2472568263321209,0.02464038550288063,0.08768802456579403,0.20925013975057652,0.02362819757237872,0.12652126210605663,0.3492801490217797,0.2091255937080061
43.62943709475707,0.3125104331467297,-1.6902253415557784,42.91229358173163,0.29954276454515333,-1.3478068289462601,1.4393023031447691,0.027173342692069245,0.11510030129094355,0.33987124366625443,0.03851924108722169,0.11486952517300499,0.1708015717356575,0.07112342276586882
48.09241942050794,-0.15348287655448878,-1.7615446559124839,47.27724631084433,-0.1935682596767465,-1.5066328377494518,1.4071806431724734,0.03386908594522796,0.17350406987808284,0.4774923068048609,0.05241374446511837,0.18967617119085467,0.3787836434589162,0.08698727575174768
26.355992282680273,-0.6666802806245706,-2.127456838208877,25.748389882918808,-0.5747636004276389,-1.6588772742597344,0.7626411611724797,0.03596950947745414,0.6166161199163998,0.6165456577309164,0.03912283498322139,0.6234640687299747,0.8131572762054009,0.22491807534530364
