f0,A0,w0,f2,A2,w2,B,f0_err,A0_err,w0_err,f2_err,A2_err,w2_err,B_err
30.134591862036697,0.35422377135768857,-1.9264406500884974,29.56893492637138,0.3434510793093614,-1.3265056137752798,1.3501630565740843,0.01865351336045904,0.11324682251789758,0.3534882987840231,0.02850273282455802,0.103416991573915,0.1488812691993535,0.1531961546498772
33.99346309607423,0.380869190151958,-1.829168151688083,33.42124333735769,0.43704549081783806,-1.3303314571956208,1.3215612291005439,0.02149998833442606,0.1016216629678793,0.3302469930886396,0.03218955549832564,0.09488170119197731,0.15034131515344035,0.16161849516062216
26.26062368111072,0.23839198107952023,-1.5215758166488242,25.759918125601104,-0.5149212530169025,-1.574865642244009,1.3711596359388944,0.02783064078405009,0.11439317113019198,0.2324518480511362,0.058177145209665194,1.2332321464479736,0.8408666013274576,0.18180783295499828
22.781149161420334,-0.26467866373526877,-1.9299940903002628,22.278249958063128,-1.4129601985167728,-2.522692219592808,1.4450864550744857,0.0246420348688228,0.15505687624343595,0.524290824702533,0.052322862743403094,1.5731947086852835,0.9559479363291105,0.07473691138013445
37.911972976276935,-0.1846115263945852,-1.7847865879525613,37.27126535359524,0.1324863087351758,-1.3045192305453472,1.3967505413117731,0.03406166989439699,0.1795082289218909,0.4139352377567437,0.055002035000308015,0.32409760725331027,0.1668845974807677,0.11091166368386242
41.78062669131007,-0.4920939139856405,-1.5239907355041198,41.218942958075736,-1.274674740369042,-1.8402115939683337,1.3458547386541149,0.05100622466454258,0.5499558938479788,0.7779388200253674,0.08484525150792008,1.5619603760289413,1.0022118558447917,0.14007872402142185
