f0,A0,w0,f2,A2,w2,B,f0_err,A0_err,w0_err,f2_err,A2_err,w2_err,B_err
42.015908521025636,0.510653621745915,-1.5679284598704608,41.36934140799349,0.3352778406668881,-1.7491770836889395,1.3698684146595443,0.03199883539885272,0.1198094208973066,0.27560503583978807,0.028489979729695816,0.14169464902144538,0.3975051482108822,0.13756457729368676
37.833934737441744,0.7539721527282133,-1.4738947507468918,37.147965473644305,0.14393451216862124,-1.685543226879234,1.3212155136530044,0.029250080270564364,0.09824367333923646,0.23841217049566596,0.038468852242660445,0.19116816433489553,0.4565763225895315,0.1903842632647187
33.42408405201749,0.3939284591170343,-2.500946525304055,32.76388883898103,0.07861135025492512,-1.854824178723463,1.4053462906933283,0.01613681118931102,0.1676542276094119,0.4717700348101323,0.028303414510477302,0.18940614197997083,0.661138193893544,0.1144928212380122
29.44417804938485,0.05977967797903526,-1.7635228062082948,28.81331666295415,-1.4436287572389748,-2.135913505045622,1.340499664957796,0.02549599306033504,0.17103031748643738,0.44090239628011346,0.06773940612035347,1.36716579549638,0.8668186867613361,0.1763827012315857
25.002062631475717,-0.9198096877871065,-2.3445100927236373,24.558198741280904,-1.5837206687127547,-2.4588782779967526,1.045904042398814,0.044759935809854684,0.7862162653683286,0.780634126405795,0.05808713773929259,1.0479712525378901,0.925397354802883,0.16814892798476588
46.29659542942724,-0.047989694038244865,-1.5177646392987163,45.68791999611634,-0.26144849113614155,-1.5196287646479405,1.334620795295654,0.05411547199383021,0.1872259666590178,0.4116675264947557,0.08055145615560917,1.3752352759997561,0.8912858715369512,0.14142298251364288
50.53061409576124,-0.7769799352527897,-2.165157613385031,49.83226185940855,-0.8569604948150606,-2.625283750901353,1.3033651611690882,0.08574515000208276,1.3380762840004372,1.0086436291673004,0.06210707734110865,1.1082037585908548,0.9427681544826553,0.1468673388912578
