f0,A0,w0,f2,A2,w2,B,f0_err,A0_err,w0_err,f2_err,A2_err,w2_err,B_err
57.409060490657,0.7772753884886667,-2.7755773756582807,56.64582940737718,0.5608628642374234,-2.2110174603753743,1.1589009960743342,0.008653360443038088,0.1355306330159183,0.3281100924857884,0.013560021365383469,0.1039872773333466,0.2761869609547715,0.12832692308938884
63.18493093518023,0.36957422858070815,-1.4335726135146065,62.42523986795848,0.3687925490600241,-1.5697417898406574,1.007173609772553,0.026192664898592375,0.08927164003981358,0.18898276826031202,0.014801630177679543,0.0906316517958053,0.2346417974974377,0.12916806862204924
51.7936569206703,0.7576142554202081,-2.6492662276851595,50.98950078871103,0.49174030631518584,-3.428138541036633,1.0311951086045972,0.009047830413590342,0.11107962633800075,0.27078671344867605,0.006214561752428015,0.1737166876318119,0.4480265206202898,0.11791012237392291
46.081851540950325,0.2277867695350535,-2.3683479623735275,45.24522497546185,-0.0853372227150813,-2.041878073072544,0.877328238369667,0.012308873286765226,0.11442085360351993,0.36042704880593107,0.019085820281220113,0.11711640480552099,0.33444217396161013,0.11896552148036828
40.67567741657737,-0.40114752877259885,-2.2197157267932575,39.93025779077519,-0.44032312313953814,-2.5256500044977104,1.1010804388208788,0.026586606846466486,0.17196815030161794,0.42945185298931077,0.01995421169964416,0.18137900855737293,0.5324336876898423,0.11766939667593097
69.0415792314628,-0.3087480678379482,-1.5270075790467494,68.18738357386869,-1.0781992804814637,-1.7178398632609075,1.3306656225257982,0.05722035794910436,0.4220196218791951,0.648231206811207,0.1362179226178485,1.190435401778662,0.9582101108246226,0.1361499018217175
35.032898921326044,-1.4999768162745706,-2.5391768171147833,34.37726262266513,-2.047341591813423,-2.342927748145632,1.2167362944131992,0.0669241396319116,1.253920334974573,0.9629972129925874,0.07369884252775523,1.648498501112673,0.9208452974625205,0.13826971494960202
