f0,A0,w0,f2,A2,w2,B,f0_err,A0_err,w0_err,f2_err,A2_err,w2_err,B_err
31.976662854402846,0.270295377460609,-2.702920502652201,31.288876216947273,0.32457907374859507,-1.3548844743730855,1.3784390812425906,0.01083433412329422,0.13026278583095913,0.36551862576094646,0.02355227249993998,0.09711192684102975,0.17998713451453188,0.12028406023451486
36.13362391060972,0.5523277060544471,-1.3580852758086068,35.50352073128325,0.2828138380607868,-1.3901847113968517,1.3952906287667115,0.026799294207308824,0.09104851799628938,0.1677545556984691,0.03634657373042217,0.12427947333737109,0.2166676340226947,0.12263414757236306
40.146044775424976,0.32358022156345595,-1.5141603078250905,39.50193043264136,0.25381575572884524,-1.3048326853048446,1.463415523089748,0.027475100045485167,0.09622536184303762,0.22038985707316588,0.039353970502907204,0.11750269607665689,0.14908138334044158,0.050833765273621226
28.10339634965165,-0.21071656048620013,-2.6036289969490314,27.46937472354528,-0.46571721559312085,-1.6167239668159046,1.4080110040080807,0.015065659813182485,0.1603717892145343,0.4608315346715152,0.023768530435134938,0.2339167620887103,0.41349560857204654,0.09600583894400945
24.247640467266187,-0.8630469330963731,-3.0943649453713515,23.675945236671684,-0.4583273009423773,-1.4747788239129052,1.2651801161110032,0.02305430249141547,0.39877521379480096,0.7381674423969857,0.04653736729781541,0.9405610723283896,0.6325860222498862,0.20101560345517752
44.29711450153036,-0.01779093282796876,-1.4778754916864254,43.667789350297966,-0.5751957405267298,-1.7800628096584399,1.468767856744155,0.029360072946416085,0.1406128946151598,0.328671093077934,0.04985360156570742,0.6790011865958874,0.8106490354365153,0.0394740439485491
48.400472050137346,-1.5038709562814954,-2.4453977353399425,47.668962528770486,-1.387528263227143,-2.2910764425915593,1.4042454468079189,0.08637245029200724,1.151216080055341,1.0584110297935787,0.08671060889893345,1.1565295693629205,1.0700175084552028,0.08396876004746599
