f0,A0,w0,f2,A2,w2,B,f0_err,A0_err,w0_err,f2_err,A2_err,w2_err,B_err
40.91037236358506,0.5877134752049568,-2.7124442414718812,40.22293654633389,0.2519481620767203,-1.4167214541743625,1.4343531805252763,0.009640881103847795,0.12473935437874956,0.34235392347175136,0.02756722372425361,0.0998334229805555,0.20806694167350687,0.0747433152692595
45.51655935866539,0.6362764194465524,-2.0506592064506695,44.890290056524144,0.3817462890714676,-1.3719598961009332,1.479945822352596,0.014174614479819431,0.09180779374628628,0.2835140134820783,0.028050785542353636,0.10325472337705559,0.19131430381131878,0.02755453747906434
50.12871919937166,0.40788679134228956,-1.4768740772467246,49.415346399909936,0.4198272080267666,-1.2543831216774461,1.4574647186027456,0.02737390454827537,0.1025586652116511,0.23161249745260185,0.023421268746566325,0.10250894739267918,0.08360548236071523,0.049651400037340844
36.352193065586455,0.03966667201081761,-1.8284119085139872,35.77149617683018,0.056105703957017604,-1.5103507235066738,1.3103161183623113,0.024338770721218324,0.13155456235106655,0.32844119421496526,0.03355471391920675,0.11886055570567891,0.23548517721598378,0.13637227248316688
32.098895329836154,-0.01844428833608063,-2.2064479304681233,31.479492776676846,-0.9426964822866771,-2.291250725645039,1.2559918890489494,0.019803773153591362,0.1380867178851057,0.4693950792185211,0.045139244619412544,1.1385181359102476,0.8841365930732474,0.16079025257103605
54.79965170742482,0.08687777567489584,-1.3743981340599953,54.063234897492805,-0.5016585314497048,-1.6670205252349808,1.4564961176682092,0.038073158739849754,0.10466214143271324,0.16987577219474984,0.057027065899661424,0.6306468237309634,0.5673976903959481,0.05561419064773711
