f0,A0,w0,f2,A2,w2,B,f0_err,A0_err,w0_err,f2_err,A2_err,w2_err,B_err
81.21273312429513,0.18104615091243664,-1.4518165535604624,80.33846390325827,-0.18763136128280114,-1.359516617161913,1.0534285793435807,0.03114386173931757,0.11111749770383159,0.22441197871255011,0.042314743711322315,0.31750081328867374,0.3532904238247444,0.1127192484210082
88.0027348716271,0.38759688204093024,-1.436598867380555,87.00451827852453,-0.07811862803761144,-1.377018279273525,1.0555412927364756,0.02527932680094001,0.0943247358731676,0.22811588346937423,0.07750037981028383,0.6306576279606815,0.6627260575957589,0.14831331699537112
74.44821888550855,-0.28269939290003054,-1.5425185198294602,73.60133390458155,-0.36017508334800596,-1.7814193515663672,0.977207135957822,0.05861982305393738,0.2560336175974661,0.7109406023934159,0.03909984961291699,0.22551268940241323,0.4040380243751481,0.11487627276376096
68.00671917697375,-0.19801566545793228,-1.4632787842581758,67.1643202044305,-0.2863098166089507,-1.558921060562818,1.0399485889629971,0.04929895805399549,0.17380814037738473,0.3187534083579395,0.037988031329680906,0.18506015144288965,0.3406186869827184,0.11541726788039396
94.81906494705608,0.47067501012576995,-1.3103996572741599,93.94048462466301,-0.3628974406135119,-1.8143502808927185,1.1923210983685086,0.03321295039641383,0.11199557639086925,0.1747208510861722,0.17207046564055078,1.5043214214876457,0.8833798940842541,0.13576047770997549
101.55359474654564,-0.3176281887054375,-1.3877759811123669,100.23175913114756,-2.8015452061352306,-2.709649197306633,1.3871169456047108,0.11180022134137667,0.7573085347097792,0.6093608499233879,0.15992174081575242,1.5492127506911477,1.0217517583103657,0.0772993609614707
108.58742877178877,-0.35594492417161405,-1.3986108476652173,107.1508786905393,-3.370787148708368,-2.8146789367964082,1.0933461898987422,0.0828981993764759,0.5449856885752131,0.5943668521995984,0.16690483555779412,1.3528228467299321,0.9667352161900098,0.07770554741274992
