f0,A0,w0,f2,A2,w2,B,f0_err,A0_err,w0_err,f2_err,A2_err,w2_err,B_err
64.6846259667872,0.9334903739692433,-2.765705724250484,63.83008339526914,0.7281860268739004,-2.1054490563268162,1.2753263341466181,0.01104042261761474,0.17035796396026742,0.41497431170648874,0.016134670575798288,0.11877881356199203,0.37162168413318347,0.14340164583136528
58.315203690794576,0.373722094423136,-2.0184209780074074,57.434216975545155,0.04957767223087819,-2.820879926701521,1.0451613351899116,0.018642162783032823,0.12632905984484197,0.4110612552120055,0.013996492869321758,0.18656666819352533,0.5597496719121198,0.14588088295484122
51.926775265161126,-0.21189312962208293,-2.8559151512093344,51.10551609950889,-0.44546239507179847,-2.534493904755535,1.3110384986326409,0.022385125228058633,0.23282072586425304,0.8735265018551899,0.02798711052827481,0.26549109816269245,0.763869482833787,0.14145529559738124
71.09883838854017,0.16624489775922124,-1.7663479905070403,70.19659743347952,0.27448914463599844,-1.446115905719947,0.9790297140650586,0.027585205091236204,0.12387747621183293,0.3385923172503189,0.017748378446509876,0.12140818749744718,0.23802199621100703,0.1360602108618977
77.64394898734389,-0.0945393152475418,-1.8811009554000804,76.59997325721872,-0.8260802801457579,-1.814416295028914,1.3301186530043259,0.030931397710816606,0.16693957188310188,0.4455499060530756,0.11972458168696526,1.6995536194719183,0.9725622690729288,0.13070908157364514
45.96316638575014,-0.5740461916325164,-3.3816594658203223,45.22316072715764,-2.280702724659521,-2.715670418214954,1.1974961858287583,0.018113979951716604,0.28480250699458387,0.887391335718539,0.08854546852830522,1.8240442675031856,0.9704845862528793,0.12436576560521441
