f0,A0,w0,f2,A2,w2,B,f0_err,A0_err,w0_err,f2_err,A2_err,w2_err,B_err
62.23719416030054,0.6396293084755096,-1.983367719596722,61.4397650648395,0.5029473980985603,-1.38746194476824,0.8599029918576667,0.06663709126089351,0.1978561465187062,0.39349520125178894,0.07998336091473139,1.097302889049695,0.6513818344041599,0.20868862259954635
56.69939941063283,0.5363998182639489,-2.3532190886215534,55.952517762183334,0.2591745057147798,-2.008781528680925,1.0296514379169126,0.011488054830225743,0.09702712675663229,0.27674751936027786,0.015486113230009927,0.10258182328770225,0.332741749826329,0.12886359351392523
50.985441236516095,0.2848512412332842,-2.14370486638143,50.2433726311187,0.1700690468924954,-2.344538496070671,0.9202223673431251,0.013867380152639655,0.09885265374386762,0.3040925802410602,0.013139846427365107,0.10725355236829905,0.32348839286492287,0.11732498514515144
45.6301340145699,-0.17879823906413955,-2.300803818884207,44.879285220690235,-0.6537276380991518,-1.646781906631696,1.0133926465386656,0.01642451450397493,0.14155011504020815,0.48506202705375057,0.05887393402958159,0.7200059596778494,0.7480751943504336,0.14903171236997145
67.95303935165616,0.44981344090951775,-1.5892718274543667,67.24747284978774,0.07670904554583191,-1.565064987861033,0.8475071492557325,0.019024934512762215,0.0782329205608409,0.21267806943365278,0.031172986958714354,0.32690465694493787,0.3304921233471625,0.10056637934052587
73.57144843783433,-0.17951112528027124,-1.3906799514003783,72.65272046413614,-1.577029097062812,-2.124879910383044,1.2383984881875356,0.04818144955876799,0.17505307282096608,0.25759498189439695,0.13529643751112308,1.8475512073677938,0.9784927875273747,0.1233773356946108
40.22162868224086,-1.0292906247694908,-2.361780905119667,39.54465117605673,-2.721266277711667,-2.727745729849219,1.1348196261928645,0.04641394656290702,1.0124372936861894,0.9191899083254723,0.08359344632924609,1.651689309747887,1.0074523936030264,0.10594344735915855
34.77826857627749,-1.129718594729588,-2.889469947876571,34.276696723993496,-2.128402726329528,-2.359065481661681,1.0288624286484336,0.05357696087419616,0.778065701210747,1.0030249765042563,0.06930412321233577,1.5369317260187698,0.9321755480444609,0.10511193188696824
79.63823884998422,-0.8047433857649786,-1.7675070515757445,78.62784124966814,-1.1688383757622076,-2.000781013577374,1.1370595688546903,0.0821347153456058,1.0762331179107514,0.8485359343582886,0.13139185877629062,1.3313523547105537,0.8908528870998752,0.10526923974690894
