f0,A0,w0,f2,A2,w2,B,f0_err,A0_err,w0_err,f2_err,A2_err,w2_err,B_err
36.47859673384419,-0.14616882124187405,-1.9316352168406041,35.890168331737534,0.14501117665061444,-1.682208229206059,1.234527690353922,0.027888806901849524,0.1801826315620958,0.48047427908399115,0.027407476139520277,0.12062404753839327,0.31165094427990864,0.17151636527586078
41.11743682770458,0.441725672192288,-1.4861898653732044,40.37606095907243,0.40637799737542557,-1.6892997111755754,1.4748388230327152,0.028948964288075696,0.11151714296980061,0.34063665478603045,0.024082130520232524,0.10333997530055639,0.283323679877869,0.034823345388398035
32.00303276590776,-0.18472675759710866,-2.0209764422305962,31.461592176214037,-2.957994862177621,-2.898232620075147,1.1299812478498135,0.026397180072106573,0.1592302721155029,0.4450365309501075,0.0646486874222808,1.5558289895669148,0.9906450468627608,0.13802359660515343
46.520699015043704,-0.17900640613244498,-2.2689140240880157,45.76884745293658,0.5414270408364641,-1.3528332136124588,1.4411494577862187,0.045278015041789736,0.22084964556261394,0.7118984521770217,0.021836567087668353,0.10803816025921567,0.20503212210816724,0.06434850794829411
50.28878364353567,-0.02113751441020368,-1.3957627048772823,49.50255322492535,-0.15079419926563054,-1.367384095385712,1.4707429539088812,0.05394528446306336,0.24718470915406301,0.23371708040447683,0.06406942575086359,0.38958228766254366,0.5150488337212294,0.038279999553868065
54.93132607166126,-1.1876861202504414,-2.644609306169162,54.28249377787827,-1.3354178441129072,-2.4624491778020747,1.420735208717566,0.11027901725975399,0.7848376717617548,0.9405712033538387,0.09888548250302033,1.2756012823060774,1.0247859791763434,0.07866216173572822
27.914978375123187,-0.91406346126453,-3.4560495063384638,27.34663987607485,-2.4336071357230162,-2.901702877436784,1.3018446862799264,0.030030081019368587,0.5011980167115756,0.8783118525216411,0.06298640767680234,1.391264183782221,0.9849968651940689,0.1090167279763156
59.959450943317606,-0.894070285721396,-2.214147620173475,59.08342598925236,-1.4134461138392247,-2.301766115299008,1.0254248974041684,0.07484232835867966,0.3660719560063392,0.5642173141567469,0.13941931361443427,0.7819221857644708,0.7376251114893523,0.08527555687747868
