f0,A0,w0,f2,A2,w2,B,f0_err,A0_err,w0_err,f2_err,A2_err,w2_err,B_err
28.94529907797955,0.15926060671390976,-2.008650657205963,28.335165156989156,-0.2593875658501901,-2.495128765430536,1.1176042779434099,0.008306334781389481,0.10861042139182102,0.3290132854287499,0.016886083787053627,0.19066281836704269,0.6398489257887473,0.20369206636392145
32.94859178857648,0.2901430221338932,-1.739232008022418,32.24319889191737,0.051819379328844624,-1.476010791219153,1.1988862922671983,0.021529408770928248,0.09804295642863392,0.2738674644636509,0.018197781692209154,0.14250004115296822,0.2936432991211994,0.20823269744530581
37.19594037227323,0.451168680514816,-2.055589630908848,36.52494838893992,0.3153042930837155,-1.5888792493856703,1.402585862626263,0.01613745198369409,0.1025845605168093,0.310977721139533,0.024661983342693677,0.0980033196746943,0.2695298593940318,0.10793364526518308
41.363405678048046,0.3597377648686603,-1.8799279833198468,40.69815545438495,0.33945829029537616,-1.3109071558050667,1.3000259244755799,0.02125862409746216,0.10336826015796119,0.3264428575849085,0.03740704814030573,0.10849151464057816,0.14960995036006722,0.15926019328898844
45.64755801918096,-0.25835068183209486,-2.588919434796021,44.989750443477355,-0.13603110168387197,-1.528833771960758,1.4196680954006364,0.017957325462682163,0.17318192237562485,0.6293996265905107,0.034673237051039536,0.16447160721400814,0.42874888219161117,0.08439329324372365
50.01180925017632,-0.8482872042447549,-2.4018143263489997,49.256673397780986,-0.9506386558560904,-2.0099440691267034,1.412800012387231,0.08753760752721892,0.5016808456624308,0.9291538531923725,0.07014271737356947,0.7988191816858387,0.8717179227459744,0.08861261371892235
24.981664831548272,-1.377425088086901,-2.839628957679902,24.544961002604143,-2.488459741161141,-2.9823435890630265,1.363029769149352,0.03901430657414579,1.1782366609042498,0.8921424099213169,0.05772729526213999,1.3901557535310287,1.0211112095335635,0.09602264295699522
