f0,A0,w0,f2,A2,w2,B,f0_err,A0_err,w0_err,f2_err,A2_err,w2_err,B_err
58.018143475562724,0.9316409586831264,-2.5333287514679683,57.27720805437416,0.7103122676932281,-2.9303257584074824,1.2242134510604474,0.008996222952921663,0.10234572508542679,0.2610711491599075,0.00793016118970878,0.1401833634445519,0.37001651621612097,0.12382262382423735
52.318304627707,0.6394048203109735,-2.6362934348754576,51.5130725277066,0.5604241048589109,-3.00780608435998,0.9923943339458515,0.008743115665682848,0.11701889306144303,0.30658391943254487,0.007686978393411996,0.1440794771373193,0.34221867151913665,0.11185459443711826
46.56011390857502,0.08650296391106643,-2.4525968067023096,45.80328435593801,-0.10201122755552687,-3.2153182654576087,1.1507947623695598,0.012733226614873293,0.12687560576594542,0.4063951213232676,0.008530280517996655,0.1697625752440523,0.5069315888967287,0.1200829333146196
63.80125923641529,0.4645611349807889,-2.0732055463013603,63.01980175258666,0.41272371961877236,-1.3272678591491682,1.1302101790695058,0.01567522601856105,0.09376744048773965,0.25461023680126327,0.022814857004231005,0.1118073768855021,0.1338300268103866,0.13729479639384984
69.69269157001222,0.199206739065458,-1.3925043958310614,68.84957717302089,0.004813160291843139,-1.5326699428207364,1.1471187594589018,0.04412675263839468,0.13088056316136074,0.20110007173706315,0.13530472684772107,1.319750353940733,0.8435065733527682,0.1723952849386236
75.41839031576414,-0.6833673297073158,-1.7124595674733851,74.36413366706172,-2.9309432603508645,-2.5079664649903664,1.398294242907321,0.08355582198864915,0.8843214152554253,1.0357405179291934,0.13579739997936482,1.3729860080299103,0.9519680476544257,0.08021372326538452
41.28004936772135,-0.9587701741209766,-2.872904553041141,40.38618272953719,-0.7229294494015716,-2.5122105914456174,1.1827618492284457,0.03870427471385661,0.5419352771525925,0.839883641863645,0.0340187003291382,0.4305842457298903,0.754738373393313,0.11773937467067691
