f0,A0,w0,f2,A2,w2,B,f0_err,A0_err,w0_err,f2_err,A2_err,w2_err,B_err
33.69166152354988,0.5657684985796259,-2.57306685378028,33.004651229118785,0.13924120864532458,-2.232670074030179,1.3334605768289873,0.011554180888154398,0.13355384568079082,0.45351475752826254,0.019128411693780958,0.13903085158392703,0.5142488835031951,0.16984423740069665
38.08969223628572,0.526390884707681,-1.4351338420053894,37.40014540541382,0.2943377650918445,-1.668196452546199,1.4066136238016342,0.029382646446681027,0.09111997032065519,0.1959801412455153,0.0242521484093417,0.1262675912785364,0.4170426059474021,0.10266530782673713
42.36159167299539,0.4355614578636318,-2.12568170425321,41.7037351807322,0.36551242154848795,-1.4409094747089815,1.3762994557086354,0.016991569452144265,0.11014580540973826,0.30646107397622313,0.031439871948806764,0.10692524879779046,0.2143280041446782,0.11325786597664252
29.609551367345116,-0.3342679498810868,-3.0182293926522537,28.992788538357996,-0.3112489147487639,-1.722829745094462,1.3382291039376537,0.014299300458569407,0.20867428347490086,0.6006383902103062,0.01751372112152994,0.21531854900818037,0.48753148308363714,0.13036202735421093
25.501875045618263,-0.4347185327280224,-2.9322846674867638,24.99506466736627,-1.4307316817127327,-2.761384338283821,1.2335577719152282,0.01820252546169193,0.23012830623891323,0.6318362939206374,0.04753946161482854,1.2421278524124852,0.9686436146871459,0.1660706416822307
46.8054568168013,-0.6524923903876971,-1.900288956540136,46.060813591914965,-0.6419055725683096,-1.762852121746052,1.38940283466915,0.058185420145583644,0.6301824415141191,0.7701304632732368,0.08317493319433346,0.6842352741810123,0.8911712534155752,0.10675691864197556
