f0,A0,w0,f2,A2,w2,B,f0_err,A0_err,w0_err,f2_err,A2_err,w2_err,B_err
72.3054400884539,0.10980387127573606,-2.6632320156967015,71.44598747152574,-0.144162292846016,-1.6000436739665453,1.1012866107459294,0.011271757530506264,0.12924845326414983,0.3821153882495367,0.14751027485875046,0.6203312184234626,0.8003853524724986,0.15532380290725592
65.83336140912118,-0.04756340693859572,-2.7936710790067147,64.95789236722563,0.0808677568918361,-2.3046409715766663,1.0285088072035762,0.01044155963462593,0.14603190150325415,0.40292594118360653,0.007376692551748929,0.11441330613052528,0.3743054206678986,0.08429220619306835
78.7835104055554,-0.3549134932443183,-2.18228087033886,77.94072211574786,-0.10745021392834392,-1.521380248212612,1.0697223438175547,0.021089054594375344,0.160559545331,0.5100789637751982,0.1375211883571084,1.1327407255047344,0.43108762657084326,0.1542614996936055
59.306213954827186,-0.3130824636296036,-1.5653665685041387,58.45888226474439,-0.6287901185617816,-1.8025316219219365,1.037601794340076,0.04060737168756572,0.18095365357432816,0.4685181930501812,0.04579664371442978,0.6803662495650601,0.7195904679159084,0.12073304673422533
53.074448187810624,-0.9463799879365773,-2.0990818951880454,52.30749035530134,-1.253383690052797,-2.1819502552179197,1.0304155137360798,0.09684293165325615,0.566001073053354,0.7522119764068101,0.07740746637999137,0.5881561025193701,0.7166675432505568,0.09951740632546038
85.45414444137356,-1.4426363706698906,-2.2481855269256785,84.30869823663672,-2.674279641050061,-2.6613650179251667,1.0979162301374388,0.12144788343506818,1.4821437606885337,0.9341504640491605,0.1527749834341259,1.3429790203814964,0.9661390191898186,0.06911016234015525
92.38901308723898,-1.3823771591897946,-2.514162469127073,91.15882452471203,-2.4938089883984893,-2.560207135066797,1.0237219658119194,0.10411541100832057,0.757604628671599,0.9762401830626382,0.16874430312422742,1.5031613187718302,1.0028171609684833,0.0612276606909661
98.61623761377837,-2.781567709131676,-2.3772387165508677,97.27557292560759,-3.662519830738354,-2.590368797697226,0.9766471708425064,0.14998220930680248,1.614394457958899,1.0006967538524134,0.16078795777708382,1.4472040346370114,0.949167097852166,0.04994078927604006
