f0,A0,w0,f2,A2,w2,B,f0_err,A0_err,w0_err,f2_err,A2_err,w2_err,B_err
27.720867083605636,0.08269227761534992,-2.3970524177989274,27.326856268426926,0.2709315239304081,-1.5737914791244907,0.9415539237777519,0.017659137867286602,0.15137417295961858,0.5047376286196744,0.012036958473328412,0.11422722367748796,0.2800541096516169,0.21671198352766985
24.911809086659602,-0.2121508688532639,-2.803663582621391,24.525141352285054,0.3003545255489861,-1.8290479571269302,0.9268418157925548,0.016724496043806363,0.19586900195460324,0.5808581796385862,0.00966816879104517,0.11212708569029887,0.3307275760739623,0.20371114150777403
22.060406755437352,0.04105446757833103,-2.7346620137373445,21.700308147663147,-0.29805105098325124,-1.994270516287779,0.6610019687773603,0.027149681591124804,0.13130388426717238,0.34018198983007203,0.016900382975942603,0.3178252125895532,0.4834570588563846,0.15421944427509984
19.4971605436801,-0.5933074903651046,-3.747968199982628,19.136687146425427,-1.2047514212072643,-2.959042312278693,1.0664596393204329,0.009650217699925282,0.262336777876826,0.6178982313842742,0.039208782398310216,1.3043422265769598,0.9491871313199198,0.16748405789008047
30.58604151203447,0.23645144084871905,-2.3749050517186747,30.079418650070027,0.1626797250283652,-2.7996861665226787,1.0288375361380158,0.026867622720859855,0.15607924116347263,0.45441718421718647,0.06661875455251924,1.7587383144359703,0.9876661472662521,0.19247500352632818
33.36956067186191,-0.159399419150612,-2.5995768356222895,32.95598697768908,-0.10571092009137356,-1.461303691117459,0.9833206590707015,0.029619572827522478,0.21291342156545112,0.5465850691250218,0.027571285910106033,0.45070150083568256,0.35642987815131094,0.19132876437767615
