f0,A0,w0,f2,A2,w2,B,f0_err,A0_err,w0_err,f2_err,A2_err,w2_err,B_err
29.153690401305,-0.29379471526791745,-2.366815130489339,28.565587581098033,-0.33216647525339915,-1.5803679407331874,1.3054567636544323,0.022560855106712886,0.2084810249280341,0.6857679537754793,0.02887613359110236,0.415090136388496,0.4973486305720226,0.17034851857405858
33.09202424694214,0.07871277161478313,-2.5420592724617768,32.43640474833939,0.009117937122796009,-1.729358432218865,1.384047905195786,0.015502720092652451,0.1505296925277953,0.5401182673949664,0.0218668791049557,0.14136155744707055,0.421241721152488,0.13508658718338634
37.31376178456517,0.4188922529752238,-1.8866730015655682,36.71655951969064,0.5277978943379619,-1.6965570384301345,1.3478025842244763,0.022404918174707644,0.11830589677229819,0.40347903173389343,0.022064067319193324,0.10301328847007417,0.3303842842193659,0.16518136977244618
41.52037134069714,0.2163144380044205,-1.408589046671745,40.82821934547065,0.04682964907606288,-1.8716982798040556,1.4290255230723437,0.03921709764414288,0.11405365381849127,0.20121599847487825,0.026965143048752832,0.1529749076161914,0.4348072321009471,0.08559519266118544
45.69356703710735,0.14016356527247437,-1.4268912893056995,45.08304058081438,-0.3173262059853603,-1.8024818974032555,1.4391432967793003,0.04179934823825632,0.14011362411136896,0.2268416848317071,0.034991884986322504,0.7452245717719367,0.7909231661656555,0.07308889470074306
50.190817638461596,-1.2250461346673203,-2.9937560779250183,49.50714718401154,-0.8632710241946494,-2.25297523913723,1.2336162495523804,0.05688759435148579,1.2359675877431688,0.8919930747900007,0.06025073295698704,1.0825092603872217,0.8555287183988279,0.12760935433089504
