f0,A0,w0,f2,A2,w2,B,f0_err,A0_err,w0_err,f2_err,A2_err,w2_err,B_err
39.214454499966934,0.6797695568781913,-2.4381268630081436,38.61007904343871,0.40302805561069344,-2.0040217100956497,1.1148590440564283,0.012346342291940917,0.11390971677589898,0.312236621112801,0.013797287838950078,0.11071615542721204,0.3435879176548981,0.19445209897852866
34.844265541030204,0.4562777052513529,-2.8421998798782706,34.24596916611178,-0.010561607074884932,-1.6719932710133263,1.119102609440608,0.011311219704066835,0.15705727735499983,0.4486255416034542,0.034861255077170555,0.15823235678420416,0.3993010968003891,0.19475160320722038
43.56407810785699,0.37556844120630006,-2.098450936525819,42.92662905927719,0.2514643575161165,-1.7078856309607948,1.02316462490773,0.018428079629956923,0.11678091721517106,0.3980452885987058,0.011755824051784,0.11418714287493299,0.3305637373469608,0.17821631736424692
30.648122301993727,-0.6180136187714986,-2.2813343142425637,30.05865998454509,-1.1139807390190883,-2.394175741076374,1.2850342840183446,0.0343101006354262,0.33736877716108815,0.7681987769495887,0.06089075122482793,1.0631858582278875,0.9193600311574339,0.14685638076708904
26.503691614406293,-0.6275597003011133,-2.6689196282658374,26.006373146075816,-2.9540804157970393,-2.9065196212889024,1.111432284133033,0.020607131859304163,0.28010092502481526,0.7191020665816464,0.05744587093604502,1.533539531055301,1.020055025999993,0.12517946835787389
47.96181092849891,-0.2229428811511907,-1.449927989587519,47.340631870972544,-0.4750452032304655,-1.5143096209324138,1.258083710636147,0.05994679888063686,0.229774457044329,0.42273388475834595,0.07777023204261385,0.8902980718422355,0.8416081001952185,0.17339011390168002
