f0,A0,w0,f2,A2,w2,B,f0_err,A0_err,w0_err,f2_err,A2_err,w2_err,B_err
44.24959905327966,0.8392706039646665,-3.3604810384004273,43.572706984822425,0.509998605540748,-2.9625382208344613,1.145895188041039,0.006038375987687597,0.1546657774013066,0.35388121355855234,0.00787894118452335,0.1396083451625704,0.38998369804097066,0.1298207332276696
49.07093799980781,0.5599297519085674,-2.3669481193875104,48.43962901563647,0.48626865674006786,-2.453580197806674,1.2340640064041715,0.012103959979940055,0.10790240951120161,0.32810667603826943,0.005069639084779305,0.11260443562648445,0.3331015080828778,0.13328739051940078
54.03677467778726,0.35687544319339315,-1.751346623905133,53.33773950383991,0.16422237224166275,-1.3161276059808558,0.9764528787312181,0.019457370118989036,0.09047227471336527,0.2634989522019943,0.027791453022631137,0.10401043619124609,0.13554670672054528,0.13209815864855656
39.30017973903184,0.1259301010471619,-1.9048679813998501,38.652085198707866,-0.1520091510023513,-1.519330715714921,1.0945840032017402,0.019457550933229414,0.1109231864155222,0.36670335808464055,0.04082255929324296,0.14678085401856744,0.33802600489289264,0.18321943278396965
34.739537295364556,-0.24662927022433917,-2.3349899325218386,34.05444574957041,-1.1122982162479915,-3.095102053447173,1.2213478144161591,0.01915695309361857,0.15373217733938466,0.46392941449127456,0.06196959237883931,1.0954171266861987,1.0578826726767245,0.13476690945302927
29.967241492819007,-0.9417752258007304,-3.1390537194165313,29.37969035718258,-3.542010017283359,-2.8156266585078056,1.3101849198119657,0.026142998233708845,0.8888386398509637,0.7819136773934839,0.06467612449486067,1.5238132387645056,0.9926246639126897,0.10014135808706694
58.98667286412275,-0.029192075131815265,-1.3418138192753808,58.30269347456019,-0.5376036727912505,-2.910850663442903,1.2971658078398842,0.04785013825398063,0.13013615677106508,0.17032586262526,0.031594848938563715,0.22931405413291495,0.7580225407903315,0.10427011998843519
