f0,A0,w0,f2,A2,w2,B,f0_err,A0_err,w0_err,f2_err,A2_err,w2_err,B_err
63.32847402943542,0.8425556260706055,-2.609099833850117,62.484030822184394,0.8727094718240059,-2.849541962178283,1.3139882445584121,0.010650304028956009,0.12698597245813434,0.3325300560610509,0.008707974028388875,0.14833523300103466,0.39960652503363986,0.12272500969519061
57.143406531836476,0.7785414133627042,-2.596517504405651,56.27005376799763,0.5143425085682708,-2.9709593930320826,1.1423127648257883,0.009865603592904173,0.12539870010177,0.3015104202788698,0.009208667116647536,0.15294610991221363,0.3885011559670227,0.12754511979042546
50.84135051442257,0.15966426339216247,-1.9748465065682372,49.99740521401908,-0.45359362133228714,-2.7684381658374706,1.1082659530926997,0.019303804590880404,0.12285533565062698,0.3890705294820072,0.017388110117626043,0.2054769123150535,0.6249549807821834,0.13546734904916352
44.97613789414223,-0.10583236474639325,-3.1241449688881895,44.08169728498559,-0.4667251619139101,-2.1701259583391312,0.9830992403559985,0.01069485809860233,0.18701333357992114,0.49472772482784105,0.010614816904530677,0.20218868073482515,0.5374101315925811,0.10736136467056391
69.72984385205,0.4431520175742032,-1.9979001481206204,68.85777055306828,0.5998573198862245,-1.8109770176166822,0.9268457177015333,0.016318773769112515,0.10412985796019913,0.29589945088107616,0.011762617767649567,0.09334597719563224,0.2756677195966155,0.12335297239602172
76.04541518581927,0.1819416506826254,-1.3892851771219297,75.20390494231722,-0.21101499658192013,-1.6809374933885235,0.9545620570275773,0.03662554611568534,0.10144987872108413,0.18074551609378534,0.037095090896733234,0.20393363579909166,0.3877444773405505,0.09763072540928579
82.58270532991988,-1.2560879363371087,-2.801300326505264,81.45166235532206,-2.0562667032203863,-2.674480748243499,1.1444886349365404,0.10622686358776033,1.1964155118097137,1.02090812889582,0.1352364206270013,1.5753670271977038,1.002414395922752,0.08035341494526005
