f0,A0,w0,f2,A2,w2,B,f0_err,A0_err,w0_err,f2_err,A2_err,w2_err,B_err
35.50094575996414,0.5373946532948419,-1.710480153433346,34.91885358435188,0.08608897566728255,-1.7166260965744187,1.4048868749339012,0.021465403305249188,0.09908787969272333,0.28922555581369824,0.030804411707809592,0.1422700905505538,0.3666633701988309,0.10532708391258298
39.533602077114594,0.43718790722353196,-1.609610488392182,38.92267027227744,0.1916655182087265,-1.3270873140958082,1.456507379977938,0.029390517686304678,0.12656282887944303,0.3259257089833098,0.06260939380522258,0.22206597132102254,0.5891067610120009,0.05346920042099121
43.60018159773924,0.3476391999209999,-2.0296067827514266,42.92981324558155,0.12675498211870465,-1.3059514444531795,1.3754528166854083,0.021626879005941554,0.12431944486660845,0.45734568759842037,0.06015988639525956,0.15522560848464825,0.17730712614589203,0.1309129677274254
31.475489366490134,0.1040554204133641,-1.92178526294845,30.886271549681858,0.08679134070037195,-1.6570157526455729,1.2458960244451238,0.0234389009542603,0.1291079777376272,0.37018980182719596,0.026680000772105538,0.12752749648093048,0.3450104548526528,0.18651676322408825
47.5998394475248,0.026998278627024058,-1.3785891721991783,46.85806412181999,-1.5480870681670922,-2.595616760568218,1.4535319100423765,0.05375590252070257,0.13943880565059505,0.2206233870965581,0.06863624243727094,1.5409359100044613,0.9621362821459328,0.05735591037960964
27.77843764502493,-0.6359719313970331,-2.7886174759226083,27.146591235716755,-0.6228648441660127,-1.7379506305365537,1.400198250933411,0.03982127596509136,0.3431938042222563,0.9138402538343355,0.05561629570359606,0.5129939215070792,0.8030672764193301,0.1207578278341477
