f0,A0,w0,f2,A2,w2,B,f0_err,A0_err,w0_err,f2_err,A2_err,w2_err,B_err
44.73246736939086,0.6349679770144163,-3.0394479735514675,44.05036068088596,0.11594549541709225,-2.2050788726098873,0.8454638757963487,0.0073184127112023946,0.14316092963807295,0.352666248541441,0.014709870730030484,0.10117780673708027,0.3103897124044294,0.11065153761200568
49.66512601720989,0.43695215019181927,-2.9109680011244463,48.98340506421553,0.35068656916705887,-2.1368133486926677,0.8849295700485926,0.008392658222156723,0.13790249078928282,0.3635160506376865,0.005959565216641769,0.09216090996171035,0.2802728110171764,0.10127636696166616
39.79742902722069,-0.16200557293501966,-2.0688876526098445,39.148674063227446,-0.101542155638469,-1.873274793167707,0.9052570615758531,0.020863639061679616,0.12208070591788613,0.3658375685557928,0.021099547466748685,0.1255038313874493,0.3585845837476827,0.1301822507688243
54.669913696555824,0.14312918039745387,-1.8009932162233644,53.950048931633475,-0.2975702279194274,-1.836208768032399,0.923557800320494,0.019030911268123545,0.09463966876764399,0.29353781816095076,0.012978460756955123,0.1384591210280018,0.3246525469648858,0.10444175800269517
59.76163238688905,-0.7243629313003062,-2.058881878202738,59.03454864397567,-0.7664091441530454,-1.9374375499293892,1.148491294576426,0.05484362151322218,0.5998464536909892,0.7085291937321083,0.13256427551604946,1.2472132128853748,0.6881352324431407,0.1351285441268467
35.21493207571004,-0.8893284390866039,-2.3855010586326157,34.48803477015774,-1.2561105661283758,-2.9152245051981267,0.923002157824375,0.03581119238066673,0.7334182432007496,0.7019102755399688,0.04367911689020505,1.1042600629333776,0.9102247349327377,0.10523504286493748
30.307413531766187,-0.8589059623422504,-2.8649838210952017,29.791261634507567,-2.7669704260740384,-2.900942365471088,1.0802597832944705,0.021773040856023523,0.3726899399794582,0.8090422228607034,0.05914262265093528,1.6659037811460766,0.9997337870703935,0.10875952196327208
