f0,A0,w0,f2,A2,w2,B,f0_err,A0_err,w0_err,f2_err,A2_err,w2_err,B_err
38.31551533749882,0.4086353044385451,-2.059134179119398,37.796607275610526,0.3381355541183958,-1.3111199702781304,1.1594577508552182,0.017583993893514987,0.11460757116802384,0.33991540456976505,0.03782580870993439,0.1860246789011371,0.2714119294400858,0.19146254672207705
42.605242542898026,0.07197778502958427,-1.7224042722879562,42.0177302156362,0.13593195437338546,-1.3474597142450913,1.358232526510954,0.027186229601484306,0.11694192681558488,0.33415069930044855,0.03638546982739062,0.11764944414807879,0.16418774645141843,0.12310753300446749
33.937166712910965,0.14023616571707925,-1.4815690342533119,33.38230883042123,-0.6632826495890728,-2.302194689319619,1.2814264616718323,0.02961100946419519,0.10681093642489348,0.22620104820205533,0.03736738005750366,0.46446505345315214,0.6884163911713554,0.1512891535468301
29.941009005937737,-0.38207232491401205,-2.5030807059601203,29.367706871132526,-0.889644814746279,-2.378007977969821,1.0950608919621387,0.017538074332488586,0.19557092061957582,0.6979159860711603,0.03694310690422598,0.6660316424561452,0.7661171381515679,0.17387398839736176
47.09181261409128,-1.4707754769376757,-2.734256616141437,46.37648227862231,-0.06113711355359501,-1.3903947623714055,1.4103399746451575,0.06873643043341018,1.3101800124260052,0.9455530256281455,0.044996980104594235,0.13180449938807498,0.2222529719271186,0.07924953749486563
51.1404261050374,-0.4509123055286063,-1.5861065953034093,50.387176767123016,-1.5771593264769563,-2.8117873558941695,1.4038146392454924,0.045318432012509395,0.48202765889645816,0.6297611047456845,0.07094143598369905,1.5808219399261878,0.9963898704793813,0.08947583551090958