f0,A0,w0,f2,A2,w2,B,f0_err,A0_err,w0_err,f2_err,A2_err,w2_err,B_err
35.148116470154605,-0.1397810501381282,-2.1328618889534416,34.59433542445106,-0.22923530080201587,-1.7220346327784553,1.0568869790903785,0.022378601289819805,0.16551652659370442,0.5122304002635281,0.03647010734792372,0.1781177377740199,0.42560424663180124,0.17606791419689521
39.504379037381426,0.41850431036978164,-1.4413723183423308,38.87421925923749,0.059676317299317924,-1.9378222223453911,0.9502295899247171,0.02847136764517381,0.1038358365919838,0.23849655084671542,0.02427331382952374,0.142362972958181,0.4172115639892364,0.21456197091723142
44.00306474093313,0.5787109798429888,-2.399430258306525,43.308932588044414,-0.22683086612940145,-2.40825709226738,1.3416139548000667,0.013672598806706323,0.12834660465550896,0.34244085581037703,0.023035683234605205,0.18022993280279487,0.5251650312680547,0.11833419747884895
48.39308970260777,0.3729056272285445,-1.6634913841729841,47.67678526870305,-0.02070124388437222,-1.4118465610271818,1.1743592469403357,0.024490535159103266,0.10193578409630258,0.2740189746358413,0.04542298367609902,0.2133810139091969,0.3902550256753147,0.1803691241567675
52.895941071015585,-0.17642622106481706,-1.5532992692137348,51.99722244744911,-1.0303813954175172,-2.2438535184407833,1.3578363169774488,0.049012753078908115,0.1893057005970859,0.3902581703268549,0.0802933716715782,1.3397415629902178,0.9608955626210156,0.12302038593559356
30.97109009920318,-0.6690202086181845,-3.108118624477343,30.406274573130215,-1.5405372661351846,-2.729317383673624,1.3534038975341804,0.02085862540196502,0.5468258996766678,0.7287607735583235,0.05894282761323856,1.624612510410571,0.9875834132446135,0.10544977176378598
57.69427717748109,-1.3380085340820331,-2.83861287391518,56.75873819591629,-1.733739454212165,-2.436215864902542,1.3852669744021169,0.08799479588517858,1.0923360813709573,0.9549509864100669,0.10797619927543056,1.669971402488012,0.9383509811862514,0.09031957049668482
