f0,A0,w0,f2,A2,w2,B,f0_err,A0_err,w0_err,f2_err,A2_err,w2_err,B_err
46.28789921159644,0.4877583360755327,-2.0585567942683656,45.620249779282226,-0.016523991200659588,-1.701511786123147,1.2237144060348117,0.015323090423602203,0.09851615147907945,0.2792065541529079,0.014728432637055262,0.1408048734639373,0.3659821625859022,0.1438403727217439
50.91521200406814,0.594390671231702,-1.6677219461537267,50.26885340972346,-0.0038789499940918015,-1.49296592816453,1.123513750822338,0.021144408978486753,0.08668701255911451,0.2528808464530146,0.019952103801259297,0.14536810412930293,0.2628360541623612,0.1473973146718096
41.59282528292877,0.35962825802459564,-1.6789151056820693,40.945187250497426,-0.414726973364156,-1.7979297626012292,1.0277268604269967,0.020489051668470357,0.09307311516172731,0.26117546311535145,0.03760724294985979,0.30821330221345916,0.5537423483181076,0.16632359375731273
37.19166944150564,-0.10324058484462867,-1.8993911444588292,36.55687596753406,-0.7226550730110252,-2.2227007201247435,1.1126598639742467,0.02360993718930391,0.13376642533061875,0.3875978838848666,0.037923135754195245,0.9259340340572619,0.9180504540333858,0.17721022359133307
55.61299603318433,0.037514723765670215,-1.7386532771228214,54.88389659910566,0.09397280215859533,-1.6384201268371466,1.365674637185291,0.027460402944526504,0.12469172478048336,0.35738328150505794,0.017683392030282293,0.1177913923940928,0.31866227213558085,0.10507872399799185
60.50290064790683,-0.7314493851357049,-2.0363092335514694,59.73705782669059,-0.41193755665224197,-1.5951994621417098,1.4030438840504285,0.056264957123349134,0.4578506445867209,0.8040670123234087,0.06254916279299431,0.7645691928361465,0.7015044126251628,0.080087544375657
32.69405777729622,-0.83239772915511,-2.6137229160907998,32.036675856954076,-0.9579691344043157,-2.725633442359979,1.0238225439856103,0.030039630497129925,0.7370982238720869,0.7259721496087032,0.02909861089135853,0.9121978211464475,0.7716886048864003,0.1290902413040337
