f0,A0,w0,f2,A2,w2,B,f0_err,A0_err,w0_err,f2_err,A2_err,w2_err,B_err
27.42232314771048,0.1716927658727666,-2.41957200255396,26.886148347403992,-0.20317664117652628,-1.569643551879238,1.410838711744569,0.013545564678364846,0.12611119244960758,0.4209359144342165,0.02807845778837505,0.1559190023319814,0.3680263952436369,0.10144788734789682
31.452435522008418,0.3888188492554063,-2.606341709501455,30.75572986800308,-0.05460944874172059,-1.7296807249439443,1.2686188983149664,0.011123150233652318,0.12115712199878823,0.35456311640429644,0.01900055883536522,0.13500828270002463,0.3536319131241045,0.1857886852610173
35.41002352375686,0.37951064485501035,-1.9217926923109598,34.80796090082501,0.26596791993593943,-2.750769466466058,1.4238593688541061,0.017151269716870844,0.0936259139908025,0.3234476596407816,0.01054933258582105,0.13433527336808745,0.4297780530688305,0.0844197517508092
39.42384718586422,-0.15240562795508966,-1.4664610953049793,38.84219418956183,-0.1642745152013212,-1.3954592403067365,1.4077311375567443,0.04655034766372275,0.1715105465067802,0.30945987700043337,0.050907099535752336,0.2034615532519665,0.3766595002288509,0.0938409731399235
23.691638569551813,-1.2176329444853287,-2.3601448250623385,23.243491164156744,-1.8087277721960957,-2.4428586762280844,1.3600202411855509,0.051061453747874117,1.0864841426166845,0.8888441389592528,0.052090924610471295,1.0528297277712966,1.023533443513374,0.11290307639650338
43.679584064079144,-1.0780691746960445,-2.3489083489912703,42.99246206032381,-1.5127564226957622,-2.6659034431495643,1.3863617182301056,0.06003589313233245,1.0054819175174667,0.983402919493126,0.06205756710863227,1.299859189107281,0.9597366986389437,0.0942235330623815
