f0,A0,w0,f2,A2,w2,B,f0_err,A0_err,w0_err,f2_err,A2_err,w2_err,B_err
65.49184409889749,0.5215331508882552,-2.0723674151399205,64.62788770627095,0.11920729929858714,-2.185819118138178,1.0444787103175706,0.015119269706107906,0.10464673866811963,0.31536360481698256,0.018010523456276323,0.1308961347989055,0.4210017396117599,0.12943457573324801
71.94445246760701,0.5893983876118813,-2.201168953483092,71.11742334975199,0.45479899746480856,-1.8855232593575213,1.1275224329619082,0.014155925561040334,0.11347415669967545,0.30573974169769463,0.013598379650225355,0.10321250725929752,0.3109258687276103,0.12448896594124194
78.4183660854268,0.552620901273298,-2.576308892305634,77.56185948835923,0.3477059688940178,-1.7135488604042368,1.084083657723777,0.011770776041009604,0.14618420078394875,0.40180043233609336,0.008053785297572438,0.09861249672006059,0.25247233520565565,0.10730735239388042
58.9379090128539,0.16201992749231967,-1.8673229535377383,58.08419744637689,-0.12924266211905255,-1.6658046589116964,0.8250163484621786,0.019566473358602808,0.10794617613332406,0.36104959791203833,0.028831120097637816,0.14037557759421396,0.3669741889471405,0.12030675508942604
85.10904653036074,0.14465754166908196,-1.6384724033676892,84.17490437984085,0.16921303245990393,-1.3091317145412962,0.9903349145391559,0.030194034477789927,0.12208386690164472,0.2996178158799022,0.07629512642206612,1.0133364723811147,0.7758995805133808,0.17369965655186875
52.911909153661156,-1.040813920910555,-3.142496909616039,52.07028461705764,-1.071555515139173,-2.3571042654912775,1.130579925543901,0.04856016085957057,0.7348511865492464,0.9761390227170402,0.06929432688284393,1.0059232542521874,0.9733318828459445,0.11159921668912444
46.463970118494274,-1.0569569571476045,-3.181732277502898,45.68810173616289,-3.53901306334655,-2.5654581030262626,1.0998484842647058,0.0435213042698397,1.0285064180427261,0.9007957047067019,0.08715289656508916,1.467910203463436,0.9866444140487256,0.09246829466428766
91.91309563069514,-1.7027381572981213,-2.3974803416809287,90.72097123072054,-1.809182922410252,-2.4087083312871584,1.1153999514271835,0.1344409813769401,1.3682446869590603,0.9681678691067566,0.13316189721113253,1.575938589512975,1.0034359432731252,0.07769195085306374
