f0,A0,w0,f2,A2,w2,B,f0_err,A0_err,w0_err,f2_err,A2_err,w2_err,B_err
28.03130567104942,0.44463991059708347,-2.072293963281575,27.38538243488917,0.07417547892995227,-1.3159078032542615,1.3493495274612006,0.018000695796112572,0.1107949572350424,0.3322358950912596,0.018771921784803292,0.14846448747864036,0.13782544664143298,0.16075207667528746
32.36477193058474,0.5190359478203076,-1.7368306029161218,31.697087721491364,0.10624677290025608,-1.3589902325605197,1.3526445040748707,0.022685554244609926,0.09916476478217971,0.30296768557829284,0.028785915864477,0.15499028946344404,0.194419153693575,0.17837486508842285
24.223274001592966,-0.48450389312681796,-1.9958670704049624,23.76394613593948,-0.6321353696782549,-1.835928211157063,1.3566381224638282,0.0455346571601924,0.30609088032055154,0.8765250963162007,0.05500150588496017,0.5997696452839049,0.7104239391625237,0.1644669611386086
36.512434753881536,-0.07298169511784952,-1.443785908659613,35.926068099381816,-0.214403347834599,-1.5180366011934672,1.4488177569779983,0.048232516138505606,0.17621920259816784,0.31683160638935953,0.04387422106562014,0.22707113336176585,0.4283601316946242,0.07000709981677594
