f0,A0,w0,f2,A2,w2,B,f0_err,A0_err,w0_err,f2_err,A2_err,w2_err,B_err
53.164097951992446,0.39123977058268056,-2.057281732409829,52.36015350879694,0.03132375743536395,-1.7368734052609245,1.2916121371104383,0.016481178175557113,0.11119975850012179,0.3670917341965171,0.029656447499608676,0.12920021658056943,0.3212645234812232,0.14055334350001342
58.49579105095145,0.42026152686115376,-1.481441905610926,57.80148348752853,0.277624455115664,-1.8826637480014674,1.3472168036247876,0.02872100769381988,0.10511615205224992,0.2438120687376923,0.020967785734403777,0.1242000806751416,0.41893403286297626,0.12593845203084822
63.741702446070704,0.4077092702356236,-1.5383175885951594,62.979472306791685,0.23670199272532227,-1.5585951528204216,1.0392602305379945,0.025134497090810698,0.10193008795526506,0.2767466533052404,0.015997860509086043,0.11759065339501192,0.2837109884668381,0.1356873695235891
47.78560918012097,0.10410355784857198,-1.8460330402772285,47.07102629042404,0.07792583618529333,-1.500413072447016,1.0144707479437303,0.022952555630037737,0.12084799485564138,0.34478487050376777,0.032708292590396267,0.13105033299035937,0.28802266271855603,0.15532749631440312
42.79629086119719,-0.12527515893139007,-2.3208946125184866,41.95740887240942,-0.3612950977719628,-1.8392109630828926,1.1677831471835813,0.018534861320762853,0.1562145423711009,0.5009972844749049,0.02085487254537051,0.2611467401516558,0.5857600775315452,0.16395736154861357
69.20212630500033,-0.08827710618486678,-1.4743056818555575,68.31475252924628,-1.271189430742736,-2.2029382260513466,1.3408184444614528,0.05114892006257453,0.17435075263266245,0.38715612371993774,0.14458990921716788,1.4964680959812946,0.9422513533615845,0.1207115861662737
74.54260241438922,-0.4504538078996654,-1.6092308900223875,73.64565617845783,-1.909119662212564,-2.611453450692866,1.430981235070818,0.07919763446313742,0.6948849317629198,0.587346585496029,0.11866360955438784,1.6319541648949998,0.957718137176819,0.061261821479318364
