f0,A0,w0,f2,A2,w2,B,f0_err,A0_err,w0_err,f2_err,A2_err,w2_err,B_err
120.81177079459488,0.7572636607413605,-2.714281871087162,119.45375123348632,0.48201028922096784,-1.6675905994269773,1.1565578606249982,0.008652259478520384,0.12109243523403379,0.3069114150060765,0.018725269798756824,0.08296116283027982,0.2643882838734626,0.08831346778569722
131.52232838760943,1.2307050662519956,-2.435486743763424,130.10551000773123,0.9765516546771242,-1.5971619609395202,1.07511417350026,0.102867331360207,0.3285678547553498,0.6436483801134231,0.21021312709454096,1.135527008298584,1.0301608615896338,0.1699426920132278
142.2389315264275,0.771830114131698,-1.9963077226389632,140.79833463413755,0.6724613733875794,-1.274585432127227,1.120337074091653,0.015026199344380733,0.08876328432465716,0.2615651107133567,0.1116863188252524,0.33884921772811893,0.2648203938158933,0.10293953437362555
110.0857707873236,0.266550467565557,-2.115029334169823,108.71251546120114,-0.17962968449535607,-1.4864605776739392,0.9183671092655976,0.014975610228313013,0.09888571534318853,0.31884114491354915,0.02990796529498176,0.12171185727810821,0.2598546897955066,0.07038746228837588
99.69639341848506,-0.3085526019540407,-1.5638538917447193,98.41033922482097,-0.6440227141443693,-1.707388680732801,0.9598781521623828,0.03553034542728633,0.13365372517670226,0.2855837110326168,0.047371636565933004,0.37451799123644497,0.6358814007466205,0.07387500226549318
153.18987074681618,0.42463036734014753,-1.3298735561407962,151.66710662632968,0.3116442863449227,-1.2808298322265292,0.8537995762898916,0.026196463462588825,0.07496549434010004,0.1192433531015902,0.11797293162843328,0.5856227826996826,0.25667228254712815,0.12774588715924642
164.37225015839437,-0.3428758453659631,-1.6667011736719082,162.66127031818152,-0.7274579832583301,-1.6263747737584748,1.1559268455599587,0.03607042312318181,0.1553304051806015,0.3816057617349056,0.19130004673675197,1.2801680258751262,0.8501396580546733,0.07110759209454741
89.29776655985424,-0.8300731320011852,-2.498873698706263,87.91054113639079,-1.6837530305257205,-2.316708925442249,0.8960963935722239,0.039211888988162885,0.3926862772831999,0.7179425471046512,0.13794213725779825,1.4739565807721997,0.9578642654083047,0.05852074362391801
