f0,A0,w0,f2,A2,w2,B,f0_err,A0_err,w0_err,f2_err,A2_err,w2_err,B_err
23.533370112868877,0.6577630084777379,-2.969032615659579,23.09900406098538,0.3426380086566526,-2.433774830112654,1.0090759099370195,0.007908845281214922,0.14319404743746914,0.3585686968868165,0.012025235779619425,0.1152047610466271,0.3332508219082371,0.20664956309529875
20.563784664293344,0.1704621013696812,-2.2639613691736282,20.099680622394807,0.10492275908428131,-2.2109921363876954,1.0737865500326476,0.014796466934325793,0.12219507856460216,0.35458785169406587,0.0039899537081837765,0.11702004047162888,0.3189791649723218,0.2228787439864848
17.711091867117663,-0.17092952206941164,-2.5444984574944396,17.26205503044025,-0.587892462777263,-2.67162523822139,1.327158948734254,0.013969795231299329,0.1514309620554257,0.5156321641750429,0.01602635025297468,0.21041127390456807,0.5710638244193351,0.16315948964636035
26.521350127013378,0.13381875787439,-2.3972489516320303,26.07093970226425,0.31174643895914067,-2.1148694224304627,1.0715301059757936,0.014805069943247633,0.13098203422560387,0.45790737214855026,0.01592120564471359,0.10510634518439202,0.3524023870053746,0.2113149550090459
