f0,A0,w0,f2,A2,w2,B,f0_err,A0_err,w0_err,f2_err,A2_err,w2_err,B_err
32.39810624272708,0.457905958759526,-2.6984726366586025,31.741324825623714,-0.11618374038318395,-1.6729559498131847,1.358515447463649,0.009832051640803098,0.12469520582828864,0.349585804388064,0.021406267249479104,0.15364237046304144,0.44557745650053165,0.12157023971816319
36.56555296821917,0.5019390481041491,-2.2787098527938094,35.892206656147984,0.15586328229164262,-1.6581658040859664,1.3104862372317196,0.0128713042898891,0.09950296750601458,0.2801577356072574,0.0231222414852963,0.11525711018358292,0.30261042152757217,0.15038836014875306
40.643462669832836,0.3529523491110348,-1.3665728864609086,40.040404660838874,0.09854433279638924,-1.6188281774456452,1.4460583404682277,0.030363217501874037,0.10019409328886285,0.17949139750994444,0.02663884209550834,0.14515785158290828,0.49616712407017766,0.06622810372796827
28.470055526092516,0.09784824314365101,-1.5537856150960625,27.913373058680186,-0.9787351927600485,-1.8381541808598438,1.4412843562627473,0.028690574775068377,0.10667131318100105,0.2882992682810261,0.061248275800130904,1.3500406476347686,0.8568437123943284,0.07538510767885197
24.517744272905304,-0.9486056036945919,-2.759028482592085,24.041944003112615,-2.6099778427831106,-2.899145050792675,1.367047796731651,0.034736287063310445,0.6341614694573983,0.8779023248737137,0.05040784063157731,1.513229760327052,1.0068677265840795,0.09916457100618505
44.87216479353145,-0.2920908586951466,-1.6325898770964513,44.21731466784185,0.07116778050857613,-1.3540721204547534,1.3250992344542434,0.04384855153271096,0.22850131708072213,0.6240670548119615,0.02304208317223707,0.14743775833700323,0.1982940528384975,0.1347565958064196
49.27761788061162,-0.9917292177490716,-2.430870146103066,48.50477726996892,-0.8793936293709357,-2.279308430049755,1.2839933516086208,0.053633517000169884,0.7664573657395358,0.8299965140719605,0.051229977515323474,1.0169048740136906,0.8835555376358037,0.11842379366082821
