f0,A0,w0,f2,A2,w2,B,f0_err,A0_err,w0_err,f2_err,A2_err,w2_err,B_err
28.88509378239783,0.325869565300335,-2.716372493558544,28.34996921388933,-0.03290542716757122,-2.02502171538359,0.9293610534407584,0.009663064589300956,0.1253087104574934,0.32867817368963076,0.018948711480802495,0.11496838686126529,0.3908824813421286,0.16870994566858885
32.52930086539697,0.6785106163874008,-2.877870378978299,32.06676903922756,0.3612748718223612,-2.5510021808621914,1.3295409515748413,0.00859985855171623,0.13578640603550282,0.3614192387833724,0.00518660988236981,0.11829889040942003,0.33302659674927676,0.1246960476253539
36.156762301233485,0.3480981654300131,-2.4749776276545417,35.64981366348671,0.3709832510455244,-1.7025675815728976,0.9479722066951202,0.012390055144652872,0.12138076475097873,0.3141856689925896,0.01838189676144578,0.09612307579688138,0.29614893779814194,0.18097571845257118
25.39939258449087,-0.30718545153945814,-2.1458620045996115,24.893824855322784,-0.24089845121236114,-2.2106808090988714,1.136188854754685,0.022048530694117194,0.16834683524731323,0.5200107032838711,0.01995915287654469,0.1558655768459644,0.4839281555709313,0.20709759566459188
21.93084131495735,-0.8697663246537162,-2.2001826492387826,21.423251145864896,-1.1133735405866436,-2.3700470665500637,1.0343047216364312,0.03719824776558182,0.6325452418851766,0.8688866860923686,0.041834641127440335,1.0015230250626361,0.810836378827993,0.20339733433061605
39.8563475625813,0.008723644578711442,-1.4727545961014108,39.32665886315532,-0.03502477682765524,-1.3885178597722538,1.002049436102503,0.037949603530139715,0.13943350555922682,0.2791627988945083,0.01947987343913999,0.16575203733515426,0.21161252828039964,0.16677214935548873
43.51491719226061,-0.6160026166641326,-1.6548522144587956,42.81291469163094,-3.100581603247478,-2.6470758061465753,1.2978266160616294,0.06011106915413716,0.6193976827908073,0.5788256601384498,0.08355504518780645,1.5050381697653332,1.0089838236424906,0.11134302728112719
