f0,A0,w0,f2,A2,w2,B,f0_err,A0_err,w0_err,f2_err,A2_err,w2_err,B_err
31.517987161857278,0.39801875883024335,-3.1934433539892515,30.852958439180206,0.8338466100543062,-1.3313416357062648,1.1955426114463106,0.021089608940824494,0.30505042464403853,0.7557613929139014,0.022002434845801142,0.17903341544952422,0.19814521993781972,0.24309099900461645
35.557188348905825,0.3446788627421489,-1.8723787069484277,34.80865752566669,-0.5041602124448388,-2.1765260098969628,1.4232131388673108,0.03864518008482671,0.2418521684947628,0.6096572616242709,0.0683507695015667,1.7000844889398155,0.9891059480111001,0.11495539834000358
39.69874039808876,0.04727464861135592,-2.0515389893074953,39.018985376593584,-1.478386766070149,-2.7194981958947855,1.370791622076379,0.050149621511157955,0.32497666566025685,0.7389831848762917,0.07286676012979172,1.6725577417598996,0.968851224715336,0.13723668754784699
27.235748241570292,0.18155036473056937,-1.8376651626656486,26.670038178590413,-0.591261263529832,-2.256073181157654,1.3185236694570837,0.0510458853008251,0.27292977536715135,0.6176585012570518,0.05428958737044866,1.2706368919178277,0.9025535147209341,0.20358293217326343
23.615814180537633,-0.6050011665729629,-2.1703837715295187,23.16097611503295,-1.3026913488783307,-2.367895103186833,1.334464554911689,0.05711388659473553,1.0898398150991229,0.8325858909196971,0.04788274454749198,1.138792371425876,0.9237705832386598,0.16449741018567637
19.77076622742924,-0.5257560527852061,-3.192562460340379,19.34783645545282,-2.3997607844429423,-2.7024932305254006,1.2440463065737912,0.028601170151955704,0.8640331401371605,0.8647186034535472,0.04725290204124976,1.5118690888746218,1.0161500599881559,0.18689928251956417
