f0,A0,w0,f2,A2,w2,B,f0_err,A0_err,w0_err,f2_err,A2_err,w2_err,B_err
23.482527927670574,-0.1305704963641881,-2.5710076256730554,23.056405994662413,-3.25516637593301,-2.73051595046931,1.3235085400440392,0.015110715907606487,0.14429542680119625,0.41432892880260297,0.050197620368350904,1.5331943925663047,0.9978629262083191,0.10811293306955001
27.127348508760228,0.05493314183698403,-1.9569703546230028,26.563376697610007,-0.10130340384877756,-1.3270180155987548,1.2182101144326207,0.02008108549483464,0.11969438841677753,0.3496069516784374,0.01880385310633904,0.26142400855822373,0.23364077994473256,0.1973251679107822
31.1892712842403,0.6191890342299236,-1.982593556433565,30.548472377996227,0.21389659989061335,-1.3330728360638981,1.4146653792552581,0.016070271014800734,0.09230021012398353,0.33975371958999306,0.0306201981869252,0.12372894451296867,0.18886183807860732,0.11380068136472729
35.15265789809444,0.4410490980063697,-1.6956895373638974,34.48884915121431,0.07318918944248234,-1.4038993849828156,1.2846606194474022,0.019827787452352055,0.09142135854684529,0.26855486100094106,0.022941065937196695,0.13142725239873873,0.20264510179999679,0.18278979334686216
39.29189388366986,-0.4210119030861744,-1.5289160557349353,38.67255233562062,-0.7085264589569074,-1.6471506955858546,1.4422311809552955,0.05927863191842839,0.3415164929713184,0.448647249327996,0.06964821803024285,0.5576835639801819,0.7830327922157342,0.08122710172024528
