f0,A0,w0,f2,A2,w2,B,f0_err,A0_err,w0_err,f2_err,A2_err,w2_err,B_err
56.06012024992275,0.7109169691295395,-2.7077483217530185,55.167481823088366,0.3507700063819634,-2.1546468987956637,0.9835284212741333,0.00957141453982883,0.15007853477897556,0.4043109463941554,0.016330103487433113,0.11359114589839762,0.3362755572881078,0.13758872767748742
62.17162990208626,0.6995028398572685,-2.176712320277421,61.34850237282734,0.549536505028564,-2.0089476464375235,0.9467425488104507,0.014122080571252431,0.10256614068343657,0.2855414061652565,0.016180268722755013,0.1050823641463616,0.34465039487751326,0.1449571204555118
68.35181336379411,0.5665812838098789,-2.140729881325972,67.52983792346728,0.348157499017246,-2.329135098228657,1.216906907307911,0.014993842525101537,0.11448110502244085,0.35423105538859134,0.013410347645493696,0.12754882938427684,0.3558958368155339,0.124930083709072
49.88487197586516,0.26054621918599075,-2.8152879619676368,49.06854382425304,-0.2724884453856513,-2.6838916144557428,1.2816899447086096,0.011731709993776356,0.1486594074106699,0.43556074781078874,0.018215073320093717,0.19520046928996682,0.5557687065833589,0.11876547502172273
44.14511865182075,-0.4668742618652816,-2.7526131354067154,43.348367165786726,-2.3960917900476195,-2.824724887436731,1.2073094062922125,0.01901500351263396,0.2276049618681894,0.6642099568709112,0.07777364935299043,1.7174470815189384,1.0066114822886263,0.11059557231841283
74.64332406386636,-0.0044225847415106795,-1.660469045191399,73.74882923165873,-0.5293545875240511,-1.523643092231959,1.2650059959301125,0.03223189601581975,0.13739849130068693,0.3889561349024457,0.10759823306269732,1.320457029079746,1.0085215637186524,0.14209917297106614
81.0002101828997,-0.8727463906184854,-2.2655164017322518,80.00451729740185,-1.3810855045236825,-2.100884422555158,1.136228362144018,0.15174602206540325,0.5292863270689507,0.8026431313451172,0.16008224979401844,1.219964189515588,0.542648021778994,0.09808014573082123
38.41621969486284,-1.4574995043785048,-3.0555807759723126,37.73275197251125,-3.2475265523422707,-3.005993811482221,1.2531946385762178,0.05295707743877455,1.0401276017521262,0.9523416896099783,0.07606239938959049,1.4580964642923608,1.0163909934875344,0.10583795699854183
