f0,A0,w0,f2,A2,w2,B,f0_err,A0_err,w0_err,f2_err,A2_err,w2_err,B_err
32.786247992421906,0.6313856778157638,-2.7761868468549817,32.153966387724836,0.48790000454461235,-2.5076036849503263,0.8707984445048584,0.00859185991008481,0.13103526474604762,0.32837994787326946,0.010697282739333062,0.10948112505787472,0.31847153034572645,0.1738452169111765
36.8329714724691,0.47252951599761994,-2.619991632594336,36.27054349374875,0.6444548854276323,-3.1299739408396694,1.1583464130719414,0.010084175146864077,0.12232036687374064,0.34101693049195136,0.006818861785189759,0.14973784917159577,0.3854414048498479,0.155020690031639
28.703426673548393,0.251492641172896,-2.7373092933852137,28.14360803762753,-0.21387757437712052,-2.8533471561266985,1.1634303542158781,0.009917541453415345,0.13177056816444674,0.43027634462455966,0.011989660965632906,0.16609012535482115,0.5474375187102835,0.16731444143401863
24.881260046365796,-0.7876526997663857,-3.3602433094591673,24.393059943843895,-3.3810395853568087,-2.4340077907164206,1.2624279845857869,0.01555638773337839,0.41476541477705514,0.6530233988241727,0.054981016944813985,1.6719967622726113,1.0131600877886118,0.11174716742607797
40.99959075241298,0.18683199572207704,-2.172945204991518,40.39164343360551,0.13958658428912313,-1.8995727076695998,1.3877614176456854,0.01635768593061762,0.11415364119396336,0.392344710242653,0.02049908133673469,0.1069010999691607,0.31701377110369894,0.10355223279911573
45.18853279437797,-0.3533224463378988,-1.8845500689320163,44.58419249615358,-0.26316136098260945,-1.4195677423621171,1.1905947746153809,0.03610322273700568,0.22149542635929395,0.7233706839507461,0.04137754066592427,0.8283873009211019,0.4794492844218476,0.14315887401766486
