f0,A0,w0,f2,A2,w2,B,f0_err,A0_err,w0_err,f2_err,A2_err,w2_err,B_err
117.47550736451504,0.6735001046724064,-2.2026888143109242,116.21861447326361,0.7039693520954264,-1.726685945823347,1.3836627301958018,0.012617323286535661,0.09420070811039641,0.26316784006150495,0.004008939620550781,0.0760727930277495,0.20952336513628447,0.07376530624521943
107.93768811730054,0.8748733177752767,-2.8556304642249692,106.68987866517088,0.4060682147228103,-1.7058164528480693,1.0945766381683717,0.007786387227651406,0.1241253901334823,0.31226737929524034,0.01855867294144485,0.08070622866323371,0.23198486847125702,0.07910193772652964
98.28152921001185,0.028079452239557663,-1.7327523264489642,96.97111546926824,-0.0378539481105985,-1.6190896399063508,0.9341163837989224,0.02217804444773355,0.10161909362412991,0.30493685339916904,0.024092971868785857,0.10573517271811231,0.29751208223964537,0.07581111993910425
127.1768755692022,0.34419670856991236,-1.4766262705445077,125.78352686093204,0.3160611594913609,-1.2803375123798437,1.1606669907939189,0.027996892863785608,0.08874132899005364,0.2440533969102105,0.20298139173540042,0.5910761297045075,0.5137242284569732,0.14222557378601977
137.07659179250396,-0.18476366676333672,-1.4287300967117877,135.64860147775858,-0.09786751278190167,-1.2921783562223355,1.1620333560627625,0.04281859076021244,0.16552764664229458,0.32330268489447667,0.15697939964524354,1.0341504440535432,0.7284977963562936,0.12069319633040575
88.92341658028383,-0.3173774490464242,-1.4544989451025498,87.67656165595109,-0.6617221787863092,-2.160728507282865,1.0063994903273787,0.04180992061831167,0.15971832533937988,0.32430359854310264,0.03135960259649116,0.370016997470514,0.7246773093929654,0.07767603674082921
79.66554288874866,-0.48031304574779365,-2.0896269836443393,78.49535370397135,-3.0507733400075656,-2.834931468989247,0.8941496811740165,0.023538336146888238,0.1571968890600794,0.4511550856743614,0.12990076150469182,1.7344459261759833,0.9854545221720507,0.05866839807890004
