f0,A0,w0,f2,A2,w2,B,f0_err,A0_err,w0_err,f2_err,A2_err,w2_err,B_err
35.520391668500295,0.21956293610917035,-2.106029043645579,34.90485098401362,-0.16360025698309438,-1.6335509727171142,1.1562293996707513,0.01721291828698037,0.10477367190679585,0.3300449283303577,0.033521984000249846,0.1438108347347447,0.3039610938035199,0.17296762536115426
40.01763640826959,0.44719865906689404,-2.2408356051025002,39.35256806006694,0.15808714387896616,-1.3945927210097624,1.268966139208032,0.013268180615646816,0.1102469309538963,0.34115054411347695,0.03340559423367474,0.11141054814593145,0.18989618418984958,0.1553377032194787
44.52643280545655,0.49802630890794874,-1.799068029884898,43.89348000375494,-0.08117777067752313,-1.5238739679162112,1.3005735344139069,0.017907027077748956,0.08950288531534362,0.2722675425388338,0.029488608801883528,0.15960819498056966,0.3232744568438266,0.1327213966723158
48.95780782872867,0.26047860753458774,-1.317500808582957,48.33838962768282,-0.6311905515319499,-2.0970613393514554,1.2759982143214865,0.03402907353458394,0.0991911675676791,0.13969377964738555,0.06623971890872939,0.9541786557224139,0.8636041707482711,0.13623351047455406
31.31464569395684,-0.4403102268161744,-3.035315291998372,30.731930653605303,-1.7434529532887728,-2.832462056779275,1.2836803827741008,0.013631450904417699,0.19021077293471994,0.55281790692347,0.06984231200836748,1.6503468999449014,0.9638715825517779,0.11698243317739587
53.73790453877194,-0.7395330945481904,-2.88746122948344,52.919112579208615,-1.0384653596590203,-2.519241995313975,1.2902136543953302,0.023922649009564177,0.40417138162444427,0.8509335995500921,0.05818210375815605,0.7215686372271672,1.0059373026315177,0.10042950424583397
