f0,A0,w0,f2,A2,w2,B,f0_err,A0_err,w0_err,f2_err,A2_err,w2_err,B_err
58.010784729345175,0.485191282678981,-2.6152275844133337,57.24940337030782,0.41202290192696095,-2.007557940370685,0.9964749507239594,0.009702620834274249,0.11133696493312607,0.31772284992870997,0.008694257701301842,0.08943936704141835,0.28043534760404165,0.11297168083374098
63.71440484305928,0.7797015973375625,-2.3671447953417415,62.94914280675545,0.6751588022824893,-1.6903644110704141,0.9560285830896089,0.010533509838989865,0.10139378283516993,0.26791649679190566,0.0038882303960520374,0.07900524996464633,0.2332433014933798,0.131585574836962
52.215066502739084,0.22055236224791508,-2.548691848602239,51.46417630469283,0.08698919885347138,-2.3068927000048713,0.8613778347366344,0.011059330880332466,0.1150269902000624,0.34174940164923245,0.013196672265344564,0.11831784095763871,0.34953119253008547,0.09852625628409041
69.48513751083843,0.41282397841969953,-1.998979810208093,68.64345673426321,0.2804804676028916,-1.3537010592348344,1.0407699796692897,0.014989404463348859,0.09560870042334493,0.2978737287928661,0.04003749391196581,0.1405528238611378,0.18721381224373926,0.12080463336873092
75.46203251909343,0.08314575199404006,-1.3564801452343682,74.53140811383619,0.11265052895874945,-1.336695685636813,1.1937022810231739,0.04845509582536791,0.12828060045146653,0.1776914494787459,0.10700740576098958,0.6814942506729184,0.6682245008623521,0.14869435985544038
46.77169307875641,-0.4106802478407098,-3.200021375374376,46.06471662902473,-0.9527972124616069,-3.0011446657687637,1.168160137590694,0.010460493666784029,0.19127758780213028,0.6715567995417218,0.028997927522147356,0.4150865640662736,0.8849007163309063,0.10292731049501509
41.18374161794712,-0.8131438452188482,-2.6974822571260373,40.45220214298919,-1.226219196300679,-1.8842044628901595,1.1587835111061482,0.02853426089018831,0.36648512289992774,0.8589821464484279,0.07624059905610417,1.151447700133998,0.8998146188825852,0.13497267874794266
81.3355106618177,-0.7429895800023425,-2.1640132311055105,80.14107244169877,-2.7563365122308783,-2.6920930783062285,1.2159029764527618,0.04980300273394012,0.5241509555718272,0.8295920166341407,0.12775957457482467,1.726759339952977,1.016743162134283,0.07553637746286802
