f0,A0,w0,f2,A2,w2,B,f0_err,A0_err,w0_err,f2_err,A2_err,w2_err,B_err
61.296813494714115,0.41129537667690996,-1.8050430804069146,60.28182643115135,0.22031276743076797,-1.3593656392534426,1.1339269709406021,0.017854592553777884,0.08735216050464764,0.26511411202807333,0.035756178694439006,0.10210670560526239,0.17711615074990333,0.14976160447729525
67.4830844196317,0.3932907512113415,-1.844991910063965,66.64250434818221,0.5482008184921707,-1.3032904902683387,1.0740424055785598,0.01756150967947638,0.09313535251792289,0.3121961748375811,0.025711058350017694,0.07594653348416783,0.10563410518854302,0.13436263640153545
73.56607195443091,0.7394527148080534,-1.6182266329894683,72.57301903571212,0.7319288063740234,-1.2376315281405115,0.9840988003174214,0.03148479209201315,0.09180667877701362,0.2531090648798176,0.14051145763188483,0.22780999352202846,0.13977072278080033,0.21070621832017933
79.7248614291247,0.3928720561222837,-1.3452710734732292,78.85884077924783,0.02567610529357897,-1.3253357496832572,1.444361336892329,0.035980763629667796,0.09106303963282826,0.1627704115153234,0.040709593312873,0.1535653358263265,0.21464287087759834,0.057415200492786846
55.36249440025918,0.09419282493803549,-2.0734289386811966,54.3646591813507,-0.32175754616480917,-1.5763059327483528,1.3214915403390552,0.017609264387159724,0.11719214147262327,0.40250557982561525,0.0654314068680679,0.2121384931954283,0.4593589492394664,0.1282302526514509
49.541893471214514,-0.3067921514293732,-1.9096381667869875,48.6239833642812,-0.6573587803063938,-2.051112802773074,1.1939360288462306,0.028884980581279477,0.16188391489534407,0.39980726607140965,0.04690114684375919,0.4529002684457998,0.6963419216661862,0.1309795505048031
85.93828419995651,-0.19754092619052788,-1.374438255133014,85.08940180956155,-0.2949980945685471,-1.5002475534716297,1.3693392403493387,0.06646902635124487,0.17402343102577758,0.3643183196955376,0.06732887537933058,0.4592780010700021,0.6170141389190772,0.08362719287210627
92.37976650199454,-0.6586115612152805,-2.0930251101270736,90.97682711213761,-1.8197324948655216,-2.6169640113814485,1.1833413907340216,0.13102711547982845,0.29664618364828166,0.7767699016440512,0.14978259934003127,1.2040860293904994,1.0538546951005823,0.0797096523623069
