f0,A0,w0,f2,A2,w2,B,f0_err,A0_err,w0_err,f2_err,A2_err,w2_err,B_err
48.33889943830803,-0.1128711262108351,-1.996171589551513,47.68502342190283,-0.3406587835084446,-1.4859534917963508,1.3453397367107984,0.0235516687399331,0.14740146578390245,0.5108768994427405,0.05562473525660887,0.24778142401760758,0.477758010805893,0.10433914508041382
53.67575246788608,0.4825747750866587,-2.1761894170084206,52.93034440569792,0.15265200879878005,-1.3609383369651005,0.9916244561883828,0.0132434049218425,0.09157077670774222,0.2634776844541957,0.04008981598041319,0.7269273679867264,0.24608298544315027,0.14792702967261928
59.15425404780177,0.43519881471102684,-1.7381372994993054,58.405079788337,0.04407652383218158,-1.5312589891014665,1.0604245067533993,0.018954955286771262,0.08549635781258341,0.29251736540410755,0.008530713335097773,0.12253049172212506,0.2759901671998732,0.13094450289739643
64.52652315382832,0.29261569107793994,-1.6477813006462567,63.74859689619996,0.17278392341772447,-1.4977506723450997,1.2397070025596146,0.023384890566439814,0.09274645633240769,0.248438633369935,0.021243718793105233,0.11002613239955814,0.249877115353269,0.12332301280368388
70.00558178037836,0.3065854590536543,-1.3973173892784398,69.14438604716774,-0.1892567742169291,-1.5574807346432171,1.1011510157174762,0.024646642677488277,0.08563265821204166,0.19034494068038302,0.0197730269528818,0.1777775131832702,0.42318852150058456,0.11500872789302943
43.29645766945396,-0.09958338690605856,-2.1195429427021417,42.59943622623837,-0.5281263779313967,-1.572974106680627,0.9738065671984993,0.01771113938716808,0.12115847740786116,0.3603137579136552,0.053436759797179566,0.35014978838302224,0.5387224059858025,0.13864564404582091
37.93784835438789,-1.0378796174643046,-2.4441752378842594,37.24165622444164,-2.3538664793169994,-2.981785004088483,0.9294865277342219,0.03849891932347681,0.8759051806252146,0.8453957075300454,0.06412638456100907,1.6114880034692365,0.9826831902383591,0.09325256200649774
75.37452974394932,-0.6152938084022014,-1.6332749161664986,74.48591964323943,-0.8942724851596724,-1.7650263828503214,1.344027785577602,0.092001572793248,0.6416300144023416,0.7679171440507362,0.12311701762578456,1.6673730830834925,0.9875947655412262,0.11291801003289122
