f0,A0,w0,f2,A2,w2,B,f0_err,A0_err,w0_err,f2_err,A2_err,w2_err,B_err
26.681495138157736,0.24650915840712917,-1.7494282195309876,26.155786983249936,-0.2576916885572003,-1.5465134487895984,1.319850031157494,0.01889119201506877,0.10873436345012694,0.29875904763306516,0.02219462600150495,0.30484976987556195,0.5862296895099515,0.1956236402903839
23.058316817906345,-0.33911724202120574,-2.358933385416057,22.574267700120142,-1.0951274358362604,-2.019537990944108,1.164388666385854,0.01970396787251792,0.16248161124964272,0.4794772008855008,0.044513712053250054,1.4194871569192842,0.9654961317516022,0.225028793319672
30.564688159126497,0.4719262456195106,-1.8839991083803511,29.944842647256767,0.1596117087527744,-1.3580396888265978,1.3165792145356132,0.018096852587752968,0.08912130279495573,0.283199475453483,0.02227736910510161,0.11656135634011605,0.18074437172747726,0.17274978157683388
34.51682753784099,0.48848752174895016,-1.654445220249646,33.83941660079068,0.42573081844757843,-1.3763508568876825,1.324482611237541,0.021674726302018343,0.0860151481195811,0.24917719364308766,0.02310570532596653,0.09805770723584571,0.19384487751061835,0.15935922753857004
38.34750688095061,0.03827869113243745,-1.4798360800090935,37.78403873581874,-0.19250288884599198,-1.5949281930490327,1.4071705032045,0.03608722187428387,0.12487057430162238,0.26525753556047327,0.04122854454609151,0.21884176348162362,0.3978492546357599,0.10121258129555377
42.63477340563645,-1.5937657674449357,-2.5740877411460827,41.8550137036351,-1.6058878299235102,-2.5989039209048825,1.1825519577082158,0.06944438081632222,1.1305016879245888,0.91243609543405,0.08696514545463276,1.3549523437362931,1.009356148897742,0.11439558511183782
