f0,A0,w0,f2,A2,w2,B,f0_err,A0_err,w0_err,f2_err,A2_err,w2_err,B_err
18.791959473829465,0.22320872259004887,-3.3333680285666887,18.43135962409947,0.37127958575022435,-3.020472788685959,1.2930977141133284,0.007316886233597798,0.1680842065333565,0.44665359712069025,0.008242814340190724,0.15316233085287898,0.4231595432456359,0.161155973057708
16.36818991100987,0.3904904902116726,-3.560795519512714,15.998153582721361,-0.20306752203679979,-3.068015801898876,1.405258400233333,0.005801207856134177,0.16731352259101967,0.43413429109389545,0.010459683503903309,0.18517214974279533,0.6626742654642297,0.11908860403696835
14.09357274517126,-0.36312380558756807,-2.394132677102518,13.737038335835637,-0.389729227990294,-3.190080845756428,1.2181353086707687,0.01935117699263912,0.1903888122430317,0.5926258516525605,0.009430364020733897,0.20979718916678716,0.5779540870476192,0.2002700350275745
21.17089672824804,-0.09443965304397264,-2.242534167872097,20.82565741253348,0.18656235510485134,-1.8718546546650208,0.9533655877981383,0.019471401934710583,0.14587736224493517,0.4429152722007955,0.015225888009096735,0.11540686783815021,0.3377879560189143,0.22064947818128727
11.826552014946435,-0.7802555631244006,-2.886322330298624,11.525231011527255,-1.5347789590566676,-2.6478937638530082,1.2301134143313195,0.019724090465434822,0.3937363178870198,0.7466159383157759,0.027686826985832306,1.2910651797037704,0.989411285129979,0.21355587290498276
23.580050570209746,-0.5425093655193745,-1.9264642533382004,23.181422153861327,-1.6128459369344734,-2.863262797686708,1.2678367961349153,0.04127698687696195,0.3817605006579936,0.6282524130704135,0.057110012980817526,0.9111532621211638,1.0938649310156467,0.18267169061462987
