f0,A0,w0,f2,A2,w2,B,f0_err,A0_err,w0_err,f2_err,A2_err,w2_err,B_err
16.653740922445103,0.008293308228554785,-3.357572273853769,16.292779426758784,-0.1868527584140293,-2.1870939298042598,1.1924808645923037,0.008169495217389479,0.18154002853088094,0.5168112690743045,0.02009921749317518,0.15456655164084832,0.5063758304030291,0.21110399319525147
19.13445458381402,0.4120515799589873,-2.7992290454783015,18.763432002102356,0.097806280143654,-2.154661217538262,1.2438451479547186,0.009680997014346066,0.13378202105228182,0.3829926948093546,0.017877709459820878,0.12843517416778633,0.39505532054178766,0.1978200241503674
21.53605897112954,-0.06885060057079684,-2.8557886506604384,21.179504532343433,0.31385303133699793,-2.245882351937947,1.3446578966848541,0.013646605039380028,0.17985352107508357,0.6407246127018066,0.010777096985121191,0.11620068053836068,0.36509912354939744,0.1371800471004458
24.030387628615422,-0.5500019938059628,-3.405085127096876,23.65233721519018,0.047144490474292415,-1.6074532474597305,1.0684716769684508,0.011707336590798466,0.5106173196527852,0.6320307952309604,0.010772562746843899,0.11682421689693225,0.2669704349654119,0.18682736501286487
14.407104124479849,-0.6398767902408198,-2.2297253564882125,14.07892457491572,-1.2246050456381257,-2.434399591741317,1.3753034401077802,0.026364443240189866,0.3217564543591632,0.752501052759477,0.03047497021419675,1.3186520437977214,0.9770755646717127,0.15756825229483648
12.304558790558485,-1.1857030638413533,-2.7822166807457602,12.039332536402252,-1.2352896527331474,-2.5136463108185723,1.0951142210700013,0.025801074651657156,0.6511492894494796,0.9191474938257966,0.02604783644506086,0.9740867080992911,0.9144654927525878,0.20650775219594192