f0,A0,w0,f2,A2,w2,B,f0_err,A0_err,w0_err,f2_err,A2_err,w2_err,B_err
32.99229288889364,0.5036884475269539,-2.712013919556818,32.34253379894999,0.208746488720584,-1.6558946507785026,1.373794638105561,0.009266976260422548,0.13296302470911528,0.35584714012727486,0.019647269470301758,0.10503572533518465,0.3240281390439744,0.13491074865524946
37.28942577525619,0.4988947183378862,-1.6040878593253816,36.63936665931442,0.3274026815873753,-1.3111808872808668,1.3830073757805679,0.022049867597123768,0.09138947500913437,0.27007352314997196,0.038553617476469945,0.11039682665816145,0.14925768465861755,0.12291597746977143
41.39225293773018,0.3794654762957438,-1.5756525898394849,40.81543600221582,0.2834212440082954,-1.366629506491813,1.3939703975184283,0.031679918420764695,0.12578831950286407,0.3759634226511625,0.024579856243976423,0.1811245514745126,0.26738899384993076,0.10114405985142547
28.993851557353864,-0.34490737594073206,-1.981344175351136,28.382449674212335,-0.4333381887278404,-2.4110640843569815,1.4120241912132565,0.03005765128899302,0.19470823796624098,0.6057073459688456,0.023986146720081186,0.20557934738758737,0.7653036950280656,0.10075128985986558
24.964899104442573,-0.9593380764335063,-2.280984464960463,24.42816619564153,-1.3794807740638981,-2.1983439703484176,1.3434246586279068,0.039582441091628666,0.4809018882011194,0.8334484128496509,0.05892615099401801,1.093134517927281,0.9794486867121961,0.14192288216955354
45.65758012179245,-0.3555435216331746,-1.4982423770145996,44.98295232969748,-0.13333888152612072,-1.5384373130566589,1.4482381558617141,0.05150998909725971,0.2393132581403246,0.4119657241056573,0.035160143579251533,0.14625937945511433,0.36922549725658366,0.06542106970158855
50.11361246656556,-1.3671971729048773,-2.763321822508244,49.34956549161278,-2.301031064338151,-2.4151014926764294,1.462928844076769,0.07781251517512877,1.1081856668291878,0.9813053679692589,0.10108074568002344,1.5703316964901706,1.010257969133474,0.05334970468209086
