f0,A0,w0,f2,A2,w2,B,f0_err,A0_err,w0_err,f2_err,A2_err,w2_err,B_err
27.847117214469428,0.5302039067083165,-2.6081112236996566,27.318931607894015,-0.1977072605029857,-1.3775793449825202,1.41245811515314,0.009409167338642523,0.12961386426303836,0.3593120657217564,0.06783193747044279,0.25874025613199536,0.8468507051939685,0.13403638927436196
32.028362664889364,0.4935999520874489,-1.971433971772425,31.413135635551548,0.30115861564442487,-1.28259264403706,1.3393839503765692,0.017457058016313812,0.09385382401978654,0.3003600552058029,0.042078325468987564,0.11698173903004212,0.11496368916403175,0.1842743361723852
36.06126772415857,0.40035764115523687,-1.4710539758355106,35.48622024911106,0.21711399939009707,-1.3729831960558028,1.417734310704484,0.02589086410860134,0.099466533941673,0.23565244468931645,0.03936465882517535,0.12697902211730888,0.19220010986195538,0.0974844935824241
40.287994773894305,-0.15241078378529935,-1.4826628525428773,39.5551941961225,-0.22646105465681918,-1.3888528375149143,1.2867290271598324,0.038980134437293895,0.1626233164351985,0.2985668113647883,0.0498288376944665,0.46932294681788783,0.4528188699742656,0.1717990037222835
24.12549998586043,-0.2606152957542891,-2.182721983951617,23.63866446671866,-2.492757023214322,-2.570546318876512,1.459051025648451,0.0222628909299217,0.1496873407034123,0.48373475069206356,0.05658237475085351,1.5929728918313484,1.056866289211172,0.058437249541751106
20.123192555492597,-0.539294352858455,-2.7058702285613476,19.7377497594859,-2.9169535667609416,-2.945415624926909,1.1473630939475288,0.0180357380803542,0.19475328069849088,0.6439457098143936,0.04930862946197631,1.5880812306493366,0.9654075020220332,0.1429032934248571
