f0,A0,w0,f2,A2,w2,B,f0_err,A0_err,w0_err,f2_err,A2_err,w2_err,B_err
38.381147632922556,0.5620152218259814,-1.8798019205301975,37.702579838770696,0.37625525071356264,-1.6081769437176403,1.3084149116224377,0.016947672974318203,0.09008436439861538,0.281841317962112,0.022261080167503694,0.09140770916296359,0.282128415061765,0.16171246328719827
42.647712163759294,0.3581390446578621,-1.940066876623057,42.01311003486731,0.44018427136072713,-1.3405690697337174,1.4588663743976102,0.018480554394602534,0.10586965629834864,0.3177971082314665,0.02791452362484441,0.08916606215208699,0.151426539536425,0.05455341103183031
46.992189951188955,0.23276614008581736,-1.619276757148742,46.36933733570596,0.017937079034283335,-1.5076940221955368,1.349520168157372,0.026117482656968855,0.10620048758504773,0.28311263905436324,0.03372321857392356,0.4135933708045467,0.39269812433312273,0.12441278069617141
34.031792027592154,0.20424207512030754,-1.8761607762336623,33.37988758582901,0.11849807925589051,-1.6771385331068829,1.3576159671775652,0.021302051905562367,0.10243905355784498,0.33186839159590154,0.026861849610858187,0.112087683256693,0.3236908967642622,0.14621831118806417
29.961416639716145,-0.36333980631165363,-1.7578528818020809,29.346679510820685,-0.4457349761334729,-2.0671643690003156,1.3120033796880275,0.03586332595957602,0.21136824175776395,0.4633356513519182,0.02722611515221419,0.5159978225358675,0.6435013464856278,0.16864487483980722
25.882535016043004,-1.138888790619272,-2.45900961098976,25.42418137444001,-1.9890678610135686,-2.963205175662238,1.229547417317917,0.05872096101750203,0.8092330422770176,0.9007589362325824,0.05408811193221712,1.0491116836388208,0.991393212520448,0.12650764464339842
