f0,A0,w0,f2,A2,w2,B,f0_err,A0_err,w0_err,f2_err,A2_err,w2_err,B_err
27.702685699771052,0.14137833675516207,-1.6842824984302083,27.15555773526559,-0.415712653010879,-2.4948465154141557,1.374742482602687,0.023328307517580506,0.11053168527078495,0.3266343142843149,0.019562673361672684,0.3785045386045893,0.6405201859141412,0.12649225161855074
31.635939606180184,0.33964569296743236,-2.3210434572520646,30.996048906611986,-0.02327050383108495,-1.699638815687849,1.3922273118037938,0.012758053220753827,0.10783539718416449,0.33698086165572566,0.025522784295947624,0.14030403400581878,0.401166029425023,0.12032858035717788
35.74552653101638,0.2713784014266447,-1.6032788634232444,35.151055315004754,0.3285876630540954,-1.6745918162985323,1.3537669273087003,0.02498730229764992,0.11063163374677139,0.3291094401779959,0.023199191779827755,0.09810776496625698,0.2982371539837961,0.1329749488042739
39.76788826346156,0.3234896320896613,-1.7594963865504978,39.12588699383066,0.02626806943308546,-1.6235664465670854,1.32561573827439,0.020145911613159657,0.09284903246701753,0.26617317266895874,0.02855993149247401,0.13246282149470476,0.36542457714205434,0.14278408336938558
23.940775423204755,-0.590040910655276,-3.1771384541245404,23.44651050761403,-3.512534001581703,-3.000551725164696,1.36946844845861,0.012910874323662851,0.21265228414116677,0.5798726613243071,0.052675281076988836,1.5703499180555738,0.9957134741357672,0.09067703489503426
43.87736827703867,-0.6408373754093877,-1.8010544020868409,43.24450814521188,-0.5413414712725334,-1.743960335603513,1.4451445504538247,0.05618219110901646,0.45967371561274306,0.6523083825643853,0.047233839379274674,0.6409777647035546,0.6196098560114262,0.06674331229664104
