f0,A0,w0,f2,A2,w2,B,f0_err,A0_err,w0_err,f2_err,A2_err,w2_err,B_err
112.65567563567943,0.21958706749360785,-2.032903620793987,111.2288046566016,-0.01463056845027684,-1.3287890178212296,0.893116963286627,0.018366545078102772,0.10932935660324099,0.3319628614382707,0.059929213835228756,0.4962556376932232,0.3056144059548906,0.0921099627262882
122.73047091583275,0.3616318916939603,-1.8896437791965992,121.34726670788112,0.40668182630028615,-1.6092538826436467,1.009208482618337,0.02222127030332577,0.09719256504011531,0.2740842902303093,0.2632132369977268,0.9077654643222312,0.4795013131788691,0.23084812777636343
132.72880619152426,0.35222495391955927,-2.3223759843123988,131.29333812609357,0.3353385419243875,-1.2948930103858531,1.3823419201500113,0.015958064977827067,0.1192791249092397,0.35917589587477794,0.059636871440465346,0.16604348826052215,0.17837535512519104,0.07859649073538844
102.76562317792667,0.06946112998222864,-2.1664580447053496,101.59917519206107,-0.22448885413010544,-1.4353546318927606,0.9296013750419208,0.01765309882012532,0.11594211356036241,0.36311150817809834,0.04688557159581346,0.14611981978225722,0.23202610250458408,0.07368305234004979
142.91279727112598,-0.05355134669980835,-2.2533755884883995,141.1413655240216,-2.0882509593661998,-2.1271990595670847,1.3019518621562194,0.024608415245410784,0.15460910997336222,0.5372291158469328,0.24136862555138033,1.6589771193383405,0.9705158239721747,0.08407914532517834
153.1899815991263,-0.7247469234500706,-2.017542345773611,151.33556430160718,-0.7319230740930367,-2.766701956922386,1.1663382794937363,0.07748894214214957,0.8653162353056849,0.7370251380838979,0.056291753905575025,0.7079267271494233,0.8960784245144973,0.06490267621458554
93.11426798670264,-0.8768641426939241,-2.664168155446009,91.84773635132734,-2.6581172095660768,-3.124011930156879,1.0564361766385824,0.05494650697823695,0.5769377517295977,0.8407921487721014,0.1359972788742214,1.7689104786409169,0.9836010954396927,0.06292559744017974
