f0,A0,w0,f2,A2,w2,B,f0_err,A0_err,w0_err,f2_err,A2_err,w2_err,B_err
19.484307800110013,0.2534254003260018,-3.2611445748221937,19.05037464490404,-0.04108951327071168,-3.4670932724356853,1.264523187309768,0.00768758349493964,0.15870006431319114,0.44549112239569383,0.006700872953418511,0.18410434474319196,0.5073430028025868,0.16868260433979101
22.341398383645075,0.5246463417486149,-2.5341911025449333,21.936739489431528,0.1438341083370878,-2.345885803511832,1.259821549732091,0.011362370004253898,0.12240584263946169,0.3486019844909446,0.016026009505988526,0.127435917767099,0.4130606089655866,0.1793561039891893
25.147319354387275,0.32310429750150826,-2.2238942277423126,24.691449951970945,-0.023291114534615808,-2.8991791884116744,1.3073097813974155,0.014282476197077872,0.10992924508058519,0.32586179342583965,0.011495110800427139,0.1734982267035159,0.5092363364059598,0.14038241945191185
16.855175397897053,-0.32679572445427296,-2.8220705252238325,16.46702396709017,-0.9971841396764494,-3.302188481292463,1.0965608093560868,0.013299496652578381,0.18472620688776975,0.6406877585140996,0.02475323204881864,0.8302610335399249,0.9393130511590508,0.20933960828874093
14.186003083215997,-1.2021216033150501,-2.2055647904311124,13.849512478772018,-1.3558243234052745,-2.662433909019983,1.3637606509352689,0.03611334762798889,0.5833337585327767,0.81248018190819,0.03362698004392499,1.2013841283702211,1.0798794937749119,0.2292308976992762
28.08733725434957,-0.17263594163537538,-2.238096831028502,27.66398998742026,-0.2264567955723316,-1.5294784002733253,1.1070261206283918,0.02147431259345405,0.16696126178032458,0.5751010427587395,0.030258639337252438,0.21643388537511227,0.4053437494200628,0.20056136781072775
