f0,A0,w0,f2,A2,w2,B,f0_err,A0_err,w0_err,f2_err,A2_err,w2_err,B_err
18.591770802767417,0.45858289744272424,-3.502698763089451,18.208785023266845,-0.1741931897969139,-2.2593270193929085,1.0010905113618578,0.0054479803620134295,0.15335617702771007,0.3814464290384028,0.01858569173707382,0.1799874489933781,0.6930211097825363,0.2500993342818663
21.335112951102914,0.5591858775123277,-3.0610631882222377,20.95372466443429,0.2626875144856211,-3.0232057914291266,1.3851933511778634,0.007843620626482136,0.14734645976530303,0.3861743263000533,0.009175634389868651,0.15158882977779264,0.4707398484157161,0.10865987071564817
23.98842978867473,0.3001810092385196,-1.9028243808346637,23.619370862138275,0.11869234638183115,-2.6544158781195177,1.1304681007794422,0.022667244801062518,0.11742611040276968,0.3779398720632745,0.012730499191611977,0.16067990910965443,0.6026713943424541,0.21442066033242707
16.082507073174106,-0.3389175745091953,-2.685193497295181,15.73296664374992,-0.7658215830585249,-2.318808792426139,1.1251514621807688,0.014213803822078827,0.17496347790095162,0.5812724637421793,0.028579674491048142,0.46364021468976957,0.6674993588988374,0.2124741746896218
26.539354512455606,-0.06463667410716425,-1.3469941232968647,26.119706823639884,-1.2508724413475378,-2.20626082866417,1.2187524322332788,0.043080380768102985,0.2103816708913326,0.26262653631291183,0.05860297208354693,0.7470050479801914,0.7968357319063639,0.1864269795446036
13.376584578974818,-1.2570203061252405,-2.5447237148111803,13.112296013565706,-1.8917037947222777,-2.3001826992248113,1.1339967984720116,0.03504681838570487,0.7697026798575031,0.9918175589674787,0.033464465725033934,1.2572289624452433,0.8922337558082266,0.19115939354623734
