f0,A0,w0,f2,A2,w2,B,f0_err,A0_err,w0_err,f2_err,A2_err,w2_err,B_err
28.80628453179414,0.3707301921278129,-3.2058397174382622,28.381259264222592,0.31625904553406514,-2.308364789206448,0.8635521604373197,0.007756137230414934,0.17382510605458137,0.4395191745436026,0.012254674728439665,0.11161265248753315,0.3352367433535409,0.15552540488853533
31.97081452765177,0.35974266172949665,-1.945680497885121,31.550988623495762,0.2401514062755568,-2.2960692654093844,0.9356816635102783,0.019916788068556814,0.10547649058398297,0.3152136070978898,0.005019783428380148,0.1300569791990142,0.377439617953356,0.16826560051390377
35.26605117825645,0.2770259037281385,-2.6351263676869747,34.7642975859605,-0.04316162245193936,-1.38139786064136,1.0113452657545976,0.012018536524598921,0.13506406549144334,0.40810898188889966,0.018846941765085543,0.15586579223194139,0.2200339463016791,0.17425795176957284
25.53299250105297,0.07297165521841195,-2.0900835738403205,25.076355984371638,0.05318508886490861,-2.3298103332998865,0.6812287947725412,0.016556418277021236,0.11153872008230206,0.3457700667507313,0.015025533968755807,0.12607136474476505,0.3964401619825595,0.13992286115701788
22.57822284144788,-0.07487504625348776,-1.8703123471120982,22.091520514960866,-0.5207588293017944,-2.3733615019302556,0.9591263549028916,0.023710784778035246,0.13641174409340495,0.3751012387236391,0.026135098951855548,0.2316844243084464,0.625955881744948,0.21314965395726382
19.43575463694294,-1.310022693985707,-3.1045175899607864,19.033864493797473,-2.9901327188350892,-2.5569908791258094,1.369227820702496,0.03239784232090791,0.6630227820481753,0.9572216909248724,0.04815736951034997,1.5237926840657405,0.9737894421615989,0.10245579766972422
38.54578019253532,-0.5828991624422648,-1.7266498129662056,38.07725486639042,-0.32170671578443877,-1.5194038215746002,1.2086509971625388,0.0581932261967845,0.689318205906441,0.791571933619201,0.03491188946549609,0.38727731021128936,0.596037237613469,0.15213504488397583
41.86199007906442,-0.8468866652205663,-2.2537104929356175,41.201144766760414,-1.2532582838854416,-2.2820373891790933,1.0390619329472683,0.05696969979773721,0.2364972377078515,0.6437489339935939,0.10346608420608383,0.4811783340373978,0.6115929041026933,0.11423927369802925
