f0,A0,w0,f2,A2,w2,B,f0_err,A0_err,w0_err,f2_err,A2_err,w2_err,B_err
36.04820311764621,0.44220317218157834,-2.010421297588856,35.44685811109742,0.38225087910976513,-1.418725650730809,1.398468465001548,0.01704209491503662,0.10116804023081483,0.2793605408030034,0.02529243555900062,0.1019264978415574,0.2266456231234545,0.11071460590279844
31.897617099436452,0.3813863890757352,-2.4457735594428316,31.313434665701983,0.11236627750966259,-1.647173302520692,1.2697522003677773,0.011728246246750746,0.11189165196343936,0.34716264337574265,0.02396224757330824,0.11762751817271709,0.303567149138663,0.16427127752022763
40.03343602926281,0.3111133242723084,-1.6015029931901927,39.413981834083025,0.2351554107630305,-1.3784282569035886,1.4572091476045563,0.02348534974576029,0.10988312222728215,0.31985180735606433,0.03305592394803344,0.1245938793404334,0.23385520510013558,0.06395577939114717
27.985961195344174,-0.28651089446803807,-1.870004549443114,27.43941626285262,-0.3027014621566452,-2.0729258659021026,1.4395651540977152,0.0285267863533857,0.16291039105479324,0.48839640803208706,0.02671308348185438,0.17335701025017275,0.49314681021837814,0.07197711433102011
24.173308826969215,-0.26987235048504615,-2.5434521278681506,23.703689351919333,-2.0883496373881525,-2.1479514616709796,1.2538982719309115,0.019605572644621518,0.17409174919792192,0.5608064582765273,0.05412260785451866,1.2975449979385967,0.9455058727343777,0.13357827510622172
44.17537566134156,-1.1077125919382382,-2.2141153367788586,43.453131154771995,-0.1369801364142519,-1.321847842227104,1.4368924353843884,0.0791286417709064,0.676344589767393,0.9229815244158959,0.07130821380614795,0.18877882400862545,0.2697944099501513,0.07233588832481111
