f0,A0,w0,f2,A2,w2,B,f0_err,A0_err,w0_err,f2_err,A2_err,w2_err,B_err
29.421580244309588,0.07240775499519034,-2.052482617587764,28.815949614464937,-0.5463043383022466,-1.7410045130881624,1.271846850550794,0.018014893215138675,0.12310971255804683,0.4332826366980562,0.03492808327973008,0.48108889435536023,0.6892807934188342,0.19600337496936793
33.54157700696709,0.29295115640355984,-2.761005839101288,32.845524404258235,0.3107383943382258,-1.5541449948921768,1.4122166304414958,0.010344595140058905,0.1370872407896817,0.46185612083700095,0.007675118639871749,0.09472703229596814,0.2503283128171403,0.09995402156162318
37.869029941907634,0.4624236002241634,-1.708561166197834,37.17508419936472,0.27049225418363376,-1.6738433226219718,1.39972375288419,0.019418473251360337,0.09096046800694635,0.262925859004822,0.023514117558227313,0.10006816624533674,0.2698763919109429,0.10799312547903252
42.098841616090304,0.1257832386293196,-1.685937366223688,41.403425151773156,0.06979497342604424,-1.7153749591373157,1.2554981797234652,0.02613674453816997,0.10988578513417653,0.28931456746789297,0.024688633841580414,0.11553885524755979,0.33688301082647976,0.15209783937747803
25.366926463584203,-0.5426789917297439,-3.5948852302411014,24.92807309664275,-3.772382185147042,-2.8044767977542,1.2764977497432355,0.009221366464164334,0.21709656102428934,0.5675703534294345,0.055214735028785954,1.4856401694920396,0.9752605433918657,0.10282848515031959
46.48525220432438,-0.4342907729505886,-1.8558807138856341,45.83944202191165,-0.5222802638812287,-1.824144307255043,1.3082243512464404,0.03481641505941135,0.2198095725426711,0.6529382309050314,0.03510909417407799,0.3239557200026324,0.8062952300965227,0.12698111144622987
