f0,A0,w0,f2,A2,w2,B,f0_err,A0_err,w0_err,f2_err,A2_err,w2_err,B_err
100.8905625805626,0.6274318129381675,-2.4420304325203546,99.55538268139108,0.36373109754758437,-1.8851800022093146,1.1904831674288352,0.010040666542839352,0.09934714066435181,0.2625341056172503,0.01672918547790958,0.0831523753108455,0.2618691802226581,0.0881881887113599
110.74859921399946,1.132594500464918,-2.0749497521393794,109.43653821945097,0.9602142257930049,-1.7222270625636902,1.065643212620019,0.011842573969304982,0.07680205452744768,0.19968481654652617,0.014358001873968922,0.06723418890766322,0.18169591586264092,0.101559563537234
120.60997707213113,0.922643337142382,-2.3637469722949245,119.30784968144619,0.8388663735671875,-1.4203675154124955,1.1573362273060668,0.009424489792048867,0.09056240615527467,0.23148507811418526,0.018478141296899144,0.06396851092768677,0.15470015799364328,0.09196769248582692
91.10940914977942,0.1370938514859974,-2.2707208501744,89.7421015264987,-0.14067573337296357,-1.46218940010996,0.9117496296213834,0.013249267149824977,0.09559686660943577,0.30419957086746735,0.029690499533268782,0.1161952487231862,0.27923338419660904,0.07561132132261615
81.68639556874118,-0.3386100307005301,-2.3929494962978626,80.28163770169482,-1.100132675255824,-2.7916683467253347,1.1486136952103583,0.019178136870421483,0.14392774407615402,0.40982311101727464,0.11624953741385097,0.8805433864598198,0.9857922989896191,0.07004335092026795
130.66155854775343,0.4556529458181097,-1.3452079298542006,129.38577892682966,0.5694517094223638,-1.3655273714352165,1.04419196588145,0.028888515833439484,0.07464647530049237,0.12227818990745387,0.06591674753981745,0.19887600791513027,0.21683576144877684,0.08665974142609369
140.8767821869179,-0.044817011191978465,-1.2926038947286624,139.4707155970059,0.039773641746430485,-1.2901701270558512,0.9570355267270072,0.058201468290750846,0.2827746005150968,0.33354588659681517,0.07441855821591972,0.5996011675844141,0.3572923812544888,0.08873561021515307
71.93622407220624,-1.3410849154698063,-2.4503812005108063,70.95899556278732,-2.5992832801827728,-2.8446748794568837,1.1367902646529255,0.1359622174536602,1.2122935051691661,0.8803949413016252,0.1305116997001525,1.1910918928992775,0.9940616866298203,0.06954727697016255
