f0,A0,w0,f2,A2,w2,B,f0_err,A0_err,w0_err,f2_err,A2_err,w2_err,B_err
37.90682095713565,0.5227941149046627,-2.395856856836767,37.331565175145585,0.30112984125416176,-1.6836936581393187,1.2360986173909363,0.013194821635784577,0.11885621365815419,0.33809848465628833,0.02441872605181511,0.1160626414947733,0.3357709497256179,0.17713603006852968
42.134822947056534,0.2922540315498894,-1.4710049211921123,41.50620399618296,0.32604112260208595,-1.418647597597741,1.2618081384668969,0.036501244649203325,0.1335041992159824,0.24157249693114505,0.03257602253172817,0.8151124065238154,0.34405692135499266,0.18245534139265052
33.599075299777056,0.11063864284317021,-2.035333755232574,32.946154608080754,-0.3484540375336457,-1.9985450576323687,1.3637757881261083,0.02047291089428211,0.12000688093970777,0.37136532316722853,0.01867453534951152,0.2172513067795722,0.5672433460476208,0.13254211419111572
46.40147065627407,0.3049771571194253,-1.357102682823113,45.63327212596157,-0.6527413213240174,-1.7025081655196552,1.3811147575537424,0.042451920375256795,0.11910319538511645,0.17453581719893757,0.07611333109968996,0.9283934571815133,0.8696958720407618,0.11608854183877575
29.593852996772902,-0.32837978282258307,-2.6228591402941324,28.966824754371352,-0.4684742397102355,-1.6375704327619174,1.2545671003889027,0.024316625203996016,0.2188968961496968,0.757131099467608,0.04302571950264081,0.8135337972121484,0.6092797952557295,0.22716289983792398
25.487227073562696,-0.9352999721366309,-2.9178713508313665,25.01278270429765,-2.2305459553249145,-2.505104388803902,1.0017827716343213,0.0211570375884138,0.4279198778642397,0.6923742703501996,0.061342252955428216,1.1280915770785045,0.8533051920831548,0.11265948993925685
50.74423353378485,-0.6179831377840037,-1.9587354692717573,50.08184132287781,-0.6849574866173498,-1.6193834913597498,1.1106218241552424,0.047969743531398656,0.47875422456799394,0.6842418986022655,0.08280938264474556,1.2182814439874718,0.7524266332804115,0.17187510571359393
55.6609631153339,-1.8736347651262857,-2.79764282778798,54.7642831003495,-1.6027914254520543,-2.1792843688075765,1.076343597788459,0.09624038618390605,1.0391525895820064,0.9777707802585931,0.09682043975025953,1.592912341764071,0.9833790493336229,0.10619137332485494
